Year,Industry_aggregation_NZSIOC,Industry_code_NZSIOC,Industry_name_NZSIOC,Units,Variable_code,Variable_name,Variable_category,Value,Industry_code_ANZSIC06
2021,Level 4,KK112,Financial Asset Investing,Dollars (millions),H19,Purchases and other operating expenses,Financial performance,"2,398",ANZSIC06 group K624
2021,Level 4,KK112,Financial Asset Investing,Dollars (millions),H20,Non-operating expenses,Financial performance,"3,569",ANZSIC06 group K624
2021,Level 4,KK112,Financial Asset Investing,Dollars (millions),H21,Opening stocks,Financial performance,95,ANZSIC06 group K624
2021,Level 4,KK112,Financial Asset Investing,Dollars (millions),H22,Closing stocks,Financial performance,92,ANZSIC06 group K624
2021,Level 4,KK112,Financial Asset Investing,Dollars (millions),H23,Surplus before income tax,Financial performance,"20,826",ANZSIC06 group K624
2021,Level 4,KK112,Financial Asset Investing,Dollars (millions),H24,Total assets,Financial position,"410,388",ANZSIC06 group K624
2021,Level 4,KK112,Financial Asset Investing,Dollars (millions),H25,Current assets,Financial position,"90,701",ANZSIC06 group K624
2021,Level 4,KK112,Financial Asset Investing,Dollars (millions),H26,Fixed tangible assets,Financial position,"23,601",ANZSIC06 group K624
2021,Level 4,KK112,Financial Asset Investing,Dollars (millions),H27,Additions to fixed assets,Financial position,"4,509",ANZSIC06 group K624
2021,Level 4,KK112,Financial Asset Investing,Dollars (millions),H28,Disposals of fixed assets,Financial position,"2,283",ANZSIC06 group K624
2021,Level 4,KK112,Financial Asset Investing,Dollars (millions),H29,Other assets,Financial position,"296,086",ANZSIC06 group K624
2021,Level 4,KK112,Financial Asset Investing,Dollars (millions),H30,Total equity and liabilities,Financial position,"410,388",ANZSIC06 group K624
2021,Level 4,KK112,Financial Asset Investing,Dollars (millions),H31,Shareholders funds or owners equity,Financial position,"237,255",ANZSIC06 group K624
2021,Level 4,KK112,Financial Asset Investing,Dollars (millions),H32,Current liabilities,Financial position,"63,780",ANZSIC06 group K624
2021,Level 4,KK112,Financial Asset Investing,Dollars (millions),H33,Other liabilities,Financial position,"109,353",ANZSIC06 group K624
2021,Level 4,KK112,Financial Asset Investing,Dollars,H34,Total income per employee count,Financial ratios,"7,600,400",ANZSIC06 group K624
2021,Level 4,KK112,Financial Asset Investing,Dollars,H35,Surplus per employee count,Financial ratios,"5,076,400",ANZSIC06 group K624
2021,Level 4,KK112,Financial Asset Investing,Percentage,H36,Current ratio,Financial ratios,142,ANZSIC06 group K624
2021,Level 4,KK112,Financial Asset Investing,Percentage,H37,Quick ratio,Financial ratios,142,ANZSIC06 group K624
2021,Level 4,KK112,Financial Asset Investing,Percentage,H39,Return on equity,Financial ratios,9,ANZSIC06 group K624
2021,Level 4,KK112,Financial Asset Investing,Percentage,H40,Return on total assets,Financial ratios,5,ANZSIC06 group K624
2021,Level 4,KK112,Financial Asset Investing,Percentage,H41,Liabilities structure,Financial ratios,58,ANZSIC06 group K624
2021,Level 3,KK12,Insurance,Dollars (millions),H01,Total income,Financial performance,"11,179",ANZSIC06 groups K631 and K632
2021,Level 3,KK12,Insurance,Dollars (millions),H04,Sales of goods and services,Financial performance,"9,699",ANZSIC06 groups K631 and K632
2021,Level 3,KK12,Insurance,Dollars (millions),H05,"Interest, dividends and donations",Financial performance,366,ANZSIC06 groups K631 and K632
2021,Level 3,KK12,Insurance,Dollars (millions),H06,"Government funding, grants and subsidies",Financial performance,1,ANZSIC06 groups K631 and K632
2021,Level 3,KK12,Insurance,Dollars (millions),H07,Non-operating income,Financial performance,"1,112",ANZSIC06 groups K631 and K632
2021,Level 3,KK12,Insurance,Dollars (millions),H08,Total expenditure,Financial performance,"9,552",ANZSIC06 groups K631 and K632
2021,Level 3,KK12,Insurance,Dollars (millions),H09,Interest and donations,Financial performance,20,ANZSIC06 groups K631 and K632
2021,Level 3,KK12,Insurance,Dollars (millions),H10,Indirect taxes,Financial performance,11,ANZSIC06 groups K631 and K632
2021,Level 3,KK12,Insurance,Dollars (millions),H11,Depreciation,Financial performance,140,ANZSIC06 groups K631 and K632
2021,Level 3,KK12,Insurance,Dollars (millions),H12,Salaries and wages paid,Financial performance,880,ANZSIC06 groups K631 and K632
2021,Level 3,KK12,Insurance,Dollars (millions),H13,Redundancy and severance,Financial performance,15,ANZSIC06 groups K631 and K632
2021,Level 3,KK12,Insurance,Dollars (millions),H14,Salaries and wages to self employed commission agents,Financial performance,357,ANZSIC06 groups K631 and K632
2021,Level 3,KK12,Insurance,Dollars (millions),H19,Purchases and other operating expenses,Financial performance,"7,676",ANZSIC06 groups K631 and K632
2021,Level 3,KK12,Insurance,Dollars (millions),H20,Non-operating expenses,Financial performance,469,ANZSIC06 groups K631 and K632
2021,Level 3,KK12,Insurance,Dollars (millions),H21,Opening stocks,Financial performance,0,ANZSIC06 groups K631 and K632
2021,Level 3,KK12,Insurance,Dollars (millions),H22,Closing stocks,Financial performance,0,ANZSIC06 groups K631 and K632
2021,Level 3,KK12,Insurance,Dollars (millions),H23,Surplus before income tax,Financial performance,"1,627",ANZSIC06 groups K631 and K632
2021,Level 3,KK12,Insurance,Dollars (millions),H24,Total assets,Financial position,"32,654",ANZSIC06 groups K631 and K632
2021,Level 3,KK12,Insurance,Dollars (millions),H30,Total equity and liabilities,Financial position,"32,654",ANZSIC06 groups K631 and K632
2021,Level 3,KK12,Insurance,Dollars (millions),H31,Shareholders funds or owners equity,Financial position,"9,572",ANZSIC06 groups K631 and K632
2021,Level 3,KK12,Insurance,Dollars,H34,Total income per employee count,Financial ratios,"1,349,300",ANZSIC06 groups K631 and K632
2021,Level 3,KK12,Insurance,Dollars,H35,Surplus per employee count,Financial ratios,"196,300",ANZSIC06 groups K631 and K632
2021,Level 3,KK12,Insurance,Percentage,H39,Return on equity,Financial ratios,17,ANZSIC06 groups K631 and K632
2021,Level 3,KK12,Insurance,Percentage,H40,Return on total assets,Financial ratios,5,ANZSIC06 groups K631 and K632
2021,Level 3,KK12,Insurance,Percentage,H41,Liabilities structure,Financial ratios,29,ANZSIC06 groups K631 and K632
2021,Level 4,KK121,Life Insurance,Dollars (millions),H01,Total income,Financial performance,"3,452",ANZSIC06 group K631
2021,Level 4,KK121,Life Insurance,Dollars (millions),H04,Sales of goods and services,Financial performance,"2,288",ANZSIC06 group K631
2021,Level 4,KK121,Life Insurance,Dollars (millions),H05,"Interest, dividends and donations",Financial performance,196,ANZSIC06 group K631
2021,Level 4,KK121,Life Insurance,Dollars (millions),H06,"Government funding, grants and subsidies",Financial performance,0,ANZSIC06 group K631
2021,Level 4,KK121,Life Insurance,Dollars (millions),H07,Non-operating income,Financial performance,967,ANZSIC06 group K631
2021,Level 4,KK121,Life Insurance,Dollars (millions),H08,Total expenditure,Financial performance,"2,795",ANZSIC06 group K631
2021,Level 4,KK121,Life Insurance,Dollars (millions),H09,Interest and donations,Financial performance,8,ANZSIC06 group K631
2021,Level 4,KK121,Life Insurance,Dollars (millions),H10,Indirect taxes,Financial performance,1,ANZSIC06 group K631
2021,Level 4,KK121,Life Insurance,Dollars (millions),H11,Depreciation,Financial performance,39,ANZSIC06 group K631
2021,Level 4,KK121,Life Insurance,Dollars (millions),H12,Salaries and wages paid,Financial performance,112,ANZSIC06 group K631
2021,Level 4,KK121,Life Insurance,Dollars (millions),H13,Redundancy and severance,Financial performance,C,ANZSIC06 group K631
2021,Level 4,KK121,Life Insurance,Dollars (millions),H14,Salaries and wages to self employed commission agents,Financial performance,227,ANZSIC06 group K631
2021,Level 4,KK121,Life Insurance,Dollars (millions),H19,Purchases and other operating expenses,Financial performance,"1,989",ANZSIC06 group K631
2021,Level 4,KK121,Life Insurance,Dollars (millions),H20,Non-operating expenses,Financial performance,419,ANZSIC06 group K631
2021,Level 4,KK121,Life Insurance,Dollars (millions),H21,Opening stocks,Financial performance,0,ANZSIC06 group K631
2021,Level 4,KK121,Life Insurance,Dollars (millions),H22,Closing stocks,Financial performance,0,ANZSIC06 group K631
2021,Level 4,KK121,Life Insurance,Dollars (millions),H23,Surplus before income tax,Financial performance,657,ANZSIC06 group K631
2021,Level 4,KK121,Life Insurance,Dollars (millions),H24,Total assets,Financial position,"17,225",ANZSIC06 group K631
2021,Level 4,KK121,Life Insurance,Dollars (millions),H30,Total equity and liabilities,Financial position,"17,225",ANZSIC06 group K631
2021,Level 4,KK121,Life Insurance,Dollars (millions),H31,Shareholders funds or owners equity,Financial position,"4,895",ANZSIC06 group K631
2021,Level 4,KK121,Life Insurance,Dollars,H34,Total income per employee count,Financial ratios,"3,394,000",ANZSIC06 group K631
2021,Level 4,KK121,Life Insurance,Dollars,H35,Surplus per employee count,Financial ratios,"646,200",ANZSIC06 group K631
2021,Level 4,KK121,Life Insurance,Percentage,H39,Return on equity,Financial ratios,13,ANZSIC06 group K631
2021,Level 4,KK121,Life Insurance,Percentage,H40,Return on total assets,Financial ratios,4,ANZSIC06 group K631
2021,Level 4,KK121,Life Insurance,Percentage,H41,Liabilities structure,Financial ratios,28,ANZSIC06 group K631
2021,Level 4,KK122,Health and General Insurance,Dollars (millions),H01,Total income,Financial performance,"7,727",ANZSIC06 group K632
2021,Level 4,KK122,Health and General Insurance,Dollars (millions),H04,Sales of goods and services,Financial performance,"7,411",ANZSIC06 group K632
2021,Level 4,KK122,Health and General Insurance,Dollars (millions),H05,"Interest, dividends and donations",Financial performance,170,ANZSIC06 group K632
2021,Level 4,KK122,Health and General Insurance,Dollars (millions),H06,"Government funding, grants and subsidies",Financial performance,1,ANZSIC06 group K632
2021,Level 4,KK122,Health and General Insurance,Dollars (millions),H07,Non-operating income,Financial performance,145,ANZSIC06 group K632
2021,Level 4,KK122,Health and General Insurance,Dollars (millions),H08,Total expenditure,Financial performance,"6,758",ANZSIC06 group K632
2021,Level 4,KK122,Health and General Insurance,Dollars (millions),H09,Interest and donations,Financial performance,12,ANZSIC06 group K632
2021,Level 4,KK122,Health and General Insurance,Dollars (millions),H10,Indirect taxes,Financial performance,9,ANZSIC06 group K632
2021,Level 4,KK122,Health and General Insurance,Dollars (millions),H11,Depreciation,Financial performance,101,ANZSIC06 group K632
2021,Level 4,KK122,Health and General Insurance,Dollars (millions),H12,Salaries and wages paid,Financial performance,768,ANZSIC06 group K632
2021,Level 4,KK122,Health and General Insurance,Dollars (millions),H13,Redundancy and severance,Financial performance,C,ANZSIC06 group K632
2021,Level 4,KK122,Health and General Insurance,Dollars (millions),H14,Salaries and wages to self employed commission agents,Financial performance,131,ANZSIC06 group K632
2021,Level 4,KK122,Health and General Insurance,Dollars (millions),H19,Purchases and other operating expenses,Financial performance,"5,687",ANZSIC06 group K632
2021,Level 4,KK122,Health and General Insurance,Dollars (millions),H20,Non-operating expenses,Financial performance,50,ANZSIC06 group K632
2021,Level 4,KK122,Health and General Insurance,Dollars (millions),H21,Opening stocks,Financial performance,0,ANZSIC06 group K632
2021,Level 4,KK122,Health and General Insurance,Dollars (millions),H22,Closing stocks,Financial performance,0,ANZSIC06 group K632
2021,Level 4,KK122,Health and General Insurance,Dollars (millions),H23,Surplus before income tax,Financial performance,969,ANZSIC06 group K632
2021,Level 4,KK122,Health and General Insurance,Dollars (millions),H24,Total assets,Financial position,"15,429",ANZSIC06 group K632
2021,Level 4,KK122,Health and General Insurance,Dollars (millions),H30,Total equity and liabilities,Financial position,"15,429",ANZSIC06 group K632
2021,Level 4,KK122,Health and General Insurance,Dollars (millions),H31,Shareholders funds or owners equity,Financial position,"4,676",ANZSIC06 group K632
2021,Level 4,KK122,Health and General Insurance,Dollars,H34,Total income per employee count,Financial ratios,"1,063,200",ANZSIC06 group K632
2021,Level 4,KK122,Health and General Insurance,Dollars,H35,Surplus per employee count,Financial ratios,"133,400",ANZSIC06 group K632
2021,Level 4,KK122,Health and General Insurance,Percentage,H39,Return on equity,Financial ratios,21,ANZSIC06 group K632
2021,Level 4,KK122,Health and General Insurance,Percentage,H40,Return on total assets,Financial ratios,6,ANZSIC06 group K632
2021,Level 4,KK122,Health and General Insurance,Percentage,H41,Liabilities structure,Financial ratios,30,ANZSIC06 group K632
2021,Level 3,KK13,Auxiliary Finance and Insurance Services,Dollars (millions),H01,Total income,Financial performance,"8,281",ANZSIC06 groups K641 and K642
2021,Level 3,KK13,Auxiliary Finance and Insurance Services,Dollars (millions),H04,Sales of goods and services,Financial performance,"7,397",ANZSIC06 groups K641 and K642
2021,Level 3,KK13,Auxiliary Finance and Insurance Services,Dollars (millions),H05,"Interest, dividends and donations",Financial performance,353,ANZSIC06 groups K641 and K642
2021,Level 3,KK13,Auxiliary Finance and Insurance Services,Dollars (millions),H06,"Government funding, grants and subsidies",Financial performance,63,ANZSIC06 groups K641 and K642
2021,Level 3,KK13,Auxiliary Finance and Insurance Services,Dollars (millions),H07,Non-operating income,Financial performance,468,ANZSIC06 groups K641 and K642
2021,Level 3,KK13,Auxiliary Finance and Insurance Services,Dollars (millions),H08,Total expenditure,Financial performance,"6,510",ANZSIC06 groups K641 and K642
2021,Level 3,KK13,Auxiliary Finance and Insurance Services,Dollars (millions),H09,Interest and donations,Financial performance,137,ANZSIC06 groups K641 and K642
2021,Level 3,KK13,Auxiliary Finance and Insurance Services,Dollars (millions),H10,Indirect taxes,Financial performance,C,ANZSIC06 groups K641 and K642
2021,Level 3,KK13,Auxiliary Finance and Insurance Services,Dollars (millions),H11,Depreciation,Financial performance,256,ANZSIC06 groups K641 and K642
2021,Level 3,KK13,Auxiliary Finance and Insurance Services,Dollars (millions),H12,Salaries and wages paid,Financial performance,"2,625",ANZSIC06 groups K641 and K642
2021,Level 3,KK13,Auxiliary Finance and Insurance Services,Dollars (millions),H13,Redundancy and severance,Financial performance,5,ANZSIC06 groups K641 and K642
2021,Level 3,KK13,Auxiliary Finance and Insurance Services,Dollars (millions),H14,Salaries and wages to self employed commission agents,Financial performance,C,ANZSIC06 groups K641 and K642
2021,Level 3,KK13,Auxiliary Finance and Insurance Services,Dollars (millions),H19,Purchases and other operating expenses,Financial performance,"3,230",ANZSIC06 groups K641 and K642
2021,Level 3,KK13,Auxiliary Finance and Insurance Services,Dollars (millions),H20,Non-operating expenses,Financial performance,217,ANZSIC06 groups K641 and K642
2021,Level 3,KK13,Auxiliary Finance and Insurance Services,Dollars (millions),H21,Opening stocks,Financial performance,45,ANZSIC06 groups K641 and K642
2021,Level 3,KK13,Auxiliary Finance and Insurance Services,Dollars (millions),H22,Closing stocks,Financial performance,57,ANZSIC06 groups K641 and K642
2021,Level 3,KK13,Auxiliary Finance and Insurance Services,Dollars (millions),H23,Surplus before income tax,Financial performance,"1,783",ANZSIC06 groups K641 and K642
2021,Level 3,KK13,Auxiliary Finance and Insurance Services,Dollars (millions),H24,Total assets,Financial position,"17,222",ANZSIC06 groups K641 and K642
2021,Level 3,KK13,Auxiliary Finance and Insurance Services,Dollars (millions),H30,Total equity and liabilities,Financial position,"17,222",ANZSIC06 groups K641 and K642
2021,Level 3,KK13,Auxiliary Finance and Insurance Services,Dollars (millions),H31,Shareholders funds or owners equity,Financial position,"5,509",ANZSIC06 groups K641 and K642
2021,Level 3,KK13,Auxiliary Finance and Insurance Services,Dollars,H34,Total income per employee count,Financial ratios,"446,300",ANZSIC06 groups K641 and K642
2021,Level 3,KK13,Auxiliary Finance and Insurance Services,Dollars,H35,Surplus per employee count,Financial ratios,"96,100",ANZSIC06 groups K641 and K642
2021,Level 3,KK13,Auxiliary Finance and Insurance Services,Percentage,H39,Return on equity,Financial ratios,32,ANZSIC06 groups K641 and K642
2021,Level 3,KK13,Auxiliary Finance and Insurance Services,Percentage,H40,Return on total assets,Financial ratios,10,ANZSIC06 groups K641 and K642
2021,Level 3,KK13,Auxiliary Finance and Insurance Services,Percentage,H41,Liabilities structure,Financial ratios,32,ANZSIC06 groups K641 and K642
2021,Level 4,KK131,Auxiliary Finance and Insurance Services,Dollars (millions),H01,Total income,Financial performance,"8,281",ANZSIC06 groups K641 and K642
2021,Level 4,KK131,Auxiliary Finance and Insurance Services,Dollars (millions),H04,Sales of goods and services,Financial performance,"7,397",ANZSIC06 groups K641 and K642
2021,Level 4,KK131,Auxiliary Finance and Insurance Services,Dollars (millions),H05,"Interest, dividends and donations",Financial performance,353,ANZSIC06 groups K641 and K642
2021,Level 4,KK131,Auxiliary Finance and Insurance Services,Dollars (millions),H06,"Government funding, grants and subsidies",Financial performance,63,ANZSIC06 groups K641 and K642
2021,Level 4,KK131,Auxiliary Finance and Insurance Services,Dollars (millions),H07,Non-operating income,Financial performance,468,ANZSIC06 groups K641 and K642
2021,Level 4,KK131,Auxiliary Finance and Insurance Services,Dollars (millions),H08,Total expenditure,Financial performance,"6,510",ANZSIC06 groups K641 and K642
2021,Level 4,KK131,Auxiliary Finance and Insurance Services,Dollars (millions),H09,Interest and donations,Financial performance,137,ANZSIC06 groups K641 and K642
2021,Level 4,KK131,Auxiliary Finance and Insurance Services,Dollars (millions),H10,Indirect taxes,Financial performance,C,ANZSIC06 groups K641 and K642
2021,Level 4,KK131,Auxiliary Finance and Insurance Services,Dollars (millions),H11,Depreciation,Financial performance,256,ANZSIC06 groups K641 and K642
2021,Level 4,KK131,Auxiliary Finance and Insurance Services,Dollars (millions),H12,Salaries and wages paid,Financial performance,"2,625",ANZSIC06 groups K641 and K642
2021,Level 4,KK131,Auxiliary Finance and Insurance Services,Dollars (millions),H13,Redundancy and severance,Financial performance,5,ANZSIC06 groups K641 and K642
2021,Level 4,KK131,Auxiliary Finance and Insurance Services,Dollars (millions),H14,Salaries and wages to self employed commission agents,Financial performance,C,ANZSIC06 groups K641 and K642
2021,Level 4,KK131,Auxiliary Finance and Insurance Services,Dollars (millions),H19,Purchases and other operating expenses,Financial performance,"3,230",ANZSIC06 groups K641 and K642
2021,Level 4,KK131,Auxiliary Finance and Insurance Services,Dollars (millions),H20,Non-operating expenses,Financial performance,217,ANZSIC06 groups K641 and K642
2021,Level 4,KK131,Auxiliary Finance and Insurance Services,Dollars (millions),H21,Opening stocks,Financial performance,45,ANZSIC06 groups K641 and K642
2021,Level 4,KK131,Auxiliary Finance and Insurance Services,Dollars (millions),H22,Closing stocks,Financial performance,57,ANZSIC06 groups K641 and K642
2021,Level 4,KK131,Auxiliary Finance and Insurance Services,Dollars (millions),H23,Surplus before income tax,Financial performance,"1,783",ANZSIC06 groups K641 and K642
2021,Level 4,KK131,Auxiliary Finance and Insurance Services,Dollars (millions),H24,Total assets,Financial position,"17,222",ANZSIC06 groups K641 and K642
2021,Level 4,KK131,Auxiliary Finance and Insurance Services,Dollars (millions),H30,Total equity and liabilities,Financial position,"17,222",ANZSIC06 groups K641 and K642
2021,Level 4,KK131,Auxiliary Finance and Insurance Services,Dollars (millions),H31,Shareholders funds or owners equity,Financial position,"5,509",ANZSIC06 groups K641 and K642
2021,Level 4,KK131,Auxiliary Finance and Insurance Services,Dollars,H34,Total income per employee count,Financial ratios,"446,300",ANZSIC06 groups K641 and K642
2021,Level 4,KK131,Auxiliary Finance and Insurance Services,Dollars,H35,Surplus per employee count,Financial ratios,"96,100",ANZSIC06 groups K641 and K642
2021,Level 4,KK131,Auxiliary Finance and Insurance Services,Percentage,H39,Return on equity,Financial ratios,32,ANZSIC06 groups K641 and K642
2021,Level 4,KK131,Auxiliary Finance and Insurance Services,Percentage,H40,Return on total assets,Financial ratios,10,ANZSIC06 groups K641 and K642
2021,Level 4,KK131,Auxiliary Finance and Insurance Services,Percentage,H41,Liabilities structure,Financial ratios,32,ANZSIC06 groups K641 and K642
2021,Level 1,LL,"Rental, Hiring and Real Estate Services",Dollars (millions),H01,Total income,Financial performance,"40,096",ANZSIC06 division L
2021,Level 1,LL,"Rental, Hiring and Real Estate Services",Dollars (millions),H04,Sales of goods and services,Financial performance,"30,993",ANZSIC06 division L
2021,Level 1,LL,"Rental, Hiring and Real Estate Services",Dollars (millions),H05,"Interest, dividends and donations",Financial performance,"1,909",ANZSIC06 division L
2021,Level 1,LL,"Rental, Hiring and Real Estate Services",Dollars (millions),H06,"Government funding, grants and subsidies",Financial performance,275,ANZSIC06 division L
2021,Level 1,LL,"Rental, Hiring and Real Estate Services",Dollars (millions),H07,Non-operating income,Financial performance,"6,919",ANZSIC06 division L
2021,Level 1,LL,"Rental, Hiring and Real Estate Services",Dollars (millions),H08,Total expenditure,Financial performance,"25,043",ANZSIC06 division L
2021,Level 1,LL,"Rental, Hiring and Real Estate Services",Dollars (millions),H09,Interest and donations,Financial performance,"3,753",ANZSIC06 division L
2021,Level 1,LL,"Rental, Hiring and Real Estate Services",Dollars (millions),H10,Indirect taxes,Financial performance,840,ANZSIC06 division L
2021,Level 1,LL,"Rental, Hiring and Real Estate Services",Dollars (millions),H11,Depreciation,Financial performance,"3,384",ANZSIC06 division L
2021,Level 1,LL,"Rental, Hiring and Real Estate Services",Dollars (millions),H12,Salaries and wages paid,Financial performance,"2,811",ANZSIC06 division L
2021,Level 1,LL,"Rental, Hiring and Real Estate Services",Dollars (millions),H13,Redundancy and severance,Financial performance,5,ANZSIC06 division L
2021,Level 1,LL,"Rental, Hiring and Real Estate Services",Dollars (millions),H14,Salaries and wages to self employed commission agents,Financial performance,"1,567",ANZSIC06 division L
2021,Level 1,LL,"Rental, Hiring and Real Estate Services",Dollars (millions),H19,Purchases and other operating expenses,Financial performance,"10,959",ANZSIC06 division L
2021,Level 1,LL,"Rental, Hiring and Real Estate Services",Dollars (millions),H20,Non-operating expenses,Financial performance,"1,729",ANZSIC06 division L
2021,Level 1,LL,"Rental, Hiring and Real Estate Services",Dollars (millions),H21,Opening stocks,Financial performance,"3,572",ANZSIC06 division L
2021,Level 1,LL,"Rental, Hiring and Real Estate Services",Dollars (millions),H22,Closing stocks,Financial performance,"3,705",ANZSIC06 division L
2021,Level 1,LL,"Rental, Hiring and Real Estate Services",Dollars (millions),H23,Surplus before income tax,Financial performance,"15,185",ANZSIC06 division L
2021,Level 1,LL,"Rental, Hiring and Real Estate Services",Dollars (millions),H24,Total assets,Financial position,"321,259",ANZSIC06 division L
2021,Level 1,LL,"Rental, Hiring and Real Estate Services",Dollars (millions),H25,Current assets,Financial position,"40,844",ANZSIC06 division L
2021,Level 1,LL,"Rental, Hiring and Real Estate Services",Dollars (millions),H26,Fixed tangible assets,Financial position,"235,913",ANZSIC06 division L
2021,Level 1,LL,"Rental, Hiring and Real Estate Services",Dollars (millions),H27,Additions to fixed assets,Financial position,"31,733",ANZSIC06 division L
2021,Level 1,LL,"Rental, Hiring and Real Estate Services",Dollars (millions),H28,Disposals of fixed assets,Financial position,"16,416",ANZSIC06 division L
2021,Level 1,LL,"Rental, Hiring and Real Estate Services",Dollars (millions),H29,Other assets,Financial position,"44,502",ANZSIC06 division L
2021,Level 1,LL,"Rental, Hiring and Real Estate Services",Dollars (millions),H30,Total equity and liabilities,Financial position,"321,258",ANZSIC06 division L
2021,Level 1,LL,"Rental, Hiring and Real Estate Services",Dollars (millions),H31,Shareholders funds or owners equity,Financial position,"149,621",ANZSIC06 division L
2021,Level 1,LL,"Rental, Hiring and Real Estate Services",Dollars (millions),H32,Current liabilities,Financial position,"62,529",ANZSIC06 division L
2021,Level 1,LL,"Rental, Hiring and Real Estate Services",Dollars (millions),H33,Other liabilities,Financial position,"109,108",ANZSIC06 division L
2021,Level 1,LL,"Rental, Hiring and Real Estate Services",Dollars,H34,Total income per employee count,Financial ratios,"1,300,300",ANZSIC06 division L
2021,Level 1,LL,"Rental, Hiring and Real Estate Services",Dollars,H35,Surplus per employee count,Financial ratios,"492,500",ANZSIC06 division L
2021,Level 1,LL,"Rental, Hiring and Real Estate Services",Percentage,H36,Current ratio,Financial ratios,65,ANZSIC06 division L
2021,Level 1,LL,"Rental, Hiring and Real Estate Services",Percentage,H37,Quick ratio,Financial ratios,59,ANZSIC06 division L
2021,Level 1,LL,"Rental, Hiring and Real Estate Services",Percentage,H39,Return on equity,Financial ratios,10,ANZSIC06 division L
2021,Level 1,LL,"Rental, Hiring and Real Estate Services",Percentage,H40,Return on total assets,Financial ratios,5,ANZSIC06 division L
2021,Level 1,LL,"Rental, Hiring and Real Estate Services",Percentage,H41,Liabilities structure,Financial ratios,47,ANZSIC06 division L
2021,Level 3,LL11,Rental and Hiring Services (except Real Estate),Dollars (millions),H01,Total income,Financial performance,"6,911","ANZSIC06 groups L661, L662, L663, and L664"
2021,Level 3,LL11,Rental and Hiring Services (except Real Estate),Dollars (millions),H04,Sales of goods and services,Financial performance,"6,275","ANZSIC06 groups L661, L662, L663, and L664"
2021,Level 3,LL11,Rental and Hiring Services (except Real Estate),Dollars (millions),H05,"Interest, dividends and donations",Financial performance,299,"ANZSIC06 groups L661, L662, L663, and L664"
2021,Level 3,LL11,Rental and Hiring Services (except Real Estate),Dollars (millions),H06,"Government funding, grants and subsidies",Financial performance,93,"ANZSIC06 groups L661, L662, L663, and L664"
2021,Level 3,LL11,Rental and Hiring Services (except Real Estate),Dollars (millions),H07,Non-operating income,Financial performance,244,"ANZSIC06 groups L661, L662, L663, and L664"
2021,Level 3,LL11,Rental and Hiring Services (except Real Estate),Dollars (millions),H08,Total expenditure,Financial performance,"5,856","ANZSIC06 groups L661, L662, L663, and L664"
2021,Level 3,LL11,Rental and Hiring Services (except Real Estate),Dollars (millions),H09,Interest and donations,Financial performance,414,"ANZSIC06 groups L661, L662, L663, and L664"
2021,Level 3,LL11,Rental and Hiring Services (except Real Estate),Dollars (millions),H10,Indirect taxes,Financial performance,68,"ANZSIC06 groups L661, L662, L663, and L664"
2021,Level 3,LL11,Rental and Hiring Services (except Real Estate),Dollars (millions),H11,Depreciation,Financial performance,"1,524","ANZSIC06 groups L661, L662, L663, and L664"
2021,Level 3,LL11,Rental and Hiring Services (except Real Estate),Dollars (millions),H12,Salaries and wages paid,Financial performance,930,"ANZSIC06 groups L661, L662, L663, and L664"
2021,Level 3,LL11,Rental and Hiring Services (except Real Estate),Dollars (millions),H13,Redundancy and severance,Financial performance,1,"ANZSIC06 groups L661, L662, L663, and L664"
2021,Level 3,LL11,Rental and Hiring Services (except Real Estate),Dollars (millions),H14,Salaries and wages to self employed commission agents,Financial performance,0,"ANZSIC06 groups L661, L662, L663, and L664"
2021,Level 3,LL11,Rental and Hiring Services (except Real Estate),Dollars (millions),H19,Purchases and other operating expenses,Financial performance,"2,749","ANZSIC06 groups L661, L662, L663, and L664"
2021,Level 3,LL11,Rental and Hiring Services (except Real Estate),Dollars (millions),H20,Non-operating expenses,Financial performance,170,"ANZSIC06 groups L661, L662, L663, and L664"
2021,Level 3,LL11,Rental and Hiring Services (except Real Estate),Dollars (millions),H21,Opening stocks,Financial performance,283,"ANZSIC06 groups L661, L662, L663, and L664"
2021,Level 3,LL11,Rental and Hiring Services (except Real Estate),Dollars (millions),H22,Closing stocks,Financial performance,300,"ANZSIC06 groups L661, L662, L663, and L664"
2021,Level 3,LL11,Rental and Hiring Services (except Real Estate),Dollars (millions),H23,Surplus before income tax,Financial performance,"1,072","ANZSIC06 groups L661, L662, L663, and L664"
2021,Level 3,LL11,Rental and Hiring Services (except Real Estate),Dollars (millions),H24,Total assets,Financial position,"30,237","ANZSIC06 groups L661, L662, L663, and L664"
2021,Level 3,LL11,Rental and Hiring Services (except Real Estate),Dollars (millions),H25,Current assets,Financial position,"6,925","ANZSIC06 groups L661, L662, L663, and L664"
