Year,Industry_aggregation_NZSIOC,Industry_code_NZSIOC,Industry_name_NZSIOC,Units,Variable_code,Variable_name,Variable_category,Value,Industry_code_ANZSIC06
2019,Level 4,FF112,Machinery and Equipment Wholesaling,Dollars (millions),H25,Current assets,Financial position,"9,086",ANZSIC06 groups F341 and F349
2019,Level 4,FF112,Machinery and Equipment Wholesaling,Dollars (millions),H26,Fixed tangible assets,Financial position,"1,350",ANZSIC06 groups F341 and F349
2019,Level 4,FF112,Machinery and Equipment Wholesaling,Dollars (millions),H27,Additions to fixed assets,Financial position,452,ANZSIC06 groups F341 and F349
2019,Level 4,FF112,Machinery and Equipment Wholesaling,Dollars (millions),H28,Disposals of fixed assets,Financial position,257,ANZSIC06 groups F341 and F349
2019,Level 4,FF112,Machinery and Equipment Wholesaling,Dollars (millions),H29,Other assets,Financial position,"2,821",ANZSIC06 groups F341 and F349
2019,Level 4,FF112,Machinery and Equipment Wholesaling,Dollars (millions),H30,Total equity and liabilities,Financial position,"13,258",ANZSIC06 groups F341 and F349
2019,Level 4,FF112,Machinery and Equipment Wholesaling,Dollars (millions),H31,Shareholders funds or owners equity,Financial position,"4,990",ANZSIC06 groups F341 and F349
2019,Level 4,FF112,Machinery and Equipment Wholesaling,Dollars (millions),H32,Current liabilities,Financial position,"6,556",ANZSIC06 groups F341 and F349
2019,Level 4,FF112,Machinery and Equipment Wholesaling,Dollars (millions),H33,Other liabilities,Financial position,"1,712",ANZSIC06 groups F341 and F349
2019,Level 4,FF112,Machinery and Equipment Wholesaling,Dollars,H34,Total income per employee count,Financial ratios,"654,000",ANZSIC06 groups F341 and F349
2019,Level 4,FF112,Machinery and Equipment Wholesaling,Dollars,H35,Surplus per employee count,Financial ratios,"35,000",ANZSIC06 groups F341 and F349
2019,Level 4,FF112,Machinery and Equipment Wholesaling,Percentage,H36,Current ratio,Financial ratios,139,ANZSIC06 groups F341 and F349
2019,Level 4,FF112,Machinery and Equipment Wholesaling,Percentage,H37,Quick ratio,Financial ratios,83,ANZSIC06 groups F341 and F349
2019,Level 4,FF112,Machinery and Equipment Wholesaling,Percentage,H38,Margin on sales of goods for resale,Financial ratios,23,ANZSIC06 groups F341 and F349
2019,Level 4,FF112,Machinery and Equipment Wholesaling,Percentage,H39,Return on equity,Financial ratios,23,ANZSIC06 groups F341 and F349
2019,Level 4,FF112,Machinery and Equipment Wholesaling,Percentage,H40,Return on total assets,Financial ratios,9,ANZSIC06 groups F341 and F349
2019,Level 4,FF112,Machinery and Equipment Wholesaling,Percentage,H41,Liabilities structure,Financial ratios,38,ANZSIC06 groups F341 and F349
2019,Level 4,FF113,Motor Vehicle and Motor Vehicle Parts Wholesaling,Dollars (millions),H01,Total income,Financial performance,"10,643",ANZSIC06 group F350
2019,Level 4,FF113,Motor Vehicle and Motor Vehicle Parts Wholesaling,Dollars (millions),H02,Sales of goods not further processed,Financial performance,"10,088",ANZSIC06 group F350
2019,Level 4,FF113,Motor Vehicle and Motor Vehicle Parts Wholesaling,Dollars (millions),H03,Sales of other goods and services,Financial performance,517,ANZSIC06 group F350
2019,Level 4,FF113,Motor Vehicle and Motor Vehicle Parts Wholesaling,Dollars (millions),H05,"Interest, dividends and donations",Financial performance,20,ANZSIC06 group F350
2019,Level 4,FF113,Motor Vehicle and Motor Vehicle Parts Wholesaling,Dollars (millions),H06,"Government funding, grants and subsidies",Financial performance,0,ANZSIC06 group F350
2019,Level 4,FF113,Motor Vehicle and Motor Vehicle Parts Wholesaling,Dollars (millions),H07,Non-operating income,Financial performance,17,ANZSIC06 group F350
2019,Level 4,FF113,Motor Vehicle and Motor Vehicle Parts Wholesaling,Dollars (millions),H08,Total expenditure,Financial performance,"10,526",ANZSIC06 group F350
2019,Level 4,FF113,Motor Vehicle and Motor Vehicle Parts Wholesaling,Dollars (millions),H09,Interest and donations,Financial performance,52,ANZSIC06 group F350
2019,Level 4,FF113,Motor Vehicle and Motor Vehicle Parts Wholesaling,Dollars (millions),H10,Indirect taxes,Financial performance,23,ANZSIC06 group F350
2019,Level 4,FF113,Motor Vehicle and Motor Vehicle Parts Wholesaling,Dollars (millions),H11,Depreciation,Financial performance,60,ANZSIC06 group F350
2019,Level 4,FF113,Motor Vehicle and Motor Vehicle Parts Wholesaling,Dollars (millions),H12,Salaries and wages paid,Financial performance,593,ANZSIC06 group F350
2019,Level 4,FF113,Motor Vehicle and Motor Vehicle Parts Wholesaling,Dollars (millions),H13,Redundancy and severance,Financial performance,0,ANZSIC06 group F350
2019,Level 4,FF113,Motor Vehicle and Motor Vehicle Parts Wholesaling,Dollars (millions),H17,Purchases of goods bought for resale,Financial performance,"8,870",ANZSIC06 group F350
2019,Level 4,FF113,Motor Vehicle and Motor Vehicle Parts Wholesaling,Dollars (millions),H18,Other Purchases and operating expenses,Financial performance,887,ANZSIC06 group F350
2019,Level 4,FF113,Motor Vehicle and Motor Vehicle Parts Wholesaling,Dollars (millions),H20,Non-operating expenses,Financial performance,41,ANZSIC06 group F350
2019,Level 4,FF113,Motor Vehicle and Motor Vehicle Parts Wholesaling,Dollars (millions),H21,Opening stocks,Financial performance,"2,563",ANZSIC06 group F350
2019,Level 4,FF113,Motor Vehicle and Motor Vehicle Parts Wholesaling,Dollars (millions),H22,Closing stocks,Financial performance,"2,721",ANZSIC06 group F350
2019,Level 4,FF113,Motor Vehicle and Motor Vehicle Parts Wholesaling,Dollars (millions),H23,Surplus before income tax,Financial performance,276,ANZSIC06 group F350
2019,Level 4,FF113,Motor Vehicle and Motor Vehicle Parts Wholesaling,Dollars (millions),H24,Total assets,Financial position,"5,425",ANZSIC06 group F350
2019,Level 4,FF113,Motor Vehicle and Motor Vehicle Parts Wholesaling,Dollars (millions),H25,Current assets,Financial position,"4,433",ANZSIC06 group F350
2019,Level 4,FF113,Motor Vehicle and Motor Vehicle Parts Wholesaling,Dollars (millions),H26,Fixed tangible assets,Financial position,473,ANZSIC06 group F350
2019,Level 4,FF113,Motor Vehicle and Motor Vehicle Parts Wholesaling,Dollars (millions),H27,Additions to fixed assets,Financial position,144,ANZSIC06 group F350
2019,Level 4,FF113,Motor Vehicle and Motor Vehicle Parts Wholesaling,Dollars (millions),H28,Disposals of fixed assets,Financial position,54,ANZSIC06 group F350
2019,Level 4,FF113,Motor Vehicle and Motor Vehicle Parts Wholesaling,Dollars (millions),H29,Other assets,Financial position,519,ANZSIC06 group F350
2019,Level 4,FF113,Motor Vehicle and Motor Vehicle Parts Wholesaling,Dollars (millions),H30,Total equity and liabilities,Financial position,"5,425",ANZSIC06 group F350
2019,Level 4,FF113,Motor Vehicle and Motor Vehicle Parts Wholesaling,Dollars (millions),H31,Shareholders funds or owners equity,Financial position,"1,671",ANZSIC06 group F350
2019,Level 4,FF113,Motor Vehicle and Motor Vehicle Parts Wholesaling,Dollars (millions),H32,Current liabilities,Financial position,"3,087",ANZSIC06 group F350
2019,Level 4,FF113,Motor Vehicle and Motor Vehicle Parts Wholesaling,Dollars (millions),H33,Other liabilities,Financial position,667,ANZSIC06 group F350
2019,Level 4,FF113,Motor Vehicle and Motor Vehicle Parts Wholesaling,Dollars,H34,Total income per employee count,Financial ratios,"1,239,500",ANZSIC06 group F350
2019,Level 4,FF113,Motor Vehicle and Motor Vehicle Parts Wholesaling,Dollars,H35,Surplus per employee count,Financial ratios,"32,100",ANZSIC06 group F350
2019,Level 4,FF113,Motor Vehicle and Motor Vehicle Parts Wholesaling,Percentage,H36,Current ratio,Financial ratios,144,ANZSIC06 group F350
2019,Level 4,FF113,Motor Vehicle and Motor Vehicle Parts Wholesaling,Percentage,H37,Quick ratio,Financial ratios,55,ANZSIC06 group F350
2019,Level 4,FF113,Motor Vehicle and Motor Vehicle Parts Wholesaling,Percentage,H38,Margin on sales of goods for resale,Financial ratios,12,ANZSIC06 group F350
2019,Level 4,FF113,Motor Vehicle and Motor Vehicle Parts Wholesaling,Percentage,H39,Return on equity,Financial ratios,16,ANZSIC06 group F350
2019,Level 4,FF113,Motor Vehicle and Motor Vehicle Parts Wholesaling,Percentage,H40,Return on total assets,Financial ratios,5,ANZSIC06 group F350
2019,Level 4,FF113,Motor Vehicle and Motor Vehicle Parts Wholesaling,Percentage,H41,Liabilities structure,Financial ratios,31,ANZSIC06 group F350
2019,Level 4,FF114,"Grocery, Liquor and Tobacco Product Wholesaling",Dollars (millions),H01,Total income,Financial performance,"35,361",ANZSIC06 group F360
2019,Level 4,FF114,"Grocery, Liquor and Tobacco Product Wholesaling",Dollars (millions),H02,Sales of goods not further processed,Financial performance,"32,578",ANZSIC06 group F360
2019,Level 4,FF114,"Grocery, Liquor and Tobacco Product Wholesaling",Dollars (millions),H03,Sales of other goods and services,Financial performance,"2,527",ANZSIC06 group F360
2019,Level 4,FF114,"Grocery, Liquor and Tobacco Product Wholesaling",Dollars (millions),H05,"Interest, dividends and donations",Financial performance,110,ANZSIC06 group F360
2019,Level 4,FF114,"Grocery, Liquor and Tobacco Product Wholesaling",Dollars (millions),H06,"Government funding, grants and subsidies",Financial performance,0,ANZSIC06 group F360
2019,Level 4,FF114,"Grocery, Liquor and Tobacco Product Wholesaling",Dollars (millions),H07,Non-operating income,Financial performance,145,ANZSIC06 group F360
2019,Level 4,FF114,"Grocery, Liquor and Tobacco Product Wholesaling",Dollars (millions),H08,Total expenditure,Financial performance,"34,726",ANZSIC06 group F360
2019,Level 4,FF114,"Grocery, Liquor and Tobacco Product Wholesaling",Dollars (millions),H09,Interest and donations,Financial performance,103,ANZSIC06 group F360
2019,Level 4,FF114,"Grocery, Liquor and Tobacco Product Wholesaling",Dollars (millions),H10,Indirect taxes,Financial performance,115,ANZSIC06 group F360
2019,Level 4,FF114,"Grocery, Liquor and Tobacco Product Wholesaling",Dollars (millions),H11,Depreciation,Financial performance,198,ANZSIC06 group F360
2019,Level 4,FF114,"Grocery, Liquor and Tobacco Product Wholesaling",Dollars (millions),H12,Salaries and wages paid,Financial performance,"1,544",ANZSIC06 group F360
2019,Level 4,FF114,"Grocery, Liquor and Tobacco Product Wholesaling",Dollars (millions),H13,Redundancy and severance,Financial performance,3,ANZSIC06 group F360
2019,Level 4,FF114,"Grocery, Liquor and Tobacco Product Wholesaling",Dollars (millions),H17,Purchases of goods bought for resale,Financial performance,"28,946",ANZSIC06 group F360
2019,Level 4,FF114,"Grocery, Liquor and Tobacco Product Wholesaling",Dollars (millions),H18,Other Purchases and operating expenses,Financial performance,"3,756",ANZSIC06 group F360
2019,Level 4,FF114,"Grocery, Liquor and Tobacco Product Wholesaling",Dollars (millions),H20,Non-operating expenses,Financial performance,64,ANZSIC06 group F360
2019,Level 4,FF114,"Grocery, Liquor and Tobacco Product Wholesaling",Dollars (millions),H21,Opening stocks,Financial performance,"2,233",ANZSIC06 group F360
2019,Level 4,FF114,"Grocery, Liquor and Tobacco Product Wholesaling",Dollars (millions),H22,Closing stocks,Financial performance,"2,391",ANZSIC06 group F360
2019,Level 4,FF114,"Grocery, Liquor and Tobacco Product Wholesaling",Dollars (millions),H23,Surplus before income tax,Financial performance,792,ANZSIC06 group F360
2019,Level 4,FF114,"Grocery, Liquor and Tobacco Product Wholesaling",Dollars (millions),H24,Total assets,Financial position,"12,551",ANZSIC06 group F360
2019,Level 4,FF114,"Grocery, Liquor and Tobacco Product Wholesaling",Dollars (millions),H25,Current assets,Financial position,"8,674",ANZSIC06 group F360
2019,Level 4,FF114,"Grocery, Liquor and Tobacco Product Wholesaling",Dollars (millions),H26,Fixed tangible assets,Financial position,"1,697",ANZSIC06 group F360
2019,Level 4,FF114,"Grocery, Liquor and Tobacco Product Wholesaling",Dollars (millions),H27,Additions to fixed assets,Financial position,350,ANZSIC06 group F360
2019,Level 4,FF114,"Grocery, Liquor and Tobacco Product Wholesaling",Dollars (millions),H28,Disposals of fixed assets,Financial position,215,ANZSIC06 group F360
2019,Level 4,FF114,"Grocery, Liquor and Tobacco Product Wholesaling",Dollars (millions),H29,Other assets,Financial position,"2,181",ANZSIC06 group F360
2019,Level 4,FF114,"Grocery, Liquor and Tobacco Product Wholesaling",Dollars (millions),H30,Total equity and liabilities,Financial position,"12,551",ANZSIC06 group F360
2019,Level 4,FF114,"Grocery, Liquor and Tobacco Product Wholesaling",Dollars (millions),H31,Shareholders funds or owners equity,Financial position,"3,605",ANZSIC06 group F360
2019,Level 4,FF114,"Grocery, Liquor and Tobacco Product Wholesaling",Dollars (millions),H32,Current liabilities,Financial position,"7,608",ANZSIC06 group F360
2019,Level 4,FF114,"Grocery, Liquor and Tobacco Product Wholesaling",Dollars (millions),H33,Other liabilities,Financial position,"1,338",ANZSIC06 group F360
2019,Level 4,FF114,"Grocery, Liquor and Tobacco Product Wholesaling",Dollars,H34,Total income per employee count,Financial ratios,"1,497,600",ANZSIC06 group F360
2019,Level 4,FF114,"Grocery, Liquor and Tobacco Product Wholesaling",Dollars,H35,Surplus per employee count,Financial ratios,"33,600",ANZSIC06 group F360
2019,Level 4,FF114,"Grocery, Liquor and Tobacco Product Wholesaling",Percentage,H36,Current ratio,Financial ratios,114,ANZSIC06 group F360
2019,Level 4,FF114,"Grocery, Liquor and Tobacco Product Wholesaling",Percentage,H37,Quick ratio,Financial ratios,83,ANZSIC06 group F360
2019,Level 4,FF114,"Grocery, Liquor and Tobacco Product Wholesaling",Percentage,H38,Margin on sales of goods for resale,Financial ratios,11,ANZSIC06 group F360
2019,Level 4,FF114,"Grocery, Liquor and Tobacco Product Wholesaling",Percentage,H39,Return on equity,Financial ratios,22,ANZSIC06 group F360
2019,Level 4,FF114,"Grocery, Liquor and Tobacco Product Wholesaling",Percentage,H40,Return on total assets,Financial ratios,6,ANZSIC06 group F360
2019,Level 4,FF114,"Grocery, Liquor and Tobacco Product Wholesaling",Percentage,H41,Liabilities structure,Financial ratios,29,ANZSIC06 group F360
2019,Level 4,FF115,Other Goods Wholesaling,Dollars (millions),H01,Total income,Financial performance,"16,555","ANZSIC06 groups F371, F372, and F373"
2019,Level 4,FF115,Other Goods Wholesaling,Dollars (millions),H02,Sales of goods not further processed,Financial performance,"15,122","ANZSIC06 groups F371, F372, and F373"
2019,Level 4,FF115,Other Goods Wholesaling,Dollars (millions),H03,Sales of other goods and services,Financial performance,"1,304","ANZSIC06 groups F371, F372, and F373"
2019,Level 4,FF115,Other Goods Wholesaling,Dollars (millions),H05,"Interest, dividends and donations",Financial performance,65,"ANZSIC06 groups F371, F372, and F373"
2019,Level 4,FF115,Other Goods Wholesaling,Dollars (millions),H06,"Government funding, grants and subsidies",Financial performance,6,"ANZSIC06 groups F371, F372, and F373"
2019,Level 4,FF115,Other Goods Wholesaling,Dollars (millions),H07,Non-operating income,Financial performance,58,"ANZSIC06 groups F371, F372, and F373"
2019,Level 4,FF115,Other Goods Wholesaling,Dollars (millions),H08,Total expenditure,Financial performance,"15,875","ANZSIC06 groups F371, F372, and F373"
2019,Level 4,FF115,Other Goods Wholesaling,Dollars (millions),H09,Interest and donations,Financial performance,89,"ANZSIC06 groups F371, F372, and F373"
2019,Level 4,FF115,Other Goods Wholesaling,Dollars (millions),H10,Indirect taxes,Financial performance,32,"ANZSIC06 groups F371, F372, and F373"
2019,Level 4,FF115,Other Goods Wholesaling,Dollars (millions),H11,Depreciation,Financial performance,132,"ANZSIC06 groups F371, F372, and F373"
2019,Level 4,FF115,Other Goods Wholesaling,Dollars (millions),H12,Salaries and wages paid,Financial performance,"1,663","ANZSIC06 groups F371, F372, and F373"
2019,Level 4,FF115,Other Goods Wholesaling,Dollars (millions),H13,Redundancy and severance,Financial performance,4,"ANZSIC06 groups F371, F372, and F373"
2019,Level 4,FF115,Other Goods Wholesaling,Dollars (millions),H17,Purchases of goods bought for resale,Financial performance,"10,992","ANZSIC06 groups F371, F372, and F373"
2019,Level 4,FF115,Other Goods Wholesaling,Dollars (millions),H18,Other Purchases and operating expenses,Financial performance,"2,886","ANZSIC06 groups F371, F372, and F373"
2019,Level 4,FF115,Other Goods Wholesaling,Dollars (millions),H20,Non-operating expenses,Financial performance,81,"ANZSIC06 groups F371, F372, and F373"
2019,Level 4,FF115,Other Goods Wholesaling,Dollars (millions),H21,Opening stocks,Financial performance,"2,434","ANZSIC06 groups F371, F372, and F373"
2019,Level 4,FF115,Other Goods Wholesaling,Dollars (millions),H22,Closing stocks,Financial performance,"2,744","ANZSIC06 groups F371, F372, and F373"
2019,Level 4,FF115,Other Goods Wholesaling,Dollars (millions),H23,Surplus before income tax,Financial performance,990,"ANZSIC06 groups F371, F372, and F373"
2019,Level 4,FF115,Other Goods Wholesaling,Dollars (millions),H24,Total assets,Financial position,"10,413","ANZSIC06 groups F371, F372, and F373"
2019,Level 4,FF115,Other Goods Wholesaling,Dollars (millions),H25,Current assets,Financial position,"7,977","ANZSIC06 groups F371, F372, and F373"
2019,Level 4,FF115,Other Goods Wholesaling,Dollars (millions),H26,Fixed tangible assets,Financial position,C,"ANZSIC06 groups F371, F372, and F373"
2019,Level 4,FF115,Other Goods Wholesaling,Dollars (millions),H27,Additions to fixed assets,Financial position,227,"ANZSIC06 groups F371, F372, and F373"
2019,Level 4,FF115,Other Goods Wholesaling,Dollars (millions),H28,Disposals of fixed assets,Financial position,108,"ANZSIC06 groups F371, F372, and F373"
2019,Level 4,FF115,Other Goods Wholesaling,Dollars (millions),H29,Other assets,Financial position,C,"ANZSIC06 groups F371, F372, and F373"
2019,Level 4,FF115,Other Goods Wholesaling,Dollars (millions),H30,Total equity and liabilities,Financial position,"10,413","ANZSIC06 groups F371, F372, and F373"
2019,Level 4,FF115,Other Goods Wholesaling,Dollars (millions),H31,Shareholders funds or owners equity,Financial position,"4,245","ANZSIC06 groups F371, F372, and F373"
2019,Level 4,FF115,Other Goods Wholesaling,Dollars (millions),H32,Current liabilities,Financial position,"4,591","ANZSIC06 groups F371, F372, and F373"
2019,Level 4,FF115,Other Goods Wholesaling,Dollars (millions),H33,Other liabilities,Financial position,"1,577","ANZSIC06 groups F371, F372, and F373"
2019,Level 4,FF115,Other Goods Wholesaling,Dollars,H34,Total income per employee count,Financial ratios,"673,600","ANZSIC06 groups F371, F372, and F373"
2019,Level 4,FF115,Other Goods Wholesaling,Dollars,H35,Surplus per employee count,Financial ratios,"40,300","ANZSIC06 groups F371, F372, and F373"
2019,Level 4,FF115,Other Goods Wholesaling,Percentage,H36,Current ratio,Financial ratios,174,"ANZSIC06 groups F371, F372, and F373"
2019,Level 4,FF115,Other Goods Wholesaling,Percentage,H37,Quick ratio,Financial ratios,114,"ANZSIC06 groups F371, F372, and F373"
2019,Level 4,FF115,Other Goods Wholesaling,Percentage,H38,Margin on sales of goods for resale,Financial ratios,27,"ANZSIC06 groups F371, F372, and F373"
2019,Level 4,FF115,Other Goods Wholesaling,Percentage,H39,Return on equity,Financial ratios,23,"ANZSIC06 groups F371, F372, and F373"
2019,Level 4,FF115,Other Goods Wholesaling,Percentage,H40,Return on total assets,Financial ratios,10,"ANZSIC06 groups F371, F372, and F373"
2019,Level 4,FF115,Other Goods Wholesaling,Percentage,H41,Liabilities structure,Financial ratios,41,"ANZSIC06 groups F371, F372, and F373"
2019,Level 4,FF116,Commission Based Wholesaling,Dollars (millions),H01,Total income,Financial performance,"1,041",ANZSIC06 Group F380
2019,Level 4,FF116,Commission Based Wholesaling,Dollars (millions),H02,Sales of goods not further processed,Financial performance,99,ANZSIC06 Group F380
2019,Level 4,FF116,Commission Based Wholesaling,Dollars (millions),H03,Sales of other goods and services,Financial performance,912,ANZSIC06 Group F380
2019,Level 4,FF116,Commission Based Wholesaling,Dollars (millions),H05,"Interest, dividends and donations",Financial performance,23,ANZSIC06 Group F380
2019,Level 4,FF116,Commission Based Wholesaling,Dollars (millions),H06,"Government funding, grants and subsidies",Financial performance,0,ANZSIC06 Group F380
2019,Level 4,FF116,Commission Based Wholesaling,Dollars (millions),H07,Non-operating income,Financial performance,6,ANZSIC06 Group F380
2019,Level 4,FF116,Commission Based Wholesaling,Dollars (millions),H08,Total expenditure,Financial performance,824,ANZSIC06 Group F380
2019,Level 4,FF116,Commission Based Wholesaling,Dollars (millions),H09,Interest and donations,Financial performance,15,ANZSIC06 Group F380
2019,Level 4,FF116,Commission Based Wholesaling,Dollars (millions),H10,Indirect taxes,Financial performance,6,ANZSIC06 Group F380
2019,Level 4,FF116,Commission Based Wholesaling,Dollars (millions),H11,Depreciation,Financial performance,43,ANZSIC06 Group F380
2019,Level 4,FF116,Commission Based Wholesaling,Dollars (millions),H12,Salaries and wages paid,Financial performance,265,ANZSIC06 Group F380
2019,Level 4,FF116,Commission Based Wholesaling,Dollars (millions),H13,Redundancy and severance,Financial performance,0,ANZSIC06 Group F380
2019,Level 4,FF116,Commission Based Wholesaling,Dollars (millions),H17,Purchases of goods bought for resale,Financial performance,76,ANZSIC06 Group F380
2019,Level 4,FF116,Commission Based Wholesaling,Dollars (millions),H18,Other Purchases and operating expenses,Financial performance,375,ANZSIC06 Group F380
2019,Level 4,FF116,Commission Based Wholesaling,Dollars (millions),H20,Non-operating expenses,Financial performance,44,ANZSIC06 Group F380
2019,Level 4,FF116,Commission Based Wholesaling,Dollars (millions),H21,Opening stocks,Financial performance,71,ANZSIC06 Group F380
2019,Level 4,FF116,Commission Based Wholesaling,Dollars (millions),H22,Closing stocks,Financial performance,87,ANZSIC06 Group F380
2019,Level 4,FF116,Commission Based Wholesaling,Dollars (millions),H23,Surplus before income tax,Financial performance,233,ANZSIC06 Group F380
2019,Level 4,FF116,Commission Based Wholesaling,Dollars (millions),H24,Total assets,Financial position,"1,868",ANZSIC06 Group F380
2019,Level 4,FF116,Commission Based Wholesaling,Dollars (millions),H25,Current assets,Financial position,765,ANZSIC06 Group F380
2019,Level 4,FF116,Commission Based Wholesaling,Dollars (millions),H26,Fixed tangible assets,Financial position,C,ANZSIC06 Group F380
2019,Level 4,FF116,Commission Based Wholesaling,Dollars (millions),H27,Additions to fixed assets,Financial position,26,ANZSIC06 Group F380
2019,Level 4,FF116,Commission Based Wholesaling,Dollars (millions),H28,Disposals of fixed assets,Financial position,17,ANZSIC06 Group F380
2019,Level 4,FF116,Commission Based Wholesaling,Dollars (millions),H29,Other assets,Financial position,C,ANZSIC06 Group F380
2019,Level 4,FF116,Commission Based Wholesaling,Dollars (millions),H30,Total equity and liabilities,Financial position,"1,869",ANZSIC06 Group F380
2019,Level 4,FF116,Commission Based Wholesaling,Dollars (millions),H31,Shareholders funds or owners equity,Financial position,958,ANZSIC06 Group F380
2019,Level 4,FF116,Commission Based Wholesaling,Dollars (millions),H32,Current liabilities,Financial position,778,ANZSIC06 Group F380
2019,Level 4,FF116,Commission Based Wholesaling,Dollars (millions),H33,Other liabilities,Financial position,133,ANZSIC06 Group F380
2019,Level 4,FF116,Commission Based Wholesaling,Dollars,H34,Total income per employee count,Financial ratios,"264,700",ANZSIC06 Group F380
2019,Level 4,FF116,Commission Based Wholesaling,Dollars,H35,Surplus per employee count,Financial ratios,"59,100",ANZSIC06 Group F380
2019,Level 4,FF116,Commission Based Wholesaling,Percentage,H36,Current ratio,Financial ratios,98,ANZSIC06 Group F380
2019,Level 4,FF116,Commission Based Wholesaling,Percentage,H37,Quick ratio,Financial ratios,87,ANZSIC06 Group F380
2019,Level 4,FF116,Commission Based Wholesaling,Percentage,H38,Margin on sales of goods for resale,Financial ratios,23,ANZSIC06 Group F380
2019,Level 4,FF116,Commission Based Wholesaling,Percentage,H39,Return on equity,Financial ratios,24,ANZSIC06 Group F380
2019,Level 4,FF116,Commission Based Wholesaling,Percentage,H40,Return on total assets,Financial ratios,12,ANZSIC06 Group F380
2019,Level 4,FF116,Commission Based Wholesaling,Percentage,H41,Liabilities structure,Financial ratios,51,ANZSIC06 Group F380
2019,Level 1,GH,Retail Trade and Accommodation,Dollars (millions),H01,Total income,Financial performance,"93,571",ANZSIC06 divisions G and H
2019,Level 1,GH,Retail Trade and Accommodation,Dollars (millions),H02,Sales of goods not further processed,Financial performance,"77,473",ANZSIC06 divisions G and H
2019,Level 1,GH,Retail Trade and Accommodation,Dollars (millions),H03,Sales of other goods and services,Financial performance,"15,408",ANZSIC06 divisions G and H
2019,Level 1,GH,Retail Trade and Accommodation,Dollars (millions),H05,"Interest, dividends and donations",Financial performance,415,ANZSIC06 divisions G and H
2019,Level 1,GH,Retail Trade and Accommodation,Dollars (millions),H06,"Government funding, grants and subsidies",Financial performance,4,ANZSIC06 divisions G and H
2019,Level 1,GH,Retail Trade and Accommodation,Dollars (millions),H07,Non-operating income,Financial performance,270,ANZSIC06 divisions G and H
2019,Level 1,GH,Retail Trade and Accommodation,Dollars (millions),H08,Total expenditure,Financial performance,"89,328",ANZSIC06 divisions G and H
2019,Level 1,GH,Retail Trade and Accommodation,Dollars (millions),H09,Interest and donations,Financial performance,603,ANZSIC06 divisions G and H
2019,Level 1,GH,Retail Trade and Accommodation,Dollars (millions),H10,Indirect taxes,Financial performance,324,ANZSIC06 divisions G and H
2019,Level 1,GH,Retail Trade and Accommodation,Dollars (millions),H11,Depreciation,Financial performance,"1,338",ANZSIC06 divisions G and H
2019,Level 1,GH,Retail Trade and Accommodation,Dollars (millions),H12,Salaries and wages paid,Financial performance,"13,679",ANZSIC06 divisions G and H
2019,Level 1,GH,Retail Trade and Accommodation,Dollars (millions),H13,Redundancy and severance,Financial performance,12,ANZSIC06 divisions G and H
2019,Level 1,GH,Retail Trade and Accommodation,Dollars (millions),H17,Purchases of goods bought for resale,Financial performance,"56,511",ANZSIC06 divisions G and H
2019,Level 1,GH,Retail Trade and Accommodation,Dollars (millions),H18,Other Purchases and operating expenses,Financial performance,"16,576",ANZSIC06 divisions G and H
2019,Level 1,GH,Retail Trade and Accommodation,Dollars (millions),H20,Non-operating expenses,Financial performance,296,ANZSIC06 divisions G and H
2019,Level 1,GH,Retail Trade and Accommodation,Dollars (millions),H21,Opening stocks,Financial performance,"8,378",ANZSIC06 divisions G and H
2019,Level 1,GH,Retail Trade and Accommodation,Dollars (millions),H22,Closing stocks,Financial performance,"8,749",ANZSIC06 divisions G and H
2019,Level 1,GH,Retail Trade and Accommodation,Dollars (millions),H23,Surplus before income tax,Financial performance,"4,614",ANZSIC06 divisions G and H
2019,Level 1,GH,Retail Trade and Accommodation,Dollars (millions),H24,Total assets,Financial position,"49,233",ANZSIC06 divisions G and H
2019,Level 1,GH,Retail Trade and Accommodation,Dollars (millions),H25,Current assets,Financial position,"22,120",ANZSIC06 divisions G and H
2019,Level 1,GH,Retail Trade and Accommodation,Dollars (millions),H26,Fixed tangible assets,Financial position,"17,348",ANZSIC06 divisions G and H
2019,Level 1,GH,Retail Trade and Accommodation,Dollars (millions),H27,Additions to fixed assets,Financial position,"3,581",ANZSIC06 divisions G and H
2019,Level 1,GH,Retail Trade and Accommodation,Dollars (millions),H28,Disposals of fixed assets,Financial position,"1,474",ANZSIC06 divisions G and H
2019,Level 1,GH,Retail Trade and Accommodation,Dollars (millions),H29,Other assets,Financial position,"9,765",ANZSIC06 divisions G and H
2019,Level 1,GH,Retail Trade and Accommodation,Dollars (millions),H30,Total equity and liabilities,Financial position,"49,233",ANZSIC06 divisions G and H
2019,Level 1,GH,Retail Trade and Accommodation,Dollars (millions),H31,Shareholders funds or owners equity,Financial position,"16,976",ANZSIC06 divisions G and H
2019,Level 1,GH,Retail Trade and Accommodation,Dollars (millions),H32,Current liabilities,Financial position,"21,278",ANZSIC06 divisions G and H
2019,Level 1,GH,Retail Trade and Accommodation,Dollars (millions),H33,Other liabilities,Financial position,"10,979",ANZSIC06 divisions G and H
2019,Level 1,GH,Retail Trade and Accommodation,Dollars,H34,Total income per employee count,Financial ratios,"244,800",ANZSIC06 divisions G and H
2019,Level 1,GH,Retail Trade and Accommodation,Dollars,H35,Surplus per employee count,Financial ratios,"12,100",ANZSIC06 divisions G and H
2019,Level 1,GH,Retail Trade and Accommodation,Percentage,H36,Current ratio,Financial ratios,104,ANZSIC06 divisions G and H
2019,Level 1,GH,Retail Trade and Accommodation,Percentage,H37,Quick ratio,Financial ratios,63,ANZSIC06 divisions G and H
2019,Level 1,GH,Retail Trade and Accommodation,Percentage,H38,Margin on sales of goods for resale,Financial ratios,27,ANZSIC06 divisions G and H
2019,Level 1,GH,Retail Trade and Accommodation,Percentage,H39,Return on equity,Financial ratios,27,ANZSIC06 divisions G and H
2019,Level 1,GH,Retail Trade and Accommodation,Percentage,H40,Return on total assets,Financial ratios,9,ANZSIC06 divisions G and H
2019,Level 1,GH,Retail Trade and Accommodation,Percentage,H41,Liabilities structure,Financial ratios,34,ANZSIC06 divisions G and H
2019,Level 3,GH11,Motor Vehicle and Motor Vehicle Parts and Fuel Retailing,Dollars (millions),H01,Total income,Financial performance,"18,990","ANZSIC06 groups G391, G392, and G400"
2019,Level 3,GH11,Motor Vehicle and Motor Vehicle Parts and Fuel Retailing,Dollars (millions),H02,Sales of goods not further processed,Financial performance,"18,130","ANZSIC06 groups G391, G392, and G400"
2019,Level 3,GH11,Motor Vehicle and Motor Vehicle Parts and Fuel Retailing,Dollars (millions),H03,Sales of other goods and services,Financial performance,820,"ANZSIC06 groups G391, G392, and G400"
