Year,Industry_aggregation_NZSIOC,Industry_code_NZSIOC,Industry_name_NZSIOC,Units,Variable_code,Variable_name,Variable_category,Value,Industry_code_ANZSIC06
2021,Level 3,GH13,Other Store-Based Retailing and Non Store Retailing,Dollars (millions),H02,Sales of goods not further processed,Financial performance,"35,954","ANZSIC06 groups G421, G422, G423, G424, G425, G426, G427, G431, and G432"
2021,Level 3,GH13,Other Store-Based Retailing and Non Store Retailing,Dollars (millions),H03,Sales of other goods and services,Financial performance,"1,634","ANZSIC06 groups G421, G422, G423, G424, G425, G426, G427, G431, and G432"
2021,Level 3,GH13,Other Store-Based Retailing and Non Store Retailing,Dollars (millions),H05,"Interest, dividends and donations",Financial performance,97,"ANZSIC06 groups G421, G422, G423, G424, G425, G426, G427, G431, and G432"
2021,Level 3,GH13,Other Store-Based Retailing and Non Store Retailing,Dollars (millions),H06,"Government funding, grants and subsidies",Financial performance,491,"ANZSIC06 groups G421, G422, G423, G424, G425, G426, G427, G431, and G432"
2021,Level 3,GH13,Other Store-Based Retailing and Non Store Retailing,Dollars (millions),H07,Non-operating income,Financial performance,107,"ANZSIC06 groups G421, G422, G423, G424, G425, G426, G427, G431, and G432"
2021,Level 3,GH13,Other Store-Based Retailing and Non Store Retailing,Dollars (millions),H08,Total expenditure,Financial performance,"35,615","ANZSIC06 groups G421, G422, G423, G424, G425, G426, G427, G431, and G432"
2021,Level 3,GH13,Other Store-Based Retailing and Non Store Retailing,Dollars (millions),H09,Interest and donations,Financial performance,316,"ANZSIC06 groups G421, G422, G423, G424, G425, G426, G427, G431, and G432"
2021,Level 3,GH13,Other Store-Based Retailing and Non Store Retailing,Dollars (millions),H10,Indirect taxes,Financial performance,111,"ANZSIC06 groups G421, G422, G423, G424, G425, G426, G427, G431, and G432"
2021,Level 3,GH13,Other Store-Based Retailing and Non Store Retailing,Dollars (millions),H11,Depreciation,Financial performance,"1,144","ANZSIC06 groups G421, G422, G423, G424, G425, G426, G427, G431, and G432"
2021,Level 3,GH13,Other Store-Based Retailing and Non Store Retailing,Dollars (millions),H12,Salaries and wages paid,Financial performance,"5,579","ANZSIC06 groups G421, G422, G423, G424, G425, G426, G427, G431, and G432"
2021,Level 3,GH13,Other Store-Based Retailing and Non Store Retailing,Dollars (millions),H13,Redundancy and severance,Financial performance,14,"ANZSIC06 groups G421, G422, G423, G424, G425, G426, G427, G431, and G432"
2021,Level 3,GH13,Other Store-Based Retailing and Non Store Retailing,Dollars (millions),H17,Purchases of goods bought for resale,Financial performance,"22,657","ANZSIC06 groups G421, G422, G423, G424, G425, G426, G427, G431, and G432"
2021,Level 3,GH13,Other Store-Based Retailing and Non Store Retailing,Dollars (millions),H18,Other Purchases and operating expenses,Financial performance,"5,431","ANZSIC06 groups G421, G422, G423, G424, G425, G426, G427, G431, and G432"
2021,Level 3,GH13,Other Store-Based Retailing and Non Store Retailing,Dollars (millions),H20,Non-operating expenses,Financial performance,378,"ANZSIC06 groups G421, G422, G423, G424, G425, G426, G427, G431, and G432"
2021,Level 3,GH13,Other Store-Based Retailing and Non Store Retailing,Dollars (millions),H21,Opening stocks,Financial performance,"5,121","ANZSIC06 groups G421, G422, G423, G424, G425, G426, G427, G431, and G432"
2021,Level 3,GH13,Other Store-Based Retailing and Non Store Retailing,Dollars (millions),H22,Closing stocks,Financial performance,"5,364","ANZSIC06 groups G421, G422, G423, G424, G425, G426, G427, G431, and G432"
2021,Level 3,GH13,Other Store-Based Retailing and Non Store Retailing,Dollars (millions),H23,Surplus before income tax,Financial performance,"2,910","ANZSIC06 groups G421, G422, G423, G424, G425, G426, G427, G431, and G432"
2021,Level 3,GH13,Other Store-Based Retailing and Non Store Retailing,Dollars (millions),H24,Total assets,Financial position,"23,587","ANZSIC06 groups G421, G422, G423, G424, G425, G426, G427, G431, and G432"
2021,Level 3,GH13,Other Store-Based Retailing and Non Store Retailing,Dollars (millions),H25,Current assets,Financial position,"12,351","ANZSIC06 groups G421, G422, G423, G424, G425, G426, G427, G431, and G432"
2021,Level 3,GH13,Other Store-Based Retailing and Non Store Retailing,Dollars (millions),H26,Fixed tangible assets,Financial position,"3,062","ANZSIC06 groups G421, G422, G423, G424, G425, G426, G427, G431, and G432"
2021,Level 3,GH13,Other Store-Based Retailing and Non Store Retailing,Dollars (millions),H27,Additions to fixed assets,Financial position,864,"ANZSIC06 groups G421, G422, G423, G424, G425, G426, G427, G431, and G432"
2021,Level 3,GH13,Other Store-Based Retailing and Non Store Retailing,Dollars (millions),H28,Disposals of fixed assets,Financial position,344,"ANZSIC06 groups G421, G422, G423, G424, G425, G426, G427, G431, and G432"
2021,Level 3,GH13,Other Store-Based Retailing and Non Store Retailing,Dollars (millions),H29,Other assets,Financial position,"8,174","ANZSIC06 groups G421, G422, G423, G424, G425, G426, G427, G431, and G432"
2021,Level 3,GH13,Other Store-Based Retailing and Non Store Retailing,Dollars (millions),H30,Total equity and liabilities,Financial position,"23,587","ANZSIC06 groups G421, G422, G423, G424, G425, G426, G427, G431, and G432"
2021,Level 3,GH13,Other Store-Based Retailing and Non Store Retailing,Dollars (millions),H31,Shareholders funds or owners equity,Financial position,"6,910","ANZSIC06 groups G421, G422, G423, G424, G425, G426, G427, G431, and G432"
2021,Level 3,GH13,Other Store-Based Retailing and Non Store Retailing,Dollars (millions),H32,Current liabilities,Financial position,"9,822","ANZSIC06 groups G421, G422, G423, G424, G425, G426, G427, G431, and G432"
2021,Level 3,GH13,Other Store-Based Retailing and Non Store Retailing,Dollars (millions),H33,Other liabilities,Financial position,"6,855","ANZSIC06 groups G421, G422, G423, G424, G425, G426, G427, G431, and G432"
2021,Level 3,GH13,Other Store-Based Retailing and Non Store Retailing,Dollars,H34,Total income per employee count,Financial ratios,"328,400","ANZSIC06 groups G421, G422, G423, G424, G425, G426, G427, G431, and G432"
2021,Level 3,GH13,Other Store-Based Retailing and Non Store Retailing,Dollars,H35,Surplus per employee count,Financial ratios,"25,000","ANZSIC06 groups G421, G422, G423, G424, G425, G426, G427, G431, and G432"
2021,Level 3,GH13,Other Store-Based Retailing and Non Store Retailing,Percentage,H36,Current ratio,Financial ratios,126,"ANZSIC06 groups G421, G422, G423, G424, G425, G426, G427, G431, and G432"
2021,Level 3,GH13,Other Store-Based Retailing and Non Store Retailing,Percentage,H37,Quick ratio,Financial ratios,71,"ANZSIC06 groups G421, G422, G423, G424, G425, G426, G427, G431, and G432"
2021,Level 3,GH13,Other Store-Based Retailing and Non Store Retailing,Percentage,H38,Margin on sales of goods for resale,Financial ratios,37,"ANZSIC06 groups G421, G422, G423, G424, G425, G426, G427, G431, and G432"
2021,Level 3,GH13,Other Store-Based Retailing and Non Store Retailing,Percentage,H39,Return on equity,Financial ratios,42,"ANZSIC06 groups G421, G422, G423, G424, G425, G426, G427, G431, and G432"
2021,Level 3,GH13,Other Store-Based Retailing and Non Store Retailing,Percentage,H40,Return on total assets,Financial ratios,12,"ANZSIC06 groups G421, G422, G423, G424, G425, G426, G427, G431, and G432"
2021,Level 3,GH13,Other Store-Based Retailing and Non Store Retailing,Percentage,H41,Liabilities structure,Financial ratios,29,"ANZSIC06 groups G421, G422, G423, G424, G425, G426, G427, G431, and G432"
2021,Level 4,GH131,"Furniture, Electrical and Hardware Retailing",Dollars (millions),H01,Total income,Financial performance,"16,489","ANZSIC06 groups G421, G422, and G423"
2021,Level 4,GH131,"Furniture, Electrical and Hardware Retailing",Dollars (millions),H02,Sales of goods not further processed,Financial performance,"15,750","ANZSIC06 groups G421, G422, and G423"
2021,Level 4,GH131,"Furniture, Electrical and Hardware Retailing",Dollars (millions),H03,Sales of other goods and services,Financial performance,463,"ANZSIC06 groups G421, G422, and G423"
2021,Level 4,GH131,"Furniture, Electrical and Hardware Retailing",Dollars (millions),H05,"Interest, dividends and donations",Financial performance,45,"ANZSIC06 groups G421, G422, and G423"
2021,Level 4,GH131,"Furniture, Electrical and Hardware Retailing",Dollars (millions),H06,"Government funding, grants and subsidies",Financial performance,177,"ANZSIC06 groups G421, G422, and G423"
2021,Level 4,GH131,"Furniture, Electrical and Hardware Retailing",Dollars (millions),H07,Non-operating income,Financial performance,54,"ANZSIC06 groups G421, G422, and G423"
2021,Level 4,GH131,"Furniture, Electrical and Hardware Retailing",Dollars (millions),H08,Total expenditure,Financial performance,"15,366","ANZSIC06 groups G421, G422, and G423"
2021,Level 4,GH131,"Furniture, Electrical and Hardware Retailing",Dollars (millions),H09,Interest and donations,Financial performance,98,"ANZSIC06 groups G421, G422, and G423"
2021,Level 4,GH131,"Furniture, Electrical and Hardware Retailing",Dollars (millions),H10,Indirect taxes,Financial performance,45,"ANZSIC06 groups G421, G422, and G423"
2021,Level 4,GH131,"Furniture, Electrical and Hardware Retailing",Dollars (millions),H11,Depreciation,Financial performance,366,"ANZSIC06 groups G421, G422, and G423"
2021,Level 4,GH131,"Furniture, Electrical and Hardware Retailing",Dollars (millions),H12,Salaries and wages paid,Financial performance,"2,163","ANZSIC06 groups G421, G422, and G423"
2021,Level 4,GH131,"Furniture, Electrical and Hardware Retailing",Dollars (millions),H13,Redundancy and severance,Financial performance,2,"ANZSIC06 groups G421, G422, and G423"
2021,Level 4,GH131,"Furniture, Electrical and Hardware Retailing",Dollars (millions),H17,Purchases of goods bought for resale,Financial performance,"11,014","ANZSIC06 groups G421, G422, and G423"
2021,Level 4,GH131,"Furniture, Electrical and Hardware Retailing",Dollars (millions),H18,Other Purchases and operating expenses,Financial performance,"1,598","ANZSIC06 groups G421, G422, and G423"
2021,Level 4,GH131,"Furniture, Electrical and Hardware Retailing",Dollars (millions),H20,Non-operating expenses,Financial performance,82,"ANZSIC06 groups G421, G422, and G423"
2021,Level 4,GH131,"Furniture, Electrical and Hardware Retailing",Dollars (millions),H21,Opening stocks,Financial performance,"1,959","ANZSIC06 groups G421, G422, and G423"
2021,Level 4,GH131,"Furniture, Electrical and Hardware Retailing",Dollars (millions),H22,Closing stocks,Financial performance,"2,090","ANZSIC06 groups G421, G422, and G423"
2021,Level 4,GH131,"Furniture, Electrical and Hardware Retailing",Dollars (millions),H23,Surplus before income tax,Financial performance,"1,254","ANZSIC06 groups G421, G422, and G423"
2021,Level 4,GH131,"Furniture, Electrical and Hardware Retailing",Dollars (millions),H24,Total assets,Financial position,"8,559","ANZSIC06 groups G421, G422, and G423"
2021,Level 4,GH131,"Furniture, Electrical and Hardware Retailing",Dollars (millions),H25,Current assets,Financial position,"4,718","ANZSIC06 groups G421, G422, and G423"
2021,Level 4,GH131,"Furniture, Electrical and Hardware Retailing",Dollars (millions),H26,Fixed tangible assets,Financial position,"1,039","ANZSIC06 groups G421, G422, and G423"
2021,Level 4,GH131,"Furniture, Electrical and Hardware Retailing",Dollars (millions),H27,Additions to fixed assets,Financial position,297,"ANZSIC06 groups G421, G422, and G423"
2021,Level 4,GH131,"Furniture, Electrical and Hardware Retailing",Dollars (millions),H28,Disposals of fixed assets,Financial position,168,"ANZSIC06 groups G421, G422, and G423"
2021,Level 4,GH131,"Furniture, Electrical and Hardware Retailing",Dollars (millions),H29,Other assets,Financial position,"2,801","ANZSIC06 groups G421, G422, and G423"
2021,Level 4,GH131,"Furniture, Electrical and Hardware Retailing",Dollars (millions),H30,Total equity and liabilities,Financial position,"8,559","ANZSIC06 groups G421, G422, and G423"
2021,Level 4,GH131,"Furniture, Electrical and Hardware Retailing",Dollars (millions),H31,Shareholders funds or owners equity,Financial position,"2,454","ANZSIC06 groups G421, G422, and G423"
2021,Level 4,GH131,"Furniture, Electrical and Hardware Retailing",Dollars (millions),H32,Current liabilities,Financial position,"3,845","ANZSIC06 groups G421, G422, and G423"
2021,Level 4,GH131,"Furniture, Electrical and Hardware Retailing",Dollars (millions),H33,Other liabilities,Financial position,"2,260","ANZSIC06 groups G421, G422, and G423"
2021,Level 4,GH131,"Furniture, Electrical and Hardware Retailing",Dollars,H34,Total income per employee count,Financial ratios,"414,000","ANZSIC06 groups G421, G422, and G423"
2021,Level 4,GH131,"Furniture, Electrical and Hardware Retailing",Dollars,H35,Surplus per employee count,Financial ratios,"31,500","ANZSIC06 groups G421, G422, and G423"
2021,Level 4,GH131,"Furniture, Electrical and Hardware Retailing",Percentage,H36,Current ratio,Financial ratios,123,"ANZSIC06 groups G421, G422, and G423"
2021,Level 4,GH131,"Furniture, Electrical and Hardware Retailing",Percentage,H37,Quick ratio,Financial ratios,68,"ANZSIC06 groups G421, G422, and G423"
2021,Level 4,GH131,"Furniture, Electrical and Hardware Retailing",Percentage,H38,Margin on sales of goods for resale,Financial ratios,30,"ANZSIC06 groups G421, G422, and G423"
2021,Level 4,GH131,"Furniture, Electrical and Hardware Retailing",Percentage,H39,Return on equity,Financial ratios,51,"ANZSIC06 groups G421, G422, and G423"
2021,Level 4,GH131,"Furniture, Electrical and Hardware Retailing",Percentage,H40,Return on total assets,Financial ratios,15,"ANZSIC06 groups G421, G422, and G423"
2021,Level 4,GH131,"Furniture, Electrical and Hardware Retailing",Percentage,H41,Liabilities structure,Financial ratios,29,"ANZSIC06 groups G421, G422, and G423"
2021,Level 4,GH132,"Recreational, Clothing, Footwear and Personal Accessory Retailing",Dollars (millions),H01,Total income,Financial performance,"7,339",ANZSIC06 groups G424 and G425
2021,Level 4,GH132,"Recreational, Clothing, Footwear and Personal Accessory Retailing",Dollars (millions),H02,Sales of goods not further processed,Financial performance,"6,909",ANZSIC06 groups G424 and G425
2021,Level 4,GH132,"Recreational, Clothing, Footwear and Personal Accessory Retailing",Dollars (millions),H03,Sales of other goods and services,Financial performance,237,ANZSIC06 groups G424 and G425
2021,Level 4,GH132,"Recreational, Clothing, Footwear and Personal Accessory Retailing",Dollars (millions),H05,"Interest, dividends and donations",Financial performance,C,ANZSIC06 groups G424 and G425
2021,Level 4,GH132,"Recreational, Clothing, Footwear and Personal Accessory Retailing",Dollars (millions),H06,"Government funding, grants and subsidies",Financial performance,C,ANZSIC06 groups G424 and G425
2021,Level 4,GH132,"Recreational, Clothing, Footwear and Personal Accessory Retailing",Dollars (millions),H07,Non-operating income,Financial performance,21,ANZSIC06 groups G424 and G425
2021,Level 4,GH132,"Recreational, Clothing, Footwear and Personal Accessory Retailing",Dollars (millions),H08,Total expenditure,Financial performance,"6,639",ANZSIC06 groups G424 and G425
2021,Level 4,GH132,"Recreational, Clothing, Footwear and Personal Accessory Retailing",Dollars (millions),H09,Interest and donations,Financial performance,54,ANZSIC06 groups G424 and G425
2021,Level 4,GH132,"Recreational, Clothing, Footwear and Personal Accessory Retailing",Dollars (millions),H10,Indirect taxes,Financial performance,20,ANZSIC06 groups G424 and G425
2021,Level 4,GH132,"Recreational, Clothing, Footwear and Personal Accessory Retailing",Dollars (millions),H11,Depreciation,Financial performance,271,ANZSIC06 groups G424 and G425
2021,Level 4,GH132,"Recreational, Clothing, Footwear and Personal Accessory Retailing",Dollars (millions),H12,Salaries and wages paid,Financial performance,"1,187",ANZSIC06 groups G424 and G425
2021,Level 4,GH132,"Recreational, Clothing, Footwear and Personal Accessory Retailing",Dollars (millions),H13,Redundancy and severance,Financial performance,0,ANZSIC06 groups G424 and G425
2021,Level 4,GH132,"Recreational, Clothing, Footwear and Personal Accessory Retailing",Dollars (millions),H17,Purchases of goods bought for resale,Financial performance,"3,627",ANZSIC06 groups G424 and G425
2021,Level 4,GH132,"Recreational, Clothing, Footwear and Personal Accessory Retailing",Dollars (millions),H18,Other Purchases and operating expenses,Financial performance,"1,419",ANZSIC06 groups G424 and G425
2021,Level 4,GH132,"Recreational, Clothing, Footwear and Personal Accessory Retailing",Dollars (millions),H20,Non-operating expenses,Financial performance,62,ANZSIC06 groups G424 and G425
2021,Level 4,GH132,"Recreational, Clothing, Footwear and Personal Accessory Retailing",Dollars (millions),H21,Opening stocks,Financial performance,"1,435",ANZSIC06 groups G424 and G425
2021,Level 4,GH132,"Recreational, Clothing, Footwear and Personal Accessory Retailing",Dollars (millions),H22,Closing stocks,Financial performance,"1,462",ANZSIC06 groups G424 and G425
2021,Level 4,GH132,"Recreational, Clothing, Footwear and Personal Accessory Retailing",Dollars (millions),H23,Surplus before income tax,Financial performance,727,ANZSIC06 groups G424 and G425
2021,Level 4,GH132,"Recreational, Clothing, Footwear and Personal Accessory Retailing",Dollars (millions),H24,Total assets,Financial position,"5,785",ANZSIC06 groups G424 and G425
2021,Level 4,GH132,"Recreational, Clothing, Footwear and Personal Accessory Retailing",Dollars (millions),H25,Current assets,Financial position,"3,331",ANZSIC06 groups G424 and G425
2021,Level 4,GH132,"Recreational, Clothing, Footwear and Personal Accessory Retailing",Dollars (millions),H26,Fixed tangible assets,Financial position,716,ANZSIC06 groups G424 and G425
2021,Level 4,GH132,"Recreational, Clothing, Footwear and Personal Accessory Retailing",Dollars (millions),H27,Additions to fixed assets,Financial position,211,ANZSIC06 groups G424 and G425
2021,Level 4,GH132,"Recreational, Clothing, Footwear and Personal Accessory Retailing",Dollars (millions),H28,Disposals of fixed assets,Financial position,66,ANZSIC06 groups G424 and G425
2021,Level 4,GH132,"Recreational, Clothing, Footwear and Personal Accessory Retailing",Dollars (millions),H29,Other assets,Financial position,"1,739",ANZSIC06 groups G424 and G425
2021,Level 4,GH132,"Recreational, Clothing, Footwear and Personal Accessory Retailing",Dollars (millions),H30,Total equity and liabilities,Financial position,"5,785",ANZSIC06 groups G424 and G425
2021,Level 4,GH132,"Recreational, Clothing, Footwear and Personal Accessory Retailing",Dollars (millions),H31,Shareholders funds or owners equity,Financial position,"2,046",ANZSIC06 groups G424 and G425
2021,Level 4,GH132,"Recreational, Clothing, Footwear and Personal Accessory Retailing",Dollars (millions),H32,Current liabilities,Financial position,"2,455",ANZSIC06 groups G424 and G425
2021,Level 4,GH132,"Recreational, Clothing, Footwear and Personal Accessory Retailing",Dollars (millions),H33,Other liabilities,Financial position,"1,284",ANZSIC06 groups G424 and G425
2021,Level 4,GH132,"Recreational, Clothing, Footwear and Personal Accessory Retailing",Dollars,H34,Total income per employee count,Financial ratios,"236,100",ANZSIC06 groups G424 and G425
2021,Level 4,GH132,"Recreational, Clothing, Footwear and Personal Accessory Retailing",Dollars,H35,Surplus per employee count,Financial ratios,"23,400",ANZSIC06 groups G424 and G425
2021,Level 4,GH132,"Recreational, Clothing, Footwear and Personal Accessory Retailing",Percentage,H36,Current ratio,Financial ratios,136,ANZSIC06 groups G424 and G425
2021,Level 4,GH132,"Recreational, Clothing, Footwear and Personal Accessory Retailing",Percentage,H37,Quick ratio,Financial ratios,76,ANZSIC06 groups G424 and G425
2021,Level 4,GH132,"Recreational, Clothing, Footwear and Personal Accessory Retailing",Percentage,H38,Margin on sales of goods for resale,Financial ratios,48,ANZSIC06 groups G424 and G425
2021,Level 4,GH132,"Recreational, Clothing, Footwear and Personal Accessory Retailing",Percentage,H39,Return on equity,Financial ratios,36,ANZSIC06 groups G424 and G425
2021,Level 4,GH132,"Recreational, Clothing, Footwear and Personal Accessory Retailing",Percentage,H40,Return on total assets,Financial ratios,13,ANZSIC06 groups G424 and G425
2021,Level 4,GH132,"Recreational, Clothing, Footwear and Personal Accessory Retailing",Percentage,H41,Liabilities structure,Financial ratios,35,ANZSIC06 groups G424 and G425
2021,Level 4,GH133,Department Stores,Dollars (millions),H01,Total income,Financial performance,"5,858",ANZSIC06 group G426
2021,Level 4,GH133,Department Stores,Dollars (millions),H02,Sales of goods not further processed,Financial performance,"5,781",ANZSIC06 group G426
2021,Level 4,GH133,Department Stores,Dollars (millions),H03,Sales of other goods and services,Financial performance,53,ANZSIC06 group G426
2021,Level 4,GH133,Department Stores,Dollars (millions),H05,"Interest, dividends and donations",Financial performance,C,ANZSIC06 group G426
2021,Level 4,GH133,Department Stores,Dollars (millions),H06,"Government funding, grants and subsidies",Financial performance,C,ANZSIC06 group G426
2021,Level 4,GH133,Department Stores,Dollars (millions),H07,Non-operating income,Financial performance,8,ANZSIC06 group G426
2021,Level 4,GH133,Department Stores,Dollars (millions),H08,Total expenditure,Financial performance,"5,457",ANZSIC06 group G426
2021,Level 4,GH133,Department Stores,Dollars (millions),H09,Interest and donations,Financial performance,94,ANZSIC06 group G426
2021,Level 4,GH133,Department Stores,Dollars (millions),H10,Indirect taxes,Financial performance,26,ANZSIC06 group G426
2021,Level 4,GH133,Department Stores,Dollars (millions),H11,Depreciation,Financial performance,272,ANZSIC06 group G426
2021,Level 4,GH133,Department Stores,Dollars (millions),H12,Salaries and wages paid,Financial performance,898,ANZSIC06 group G426
2021,Level 4,GH133,Department Stores,Dollars (millions),H13,Redundancy and severance,Financial performance,C,ANZSIC06 group G426
2021,Level 4,GH133,Department Stores,Dollars (millions),H17,Purchases of goods bought for resale,Financial performance,"3,414",ANZSIC06 group G426
2021,Level 4,GH133,Department Stores,Dollars (millions),H18,Other Purchases and operating expenses,Financial performance,663,ANZSIC06 group G426
2021,Level 4,GH133,Department Stores,Dollars (millions),H20,Non-operating expenses,Financial performance,91,ANZSIC06 group G426
2021,Level 4,GH133,Department Stores,Dollars (millions),H21,Opening stocks,Financial performance,746,ANZSIC06 group G426
2021,Level 4,GH133,Department Stores,Dollars (millions),H22,Closing stocks,Financial performance,827,ANZSIC06 group G426
2021,Level 4,GH133,Department Stores,Dollars (millions),H23,Surplus before income tax,Financial performance,482,ANZSIC06 group G426
2021,Level 4,GH133,Department Stores,Dollars (millions),H24,Total assets,Financial position,"4,484",ANZSIC06 group G426
2021,Level 4,GH133,Department Stores,Dollars (millions),H25,Current assets,Financial position,"1,702",ANZSIC06 group G426
2021,Level 4,GH133,Department Stores,Dollars (millions),H26,Fixed tangible assets,Financial position,564,ANZSIC06 group G426
2021,Level 4,GH133,Department Stores,Dollars (millions),H27,Additions to fixed assets,Financial position,124,ANZSIC06 group G426
2021,Level 4,GH133,Department Stores,Dollars (millions),H28,Disposals of fixed assets,Financial position,11,ANZSIC06 group G426
2021,Level 4,GH133,Department Stores,Dollars (millions),H29,Other assets,Financial position,"2,218",ANZSIC06 group G426
2021,Level 4,GH133,Department Stores,Dollars (millions),H30,Total equity and liabilities,Financial position,"4,484",ANZSIC06 group G426
2021,Level 4,GH133,Department Stores,Dollars (millions),H31,Shareholders funds or owners equity,Financial position,"1,248",ANZSIC06 group G426
2021,Level 4,GH133,Department Stores,Dollars (millions),H32,Current liabilities,Financial position,"1,266",ANZSIC06 group G426
2021,Level 4,GH133,Department Stores,Dollars (millions),H33,Other liabilities,Financial position,"1,970",ANZSIC06 group G426
2021,Level 4,GH133,Department Stores,Dollars,H34,Total income per employee count,Financial ratios,"302,400",ANZSIC06 group G426
2021,Level 4,GH133,Department Stores,Dollars,H35,Surplus per employee count,Financial ratios,"24,900",ANZSIC06 group G426
2021,Level 4,GH133,Department Stores,Percentage,H36,Current ratio,Financial ratios,134,ANZSIC06 group G426
2021,Level 4,GH133,Department Stores,Percentage,H37,Quick ratio,Financial ratios,69,ANZSIC06 group G426
2021,Level 4,GH133,Department Stores,Percentage,H38,Margin on sales of goods for resale,Financial ratios,41,ANZSIC06 group G426
2021,Level 4,GH133,Department Stores,Percentage,H39,Return on equity,Financial ratios,39,ANZSIC06 group G426
2021,Level 4,GH133,Department Stores,Percentage,H40,Return on total assets,Financial ratios,11,ANZSIC06 group G426
2021,Level 4,GH133,Department Stores,Percentage,H41,Liabilities structure,Financial ratios,28,ANZSIC06 group G426
2021,Level 4,GH134,Pharmaceutical and Other Store Based Retailing,Dollars (millions),H01,Total income,Financial performance,"6,306",ANZSIC06 group G427
2021,Level 4,GH134,Pharmaceutical and Other Store Based Retailing,Dollars (millions),H02,Sales of goods not further processed,Financial performance,"5,464",ANZSIC06 group G427
2021,Level 4,GH134,Pharmaceutical and Other Store Based Retailing,Dollars (millions),H03,Sales of other goods and services,Financial performance,675,ANZSIC06 group G427
2021,Level 4,GH134,Pharmaceutical and Other Store Based Retailing,Dollars (millions),H05,"Interest, dividends and donations",Financial performance,14,ANZSIC06 group G427
2021,Level 4,GH134,Pharmaceutical and Other Store Based Retailing,Dollars (millions),H06,"Government funding, grants and subsidies",Financial performance,134,ANZSIC06 group G427
2021,Level 4,GH134,Pharmaceutical and Other Store Based Retailing,Dollars (millions),H07,Non-operating income,Financial performance,18,ANZSIC06 group G427
2021,Level 4,GH134,Pharmaceutical and Other Store Based Retailing,Dollars (millions),H08,Total expenditure,Financial performance,"5,997",ANZSIC06 group G427
2021,Level 4,GH134,Pharmaceutical and Other Store Based Retailing,Dollars (millions),H09,Interest and donations,Financial performance,52,ANZSIC06 group G427
2021,Level 4,GH134,Pharmaceutical and Other Store Based Retailing,Dollars (millions),H10,Indirect taxes,Financial performance,17,ANZSIC06 group G427
2021,Level 4,GH134,Pharmaceutical and Other Store Based Retailing,Dollars (millions),H11,Depreciation,Financial performance,190,ANZSIC06 group G427
2021,Level 4,GH134,Pharmaceutical and Other Store Based Retailing,Dollars (millions),H12,Salaries and wages paid,Financial performance,"1,063",ANZSIC06 group G427
2021,Level 4,GH134,Pharmaceutical and Other Store Based Retailing,Dollars (millions),H13,Redundancy and severance,Financial performance,C,ANZSIC06 group G427
2021,Level 4,GH134,Pharmaceutical and Other Store Based Retailing,Dollars (millions),H17,Purchases of goods bought for resale,Financial performance,"3,384",ANZSIC06 group G427
2021,Level 4,GH134,Pharmaceutical and Other Store Based Retailing,Dollars (millions),H18,Other Purchases and operating expenses,Financial performance,"1,161",ANZSIC06 group G427
2021,Level 4,GH134,Pharmaceutical and Other Store Based Retailing,Dollars (millions),H20,Non-operating expenses,Financial performance,130,ANZSIC06 group G427
2021,Level 4,GH134,Pharmaceutical and Other Store Based Retailing,Dollars (millions),H21,Opening stocks,Financial performance,749,ANZSIC06 group G427
2021,Level 4,GH134,Pharmaceutical and Other Store Based Retailing,Dollars (millions),H22,Closing stocks,Financial performance,747,ANZSIC06 group G427
2021,Level 4,GH134,Pharmaceutical and Other Store Based Retailing,Dollars (millions),H23,Surplus before income tax,Financial performance,307,ANZSIC06 group G427
2021,Level 4,GH134,Pharmaceutical and Other Store Based Retailing,Dollars (millions),H24,Total assets,Financial position,"3,528",ANZSIC06 group G427
2021,Level 4,GH134,Pharmaceutical and Other Store Based Retailing,Dollars (millions),H25,Current assets,Financial position,"1,854",ANZSIC06 group G427
2021,Level 4,GH134,Pharmaceutical and Other Store Based Retailing,Dollars (millions),H26,Fixed tangible assets,Financial position,549,ANZSIC06 group G427
2021,Level 4,GH134,Pharmaceutical and Other Store Based Retailing,Dollars (millions),H27,Additions to fixed assets,Financial position,152,ANZSIC06 group G427
2021,Level 4,GH134,Pharmaceutical and Other Store Based Retailing,Dollars (millions),H28,Disposals of fixed assets,Financial position,65,ANZSIC06 group G427
2021,Level 4,GH134,Pharmaceutical and Other Store Based Retailing,Dollars (millions),H29,Other assets,Financial position,"1,125",ANZSIC06 group G427
2021,Level 4,GH134,Pharmaceutical and Other Store Based Retailing,Dollars (millions),H30,Total equity and liabilities,Financial position,"3,528",ANZSIC06 group G427
2021,Level 4,GH134,Pharmaceutical and Other Store Based Retailing,Dollars (millions),H31,Shareholders funds or owners equity,Financial position,806,ANZSIC06 group G427
2021,Level 4,GH134,Pharmaceutical and Other Store Based Retailing,Dollars (millions),H32,Current liabilities,Financial position,"1,632",ANZSIC06 group G427
2021,Level 4,GH134,Pharmaceutical and Other Store Based Retailing,Dollars (millions),H33,Other liabilities,Financial position,"1,090",ANZSIC06 group G427
2021,Level 4,GH134,Pharmaceutical and Other Store Based Retailing,Dollars,H34,Total income per employee count,Financial ratios,"275,900",ANZSIC06 group G427
2021,Level 4,GH134,Pharmaceutical and Other Store Based Retailing,Dollars,H35,Surplus per employee count,Financial ratios,"13,400",ANZSIC06 group G427
2021,Level 4,GH134,Pharmaceutical and Other Store Based Retailing,Percentage,H36,Current ratio,Financial ratios,114,ANZSIC06 group G427
2021,Level 4,GH134,Pharmaceutical and Other Store Based Retailing,Percentage,H37,Quick ratio,Financial ratios,68,ANZSIC06 group G427
2021,Level 4,GH134,Pharmaceutical and Other Store Based Retailing,Percentage,H38,Margin on sales of goods for resale,Financial ratios,38,ANZSIC06 group G427
2021,Level 4,GH134,Pharmaceutical and Other Store Based Retailing,Percentage,H39,Return on equity,Financial ratios,38,ANZSIC06 group G427
2021,Level 4,GH134,Pharmaceutical and Other Store Based Retailing,Percentage,H40,Return on total assets,Financial ratios,9,ANZSIC06 group G427
2021,Level 4,GH134,Pharmaceutical and Other Store Based Retailing,Percentage,H41,Liabilities structure,Financial ratios,23,ANZSIC06 group G427
2021,Level 4,GH135,Non-Store and Commission Based Retailing,Dollars (millions),H01,Total income,Financial performance,"2,292",ANZSIC06 groups G431 and G432
2021,Level 4,GH135,Non-Store and Commission Based Retailing,Dollars (millions),H02,Sales of goods not further processed,Financial performance,"2,050",ANZSIC06 groups G431 and G432
2021,Level 4,GH135,Non-Store and Commission Based Retailing,Dollars (millions),H03,Sales of other goods and services,Financial performance,204,ANZSIC06 groups G431 and G432
2021,Level 4,GH135,Non-Store and Commission Based Retailing,Dollars (millions),H05,"Interest, dividends and donations",Financial performance,5,ANZSIC06 groups G431 and G432
2021,Level 4,GH135,Non-Store and Commission Based Retailing,Dollars (millions),H06,"Government funding, grants and subsidies",Financial performance,27,ANZSIC06 groups G431 and G432
2021,Level 4,GH135,Non-Store and Commission Based Retailing,Dollars (millions),H07,Non-operating income,Financial performance,5,ANZSIC06 groups G431 and G432
2021,Level 4,GH135,Non-Store and Commission Based Retailing,Dollars (millions),H08,Total expenditure,Financial performance,"2,155",ANZSIC06 groups G431 and G432
2021,Level 4,GH135,Non-Store and Commission Based Retailing,Dollars (millions),H09,Interest and donations,Financial performance,20,ANZSIC06 groups G431 and G432
2021,Level 4,GH135,Non-Store and Commission Based Retailing,Dollars (millions),H10,Indirect taxes,Financial performance,3,ANZSIC06 groups G431 and G432
2021,Level 4,GH135,Non-Store and Commission Based Retailing,Dollars (millions),H11,Depreciation,Financial performance,45,ANZSIC06 groups G431 and G432
2021,Level 4,GH135,Non-Store and Commission Based Retailing,Dollars (millions),H12,Salaries and wages paid,Financial performance,268,ANZSIC06 groups G431 and G432
2021,Level 4,GH135,Non-Store and Commission Based Retailing,Dollars (millions),H13,Redundancy and severance,Financial performance,0,ANZSIC06 groups G431 and G432
2021,Level 4,GH135,Non-Store and Commission Based Retailing,Dollars (millions),H17,Purchases of goods bought for resale,Financial performance,"1,217",ANZSIC06 groups G431 and G432
2021,Level 4,GH135,Non-Store and Commission Based Retailing,Dollars (millions),H18,Other Purchases and operating expenses,Financial performance,589,ANZSIC06 groups G431 and G432
2021,Level 4,GH135,Non-Store and Commission Based Retailing,Dollars (millions),H20,Non-operating expenses,Financial performance,13,ANZSIC06 groups G431 and G432
2021,Level 4,GH135,Non-Store and Commission Based Retailing,Dollars (millions),H21,Opening stocks,Financial performance,232,ANZSIC06 groups G431 and G432
2021,Level 4,GH135,Non-Store and Commission Based Retailing,Dollars (millions),H22,Closing stocks,Financial performance,236,ANZSIC06 groups G431 and G432
2021,Level 4,GH135,Non-Store and Commission Based Retailing,Dollars (millions),H23,Surplus before income tax,Financial performance,141,ANZSIC06 groups G431 and G432
2021,Level 4,GH135,Non-Store and Commission Based Retailing,Dollars (millions),H24,Total assets,Financial position,"1,231",ANZSIC06 groups G431 and G432
2021,Level 4,GH135,Non-Store and Commission Based Retailing,Dollars (millions),H25,Current assets,Financial position,746,ANZSIC06 groups G431 and G432
2021,Level 4,GH135,Non-Store and Commission Based Retailing,Dollars (millions),H26,Fixed tangible assets,Financial position,194,ANZSIC06 groups G431 and G432
