Year,Industry_aggregation_NZSIOC,Industry_code_NZSIOC,Industry_name_NZSIOC,Units,Variable_code,Variable_name,Variable_category,Value,Industry_code_ANZSIC06
2015,Level 1,EE,Construction,Dollars (millions),H23,Surplus before income tax,Financial performance,"3,223",ANZSIC06 division E
2015,Level 1,EE,Construction,Dollars (millions),H24,Total assets,Financial position,"27,584",ANZSIC06 division E
2015,Level 1,EE,Construction,Dollars (millions),H25,Current assets,Financial position,"16,464",ANZSIC06 division E
2015,Level 1,EE,Construction,Dollars (millions),H26,Fixed tangible assets,Financial position,"7,099",ANZSIC06 division E
2015,Level 1,EE,Construction,Dollars (millions),H27,Additions to fixed assets,Financial position,"1,926",ANZSIC06 division E
2015,Level 1,EE,Construction,Dollars (millions),H28,Disposals of fixed assets,Financial position,598,ANZSIC06 division E
2015,Level 1,EE,Construction,Dollars (millions),H29,Other assets,Financial position,"4,021",ANZSIC06 division E
2015,Level 1,EE,Construction,Dollars (millions),H30,Total equity and liabilities,Financial position,"27,585",ANZSIC06 division E
2015,Level 1,EE,Construction,Dollars (millions),H31,Shareholders funds or owners equity,Financial position,"8,851",ANZSIC06 division E
2015,Level 1,EE,Construction,Dollars (millions),H32,Current liabilities,Financial position,"12,571",ANZSIC06 division E
2015,Level 1,EE,Construction,Dollars (millions),H33,Other liabilities,Financial position,"6,163",ANZSIC06 division E
2015,Level 1,EE,Construction,Dollars,H34,Total income per employee count,Financial ratios,"328,600",ANZSIC06 division E
2015,Level 1,EE,Construction,Dollars,H35,Surplus per employee count,Financial ratios,"23,300",ANZSIC06 division E
2015,Level 1,EE,Construction,Percentage,H36,Current ratio,Financial ratios,131,ANZSIC06 division E
2015,Level 1,EE,Construction,Percentage,H37,Quick ratio,Financial ratios,93,ANZSIC06 division E
2015,Level 1,EE,Construction,Percentage,H39,Return on equity,Financial ratios,36,ANZSIC06 division E
2015,Level 1,EE,Construction,Percentage,H40,Return on total assets,Financial ratios,12,ANZSIC06 division E
2015,Level 1,EE,Construction,Percentage,H41,Liabilities structure,Financial ratios,32,ANZSIC06 division E
2015,Level 3,EE11,Building Construction,Dollars (millions),H01,Total income,Financial performance,"17,589",ANZSIC06 groups E301 and E302
2015,Level 3,EE11,Building Construction,Dollars (millions),H04,Sales of goods and services,Financial performance,"17,312",ANZSIC06 groups E301 and E302
2015,Level 3,EE11,Building Construction,Dollars (millions),H05,"Interest, dividends and donations",Financial performance,84,ANZSIC06 groups E301 and E302
2015,Level 3,EE11,Building Construction,Dollars (millions),H06,"Government funding, grants and subsidies",Financial performance,1,ANZSIC06 groups E301 and E302
2015,Level 3,EE11,Building Construction,Dollars (millions),H07,Non-operating income,Financial performance,193,ANZSIC06 groups E301 and E302
2015,Level 3,EE11,Building Construction,Dollars (millions),H08,Total expenditure,Financial performance,"16,623",ANZSIC06 groups E301 and E302
2015,Level 3,EE11,Building Construction,Dollars (millions),H09,Interest and donations,Financial performance,149,ANZSIC06 groups E301 and E302
2015,Level 3,EE11,Building Construction,Dollars (millions),H10,Indirect taxes,Financial performance,39,ANZSIC06 groups E301 and E302
2015,Level 3,EE11,Building Construction,Dollars (millions),H11,Depreciation,Financial performance,140,ANZSIC06 groups E301 and E302
2015,Level 3,EE11,Building Construction,Dollars (millions),H12,Salaries and wages paid,Financial performance,"2,270",ANZSIC06 groups E301 and E302
2015,Level 3,EE11,Building Construction,Dollars (millions),H13,Redundancy and severance,Financial performance,3,ANZSIC06 groups E301 and E302
2015,Level 3,EE11,Building Construction,Dollars (millions),H19,Purchases and other operating expenses,Financial performance,"13,961",ANZSIC06 groups E301 and E302
2015,Level 3,EE11,Building Construction,Dollars (millions),H20,Non-operating expenses,Financial performance,63,ANZSIC06 groups E301 and E302
2015,Level 3,EE11,Building Construction,Dollars (millions),H21,Opening stocks,Financial performance,"2,086",ANZSIC06 groups E301 and E302
2015,Level 3,EE11,Building Construction,Dollars (millions),H22,Closing stocks,Financial performance,"2,196",ANZSIC06 groups E301 and E302
2015,Level 3,EE11,Building Construction,Dollars (millions),H23,Surplus before income tax,Financial performance,"1,077",ANZSIC06 groups E301 and E302
2015,Level 3,EE11,Building Construction,Dollars (millions),H24,Total assets,Financial position,"8,624",ANZSIC06 groups E301 and E302
2015,Level 3,EE11,Building Construction,Dollars (millions),H25,Current assets,Financial position,"5,809",ANZSIC06 groups E301 and E302
2015,Level 3,EE11,Building Construction,Dollars (millions),H26,Fixed tangible assets,Financial position,"1,604",ANZSIC06 groups E301 and E302
2015,Level 3,EE11,Building Construction,Dollars (millions),H27,Additions to fixed assets,Financial position,478,ANZSIC06 groups E301 and E302
2015,Level 3,EE11,Building Construction,Dollars (millions),H28,Disposals of fixed assets,Financial position,155,ANZSIC06 groups E301 and E302
2015,Level 3,EE11,Building Construction,Dollars (millions),H29,Other assets,Financial position,"1,210",ANZSIC06 groups E301 and E302
2015,Level 3,EE11,Building Construction,Dollars (millions),H30,Total equity and liabilities,Financial position,"8,622",ANZSIC06 groups E301 and E302
2015,Level 3,EE11,Building Construction,Dollars (millions),H31,Shareholders funds or owners equity,Financial position,"2,317",ANZSIC06 groups E301 and E302
2015,Level 3,EE11,Building Construction,Dollars (millions),H32,Current liabilities,Financial position,"4,623",ANZSIC06 groups E301 and E302
2015,Level 3,EE11,Building Construction,Dollars (millions),H33,Other liabilities,Financial position,"1,682",ANZSIC06 groups E301 and E302
2015,Level 3,EE11,Building Construction,Dollars,H34,Total income per employee count,Financial ratios,"579,600",ANZSIC06 groups E301 and E302
2015,Level 3,EE11,Building Construction,Dollars,H35,Surplus per employee count,Financial ratios,"35,500",ANZSIC06 groups E301 and E302
2015,Level 3,EE11,Building Construction,Percentage,H36,Current ratio,Financial ratios,126,ANZSIC06 groups E301 and E302
2015,Level 3,EE11,Building Construction,Percentage,H37,Quick ratio,Financial ratios,78,ANZSIC06 groups E301 and E302
2015,Level 3,EE11,Building Construction,Percentage,H39,Return on equity,Financial ratios,46,ANZSIC06 groups E301 and E302
2015,Level 3,EE11,Building Construction,Percentage,H40,Return on total assets,Financial ratios,12,ANZSIC06 groups E301 and E302
2015,Level 3,EE11,Building Construction,Percentage,H41,Liabilities structure,Financial ratios,27,ANZSIC06 groups E301 and E302
2015,Level 4,EE112,Residential Building Construction,Dollars (millions),H01,Total income,Financial performance,"10,784",ANZSIC06 group E301
2015,Level 4,EE112,Residential Building Construction,Dollars (millions),H04,Sales of goods and services,Financial performance,"10,724",ANZSIC06 group E301
2015,Level 4,EE112,Residential Building Construction,Dollars (millions),H05,"Interest, dividends and donations",Financial performance,C,ANZSIC06 group E301
2015,Level 4,EE112,Residential Building Construction,Dollars (millions),H06,"Government funding, grants and subsidies",Financial performance,1,ANZSIC06 group E301
2015,Level 4,EE112,Residential Building Construction,Dollars (millions),H07,Non-operating income,Financial performance,C,ANZSIC06 group E301
2015,Level 4,EE112,Residential Building Construction,Dollars (millions),H08,Total expenditure,Financial performance,"10,373",ANZSIC06 group E301
2015,Level 4,EE112,Residential Building Construction,Dollars (millions),H09,Interest and donations,Financial performance,110,ANZSIC06 group E301
2015,Level 4,EE112,Residential Building Construction,Dollars (millions),H10,Indirect taxes,Financial performance,27,ANZSIC06 group E301
2015,Level 4,EE112,Residential Building Construction,Dollars (millions),H11,Depreciation,Financial performance,101,ANZSIC06 group E301
2015,Level 4,EE112,Residential Building Construction,Dollars (millions),H12,Salaries and wages paid,Financial performance,"1,525",ANZSIC06 group E301
2015,Level 4,EE112,Residential Building Construction,Dollars (millions),H13,Redundancy and severance,Financial performance,2,ANZSIC06 group E301
2015,Level 4,EE112,Residential Building Construction,Dollars (millions),H19,Purchases and other operating expenses,Financial performance,"8,562",ANZSIC06 group E301
2015,Level 4,EE112,Residential Building Construction,Dollars (millions),H20,Non-operating expenses,Financial performance,48,ANZSIC06 group E301
2015,Level 4,EE112,Residential Building Construction,Dollars (millions),H21,Opening stocks,Financial performance,"1,632",ANZSIC06 group E301
2015,Level 4,EE112,Residential Building Construction,Dollars (millions),H22,Closing stocks,Financial performance,"1,869",ANZSIC06 group E301
2015,Level 4,EE112,Residential Building Construction,Dollars (millions),H23,Surplus before income tax,Financial performance,649,ANZSIC06 group E301
2015,Level 4,EE112,Residential Building Construction,Dollars (millions),H24,Total assets,Financial position,"5,450",ANZSIC06 group E301
2015,Level 4,EE112,Residential Building Construction,Dollars (millions),H25,Current assets,Financial position,"3,794",ANZSIC06 group E301
2015,Level 4,EE112,Residential Building Construction,Dollars (millions),H26,Fixed tangible assets,Financial position,"1,123",ANZSIC06 group E301
2015,Level 4,EE112,Residential Building Construction,Dollars (millions),H27,Additions to fixed assets,Financial position,334,ANZSIC06 group E301
2015,Level 4,EE112,Residential Building Construction,Dollars (millions),H28,Disposals of fixed assets,Financial position,100,ANZSIC06 group E301
2015,Level 4,EE112,Residential Building Construction,Dollars (millions),H29,Other assets,Financial position,533,ANZSIC06 group E301
2015,Level 4,EE112,Residential Building Construction,Dollars (millions),H30,Total equity and liabilities,Financial position,"5,448",ANZSIC06 group E301
2015,Level 4,EE112,Residential Building Construction,Dollars (millions),H31,Shareholders funds or owners equity,Financial position,"1,199",ANZSIC06 group E301
2015,Level 4,EE112,Residential Building Construction,Dollars (millions),H32,Current liabilities,Financial position,"3,028",ANZSIC06 group E301
2015,Level 4,EE112,Residential Building Construction,Dollars (millions),H33,Other liabilities,Financial position,"1,220",ANZSIC06 group E301
2015,Level 4,EE112,Residential Building Construction,Dollars,H34,Total income per employee count,Financial ratios,"526,200",ANZSIC06 group E301
2015,Level 4,EE112,Residential Building Construction,Dollars,H35,Surplus per employee count,Financial ratios,"31,600",ANZSIC06 group E301
2015,Level 4,EE112,Residential Building Construction,Percentage,H36,Current ratio,Financial ratios,125,ANZSIC06 group E301
2015,Level 4,EE112,Residential Building Construction,Percentage,H37,Quick ratio,Financial ratios,64,ANZSIC06 group E301
2015,Level 4,EE112,Residential Building Construction,Percentage,H39,Return on equity,Financial ratios,54,ANZSIC06 group E301
2015,Level 4,EE112,Residential Building Construction,Percentage,H40,Return on total assets,Financial ratios,12,ANZSIC06 group E301
2015,Level 4,EE112,Residential Building Construction,Percentage,H41,Liabilities structure,Financial ratios,22,ANZSIC06 group E301
2015,Level 4,EE113,Non-Residential Building Construction,Dollars (millions),H01,Total income,Financial performance,"6,805",ANZSIC06 group E302
2015,Level 4,EE113,Non-Residential Building Construction,Dollars (millions),H04,Sales of goods and services,Financial performance,"6,588",ANZSIC06 group E302
2015,Level 4,EE113,Non-Residential Building Construction,Dollars (millions),H05,"Interest, dividends and donations",Financial performance,C,ANZSIC06 group E302
2015,Level 4,EE113,Non-Residential Building Construction,Dollars (millions),H06,"Government funding, grants and subsidies",Financial performance,0,ANZSIC06 group E302
2015,Level 4,EE113,Non-Residential Building Construction,Dollars (millions),H07,Non-operating income,Financial performance,C,ANZSIC06 group E302
2015,Level 4,EE113,Non-Residential Building Construction,Dollars (millions),H08,Total expenditure,Financial performance,"6,250",ANZSIC06 group E302
2015,Level 4,EE113,Non-Residential Building Construction,Dollars (millions),H09,Interest and donations,Financial performance,39,ANZSIC06 group E302
2015,Level 4,EE113,Non-Residential Building Construction,Dollars (millions),H10,Indirect taxes,Financial performance,12,ANZSIC06 group E302
2015,Level 4,EE113,Non-Residential Building Construction,Dollars (millions),H11,Depreciation,Financial performance,39,ANZSIC06 group E302
2015,Level 4,EE113,Non-Residential Building Construction,Dollars (millions),H12,Salaries and wages paid,Financial performance,745,ANZSIC06 group E302
2015,Level 4,EE113,Non-Residential Building Construction,Dollars (millions),H13,Redundancy and severance,Financial performance,0,ANZSIC06 group E302
2015,Level 4,EE113,Non-Residential Building Construction,Dollars (millions),H19,Purchases and other operating expenses,Financial performance,"5,399",ANZSIC06 group E302
2015,Level 4,EE113,Non-Residential Building Construction,Dollars (millions),H20,Non-operating expenses,Financial performance,15,ANZSIC06 group E302
2015,Level 4,EE113,Non-Residential Building Construction,Dollars (millions),H21,Opening stocks,Financial performance,454,ANZSIC06 group E302
2015,Level 4,EE113,Non-Residential Building Construction,Dollars (millions),H22,Closing stocks,Financial performance,327,ANZSIC06 group E302
2015,Level 4,EE113,Non-Residential Building Construction,Dollars (millions),H23,Surplus before income tax,Financial performance,428,ANZSIC06 group E302
2015,Level 4,EE113,Non-Residential Building Construction,Dollars (millions),H24,Total assets,Financial position,"3,174",ANZSIC06 group E302
2015,Level 4,EE113,Non-Residential Building Construction,Dollars (millions),H25,Current assets,Financial position,"2,015",ANZSIC06 group E302
2015,Level 4,EE113,Non-Residential Building Construction,Dollars (millions),H26,Fixed tangible assets,Financial position,482,ANZSIC06 group E302
2015,Level 4,EE113,Non-Residential Building Construction,Dollars (millions),H27,Additions to fixed assets,Financial position,144,ANZSIC06 group E302
2015,Level 4,EE113,Non-Residential Building Construction,Dollars (millions),H28,Disposals of fixed assets,Financial position,55,ANZSIC06 group E302
2015,Level 4,EE113,Non-Residential Building Construction,Dollars (millions),H29,Other assets,Financial position,677,ANZSIC06 group E302
2015,Level 4,EE113,Non-Residential Building Construction,Dollars (millions),H30,Total equity and liabilities,Financial position,"3,174",ANZSIC06 group E302
2015,Level 4,EE113,Non-Residential Building Construction,Dollars (millions),H31,Shareholders funds or owners equity,Financial position,"1,118",ANZSIC06 group E302
2015,Level 4,EE113,Non-Residential Building Construction,Dollars (millions),H32,Current liabilities,Financial position,"1,595",ANZSIC06 group E302
2015,Level 4,EE113,Non-Residential Building Construction,Dollars (millions),H33,Other liabilities,Financial position,462,ANZSIC06 group E302
2015,Level 4,EE113,Non-Residential Building Construction,Dollars,H34,Total income per employee count,Financial ratios,"690,600",ANZSIC06 group E302
2015,Level 4,EE113,Non-Residential Building Construction,Dollars,H35,Surplus per employee count,Financial ratios,"43,500",ANZSIC06 group E302
2015,Level 4,EE113,Non-Residential Building Construction,Percentage,H36,Current ratio,Financial ratios,126,ANZSIC06 group E302
2015,Level 4,EE113,Non-Residential Building Construction,Percentage,H37,Quick ratio,Financial ratios,106,ANZSIC06 group E302
2015,Level 4,EE113,Non-Residential Building Construction,Percentage,H39,Return on equity,Financial ratios,38,ANZSIC06 group E302
2015,Level 4,EE113,Non-Residential Building Construction,Percentage,H40,Return on total assets,Financial ratios,13,ANZSIC06 group E302
2015,Level 4,EE113,Non-Residential Building Construction,Percentage,H41,Liabilities structure,Financial ratios,35,ANZSIC06 group E302
2015,Level 3,EE12,Heavy and Civil Engineering Construction,Dollars (millions),H01,Total income,Financial performance,"10,527",ANZSIC06 group E310
2015,Level 3,EE12,Heavy and Civil Engineering Construction,Dollars (millions),H04,Sales of goods and services,Financial performance,"10,483",ANZSIC06 group E310
2015,Level 3,EE12,Heavy and Civil Engineering Construction,Dollars (millions),H05,"Interest, dividends and donations",Financial performance,32,ANZSIC06 group E310
2015,Level 3,EE12,Heavy and Civil Engineering Construction,Dollars (millions),H06,"Government funding, grants and subsidies",Financial performance,0,ANZSIC06 group E310
2015,Level 3,EE12,Heavy and Civil Engineering Construction,Dollars (millions),H07,Non-operating income,Financial performance,12,ANZSIC06 group E310
2015,Level 3,EE12,Heavy and Civil Engineering Construction,Dollars (millions),H08,Total expenditure,Financial performance,"9,966",ANZSIC06 group E310
2015,Level 3,EE12,Heavy and Civil Engineering Construction,Dollars (millions),H09,Interest and donations,Financial performance,81,ANZSIC06 group E310
2015,Level 3,EE12,Heavy and Civil Engineering Construction,Dollars (millions),H10,Indirect taxes,Financial performance,45,ANZSIC06 group E310
2015,Level 3,EE12,Heavy and Civil Engineering Construction,Dollars (millions),H11,Depreciation,Financial performance,281,ANZSIC06 group E310
2015,Level 3,EE12,Heavy and Civil Engineering Construction,Dollars (millions),H12,Salaries and wages paid,Financial performance,"2,326",ANZSIC06 group E310
2015,Level 3,EE12,Heavy and Civil Engineering Construction,Dollars (millions),H13,Redundancy and severance,Financial performance,4,ANZSIC06 group E310
2015,Level 3,EE12,Heavy and Civil Engineering Construction,Dollars (millions),H19,Purchases and other operating expenses,Financial performance,"7,186",ANZSIC06 group E310
2015,Level 3,EE12,Heavy and Civil Engineering Construction,Dollars (millions),H20,Non-operating expenses,Financial performance,47,ANZSIC06 group E310
2015,Level 3,EE12,Heavy and Civil Engineering Construction,Dollars (millions),H21,Opening stocks,Financial performance,155,ANZSIC06 group E310
2015,Level 3,EE12,Heavy and Civil Engineering Construction,Dollars (millions),H22,Closing stocks,Financial performance,178,ANZSIC06 group E310
2015,Level 3,EE12,Heavy and Civil Engineering Construction,Dollars (millions),H23,Surplus before income tax,Financial performance,584,ANZSIC06 group E310
2015,Level 3,EE12,Heavy and Civil Engineering Construction,Dollars (millions),H24,Total assets,Financial position,"5,815",ANZSIC06 group E310
2015,Level 3,EE12,Heavy and Civil Engineering Construction,Dollars (millions),H25,Current assets,Financial position,"3,352",ANZSIC06 group E310
2015,Level 3,EE12,Heavy and Civil Engineering Construction,Dollars (millions),H26,Fixed tangible assets,Financial position,"1,465",ANZSIC06 group E310
2015,Level 3,EE12,Heavy and Civil Engineering Construction,Dollars (millions),H27,Additions to fixed assets,Financial position,348,ANZSIC06 group E310
2015,Level 3,EE12,Heavy and Civil Engineering Construction,Dollars (millions),H28,Disposals of fixed assets,Financial position,70,ANZSIC06 group E310
2015,Level 3,EE12,Heavy and Civil Engineering Construction,Dollars (millions),H29,Other assets,Financial position,999,ANZSIC06 group E310
2015,Level 3,EE12,Heavy and Civil Engineering Construction,Dollars (millions),H30,Total equity and liabilities,Financial position,"5,815",ANZSIC06 group E310
2015,Level 3,EE12,Heavy and Civil Engineering Construction,Dollars (millions),H31,Shareholders funds or owners equity,Financial position,"2,474",ANZSIC06 group E310
2015,Level 3,EE12,Heavy and Civil Engineering Construction,Dollars (millions),H32,Current liabilities,Financial position,"2,345",ANZSIC06 group E310
2015,Level 3,EE12,Heavy and Civil Engineering Construction,Dollars (millions),H33,Other liabilities,Financial position,996,ANZSIC06 group E310
2015,Level 3,EE12,Heavy and Civil Engineering Construction,Dollars,H34,Total income per employee count,Financial ratios,"318,900",ANZSIC06 group E310
2015,Level 3,EE12,Heavy and Civil Engineering Construction,Dollars,H35,Surplus per employee count,Financial ratios,"17,700",ANZSIC06 group E310
2015,Level 3,EE12,Heavy and Civil Engineering Construction,Percentage,H36,Current ratio,Financial ratios,143,ANZSIC06 group E310
2015,Level 3,EE12,Heavy and Civil Engineering Construction,Percentage,H37,Quick ratio,Financial ratios,135,ANZSIC06 group E310
2015,Level 3,EE12,Heavy and Civil Engineering Construction,Percentage,H39,Return on equity,Financial ratios,24,ANZSIC06 group E310
2015,Level 3,EE12,Heavy and Civil Engineering Construction,Percentage,H40,Return on total assets,Financial ratios,10,ANZSIC06 group E310
2015,Level 3,EE12,Heavy and Civil Engineering Construction,Percentage,H41,Liabilities structure,Financial ratios,43,ANZSIC06 group E310
2015,Level 4,EE121,Heavy and Civil Engineering Construction,Dollars (millions),H01,Total income,Financial performance,"10,527",ANZSIC06 group E310
2015,Level 4,EE121,Heavy and Civil Engineering Construction,Dollars (millions),H04,Sales of goods and services,Financial performance,"10,483",ANZSIC06 group E310
2015,Level 4,EE121,Heavy and Civil Engineering Construction,Dollars (millions),H05,"Interest, dividends and donations",Financial performance,32,ANZSIC06 group E310
2015,Level 4,EE121,Heavy and Civil Engineering Construction,Dollars (millions),H06,"Government funding, grants and subsidies",Financial performance,0,ANZSIC06 group E310
2015,Level 4,EE121,Heavy and Civil Engineering Construction,Dollars (millions),H07,Non-operating income,Financial performance,12,ANZSIC06 group E310
2015,Level 4,EE121,Heavy and Civil Engineering Construction,Dollars (millions),H08,Total expenditure,Financial performance,"9,966",ANZSIC06 group E310
2015,Level 4,EE121,Heavy and Civil Engineering Construction,Dollars (millions),H09,Interest and donations,Financial performance,81,ANZSIC06 group E310
2015,Level 4,EE121,Heavy and Civil Engineering Construction,Dollars (millions),H10,Indirect taxes,Financial performance,45,ANZSIC06 group E310
2015,Level 4,EE121,Heavy and Civil Engineering Construction,Dollars (millions),H11,Depreciation,Financial performance,281,ANZSIC06 group E310
2015,Level 4,EE121,Heavy and Civil Engineering Construction,Dollars (millions),H12,Salaries and wages paid,Financial performance,"2,326",ANZSIC06 group E310
2015,Level 4,EE121,Heavy and Civil Engineering Construction,Dollars (millions),H13,Redundancy and severance,Financial performance,4,ANZSIC06 group E310
2015,Level 4,EE121,Heavy and Civil Engineering Construction,Dollars (millions),H19,Purchases and other operating expenses,Financial performance,"7,186",ANZSIC06 group E310
2015,Level 4,EE121,Heavy and Civil Engineering Construction,Dollars (millions),H20,Non-operating expenses,Financial performance,47,ANZSIC06 group E310
2015,Level 4,EE121,Heavy and Civil Engineering Construction,Dollars (millions),H21,Opening stocks,Financial performance,155,ANZSIC06 group E310
2015,Level 4,EE121,Heavy and Civil Engineering Construction,Dollars (millions),H22,Closing stocks,Financial performance,178,ANZSIC06 group E310
2015,Level 4,EE121,Heavy and Civil Engineering Construction,Dollars (millions),H23,Surplus before income tax,Financial performance,584,ANZSIC06 group E310
2015,Level 4,EE121,Heavy and Civil Engineering Construction,Dollars (millions),H24,Total assets,Financial position,"5,815",ANZSIC06 group E310
2015,Level 4,EE121,Heavy and Civil Engineering Construction,Dollars (millions),H25,Current assets,Financial position,"3,352",ANZSIC06 group E310
2015,Level 4,EE121,Heavy and Civil Engineering Construction,Dollars (millions),H26,Fixed tangible assets,Financial position,"1,465",ANZSIC06 group E310
2015,Level 4,EE121,Heavy and Civil Engineering Construction,Dollars (millions),H27,Additions to fixed assets,Financial position,348,ANZSIC06 group E310
2015,Level 4,EE121,Heavy and Civil Engineering Construction,Dollars (millions),H28,Disposals of fixed assets,Financial position,70,ANZSIC06 group E310
2015,Level 4,EE121,Heavy and Civil Engineering Construction,Dollars (millions),H29,Other assets,Financial position,999,ANZSIC06 group E310
2015,Level 4,EE121,Heavy and Civil Engineering Construction,Dollars (millions),H30,Total equity and liabilities,Financial position,"5,815",ANZSIC06 group E310
2015,Level 4,EE121,Heavy and Civil Engineering Construction,Dollars (millions),H31,Shareholders funds or owners equity,Financial position,"2,474",ANZSIC06 group E310
2015,Level 4,EE121,Heavy and Civil Engineering Construction,Dollars (millions),H32,Current liabilities,Financial position,"2,345",ANZSIC06 group E310
2015,Level 4,EE121,Heavy and Civil Engineering Construction,Dollars (millions),H33,Other liabilities,Financial position,996,ANZSIC06 group E310
2015,Level 4,EE121,Heavy and Civil Engineering Construction,Dollars,H34,Total income per employee count,Financial ratios,"318,900",ANZSIC06 group E310
2015,Level 4,EE121,Heavy and Civil Engineering Construction,Dollars,H35,Surplus per employee count,Financial ratios,"17,700",ANZSIC06 group E310
2015,Level 4,EE121,Heavy and Civil Engineering Construction,Percentage,H36,Current ratio,Financial ratios,143,ANZSIC06 group E310
2015,Level 4,EE121,Heavy and Civil Engineering Construction,Percentage,H37,Quick ratio,Financial ratios,135,ANZSIC06 group E310
2015,Level 4,EE121,Heavy and Civil Engineering Construction,Percentage,H39,Return on equity,Financial ratios,24,ANZSIC06 group E310
2015,Level 4,EE121,Heavy and Civil Engineering Construction,Percentage,H40,Return on total assets,Financial ratios,10,ANZSIC06 group E310
2015,Level 4,EE121,Heavy and Civil Engineering Construction,Percentage,H41,Liabilities structure,Financial ratios,43,ANZSIC06 group E310
2015,Level 3,EE13,Construction Services,Dollars (millions),H01,Total income,Financial performance,"17,391","ANZSIC06 groups E321, E322, E323, E324, and E329"
2015,Level 3,EE13,Construction Services,Dollars (millions),H04,Sales of goods and services,Financial performance,"17,249","ANZSIC06 groups E321, E322, E323, E324, and E329"
2015,Level 3,EE13,Construction Services,Dollars (millions),H05,"Interest, dividends and donations",Financial performance,73,"ANZSIC06 groups E321, E322, E323, E324, and E329"
2015,Level 3,EE13,Construction Services,Dollars (millions),H06,"Government funding, grants and subsidies",Financial performance,1,"ANZSIC06 groups E321, E322, E323, E324, and E329"
2015,Level 3,EE13,Construction Services,Dollars (millions),H07,Non-operating income,Financial performance,68,"ANZSIC06 groups E321, E322, E323, E324, and E329"
2015,Level 3,EE13,Construction Services,Dollars (millions),H08,Total expenditure,Financial performance,"16,188","ANZSIC06 groups E321, E322, E323, E324, and E329"
2015,Level 3,EE13,Construction Services,Dollars (millions),H09,Interest and donations,Financial performance,282,"ANZSIC06 groups E321, E322, E323, E324, and E329"
2015,Level 3,EE13,Construction Services,Dollars (millions),H10,Indirect taxes,Financial performance,107,"ANZSIC06 groups E321, E322, E323, E324, and E329"
2015,Level 3,EE13,Construction Services,Dollars (millions),H11,Depreciation,Financial performance,436,"ANZSIC06 groups E321, E322, E323, E324, and E329"
2015,Level 3,EE13,Construction Services,Dollars (millions),H12,Salaries and wages paid,Financial performance,"4,453","ANZSIC06 groups E321, E322, E323, E324, and E329"
2015,Level 3,EE13,Construction Services,Dollars (millions),H13,Redundancy and severance,Financial performance,2,"ANZSIC06 groups E321, E322, E323, E324, and E329"
2015,Level 3,EE13,Construction Services,Dollars (millions),H19,Purchases and other operating expenses,Financial performance,"10,687","ANZSIC06 groups E321, E322, E323, E324, and E329"
2015,Level 3,EE13,Construction Services,Dollars (millions),H20,Non-operating expenses,Financial performance,222,"ANZSIC06 groups E321, E322, E323, E324, and E329"
2015,Level 3,EE13,Construction Services,Dollars (millions),H21,Opening stocks,Financial performance,"2,006","ANZSIC06 groups E321, E322, E323, E324, and E329"
2015,Level 3,EE13,Construction Services,Dollars (millions),H22,Closing stocks,Financial performance,"2,365","ANZSIC06 groups E321, E322, E323, E324, and E329"
2015,Level 3,EE13,Construction Services,Dollars (millions),H23,Surplus before income tax,Financial performance,"1,562","ANZSIC06 groups E321, E322, E323, E324, and E329"
2015,Level 3,EE13,Construction Services,Dollars (millions),H24,Total assets,Financial position,"13,145","ANZSIC06 groups E321, E322, E323, E324, and E329"
