Year,Industry_aggregation_NZSIOC,Industry_code_NZSIOC,Industry_name_NZSIOC,Units,Variable_code,Variable_name,Variable_category,Value,Industry_code_ANZSIC06
2018,Level 4,LL123,Real Estate Services,Dollars (millions),H19,Purchases and other operating expenses,Financial performance,"1,402",ANZSIC06 group L672
2018,Level 4,LL123,Real Estate Services,Dollars (millions),H20,Non-operating expenses,Financial performance,C,ANZSIC06 group L672
2018,Level 4,LL123,Real Estate Services,Dollars (millions),H21,Opening stocks,Financial performance,30,ANZSIC06 group L672
2018,Level 4,LL123,Real Estate Services,Dollars (millions),H22,Closing stocks,Financial performance,38,ANZSIC06 group L672
2018,Level 4,LL123,Real Estate Services,Dollars (millions),H23,Surplus before income tax,Financial performance,974,ANZSIC06 group L672
2018,Level 4,LL123,Real Estate Services,Dollars (millions),H24,Total assets,Financial position,"3,958",ANZSIC06 group L672
2018,Level 4,LL123,Real Estate Services,Dollars (millions),H25,Current assets,Financial position,"1,281",ANZSIC06 group L672
2018,Level 4,LL123,Real Estate Services,Dollars (millions),H26,Fixed tangible assets,Financial position,"1,720",ANZSIC06 group L672
2018,Level 4,LL123,Real Estate Services,Dollars (millions),H27,Additions to fixed assets,Financial position,389,ANZSIC06 group L672
2018,Level 4,LL123,Real Estate Services,Dollars (millions),H28,Disposals of fixed assets,Financial position,229,ANZSIC06 group L672
2018,Level 4,LL123,Real Estate Services,Dollars (millions),H29,Other assets,Financial position,957,ANZSIC06 group L672
2018,Level 4,LL123,Real Estate Services,Dollars (millions),H30,Total equity and liabilities,Financial position,"3,958",ANZSIC06 group L672
2018,Level 4,LL123,Real Estate Services,Dollars (millions),H31,Shareholders funds or owners equity,Financial position,"1,806",ANZSIC06 group L672
2018,Level 4,LL123,Real Estate Services,Dollars (millions),H32,Current liabilities,Financial position,"1,195",ANZSIC06 group L672
2018,Level 4,LL123,Real Estate Services,Dollars (millions),H33,Other liabilities,Financial position,957,ANZSIC06 group L672
2018,Level 4,LL123,Real Estate Services,Dollars,H34,Total income per employee count,Financial ratios,"401,700",ANZSIC06 group L672
2018,Level 4,LL123,Real Estate Services,Dollars,H35,Surplus per employee count,Financial ratios,"86,800",ANZSIC06 group L672
2018,Level 4,LL123,Real Estate Services,Percentage,H36,Current ratio,Financial ratios,107,ANZSIC06 group L672
2018,Level 4,LL123,Real Estate Services,Percentage,H37,Quick ratio,Financial ratios,104,ANZSIC06 group L672
2018,Level 4,LL123,Real Estate Services,Percentage,H39,Return on equity,Financial ratios,54,ANZSIC06 group L672
2018,Level 4,LL123,Real Estate Services,Percentage,H40,Return on total assets,Financial ratios,25,ANZSIC06 group L672
2018,Level 4,LL123,Real Estate Services,Percentage,H41,Liabilities structure,Financial ratios,46,ANZSIC06 group L672
2018,Level 3,LL12,Property Operators and Real Estate Services,Dollars (millions),H01,Total income,Financial performance,"26,396","ANZSIC06 groups L671 (excluding class L6711), and L672"
2018,Level 3,LL12,Property Operators and Real Estate Services,Dollars (millions),H04,Sales of goods and services,Financial performance,"21,433","ANZSIC06 groups L671 (excluding class L6711), and L672"
2018,Level 3,LL12,Property Operators and Real Estate Services,Dollars (millions),H05,"Interest, dividends and donations",Financial performance,"1,116","ANZSIC06 groups L671 (excluding class L6711), and L672"
2018,Level 3,LL12,Property Operators and Real Estate Services,Dollars (millions),H06,"Government funding, grants and subsidies",Financial performance,1,"ANZSIC06 groups L671 (excluding class L6711), and L672"
2018,Level 3,LL12,Property Operators and Real Estate Services,Dollars (millions),H07,Non-operating income,Financial performance,"3,846","ANZSIC06 groups L671 (excluding class L6711), and L672"
2018,Level 3,LL12,Property Operators and Real Estate Services,Dollars (millions),H08,Total expenditure,Financial performance,"15,751","ANZSIC06 groups L671 (excluding class L6711), and L672"
2018,Level 3,LL12,Property Operators and Real Estate Services,Dollars (millions),H09,Interest and donations,Financial performance,"3,432","ANZSIC06 groups L671 (excluding class L6711), and L672"
2018,Level 3,LL12,Property Operators and Real Estate Services,Dollars (millions),H10,Indirect taxes,Financial performance,668,"ANZSIC06 groups L671 (excluding class L6711), and L672"
2018,Level 3,LL12,Property Operators and Real Estate Services,Dollars (millions),H11,Depreciation,Financial performance,"1,066","ANZSIC06 groups L671 (excluding class L6711), and L672"
2018,Level 3,LL12,Property Operators and Real Estate Services,Dollars (millions),H12,Salaries and wages paid,Financial performance,"1,534","ANZSIC06 groups L671 (excluding class L6711), and L672"
2018,Level 3,LL12,Property Operators and Real Estate Services,Dollars (millions),H13,Redundancy and severance,Financial performance,2,"ANZSIC06 groups L671 (excluding class L6711), and L672"
2018,Level 3,LL12,Property Operators and Real Estate Services,Dollars (millions),H14,Salaries and wages to self employed commission agents,Financial performance,C,"ANZSIC06 groups L671 (excluding class L6711), and L672"
2018,Level 3,LL12,Property Operators and Real Estate Services,Dollars (millions),H19,Purchases and other operating expenses,Financial performance,"7,553","ANZSIC06 groups L671 (excluding class L6711), and L672"
2018,Level 3,LL12,Property Operators and Real Estate Services,Dollars (millions),H20,Non-operating expenses,Financial performance,C,"ANZSIC06 groups L671 (excluding class L6711), and L672"
2018,Level 3,LL12,Property Operators and Real Estate Services,Dollars (millions),H21,Opening stocks,Financial performance,"2,363","ANZSIC06 groups L671 (excluding class L6711), and L672"
2018,Level 3,LL12,Property Operators and Real Estate Services,Dollars (millions),H22,Closing stocks,Financial performance,"2,351","ANZSIC06 groups L671 (excluding class L6711), and L672"
2018,Level 3,LL12,Property Operators and Real Estate Services,Dollars (millions),H23,Surplus before income tax,Financial performance,"10,633","ANZSIC06 groups L671 (excluding class L6711), and L672"
2018,Level 3,LL12,Property Operators and Real Estate Services,Dollars (millions),H24,Total assets,Financial position,"227,970","ANZSIC06 groups L671 (excluding class L6711), and L672"
2018,Level 3,LL12,Property Operators and Real Estate Services,Dollars (millions),H25,Current assets,Financial position,"27,503","ANZSIC06 groups L671 (excluding class L6711), and L672"
2018,Level 3,LL12,Property Operators and Real Estate Services,Dollars (millions),H26,Fixed tangible assets,Financial position,"168,926","ANZSIC06 groups L671 (excluding class L6711), and L672"
2018,Level 3,LL12,Property Operators and Real Estate Services,Dollars (millions),H27,Additions to fixed assets,Financial position,"21,555","ANZSIC06 groups L671 (excluding class L6711), and L672"
2018,Level 3,LL12,Property Operators and Real Estate Services,Dollars (millions),H28,Disposals of fixed assets,Financial position,"13,355","ANZSIC06 groups L671 (excluding class L6711), and L672"
2018,Level 3,LL12,Property Operators and Real Estate Services,Dollars (millions),H29,Other assets,Financial position,"31,541","ANZSIC06 groups L671 (excluding class L6711), and L672"
2018,Level 3,LL12,Property Operators and Real Estate Services,Dollars (millions),H30,Total equity and liabilities,Financial position,"227,970","ANZSIC06 groups L671 (excluding class L6711), and L672"
2018,Level 3,LL12,Property Operators and Real Estate Services,Dollars (millions),H31,Shareholders funds or owners equity,Financial position,"108,238","ANZSIC06 groups L671 (excluding class L6711), and L672"
2018,Level 3,LL12,Property Operators and Real Estate Services,Dollars (millions),H32,Current liabilities,Financial position,"41,677","ANZSIC06 groups L671 (excluding class L6711), and L672"
2018,Level 3,LL12,Property Operators and Real Estate Services,Dollars (millions),H33,Other liabilities,Financial position,"78,055","ANZSIC06 groups L671 (excluding class L6711), and L672"
2018,Level 3,LL12,Property Operators and Real Estate Services,Dollars,H34,Total income per employee count,Financial ratios,"1,516,100","ANZSIC06 groups L671 (excluding class L6711), and L672"
2018,Level 3,LL12,Property Operators and Real Estate Services,Dollars,H35,Surplus per employee count,Financial ratios,"610,700","ANZSIC06 groups L671 (excluding class L6711), and L672"
2018,Level 3,LL12,Property Operators and Real Estate Services,Percentage,H36,Current ratio,Financial ratios,66,"ANZSIC06 groups L671 (excluding class L6711), and L672"
2018,Level 3,LL12,Property Operators and Real Estate Services,Percentage,H37,Quick ratio,Financial ratios,60,"ANZSIC06 groups L671 (excluding class L6711), and L672"
2018,Level 3,LL12,Property Operators and Real Estate Services,Percentage,H39,Return on equity,Financial ratios,10,"ANZSIC06 groups L671 (excluding class L6711), and L672"
2018,Level 3,LL12,Property Operators and Real Estate Services,Percentage,H40,Return on total assets,Financial ratios,5,"ANZSIC06 groups L671 (excluding class L6711), and L672"
2018,Level 3,LL12,Property Operators and Real Estate Services,Percentage,H41,Liabilities structure,Financial ratios,47,"ANZSIC06 groups L671 (excluding class L6711), and L672"
2018,Level 1,LL,"Rental, Hiring and Real Estate Services",Dollars (millions),H01,Total income,Financial performance,"32,731",ANZSIC06 division L
2018,Level 1,LL,"Rental, Hiring and Real Estate Services",Dollars (millions),H04,Sales of goods and services,Financial performance,"27,311",ANZSIC06 division L
2018,Level 1,LL,"Rental, Hiring and Real Estate Services",Dollars (millions),H05,"Interest, dividends and donations",Financial performance,"1,354",ANZSIC06 division L
2018,Level 1,LL,"Rental, Hiring and Real Estate Services",Dollars (millions),H06,"Government funding, grants and subsidies",Financial performance,2,ANZSIC06 division L
2018,Level 1,LL,"Rental, Hiring and Real Estate Services",Dollars (millions),H07,Non-operating income,Financial performance,"4,064",ANZSIC06 division L
2018,Level 1,LL,"Rental, Hiring and Real Estate Services",Dollars (millions),H08,Total expenditure,Financial performance,"20,911",ANZSIC06 division L
2018,Level 1,LL,"Rental, Hiring and Real Estate Services",Dollars (millions),H09,Interest and donations,Financial performance,"3,759",ANZSIC06 division L
2018,Level 1,LL,"Rental, Hiring and Real Estate Services",Dollars (millions),H10,Indirect taxes,Financial performance,730,ANZSIC06 division L
2018,Level 1,LL,"Rental, Hiring and Real Estate Services",Dollars (millions),H11,Depreciation,Financial performance,"2,202",ANZSIC06 division L
2018,Level 1,LL,"Rental, Hiring and Real Estate Services",Dollars (millions),H12,Salaries and wages paid,Financial performance,"2,385",ANZSIC06 division L
2018,Level 1,LL,"Rental, Hiring and Real Estate Services",Dollars (millions),H13,Redundancy and severance,Financial performance,6,ANZSIC06 division L
2018,Level 1,LL,"Rental, Hiring and Real Estate Services",Dollars (millions),H14,Salaries and wages to self employed commission agents,Financial performance,"1,057",ANZSIC06 division L
2018,Level 1,LL,"Rental, Hiring and Real Estate Services",Dollars (millions),H19,Purchases and other operating expenses,Financial performance,"10,235",ANZSIC06 division L
2018,Level 1,LL,"Rental, Hiring and Real Estate Services",Dollars (millions),H20,Non-operating expenses,Financial performance,542,ANZSIC06 division L
2018,Level 1,LL,"Rental, Hiring and Real Estate Services",Dollars (millions),H21,Opening stocks,Financial performance,"2,577",ANZSIC06 division L
2018,Level 1,LL,"Rental, Hiring and Real Estate Services",Dollars (millions),H22,Closing stocks,Financial performance,"2,613",ANZSIC06 division L
2018,Level 1,LL,"Rental, Hiring and Real Estate Services",Dollars (millions),H23,Surplus before income tax,Financial performance,"11,856",ANZSIC06 division L
2018,Level 1,LL,"Rental, Hiring and Real Estate Services",Dollars (millions),H24,Total assets,Financial position,"249,955",ANZSIC06 division L
2018,Level 1,LL,"Rental, Hiring and Real Estate Services",Dollars (millions),H25,Current assets,Financial position,"31,975",ANZSIC06 division L
2018,Level 1,LL,"Rental, Hiring and Real Estate Services",Dollars (millions),H26,Fixed tangible assets,Financial position,"180,981",ANZSIC06 division L
2018,Level 1,LL,"Rental, Hiring and Real Estate Services",Dollars (millions),H27,Additions to fixed assets,Financial position,"25,160",ANZSIC06 division L
2018,Level 1,LL,"Rental, Hiring and Real Estate Services",Dollars (millions),H28,Disposals of fixed assets,Financial position,"14,363",ANZSIC06 division L
2018,Level 1,LL,"Rental, Hiring and Real Estate Services",Dollars (millions),H29,Other assets,Financial position,"36,999",ANZSIC06 division L
2018,Level 1,LL,"Rental, Hiring and Real Estate Services",Dollars (millions),H30,Total equity and liabilities,Financial position,"249,955",ANZSIC06 division L
2018,Level 1,LL,"Rental, Hiring and Real Estate Services",Dollars (millions),H31,Shareholders funds or owners equity,Financial position,"116,706",ANZSIC06 division L
2018,Level 1,LL,"Rental, Hiring and Real Estate Services",Dollars (millions),H32,Current liabilities,Financial position,"47,250",ANZSIC06 division L
2018,Level 1,LL,"Rental, Hiring and Real Estate Services",Dollars (millions),H33,Other liabilities,Financial position,"86,000",ANZSIC06 division L
2018,Level 1,LL,"Rental, Hiring and Real Estate Services",Dollars,H34,Total income per employee count,Financial ratios,"1,028,800",ANZSIC06 division L
2018,Level 1,LL,"Rental, Hiring and Real Estate Services",Dollars,H35,Surplus per employee count,Financial ratios,"372,700",ANZSIC06 division L
2018,Level 1,LL,"Rental, Hiring and Real Estate Services",Percentage,H36,Current ratio,Financial ratios,68,ANZSIC06 division L
2018,Level 1,LL,"Rental, Hiring and Real Estate Services",Percentage,H37,Quick ratio,Financial ratios,62,ANZSIC06 division L
2018,Level 1,LL,"Rental, Hiring and Real Estate Services",Percentage,H39,Return on equity,Financial ratios,10,ANZSIC06 division L
2018,Level 1,LL,"Rental, Hiring and Real Estate Services",Percentage,H40,Return on total assets,Financial ratios,5,ANZSIC06 division L
2018,Level 1,LL,"Rental, Hiring and Real Estate Services",Percentage,H41,Liabilities structure,Financial ratios,47,ANZSIC06 division L
2018,Level 4,MN111,"Scientific, Architectural and Engineering Services",Dollars (millions),H01,Total income,Financial performance,"9,784",ANZSIC06 groups M691 and M692
2018,Level 4,MN111,"Scientific, Architectural and Engineering Services",Dollars (millions),H04,Sales of goods and services,Financial performance,"9,547",ANZSIC06 groups M691 and M692
2018,Level 4,MN111,"Scientific, Architectural and Engineering Services",Dollars (millions),H05,"Interest, dividends and donations",Financial performance,115,ANZSIC06 groups M691 and M692
2018,Level 4,MN111,"Scientific, Architectural and Engineering Services",Dollars (millions),H06,"Government funding, grants and subsidies",Financial performance,81,ANZSIC06 groups M691 and M692
2018,Level 4,MN111,"Scientific, Architectural and Engineering Services",Dollars (millions),H07,Non-operating income,Financial performance,42,ANZSIC06 groups M691 and M692
2018,Level 4,MN111,"Scientific, Architectural and Engineering Services",Dollars (millions),H08,Total expenditure,Financial performance,"8,576",ANZSIC06 groups M691 and M692
2018,Level 4,MN111,"Scientific, Architectural and Engineering Services",Dollars (millions),H09,Interest and donations,Financial performance,67,ANZSIC06 groups M691 and M692
2018,Level 4,MN111,"Scientific, Architectural and Engineering Services",Dollars (millions),H10,Indirect taxes,Financial performance,27,ANZSIC06 groups M691 and M692
2018,Level 4,MN111,"Scientific, Architectural and Engineering Services",Dollars (millions),H11,Depreciation,Financial performance,200,ANZSIC06 groups M691 and M692
2018,Level 4,MN111,"Scientific, Architectural and Engineering Services",Dollars (millions),H12,Salaries and wages paid,Financial performance,"3,720",ANZSIC06 groups M691 and M692
2018,Level 4,MN111,"Scientific, Architectural and Engineering Services",Dollars (millions),H13,Redundancy and severance,Financial performance,5,ANZSIC06 groups M691 and M692
2018,Level 4,MN111,"Scientific, Architectural and Engineering Services",Dollars (millions),H19,Purchases and other operating expenses,Financial performance,"4,452",ANZSIC06 groups M691 and M692
2018,Level 4,MN111,"Scientific, Architectural and Engineering Services",Dollars (millions),H20,Non-operating expenses,Financial performance,109,ANZSIC06 groups M691 and M692
2018,Level 4,MN111,"Scientific, Architectural and Engineering Services",Dollars (millions),H21,Opening stocks,Financial performance,233,ANZSIC06 groups M691 and M692
2018,Level 4,MN111,"Scientific, Architectural and Engineering Services",Dollars (millions),H22,Closing stocks,Financial performance,246,ANZSIC06 groups M691 and M692
2018,Level 4,MN111,"Scientific, Architectural and Engineering Services",Dollars (millions),H23,Surplus before income tax,Financial performance,"1,221",ANZSIC06 groups M691 and M692
2018,Level 4,MN111,"Scientific, Architectural and Engineering Services",Dollars (millions),H24,Total assets,Financial position,"5,864",ANZSIC06 groups M691 and M692
2018,Level 4,MN111,"Scientific, Architectural and Engineering Services",Dollars (millions),H25,Current assets,Financial position,"3,475",ANZSIC06 groups M691 and M692
2018,Level 4,MN111,"Scientific, Architectural and Engineering Services",Dollars (millions),H26,Fixed tangible assets,Financial position,"1,187",ANZSIC06 groups M691 and M692
2018,Level 4,MN111,"Scientific, Architectural and Engineering Services",Dollars (millions),H27,Additions to fixed assets,Financial position,382,ANZSIC06 groups M691 and M692
2018,Level 4,MN111,"Scientific, Architectural and Engineering Services",Dollars (millions),H28,Disposals of fixed assets,Financial position,144,ANZSIC06 groups M691 and M692
2018,Level 4,MN111,"Scientific, Architectural and Engineering Services",Dollars (millions),H29,Other assets,Financial position,"1,203",ANZSIC06 groups M691 and M692
2018,Level 4,MN111,"Scientific, Architectural and Engineering Services",Dollars (millions),H30,Total equity and liabilities,Financial position,"5,864",ANZSIC06 groups M691 and M692
2018,Level 4,MN111,"Scientific, Architectural and Engineering Services",Dollars (millions),H31,Shareholders funds or owners equity,Financial position,"2,703",ANZSIC06 groups M691 and M692
2018,Level 4,MN111,"Scientific, Architectural and Engineering Services",Dollars (millions),H32,Current liabilities,Financial position,"2,298",ANZSIC06 groups M691 and M692
2018,Level 4,MN111,"Scientific, Architectural and Engineering Services",Dollars (millions),H33,Other liabilities,Financial position,864,ANZSIC06 groups M691 and M692
2018,Level 4,MN111,"Scientific, Architectural and Engineering Services",Dollars,H34,Total income per employee count,Financial ratios,"238,300",ANZSIC06 groups M691 and M692
2018,Level 4,MN111,"Scientific, Architectural and Engineering Services",Dollars,H35,Surplus per employee count,Financial ratios,"29,700",ANZSIC06 groups M691 and M692
2018,Level 4,MN111,"Scientific, Architectural and Engineering Services",Percentage,H36,Current ratio,Financial ratios,151,ANZSIC06 groups M691 and M692
2018,Level 4,MN111,"Scientific, Architectural and Engineering Services",Percentage,H37,Quick ratio,Financial ratios,141,ANZSIC06 groups M691 and M692
2018,Level 4,MN111,"Scientific, Architectural and Engineering Services",Percentage,H39,Return on equity,Financial ratios,45,ANZSIC06 groups M691 and M692
2018,Level 4,MN111,"Scientific, Architectural and Engineering Services",Percentage,H40,Return on total assets,Financial ratios,21,ANZSIC06 groups M691 and M692
2018,Level 4,MN111,"Scientific, Architectural and Engineering Services",Percentage,H41,Liabilities structure,Financial ratios,46,ANZSIC06 groups M691 and M692
2018,Level 4,MN112,Legal and Accounting Services,Dollars (millions),H01,Total income,Financial performance,"6,641",ANZSIC06 group M693
2018,Level 4,MN112,Legal and Accounting Services,Dollars (millions),H04,Sales of goods and services,Financial performance,"6,587",ANZSIC06 group M693
2018,Level 4,MN112,Legal and Accounting Services,Dollars (millions),H05,"Interest, dividends and donations",Financial performance,33,ANZSIC06 group M693
2018,Level 4,MN112,Legal and Accounting Services,Dollars (millions),H06,"Government funding, grants and subsidies",Financial performance,1,ANZSIC06 group M693
2018,Level 4,MN112,Legal and Accounting Services,Dollars (millions),H07,Non-operating income,Financial performance,21,ANZSIC06 group M693
2018,Level 4,MN112,Legal and Accounting Services,Dollars (millions),H08,Total expenditure,Financial performance,"4,776",ANZSIC06 group M693
2018,Level 4,MN112,Legal and Accounting Services,Dollars (millions),H09,Interest and donations,Financial performance,78,ANZSIC06 group M693
2018,Level 4,MN112,Legal and Accounting Services,Dollars (millions),H10,Indirect taxes,Financial performance,15,ANZSIC06 group M693
2018,Level 4,MN112,Legal and Accounting Services,Dollars (millions),H11,Depreciation,Financial performance,97,ANZSIC06 group M693
2018,Level 4,MN112,Legal and Accounting Services,Dollars (millions),H12,Salaries and wages paid,Financial performance,"2,613",ANZSIC06 group M693
2018,Level 4,MN112,Legal and Accounting Services,Dollars (millions),H13,Redundancy and severance,Financial performance,3,ANZSIC06 group M693
2018,Level 4,MN112,Legal and Accounting Services,Dollars (millions),H19,Purchases and other operating expenses,Financial performance,"1,936",ANZSIC06 group M693
2018,Level 4,MN112,Legal and Accounting Services,Dollars (millions),H20,Non-operating expenses,Financial performance,38,ANZSIC06 group M693
2018,Level 4,MN112,Legal and Accounting Services,Dollars (millions),H21,Opening stocks,Financial performance,102,ANZSIC06 group M693
2018,Level 4,MN112,Legal and Accounting Services,Dollars (millions),H22,Closing stocks,Financial performance,125,ANZSIC06 group M693
2018,Level 4,MN112,Legal and Accounting Services,Dollars (millions),H23,Surplus before income tax,Financial performance,"1,888",ANZSIC06 group M693
2018,Level 4,MN112,Legal and Accounting Services,Dollars (millions),H24,Total assets,Financial position,"3,587",ANZSIC06 group M693
2018,Level 4,MN112,Legal and Accounting Services,Dollars (millions),H25,Current assets,Financial position,"1,895",ANZSIC06 group M693
2018,Level 4,MN112,Legal and Accounting Services,Dollars (millions),H26,Fixed tangible assets,Financial position,651,ANZSIC06 group M693
2018,Level 4,MN112,Legal and Accounting Services,Dollars (millions),H27,Additions to fixed assets,Financial position,200,ANZSIC06 group M693
2018,Level 4,MN112,Legal and Accounting Services,Dollars (millions),H28,Disposals of fixed assets,Financial position,119,ANZSIC06 group M693
2018,Level 4,MN112,Legal and Accounting Services,Dollars (millions),H29,Other assets,Financial position,"1,042",ANZSIC06 group M693
2018,Level 4,MN112,Legal and Accounting Services,Dollars (millions),H30,Total equity and liabilities,Financial position,"3,587",ANZSIC06 group M693
2018,Level 4,MN112,Legal and Accounting Services,Dollars (millions),H31,Shareholders funds or owners equity,Financial position,"1,467",ANZSIC06 group M693
2018,Level 4,MN112,Legal and Accounting Services,Dollars (millions),H32,Current liabilities,Financial position,"1,303",ANZSIC06 group M693
2018,Level 4,MN112,Legal and Accounting Services,Dollars (millions),H33,Other liabilities,Financial position,818,ANZSIC06 group M693
2018,Level 4,MN112,Legal and Accounting Services,Dollars,H34,Total income per employee count,Financial ratios,"195,000",ANZSIC06 group M693
2018,Level 4,MN112,Legal and Accounting Services,Dollars,H35,Surplus per employee count,Financial ratios,"55,400",ANZSIC06 group M693
2018,Level 4,MN112,Legal and Accounting Services,Percentage,H36,Current ratio,Financial ratios,145,ANZSIC06 group M693
2018,Level 4,MN112,Legal and Accounting Services,Percentage,H37,Quick ratio,Financial ratios,136,ANZSIC06 group M693
2018,Level 4,MN112,Legal and Accounting Services,Percentage,H39,Return on equity,Financial ratios,129,ANZSIC06 group M693
2018,Level 4,MN112,Legal and Accounting Services,Percentage,H40,Return on total assets,Financial ratios,53,ANZSIC06 group M693
2018,Level 4,MN112,Legal and Accounting Services,Percentage,H41,Liabilities structure,Financial ratios,41,ANZSIC06 group M693
2018,Level 4,MN113,"Advertising, Market Research and Management Services",Dollars (millions),H01,Total income,Financial performance,"11,707","ANZSIC06 groups M694, M695, and M696"
2018,Level 4,MN113,"Advertising, Market Research and Management Services",Dollars (millions),H04,Sales of goods and services,Financial performance,"10,094","ANZSIC06 groups M694, M695, and M696"
2018,Level 4,MN113,"Advertising, Market Research and Management Services",Dollars (millions),H05,"Interest, dividends and donations",Financial performance,"1,072","ANZSIC06 groups M694, M695, and M696"
2018,Level 4,MN113,"Advertising, Market Research and Management Services",Dollars (millions),H06,"Government funding, grants and subsidies",Financial performance,148,"ANZSIC06 groups M694, M695, and M696"
2018,Level 4,MN113,"Advertising, Market Research and Management Services",Dollars (millions),H07,Non-operating income,Financial performance,392,"ANZSIC06 groups M694, M695, and M696"
2018,Level 4,MN113,"Advertising, Market Research and Management Services",Dollars (millions),H08,Total expenditure,Financial performance,"11,444","ANZSIC06 groups M694, M695, and M696"
2018,Level 4,MN113,"Advertising, Market Research and Management Services",Dollars (millions),H09,Interest and donations,Financial performance,706,"ANZSIC06 groups M694, M695, and M696"
2018,Level 4,MN113,"Advertising, Market Research and Management Services",Dollars (millions),H10,Indirect taxes,Financial performance,35,"ANZSIC06 groups M694, M695, and M696"
2018,Level 4,MN113,"Advertising, Market Research and Management Services",Dollars (millions),H11,Depreciation,Financial performance,304,"ANZSIC06 groups M694, M695, and M696"
2018,Level 4,MN113,"Advertising, Market Research and Management Services",Dollars (millions),H12,Salaries and wages paid,Financial performance,"3,887","ANZSIC06 groups M694, M695, and M696"
2018,Level 4,MN113,"Advertising, Market Research and Management Services",Dollars (millions),H13,Redundancy and severance,Financial performance,9,"ANZSIC06 groups M694, M695, and M696"
2018,Level 4,MN113,"Advertising, Market Research and Management Services",Dollars (millions),H19,Purchases and other operating expenses,Financial performance,"5,574","ANZSIC06 groups M694, M695, and M696"
2018,Level 4,MN113,"Advertising, Market Research and Management Services",Dollars (millions),H20,Non-operating expenses,Financial performance,937,"ANZSIC06 groups M694, M695, and M696"
2018,Level 4,MN113,"Advertising, Market Research and Management Services",Dollars (millions),H21,Opening stocks,Financial performance,203,"ANZSIC06 groups M694, M695, and M696"
2018,Level 4,MN113,"Advertising, Market Research and Management Services",Dollars (millions),H22,Closing stocks,Financial performance,244,"ANZSIC06 groups M694, M695, and M696"
2018,Level 4,MN113,"Advertising, Market Research and Management Services",Dollars (millions),H23,Surplus before income tax,Financial performance,305,"ANZSIC06 groups M694, M695, and M696"
2018,Level 4,MN113,"Advertising, Market Research and Management Services",Dollars (millions),H24,Total assets,Financial position,"45,055","ANZSIC06 groups M694, M695, and M696"
2018,Level 4,MN113,"Advertising, Market Research and Management Services",Dollars (millions),H25,Current assets,Financial position,"13,980","ANZSIC06 groups M694, M695, and M696"
2018,Level 4,MN113,"Advertising, Market Research and Management Services",Dollars (millions),H26,Fixed tangible assets,Financial position,"3,407","ANZSIC06 groups M694, M695, and M696"
2018,Level 4,MN113,"Advertising, Market Research and Management Services",Dollars (millions),H27,Additions to fixed assets,Financial position,945,"ANZSIC06 groups M694, M695, and M696"
2018,Level 4,MN113,"Advertising, Market Research and Management Services",Dollars (millions),H28,Disposals of fixed assets,Financial position,394,"ANZSIC06 groups M694, M695, and M696"
2018,Level 4,MN113,"Advertising, Market Research and Management Services",Dollars (millions),H29,Other assets,Financial position,"27,668","ANZSIC06 groups M694, M695, and M696"
2018,Level 4,MN113,"Advertising, Market Research and Management Services",Dollars (millions),H30,Total equity and liabilities,Financial position,"45,055","ANZSIC06 groups M694, M695, and M696"
2018,Level 4,MN113,"Advertising, Market Research and Management Services",Dollars (millions),H31,Shareholders funds or owners equity,Financial position,"16,871","ANZSIC06 groups M694, M695, and M696"
2018,Level 4,MN113,"Advertising, Market Research and Management Services",Dollars (millions),H32,Current liabilities,Financial position,"15,987","ANZSIC06 groups M694, M695, and M696"
2018,Level 4,MN113,"Advertising, Market Research and Management Services",Dollars (millions),H33,Other liabilities,Financial position,"12,197","ANZSIC06 groups M694, M695, and M696"
2018,Level 4,MN113,"Advertising, Market Research and Management Services",Dollars,H34,Total income per employee count,Financial ratios,"313,100","ANZSIC06 groups M694, M695, and M696"
2018,Level 4,MN113,"Advertising, Market Research and Management Services",Dollars,H35,Surplus per employee count,Financial ratios,"8,200","ANZSIC06 groups M694, M695, and M696"
2018,Level 4,MN113,"Advertising, Market Research and Management Services",Percentage,H36,Current ratio,Financial ratios,87,"ANZSIC06 groups M694, M695, and M696"
2018,Level 4,MN113,"Advertising, Market Research and Management Services",Percentage,H37,Quick ratio,Financial ratios,86,"ANZSIC06 groups M694, M695, and M696"
2018,Level 4,MN113,"Advertising, Market Research and Management Services",Percentage,H39,Return on equity,Financial ratios,2,"ANZSIC06 groups M694, M695, and M696"
2018,Level 4,MN113,"Advertising, Market Research and Management Services",Percentage,H40,Return on total assets,Financial ratios,1,"ANZSIC06 groups M694, M695, and M696"
2018,Level 4,MN113,"Advertising, Market Research and Management Services",Percentage,H41,Liabilities structure,Financial ratios,37,"ANZSIC06 groups M694, M695, and M696"
2018,Level 4,MN114,Veterinary and Other Professional Services,Dollars (millions),H01,Total income,Financial performance,"1,565",ANZSIC06 groups M697 and M699
2018,Level 4,MN114,Veterinary and Other Professional Services,Dollars (millions),H04,Sales of goods and services,Financial performance,"1,547",ANZSIC06 groups M697 and M699
2018,Level 4,MN114,Veterinary and Other Professional Services,Dollars (millions),H05,"Interest, dividends and donations",Financial performance,8,ANZSIC06 groups M697 and M699
2018,Level 4,MN114,Veterinary and Other Professional Services,Dollars (millions),H06,"Government funding, grants and subsidies",Financial performance,2,ANZSIC06 groups M697 and M699
2018,Level 4,MN114,Veterinary and Other Professional Services,Dollars (millions),H07,Non-operating income,Financial performance,8,ANZSIC06 groups M697 and M699
2018,Level 4,MN114,Veterinary and Other Professional Services,Dollars (millions),H08,Total expenditure,Financial performance,"1,397",ANZSIC06 groups M697 and M699
2018,Level 4,MN114,Veterinary and Other Professional Services,Dollars (millions),H09,Interest and donations,Financial performance,15,ANZSIC06 groups M697 and M699
2018,Level 4,MN114,Veterinary and Other Professional Services,Dollars (millions),H10,Indirect taxes,Financial performance,5,ANZSIC06 groups M697 and M699
2018,Level 4,MN114,Veterinary and Other Professional Services,Dollars (millions),H11,Depreciation,Financial performance,43,ANZSIC06 groups M697 and M699
2018,Level 4,MN114,Veterinary and Other Professional Services,Dollars (millions),H12,Salaries and wages paid,Financial performance,495,ANZSIC06 groups M697 and M699
2018,Level 4,MN114,Veterinary and Other Professional Services,Dollars (millions),H13,Redundancy and severance,Financial performance,1,ANZSIC06 groups M697 and M699
