Year,Industry_aggregation_NZSIOC,Industry_code_NZSIOC,Industry_name_NZSIOC,Units,Variable_code,Variable_name,Variable_category,Value,Industry_code_ANZSIC06
2013,Level 3,DD11,Electricity and Gas Supply,Dollars (millions),H19,Purchases and other operating expenses,Financial performance,"10,600","ANZSIC06 groups D261, D262, D263, D264, and D270"
2013,Level 3,DD11,Electricity and Gas Supply,Dollars (millions),H20,Non-operating expenses,Financial performance,334,"ANZSIC06 groups D261, D262, D263, D264, and D270"
2013,Level 3,DD11,Electricity and Gas Supply,Dollars (millions),H21,Opening stocks,Financial performance,352,"ANZSIC06 groups D261, D262, D263, D264, and D270"
2013,Level 3,DD11,Electricity and Gas Supply,Dollars (millions),H22,Closing stocks,Financial performance,355,"ANZSIC06 groups D261, D262, D263, D264, and D270"
2013,Level 3,DD11,Electricity and Gas Supply,Dollars (millions),H23,Surplus before income tax,Financial performance,"2,258","ANZSIC06 groups D261, D262, D263, D264, and D270"
2013,Level 3,DD11,Electricity and Gas Supply,Dollars (millions),H24,Total assets,Financial position,C,"ANZSIC06 groups D261, D262, D263, D264, and D270"
2013,Level 3,DD11,Electricity and Gas Supply,Dollars (millions),H25,Current assets,Financial position,"5,463","ANZSIC06 groups D261, D262, D263, D264, and D270"
2013,Level 3,DD11,Electricity and Gas Supply,Dollars (millions),H26,Fixed tangible assets,Financial position,C,"ANZSIC06 groups D261, D262, D263, D264, and D270"
2013,Level 3,DD11,Electricity and Gas Supply,Dollars (millions),H27,Additions to fixed assets,Financial position,"2,530","ANZSIC06 groups D261, D262, D263, D264, and D270"
2013,Level 3,DD11,Electricity and Gas Supply,Dollars (millions),H28,Disposals of fixed assets,Financial position,636,"ANZSIC06 groups D261, D262, D263, D264, and D270"
2013,Level 3,DD11,Electricity and Gas Supply,Dollars (millions),H29,Other assets,Financial position,"6,088","ANZSIC06 groups D261, D262, D263, D264, and D270"
2013,Level 3,DD11,Electricity and Gas Supply,Dollars (millions),H30,Total equity and liabilities,Financial position,C,"ANZSIC06 groups D261, D262, D263, D264, and D270"
2013,Level 3,DD11,Electricity and Gas Supply,Dollars (millions),H31,Shareholders funds or owners equity,Financial position,C,"ANZSIC06 groups D261, D262, D263, D264, and D270"
2013,Level 3,DD11,Electricity and Gas Supply,Dollars (millions),H32,Current liabilities,Financial position,"7,729","ANZSIC06 groups D261, D262, D263, D264, and D270"
2013,Level 3,DD11,Electricity and Gas Supply,Dollars (millions),H33,Other liabilities,Financial position,"17,934","ANZSIC06 groups D261, D262, D263, D264, and D270"
2013,Level 3,DD11,Electricity and Gas Supply,Dollars,H34,Total income per employee count,Financial ratios,"1,770,100","ANZSIC06 groups D261, D262, D263, D264, and D270"
2013,Level 3,DD11,Electricity and Gas Supply,Dollars,H35,Surplus per employee count,Financial ratios,"244,600","ANZSIC06 groups D261, D262, D263, D264, and D270"
2013,Level 3,DD11,Electricity and Gas Supply,Percentage,H36,Current ratio,Financial ratios,71,"ANZSIC06 groups D261, D262, D263, D264, and D270"
2013,Level 3,DD11,Electricity and Gas Supply,Percentage,H37,Quick ratio,Financial ratios,66,"ANZSIC06 groups D261, D262, D263, D264, and D270"
2013,Level 3,DD11,Electricity and Gas Supply,Percentage,H39,Return on equity,Financial ratios,C,"ANZSIC06 groups D261, D262, D263, D264, and D270"
2013,Level 3,DD11,Electricity and Gas Supply,Percentage,H40,Return on total assets,Financial ratios,C,"ANZSIC06 groups D261, D262, D263, D264, and D270"
2013,Level 3,DD11,Electricity and Gas Supply,Percentage,H41,Liabilities structure,Financial ratios,C,"ANZSIC06 groups D261, D262, D263, D264, and D270"
2013,Level 3,DD12,"Water, Sewerage, Drainage and Waste Services",Dollars (millions),H01,Total income,Financial performance,"2,075","ANZSIC06 groups D281, D291, and D292"
2013,Level 3,DD12,"Water, Sewerage, Drainage and Waste Services",Dollars (millions),H04,Sales of goods and services,Financial performance,"1,807","ANZSIC06 groups D281, D291, and D292"
2013,Level 3,DD12,"Water, Sewerage, Drainage and Waste Services",Dollars (millions),H05,"Interest, dividends and donations",Financial performance,C,"ANZSIC06 groups D281, D291, and D292"
2013,Level 3,DD12,"Water, Sewerage, Drainage and Waste Services",Dollars (millions),H06,"Government funding, grants and subsidies",Financial performance,C,"ANZSIC06 groups D281, D291, and D292"
2013,Level 3,DD12,"Water, Sewerage, Drainage and Waste Services",Dollars (millions),H07,Non-operating income,Financial performance,C,"ANZSIC06 groups D281, D291, and D292"
2013,Level 3,DD12,"Water, Sewerage, Drainage and Waste Services",Dollars (millions),H08,Total expenditure,Financial performance,"1,716","ANZSIC06 groups D281, D291, and D292"
2013,Level 3,DD12,"Water, Sewerage, Drainage and Waste Services",Dollars (millions),H09,Interest and donations,Financial performance,110,"ANZSIC06 groups D281, D291, and D292"
2013,Level 3,DD12,"Water, Sewerage, Drainage and Waste Services",Dollars (millions),H10,Indirect taxes,Financial performance,22,"ANZSIC06 groups D281, D291, and D292"
2013,Level 3,DD12,"Water, Sewerage, Drainage and Waste Services",Dollars (millions),H11,Depreciation,Financial performance,283,"ANZSIC06 groups D281, D291, and D292"
2013,Level 3,DD12,"Water, Sewerage, Drainage and Waste Services",Dollars (millions),H12,Salaries and wages paid,Financial performance,327,"ANZSIC06 groups D281, D291, and D292"
2013,Level 3,DD12,"Water, Sewerage, Drainage and Waste Services",Dollars (millions),H13,Redundancy and severance,Financial performance,1,"ANZSIC06 groups D281, D291, and D292"
2013,Level 3,DD12,"Water, Sewerage, Drainage and Waste Services",Dollars (millions),H19,Purchases and other operating expenses,Financial performance,884,"ANZSIC06 groups D281, D291, and D292"
2013,Level 3,DD12,"Water, Sewerage, Drainage and Waste Services",Dollars (millions),H20,Non-operating expenses,Financial performance,90,"ANZSIC06 groups D281, D291, and D292"
2013,Level 3,DD12,"Water, Sewerage, Drainage and Waste Services",Dollars (millions),H21,Opening stocks,Financial performance,11,"ANZSIC06 groups D281, D291, and D292"
2013,Level 3,DD12,"Water, Sewerage, Drainage and Waste Services",Dollars (millions),H22,Closing stocks,Financial performance,14,"ANZSIC06 groups D281, D291, and D292"
2013,Level 3,DD12,"Water, Sewerage, Drainage and Waste Services",Dollars (millions),H23,Surplus before income tax,Financial performance,362,"ANZSIC06 groups D281, D291, and D292"
2013,Level 3,DD12,"Water, Sewerage, Drainage and Waste Services",Dollars (millions),H24,Total assets,Financial position,C,"ANZSIC06 groups D281, D291, and D292"
2013,Level 3,DD12,"Water, Sewerage, Drainage and Waste Services",Dollars (millions),H25,Current assets,Financial position,617,"ANZSIC06 groups D281, D291, and D292"
2013,Level 3,DD12,"Water, Sewerage, Drainage and Waste Services",Dollars (millions),H26,Fixed tangible assets,Financial position,C,"ANZSIC06 groups D281, D291, and D292"
2013,Level 3,DD12,"Water, Sewerage, Drainage and Waste Services",Dollars (millions),H27,Additions to fixed assets,Financial position,464,"ANZSIC06 groups D281, D291, and D292"
2013,Level 3,DD12,"Water, Sewerage, Drainage and Waste Services",Dollars (millions),H28,Disposals of fixed assets,Financial position,48,"ANZSIC06 groups D281, D291, and D292"
2013,Level 3,DD12,"Water, Sewerage, Drainage and Waste Services",Dollars (millions),H29,Other assets,Financial position,504,"ANZSIC06 groups D281, D291, and D292"
2013,Level 3,DD12,"Water, Sewerage, Drainage and Waste Services",Dollars (millions),H30,Total equity and liabilities,Financial position,C,"ANZSIC06 groups D281, D291, and D292"
2013,Level 3,DD12,"Water, Sewerage, Drainage and Waste Services",Dollars (millions),H31,Shareholders funds or owners equity,Financial position,C,"ANZSIC06 groups D281, D291, and D292"
2013,Level 3,DD12,"Water, Sewerage, Drainage and Waste Services",Dollars (millions),H32,Current liabilities,Financial position,"1,002","ANZSIC06 groups D281, D291, and D292"
2013,Level 3,DD12,"Water, Sewerage, Drainage and Waste Services",Dollars (millions),H33,Other liabilities,Financial position,"2,399","ANZSIC06 groups D281, D291, and D292"
2013,Level 3,DD12,"Water, Sewerage, Drainage and Waste Services",Dollars,H34,Total income per employee count,Financial ratios,"359,500","ANZSIC06 groups D281, D291, and D292"
2013,Level 3,DD12,"Water, Sewerage, Drainage and Waste Services",Dollars,H35,Surplus per employee count,Financial ratios,"62,700","ANZSIC06 groups D281, D291, and D292"
2013,Level 3,DD12,"Water, Sewerage, Drainage and Waste Services",Percentage,H36,Current ratio,Financial ratios,62,"ANZSIC06 groups D281, D291, and D292"
2013,Level 3,DD12,"Water, Sewerage, Drainage and Waste Services",Percentage,H37,Quick ratio,Financial ratios,60,"ANZSIC06 groups D281, D291, and D292"
2013,Level 3,DD12,"Water, Sewerage, Drainage and Waste Services",Percentage,H39,Return on equity,Financial ratios,C,"ANZSIC06 groups D281, D291, and D292"
2013,Level 3,DD12,"Water, Sewerage, Drainage and Waste Services",Percentage,H40,Return on total assets,Financial ratios,C,"ANZSIC06 groups D281, D291, and D292"
2013,Level 3,DD12,"Water, Sewerage, Drainage and Waste Services",Percentage,H41,Liabilities structure,Financial ratios,C,"ANZSIC06 groups D281, D291, and D292"
2013,Level 1,EE,Construction,Dollars (millions),H01,Total income,Financial performance,"36,877",ANZSIC06 division E
2013,Level 1,EE,Construction,Dollars (millions),H04,Sales of goods and services,Financial performance,"36,540",ANZSIC06 division E
2013,Level 1,EE,Construction,Dollars (millions),H05,"Interest, dividends and donations",Financial performance,202,ANZSIC06 division E
2013,Level 1,EE,Construction,Dollars (millions),H06,"Government funding, grants and subsidies",Financial performance,2,ANZSIC06 division E
2013,Level 1,EE,Construction,Dollars (millions),H07,Non-operating income,Financial performance,133,ANZSIC06 division E
2013,Level 1,EE,Construction,Dollars (millions),H08,Total expenditure,Financial performance,"34,776",ANZSIC06 division E
2013,Level 1,EE,Construction,Dollars (millions),H09,Interest and donations,Financial performance,411,ANZSIC06 division E
2013,Level 1,EE,Construction,Dollars (millions),H10,Indirect taxes,Financial performance,183,ANZSIC06 division E
2013,Level 1,EE,Construction,Dollars (millions),H11,Depreciation,Financial performance,743,ANZSIC06 division E
2013,Level 1,EE,Construction,Dollars (millions),H12,Salaries and wages paid,Financial performance,"7,712",ANZSIC06 division E
2013,Level 1,EE,Construction,Dollars (millions),H13,Redundancy and severance,Financial performance,15,ANZSIC06 division E
2013,Level 1,EE,Construction,Dollars (millions),H19,Purchases and other operating expenses,Financial performance,"25,454",ANZSIC06 division E
2013,Level 1,EE,Construction,Dollars (millions),H20,Non-operating expenses,Financial performance,273,ANZSIC06 division E
2013,Level 1,EE,Construction,Dollars (millions),H21,Opening stocks,Financial performance,"3,292",ANZSIC06 division E
2013,Level 1,EE,Construction,Dollars (millions),H22,Closing stocks,Financial performance,"3,255",ANZSIC06 division E
2013,Level 1,EE,Construction,Dollars (millions),H23,Surplus before income tax,Financial performance,"2,063",ANZSIC06 division E
2013,Level 1,EE,Construction,Dollars (millions),H24,Total assets,Financial position,"22,315",ANZSIC06 division E
2013,Level 1,EE,Construction,Dollars (millions),H25,Current assets,Financial position,"12,588",ANZSIC06 division E
2013,Level 1,EE,Construction,Dollars (millions),H26,Fixed tangible assets,Financial position,"5,847",ANZSIC06 division E
2013,Level 1,EE,Construction,Dollars (millions),H27,Additions to fixed assets,Financial position,"1,804",ANZSIC06 division E
2013,Level 1,EE,Construction,Dollars (millions),H28,Disposals of fixed assets,Financial position,648,ANZSIC06 division E
2013,Level 1,EE,Construction,Dollars (millions),H29,Other assets,Financial position,"3,881",ANZSIC06 division E
2013,Level 1,EE,Construction,Dollars (millions),H30,Total equity and liabilities,Financial position,"22,315",ANZSIC06 division E
2013,Level 1,EE,Construction,Dollars (millions),H31,Shareholders funds or owners equity,Financial position,"7,033",ANZSIC06 division E
2013,Level 1,EE,Construction,Dollars (millions),H32,Current liabilities,Financial position,"10,010",ANZSIC06 division E
2013,Level 1,EE,Construction,Dollars (millions),H33,Other liabilities,Financial position,"5,272",ANZSIC06 division E
2013,Level 1,EE,Construction,Dollars,H34,Total income per employee count,Financial ratios,"302,700",ANZSIC06 division E
2013,Level 1,EE,Construction,Dollars,H35,Surplus per employee count,Financial ratios,"16,900",ANZSIC06 division E
2013,Level 1,EE,Construction,Percentage,H36,Current ratio,Financial ratios,126,ANZSIC06 division E
2013,Level 1,EE,Construction,Percentage,H37,Quick ratio,Financial ratios,93,ANZSIC06 division E
2013,Level 1,EE,Construction,Percentage,H39,Return on equity,Financial ratios,29,ANZSIC06 division E
2013,Level 1,EE,Construction,Percentage,H40,Return on total assets,Financial ratios,9,ANZSIC06 division E
2013,Level 1,EE,Construction,Percentage,H41,Liabilities structure,Financial ratios,32,ANZSIC06 division E
2013,Level 3,EE11,Building Construction,Dollars (millions),H01,Total income,Financial performance,"12,572",ANZSIC06 groups E301 and E302
2013,Level 3,EE11,Building Construction,Dollars (millions),H04,Sales of goods and services,Financial performance,"12,422",ANZSIC06 groups E301 and E302
2013,Level 3,EE11,Building Construction,Dollars (millions),H05,"Interest, dividends and donations",Financial performance,104,ANZSIC06 groups E301 and E302
2013,Level 3,EE11,Building Construction,Dollars (millions),H06,"Government funding, grants and subsidies",Financial performance,1,ANZSIC06 groups E301 and E302
2013,Level 3,EE11,Building Construction,Dollars (millions),H07,Non-operating income,Financial performance,44,ANZSIC06 groups E301 and E302
2013,Level 3,EE11,Building Construction,Dollars (millions),H08,Total expenditure,Financial performance,"11,940",ANZSIC06 groups E301 and E302
2013,Level 3,EE11,Building Construction,Dollars (millions),H09,Interest and donations,Financial performance,114,ANZSIC06 groups E301 and E302
2013,Level 3,EE11,Building Construction,Dollars (millions),H10,Indirect taxes,Financial performance,32,ANZSIC06 groups E301 and E302
2013,Level 3,EE11,Building Construction,Dollars (millions),H11,Depreciation,Financial performance,109,ANZSIC06 groups E301 and E302
2013,Level 3,EE11,Building Construction,Dollars (millions),H12,Salaries and wages paid,Financial performance,"1,701",ANZSIC06 groups E301 and E302
2013,Level 3,EE11,Building Construction,Dollars (millions),H13,Redundancy and severance,Financial performance,0,ANZSIC06 groups E301 and E302
2013,Level 3,EE11,Building Construction,Dollars (millions),H19,Purchases and other operating expenses,Financial performance,"9,952",ANZSIC06 groups E301 and E302
2013,Level 3,EE11,Building Construction,Dollars (millions),H20,Non-operating expenses,Financial performance,32,ANZSIC06 groups E301 and E302
2013,Level 3,EE11,Building Construction,Dollars (millions),H21,Opening stocks,Financial performance,"1,631",ANZSIC06 groups E301 and E302
2013,Level 3,EE11,Building Construction,Dollars (millions),H22,Closing stocks,Financial performance,"1,627",ANZSIC06 groups E301 and E302
2013,Level 3,EE11,Building Construction,Dollars (millions),H23,Surplus before income tax,Financial performance,627,ANZSIC06 groups E301 and E302
2013,Level 3,EE11,Building Construction,Dollars (millions),H24,Total assets,Financial position,"7,217",ANZSIC06 groups E301 and E302
2013,Level 3,EE11,Building Construction,Dollars (millions),H25,Current assets,Financial position,"4,429",ANZSIC06 groups E301 and E302
2013,Level 3,EE11,Building Construction,Dollars (millions),H26,Fixed tangible assets,Financial position,"1,166",ANZSIC06 groups E301 and E302
2013,Level 3,EE11,Building Construction,Dollars (millions),H27,Additions to fixed assets,Financial position,370,ANZSIC06 groups E301 and E302
2013,Level 3,EE11,Building Construction,Dollars (millions),H28,Disposals of fixed assets,Financial position,175,ANZSIC06 groups E301 and E302
2013,Level 3,EE11,Building Construction,Dollars (millions),H29,Other assets,Financial position,"1,622",ANZSIC06 groups E301 and E302
2013,Level 3,EE11,Building Construction,Dollars (millions),H30,Total equity and liabilities,Financial position,"7,217",ANZSIC06 groups E301 and E302
2013,Level 3,EE11,Building Construction,Dollars (millions),H31,Shareholders funds or owners equity,Financial position,"2,354",ANZSIC06 groups E301 and E302
2013,Level 3,EE11,Building Construction,Dollars (millions),H32,Current liabilities,Financial position,"3,460",ANZSIC06 groups E301 and E302
2013,Level 3,EE11,Building Construction,Dollars (millions),H33,Other liabilities,Financial position,"1,403",ANZSIC06 groups E301 and E302
2013,Level 3,EE11,Building Construction,Dollars,H34,Total income per employee count,Financial ratios,"511,000",ANZSIC06 groups E301 and E302
2013,Level 3,EE11,Building Construction,Dollars,H35,Surplus per employee count,Financial ratios,"25,500",ANZSIC06 groups E301 and E302
2013,Level 3,EE11,Building Construction,Percentage,H36,Current ratio,Financial ratios,128,ANZSIC06 groups E301 and E302
2013,Level 3,EE11,Building Construction,Percentage,H37,Quick ratio,Financial ratios,81,ANZSIC06 groups E301 and E302
2013,Level 3,EE11,Building Construction,Percentage,H39,Return on equity,Financial ratios,27,ANZSIC06 groups E301 and E302
2013,Level 3,EE11,Building Construction,Percentage,H40,Return on total assets,Financial ratios,9,ANZSIC06 groups E301 and E302
2013,Level 3,EE11,Building Construction,Percentage,H41,Liabilities structure,Financial ratios,33,ANZSIC06 groups E301 and E302
2013,Level 4,EE112,Residential Building Construction,Dollars (millions),H01,Total income,Financial performance,"7,337",ANZSIC06 group E301
2013,Level 4,EE112,Residential Building Construction,Dollars (millions),H04,Sales of goods and services,Financial performance,"7,278",ANZSIC06 group E301
2013,Level 4,EE112,Residential Building Construction,Dollars (millions),H05,"Interest, dividends and donations",Financial performance,30,ANZSIC06 group E301
2013,Level 4,EE112,Residential Building Construction,Dollars (millions),H06,"Government funding, grants and subsidies",Financial performance,1,ANZSIC06 group E301
2013,Level 4,EE112,Residential Building Construction,Dollars (millions),H07,Non-operating income,Financial performance,28,ANZSIC06 group E301
2013,Level 4,EE112,Residential Building Construction,Dollars (millions),H08,Total expenditure,Financial performance,"6,882",ANZSIC06 group E301
2013,Level 4,EE112,Residential Building Construction,Dollars (millions),H09,Interest and donations,Financial performance,81,ANZSIC06 group E301
2013,Level 4,EE112,Residential Building Construction,Dollars (millions),H10,Indirect taxes,Financial performance,23,ANZSIC06 group E301
2013,Level 4,EE112,Residential Building Construction,Dollars (millions),H11,Depreciation,Financial performance,80,ANZSIC06 group E301
2013,Level 4,EE112,Residential Building Construction,Dollars (millions),H12,Salaries and wages paid,Financial performance,"1,077",ANZSIC06 group E301
2013,Level 4,EE112,Residential Building Construction,Dollars (millions),H13,Redundancy and severance,Financial performance,0,ANZSIC06 group E301
2013,Level 4,EE112,Residential Building Construction,Dollars (millions),H19,Purchases and other operating expenses,Financial performance,"5,604",ANZSIC06 group E301
2013,Level 4,EE112,Residential Building Construction,Dollars (millions),H20,Non-operating expenses,Financial performance,17,ANZSIC06 group E301
2013,Level 4,EE112,Residential Building Construction,Dollars (millions),H21,Opening stocks,Financial performance,"1,176",ANZSIC06 group E301
2013,Level 4,EE112,Residential Building Construction,Dollars (millions),H22,Closing stocks,Financial performance,"1,191",ANZSIC06 group E301
2013,Level 4,EE112,Residential Building Construction,Dollars (millions),H23,Surplus before income tax,Financial performance,470,ANZSIC06 group E301
2013,Level 4,EE112,Residential Building Construction,Dollars (millions),H24,Total assets,Financial position,"4,070",ANZSIC06 group E301
2013,Level 4,EE112,Residential Building Construction,Dollars (millions),H25,Current assets,Financial position,"2,805",ANZSIC06 group E301
2013,Level 4,EE112,Residential Building Construction,Dollars (millions),H26,Fixed tangible assets,Financial position,796,ANZSIC06 group E301
2013,Level 4,EE112,Residential Building Construction,Dollars (millions),H27,Additions to fixed assets,Financial position,251,ANZSIC06 group E301
2013,Level 4,EE112,Residential Building Construction,Dollars (millions),H28,Disposals of fixed assets,Financial position,112,ANZSIC06 group E301
2013,Level 4,EE112,Residential Building Construction,Dollars (millions),H29,Other assets,Financial position,469,ANZSIC06 group E301
2013,Level 4,EE112,Residential Building Construction,Dollars (millions),H30,Total equity and liabilities,Financial position,"4,070",ANZSIC06 group E301
2013,Level 4,EE112,Residential Building Construction,Dollars (millions),H31,Shareholders funds or owners equity,Financial position,970,ANZSIC06 group E301
2013,Level 4,EE112,Residential Building Construction,Dollars (millions),H32,Current liabilities,Financial position,"2,118",ANZSIC06 group E301
2013,Level 4,EE112,Residential Building Construction,Dollars (millions),H33,Other liabilities,Financial position,983,ANZSIC06 group E301
2013,Level 4,EE112,Residential Building Construction,Dollars,H34,Total income per employee count,Financial ratios,"476,100",ANZSIC06 group E301
2013,Level 4,EE112,Residential Building Construction,Dollars,H35,Surplus per employee count,Financial ratios,"30,500",ANZSIC06 group E301
2013,Level 4,EE112,Residential Building Construction,Percentage,H36,Current ratio,Financial ratios,132,ANZSIC06 group E301
2013,Level 4,EE112,Residential Building Construction,Percentage,H37,Quick ratio,Financial ratios,76,ANZSIC06 group E301
2013,Level 4,EE112,Residential Building Construction,Percentage,H39,Return on equity,Financial ratios,49,ANZSIC06 group E301
2013,Level 4,EE112,Residential Building Construction,Percentage,H40,Return on total assets,Financial ratios,12,ANZSIC06 group E301
2013,Level 4,EE112,Residential Building Construction,Percentage,H41,Liabilities structure,Financial ratios,24,ANZSIC06 group E301
2013,Level 4,EE113,Non-Residential Building Construction,Dollars (millions),H01,Total income,Financial performance,"5,235",ANZSIC06 group E302
2013,Level 4,EE113,Non-Residential Building Construction,Dollars (millions),H04,Sales of goods and services,Financial performance,"5,144",ANZSIC06 group E302
2013,Level 4,EE113,Non-Residential Building Construction,Dollars (millions),H05,"Interest, dividends and donations",Financial performance,75,ANZSIC06 group E302
2013,Level 4,EE113,Non-Residential Building Construction,Dollars (millions),H06,"Government funding, grants and subsidies",Financial performance,0,ANZSIC06 group E302
2013,Level 4,EE113,Non-Residential Building Construction,Dollars (millions),H07,Non-operating income,Financial performance,16,ANZSIC06 group E302
2013,Level 4,EE113,Non-Residential Building Construction,Dollars (millions),H08,Total expenditure,Financial performance,"5,058",ANZSIC06 group E302
2013,Level 4,EE113,Non-Residential Building Construction,Dollars (millions),H09,Interest and donations,Financial performance,32,ANZSIC06 group E302
2013,Level 4,EE113,Non-Residential Building Construction,Dollars (millions),H10,Indirect taxes,Financial performance,9,ANZSIC06 group E302
2013,Level 4,EE113,Non-Residential Building Construction,Dollars (millions),H11,Depreciation,Financial performance,29,ANZSIC06 group E302
2013,Level 4,EE113,Non-Residential Building Construction,Dollars (millions),H12,Salaries and wages paid,Financial performance,624,ANZSIC06 group E302
2013,Level 4,EE113,Non-Residential Building Construction,Dollars (millions),H13,Redundancy and severance,Financial performance,0,ANZSIC06 group E302
2013,Level 4,EE113,Non-Residential Building Construction,Dollars (millions),H19,Purchases and other operating expenses,Financial performance,"4,348",ANZSIC06 group E302
2013,Level 4,EE113,Non-Residential Building Construction,Dollars (millions),H20,Non-operating expenses,Financial performance,15,ANZSIC06 group E302
2013,Level 4,EE113,Non-Residential Building Construction,Dollars (millions),H21,Opening stocks,Financial performance,455,ANZSIC06 group E302
2013,Level 4,EE113,Non-Residential Building Construction,Dollars (millions),H22,Closing stocks,Financial performance,435,ANZSIC06 group E302
2013,Level 4,EE113,Non-Residential Building Construction,Dollars (millions),H23,Surplus before income tax,Financial performance,157,ANZSIC06 group E302
2013,Level 4,EE113,Non-Residential Building Construction,Dollars (millions),H24,Total assets,Financial position,"3,147",ANZSIC06 group E302
2013,Level 4,EE113,Non-Residential Building Construction,Dollars (millions),H25,Current assets,Financial position,"1,624",ANZSIC06 group E302
2013,Level 4,EE113,Non-Residential Building Construction,Dollars (millions),H26,Fixed tangible assets,Financial position,369,ANZSIC06 group E302
2013,Level 4,EE113,Non-Residential Building Construction,Dollars (millions),H27,Additions to fixed assets,Financial position,119,ANZSIC06 group E302
2013,Level 4,EE113,Non-Residential Building Construction,Dollars (millions),H28,Disposals of fixed assets,Financial position,63,ANZSIC06 group E302
2013,Level 4,EE113,Non-Residential Building Construction,Dollars (millions),H29,Other assets,Financial position,"1,153",ANZSIC06 group E302
2013,Level 4,EE113,Non-Residential Building Construction,Dollars (millions),H30,Total equity and liabilities,Financial position,"3,147",ANZSIC06 group E302
2013,Level 4,EE113,Non-Residential Building Construction,Dollars (millions),H31,Shareholders funds or owners equity,Financial position,"1,385",ANZSIC06 group E302
2013,Level 4,EE113,Non-Residential Building Construction,Dollars (millions),H32,Current liabilities,Financial position,"1,342",ANZSIC06 group E302
2013,Level 4,EE113,Non-Residential Building Construction,Dollars (millions),H33,Other liabilities,Financial position,420,ANZSIC06 group E302
2013,Level 4,EE113,Non-Residential Building Construction,Dollars,H34,Total income per employee count,Financial ratios,"569,600",ANZSIC06 group E302
2013,Level 4,EE113,Non-Residential Building Construction,Dollars,H35,Surplus per employee count,Financial ratios,"17,100",ANZSIC06 group E302
2013,Level 4,EE113,Non-Residential Building Construction,Percentage,H36,Current ratio,Financial ratios,121,ANZSIC06 group E302
2013,Level 4,EE113,Non-Residential Building Construction,Percentage,H37,Quick ratio,Financial ratios,89,ANZSIC06 group E302
2013,Level 4,EE113,Non-Residential Building Construction,Percentage,H39,Return on equity,Financial ratios,11,ANZSIC06 group E302
2013,Level 4,EE113,Non-Residential Building Construction,Percentage,H40,Return on total assets,Financial ratios,5,ANZSIC06 group E302
2013,Level 4,EE113,Non-Residential Building Construction,Percentage,H41,Liabilities structure,Financial ratios,44,ANZSIC06 group E302
2013,Level 3,EE12,Heavy and Civil Engineering Construction,Dollars (millions),H01,Total income,Financial performance,"9,747",ANZSIC06 group E310
2013,Level 3,EE12,Heavy and Civil Engineering Construction,Dollars (millions),H04,Sales of goods and services,Financial performance,"9,700",ANZSIC06 group E310
2013,Level 3,EE12,Heavy and Civil Engineering Construction,Dollars (millions),H05,"Interest, dividends and donations",Financial performance,28,ANZSIC06 group E310
2013,Level 3,EE12,Heavy and Civil Engineering Construction,Dollars (millions),H06,"Government funding, grants and subsidies",Financial performance,0,ANZSIC06 group E310
2013,Level 3,EE12,Heavy and Civil Engineering Construction,Dollars (millions),H07,Non-operating income,Financial performance,19,ANZSIC06 group E310
2013,Level 3,EE12,Heavy and Civil Engineering Construction,Dollars (millions),H08,Total expenditure,Financial performance,"9,297",ANZSIC06 group E310
2013,Level 3,EE12,Heavy and Civil Engineering Construction,Dollars (millions),H09,Interest and donations,Financial performance,67,ANZSIC06 group E310
2013,Level 3,EE12,Heavy and Civil Engineering Construction,Dollars (millions),H10,Indirect taxes,Financial performance,49,ANZSIC06 group E310
2013,Level 3,EE12,Heavy and Civil Engineering Construction,Dollars (millions),H11,Depreciation,Financial performance,240,ANZSIC06 group E310
2013,Level 3,EE12,Heavy and Civil Engineering Construction,Dollars (millions),H12,Salaries and wages paid,Financial performance,"2,121",ANZSIC06 group E310
2013,Level 3,EE12,Heavy and Civil Engineering Construction,Dollars (millions),H13,Redundancy and severance,Financial performance,5,ANZSIC06 group E310
2013,Level 3,EE12,Heavy and Civil Engineering Construction,Dollars (millions),H19,Purchases and other operating expenses,Financial performance,"6,802",ANZSIC06 group E310
2013,Level 3,EE12,Heavy and Civil Engineering Construction,Dollars (millions),H20,Non-operating expenses,Financial performance,17,ANZSIC06 group E310
