Year,Industry_aggregation_NZSIOC,Industry_code_NZSIOC,Industry_name_NZSIOC,Units,Variable_code,Variable_name,Variable_category,Value,Industry_code_ANZSIC06
2017,Level 4,CC522,Fertiliser and Pesticide Manufacturing,Percentage,H37,Quick ratio,Financial ratios,C,ANZSIC06 group C183
2017,Level 4,CC522,Fertiliser and Pesticide Manufacturing,Percentage,H39,Return on equity,Financial ratios,6,ANZSIC06 group C183
2017,Level 4,CC522,Fertiliser and Pesticide Manufacturing,Percentage,H40,Return on total assets,Financial ratios,4,ANZSIC06 group C183
2017,Level 4,CC522,Fertiliser and Pesticide Manufacturing,Percentage,H41,Liabilities structure,Financial ratios,71,ANZSIC06 group C183
2017,Level 4,CC523,"Pharmaceutical, Cleaning and Other Chemical Manufacturing",Dollars (millions),H01,Total income,Financial performance,"1,727","ANZSIC06 groups C184, C185, and C189"
2017,Level 4,CC523,"Pharmaceutical, Cleaning and Other Chemical Manufacturing",Dollars (millions),H02,Sales of goods not further processed,Financial performance,416,"ANZSIC06 groups C184, C185, and C189"
2017,Level 4,CC523,"Pharmaceutical, Cleaning and Other Chemical Manufacturing",Dollars (millions),H03,Sales of other goods and services,Financial performance,"1,298","ANZSIC06 groups C184, C185, and C189"
2017,Level 4,CC523,"Pharmaceutical, Cleaning and Other Chemical Manufacturing",Dollars (millions),H05,"Interest, dividends and donations",Financial performance,6,"ANZSIC06 groups C184, C185, and C189"
2017,Level 4,CC523,"Pharmaceutical, Cleaning and Other Chemical Manufacturing",Dollars (millions),H06,"Government funding, grants and subsidies",Financial performance,3,"ANZSIC06 groups C184, C185, and C189"
2017,Level 4,CC523,"Pharmaceutical, Cleaning and Other Chemical Manufacturing",Dollars (millions),H07,Non-operating income,Financial performance,4,"ANZSIC06 groups C184, C185, and C189"
2017,Level 4,CC523,"Pharmaceutical, Cleaning and Other Chemical Manufacturing",Dollars (millions),H08,Total expenditure,Financial performance,"1,614","ANZSIC06 groups C184, C185, and C189"
2017,Level 4,CC523,"Pharmaceutical, Cleaning and Other Chemical Manufacturing",Dollars (millions),H09,Interest and donations,Financial performance,22,"ANZSIC06 groups C184, C185, and C189"
2017,Level 4,CC523,"Pharmaceutical, Cleaning and Other Chemical Manufacturing",Dollars (millions),H10,Indirect taxes,Financial performance,10,"ANZSIC06 groups C184, C185, and C189"
2017,Level 4,CC523,"Pharmaceutical, Cleaning and Other Chemical Manufacturing",Dollars (millions),H11,Depreciation,Financial performance,33,"ANZSIC06 groups C184, C185, and C189"
2017,Level 4,CC523,"Pharmaceutical, Cleaning and Other Chemical Manufacturing",Dollars (millions),H12,Salaries and wages paid,Financial performance,293,"ANZSIC06 groups C184, C185, and C189"
2017,Level 4,CC523,"Pharmaceutical, Cleaning and Other Chemical Manufacturing",Dollars (millions),H13,Redundancy and severance,Financial performance,1,"ANZSIC06 groups C184, C185, and C189"
2017,Level 4,CC523,"Pharmaceutical, Cleaning and Other Chemical Manufacturing",Dollars (millions),H17,Purchases of goods bought for resale,Financial performance,266,"ANZSIC06 groups C184, C185, and C189"
2017,Level 4,CC523,"Pharmaceutical, Cleaning and Other Chemical Manufacturing",Dollars (millions),H18,Other Purchases and operating expenses,Financial performance,973,"ANZSIC06 groups C184, C185, and C189"
2017,Level 4,CC523,"Pharmaceutical, Cleaning and Other Chemical Manufacturing",Dollars (millions),H20,Non-operating expenses,Financial performance,16,"ANZSIC06 groups C184, C185, and C189"
2017,Level 4,CC523,"Pharmaceutical, Cleaning and Other Chemical Manufacturing",Dollars (millions),H21,Opening stocks,Financial performance,318,"ANZSIC06 groups C184, C185, and C189"
2017,Level 4,CC523,"Pharmaceutical, Cleaning and Other Chemical Manufacturing",Dollars (millions),H22,Closing stocks,Financial performance,315,"ANZSIC06 groups C184, C185, and C189"
2017,Level 4,CC523,"Pharmaceutical, Cleaning and Other Chemical Manufacturing",Dollars (millions),H23,Surplus before income tax,Financial performance,110,"ANZSIC06 groups C184, C185, and C189"
2017,Level 4,CC523,"Pharmaceutical, Cleaning and Other Chemical Manufacturing",Dollars (millions),H24,Total assets,Financial position,"1,647","ANZSIC06 groups C184, C185, and C189"
2017,Level 4,CC523,"Pharmaceutical, Cleaning and Other Chemical Manufacturing",Dollars (millions),H25,Current assets,Financial position,947,"ANZSIC06 groups C184, C185, and C189"
2017,Level 4,CC523,"Pharmaceutical, Cleaning and Other Chemical Manufacturing",Dollars (millions),H26,Fixed tangible assets,Financial position,316,"ANZSIC06 groups C184, C185, and C189"
2017,Level 4,CC523,"Pharmaceutical, Cleaning and Other Chemical Manufacturing",Dollars (millions),H27,Additions to fixed assets,Financial position,62,"ANZSIC06 groups C184, C185, and C189"
2017,Level 4,CC523,"Pharmaceutical, Cleaning and Other Chemical Manufacturing",Dollars (millions),H28,Disposals of fixed assets,Financial position,23,"ANZSIC06 groups C184, C185, and C189"
2017,Level 4,CC523,"Pharmaceutical, Cleaning and Other Chemical Manufacturing",Dollars (millions),H29,Other assets,Financial position,385,"ANZSIC06 groups C184, C185, and C189"
2017,Level 4,CC523,"Pharmaceutical, Cleaning and Other Chemical Manufacturing",Dollars (millions),H30,Total equity and liabilities,Financial position,"1,647","ANZSIC06 groups C184, C185, and C189"
2017,Level 4,CC523,"Pharmaceutical, Cleaning and Other Chemical Manufacturing",Dollars (millions),H31,Shareholders funds or owners equity,Financial position,733,"ANZSIC06 groups C184, C185, and C189"
2017,Level 4,CC523,"Pharmaceutical, Cleaning and Other Chemical Manufacturing",Dollars (millions),H32,Current liabilities,Financial position,667,"ANZSIC06 groups C184, C185, and C189"
2017,Level 4,CC523,"Pharmaceutical, Cleaning and Other Chemical Manufacturing",Dollars (millions),H33,Other liabilities,Financial position,248,"ANZSIC06 groups C184, C185, and C189"
2017,Level 4,CC523,"Pharmaceutical, Cleaning and Other Chemical Manufacturing",Dollars,H34,Total income per employee count,Financial ratios,"377,900","ANZSIC06 groups C184, C185, and C189"
2017,Level 4,CC523,"Pharmaceutical, Cleaning and Other Chemical Manufacturing",Dollars,H35,Surplus per employee count,Financial ratios,"24,100","ANZSIC06 groups C184, C185, and C189"
2017,Level 4,CC523,"Pharmaceutical, Cleaning and Other Chemical Manufacturing",Percentage,H36,Current ratio,Financial ratios,142,"ANZSIC06 groups C184, C185, and C189"
2017,Level 4,CC523,"Pharmaceutical, Cleaning and Other Chemical Manufacturing",Percentage,H37,Quick ratio,Financial ratios,95,"ANZSIC06 groups C184, C185, and C189"
2017,Level 4,CC523,"Pharmaceutical, Cleaning and Other Chemical Manufacturing",Percentage,H38,Margin on sales of goods for resale,Financial ratios,36,"ANZSIC06 groups C184, C185, and C189"
2017,Level 4,CC523,"Pharmaceutical, Cleaning and Other Chemical Manufacturing",Percentage,H39,Return on equity,Financial ratios,15,"ANZSIC06 groups C184, C185, and C189"
2017,Level 4,CC523,"Pharmaceutical, Cleaning and Other Chemical Manufacturing",Percentage,H40,Return on total assets,Financial ratios,7,"ANZSIC06 groups C184, C185, and C189"
2017,Level 4,CC523,"Pharmaceutical, Cleaning and Other Chemical Manufacturing",Percentage,H41,Liabilities structure,Financial ratios,44,"ANZSIC06 groups C184, C185, and C189"
2017,Level 3,CC53,Polymer Product and Rubber Product Manufacturing,Dollars (millions),H01,Total income,Financial performance,"3,679",ANZSIC06 groups C191 and C192
2017,Level 3,CC53,Polymer Product and Rubber Product Manufacturing,Dollars (millions),H02,Sales of goods not further processed,Financial performance,340,ANZSIC06 groups C191 and C192
2017,Level 3,CC53,Polymer Product and Rubber Product Manufacturing,Dollars (millions),H03,Sales of other goods and services,Financial performance,"3,309",ANZSIC06 groups C191 and C192
2017,Level 3,CC53,Polymer Product and Rubber Product Manufacturing,Dollars (millions),H05,"Interest, dividends and donations",Financial performance,13,ANZSIC06 groups C191 and C192
2017,Level 3,CC53,Polymer Product and Rubber Product Manufacturing,Dollars (millions),H06,"Government funding, grants and subsidies",Financial performance,0,ANZSIC06 groups C191 and C192
2017,Level 3,CC53,Polymer Product and Rubber Product Manufacturing,Dollars (millions),H07,Non-operating income,Financial performance,17,ANZSIC06 groups C191 and C192
2017,Level 3,CC53,Polymer Product and Rubber Product Manufacturing,Dollars (millions),H08,Total expenditure,Financial performance,"3,355",ANZSIC06 groups C191 and C192
2017,Level 3,CC53,Polymer Product and Rubber Product Manufacturing,Dollars (millions),H09,Interest and donations,Financial performance,36,ANZSIC06 groups C191 and C192
2017,Level 3,CC53,Polymer Product and Rubber Product Manufacturing,Dollars (millions),H10,Indirect taxes,Financial performance,15,ANZSIC06 groups C191 and C192
2017,Level 3,CC53,Polymer Product and Rubber Product Manufacturing,Dollars (millions),H11,Depreciation,Financial performance,112,ANZSIC06 groups C191 and C192
2017,Level 3,CC53,Polymer Product and Rubber Product Manufacturing,Dollars (millions),H12,Salaries and wages paid,Financial performance,758,ANZSIC06 groups C191 and C192
2017,Level 3,CC53,Polymer Product and Rubber Product Manufacturing,Dollars (millions),H13,Redundancy and severance,Financial performance,1,ANZSIC06 groups C191 and C192
2017,Level 3,CC53,Polymer Product and Rubber Product Manufacturing,Dollars (millions),H17,Purchases of goods bought for resale,Financial performance,199,ANZSIC06 groups C191 and C192
2017,Level 3,CC53,Polymer Product and Rubber Product Manufacturing,Dollars (millions),H18,Other Purchases and operating expenses,Financial performance,"2,167",ANZSIC06 groups C191 and C192
2017,Level 3,CC53,Polymer Product and Rubber Product Manufacturing,Dollars (millions),H20,Non-operating expenses,Financial performance,67,ANZSIC06 groups C191 and C192
2017,Level 3,CC53,Polymer Product and Rubber Product Manufacturing,Dollars (millions),H21,Opening stocks,Financial performance,556,ANZSIC06 groups C191 and C192
2017,Level 3,CC53,Polymer Product and Rubber Product Manufacturing,Dollars (millions),H22,Closing stocks,Financial performance,544,ANZSIC06 groups C191 and C192
2017,Level 3,CC53,Polymer Product and Rubber Product Manufacturing,Dollars (millions),H23,Surplus before income tax,Financial performance,313,ANZSIC06 groups C191 and C192
2017,Level 3,CC53,Polymer Product and Rubber Product Manufacturing,Dollars (millions),H24,Total assets,Financial position,"3,765",ANZSIC06 groups C191 and C192
2017,Level 3,CC53,Polymer Product and Rubber Product Manufacturing,Dollars (millions),H25,Current assets,Financial position,"1,538",ANZSIC06 groups C191 and C192
2017,Level 3,CC53,Polymer Product and Rubber Product Manufacturing,Dollars (millions),H26,Fixed tangible assets,Financial position,868,ANZSIC06 groups C191 and C192
2017,Level 3,CC53,Polymer Product and Rubber Product Manufacturing,Dollars (millions),H27,Additions to fixed assets,Financial position,190,ANZSIC06 groups C191 and C192
2017,Level 3,CC53,Polymer Product and Rubber Product Manufacturing,Dollars (millions),H28,Disposals of fixed assets,Financial position,20,ANZSIC06 groups C191 and C192
2017,Level 3,CC53,Polymer Product and Rubber Product Manufacturing,Dollars (millions),H29,Other assets,Financial position,"1,359",ANZSIC06 groups C191 and C192
2017,Level 3,CC53,Polymer Product and Rubber Product Manufacturing,Dollars (millions),H30,Total equity and liabilities,Financial position,"3,765",ANZSIC06 groups C191 and C192
2017,Level 3,CC53,Polymer Product and Rubber Product Manufacturing,Dollars (millions),H31,Shareholders funds or owners equity,Financial position,"1,632",ANZSIC06 groups C191 and C192
2017,Level 3,CC53,Polymer Product and Rubber Product Manufacturing,Dollars (millions),H32,Current liabilities,Financial position,"1,244",ANZSIC06 groups C191 and C192
2017,Level 3,CC53,Polymer Product and Rubber Product Manufacturing,Dollars (millions),H33,Other liabilities,Financial position,888,ANZSIC06 groups C191 and C192
2017,Level 3,CC53,Polymer Product and Rubber Product Manufacturing,Dollars,H34,Total income per employee count,Financial ratios,"303,800",ANZSIC06 groups C191 and C192
2017,Level 3,CC53,Polymer Product and Rubber Product Manufacturing,Dollars,H35,Surplus per employee count,Financial ratios,"25,800",ANZSIC06 groups C191 and C192
2017,Level 3,CC53,Polymer Product and Rubber Product Manufacturing,Percentage,H36,Current ratio,Financial ratios,124,ANZSIC06 groups C191 and C192
2017,Level 3,CC53,Polymer Product and Rubber Product Manufacturing,Percentage,H37,Quick ratio,Financial ratios,80,ANZSIC06 groups C191 and C192
2017,Level 3,CC53,Polymer Product and Rubber Product Manufacturing,Percentage,H38,Margin on sales of goods for resale,Financial ratios,41,ANZSIC06 groups C191 and C192
2017,Level 3,CC53,Polymer Product and Rubber Product Manufacturing,Percentage,H39,Return on equity,Financial ratios,19,ANZSIC06 groups C191 and C192
2017,Level 3,CC53,Polymer Product and Rubber Product Manufacturing,Percentage,H40,Return on total assets,Financial ratios,8,ANZSIC06 groups C191 and C192
2017,Level 3,CC53,Polymer Product and Rubber Product Manufacturing,Percentage,H41,Liabilities structure,Financial ratios,43,ANZSIC06 groups C191 and C192
2017,Level 4,CC531,Polymer Product and Rubber Product Manufacturing,Dollars (millions),H01,Total income,Financial performance,"3,679",ANZSIC06 groups C191 and C192
2017,Level 4,CC531,Polymer Product and Rubber Product Manufacturing,Dollars (millions),H02,Sales of goods not further processed,Financial performance,340,ANZSIC06 groups C191 and C192
2017,Level 4,CC531,Polymer Product and Rubber Product Manufacturing,Dollars (millions),H03,Sales of other goods and services,Financial performance,"3,309",ANZSIC06 groups C191 and C192
2017,Level 4,CC531,Polymer Product and Rubber Product Manufacturing,Dollars (millions),H05,"Interest, dividends and donations",Financial performance,13,ANZSIC06 groups C191 and C192
2017,Level 4,CC531,Polymer Product and Rubber Product Manufacturing,Dollars (millions),H06,"Government funding, grants and subsidies",Financial performance,0,ANZSIC06 groups C191 and C192
2017,Level 4,CC531,Polymer Product and Rubber Product Manufacturing,Dollars (millions),H07,Non-operating income,Financial performance,17,ANZSIC06 groups C191 and C192
2017,Level 4,CC531,Polymer Product and Rubber Product Manufacturing,Dollars (millions),H08,Total expenditure,Financial performance,"3,355",ANZSIC06 groups C191 and C192
2017,Level 4,CC531,Polymer Product and Rubber Product Manufacturing,Dollars (millions),H09,Interest and donations,Financial performance,36,ANZSIC06 groups C191 and C192
2017,Level 4,CC531,Polymer Product and Rubber Product Manufacturing,Dollars (millions),H10,Indirect taxes,Financial performance,15,ANZSIC06 groups C191 and C192
2017,Level 4,CC531,Polymer Product and Rubber Product Manufacturing,Dollars (millions),H11,Depreciation,Financial performance,112,ANZSIC06 groups C191 and C192
2017,Level 4,CC531,Polymer Product and Rubber Product Manufacturing,Dollars (millions),H12,Salaries and wages paid,Financial performance,758,ANZSIC06 groups C191 and C192
2017,Level 4,CC531,Polymer Product and Rubber Product Manufacturing,Dollars (millions),H13,Redundancy and severance,Financial performance,1,ANZSIC06 groups C191 and C192
2017,Level 4,CC531,Polymer Product and Rubber Product Manufacturing,Dollars (millions),H17,Purchases of goods bought for resale,Financial performance,199,ANZSIC06 groups C191 and C192
2017,Level 4,CC531,Polymer Product and Rubber Product Manufacturing,Dollars (millions),H18,Other Purchases and operating expenses,Financial performance,"2,167",ANZSIC06 groups C191 and C192
2017,Level 4,CC531,Polymer Product and Rubber Product Manufacturing,Dollars (millions),H20,Non-operating expenses,Financial performance,67,ANZSIC06 groups C191 and C192
2017,Level 4,CC531,Polymer Product and Rubber Product Manufacturing,Dollars (millions),H21,Opening stocks,Financial performance,556,ANZSIC06 groups C191 and C192
2017,Level 4,CC531,Polymer Product and Rubber Product Manufacturing,Dollars (millions),H22,Closing stocks,Financial performance,544,ANZSIC06 groups C191 and C192
2017,Level 4,CC531,Polymer Product and Rubber Product Manufacturing,Dollars (millions),H23,Surplus before income tax,Financial performance,313,ANZSIC06 groups C191 and C192
2017,Level 4,CC531,Polymer Product and Rubber Product Manufacturing,Dollars (millions),H24,Total assets,Financial position,"3,765",ANZSIC06 groups C191 and C192
2017,Level 4,CC531,Polymer Product and Rubber Product Manufacturing,Dollars (millions),H25,Current assets,Financial position,"1,538",ANZSIC06 groups C191 and C192
2017,Level 4,CC531,Polymer Product and Rubber Product Manufacturing,Dollars (millions),H26,Fixed tangible assets,Financial position,868,ANZSIC06 groups C191 and C192
2017,Level 4,CC531,Polymer Product and Rubber Product Manufacturing,Dollars (millions),H27,Additions to fixed assets,Financial position,190,ANZSIC06 groups C191 and C192
2017,Level 4,CC531,Polymer Product and Rubber Product Manufacturing,Dollars (millions),H28,Disposals of fixed assets,Financial position,20,ANZSIC06 groups C191 and C192
2017,Level 4,CC531,Polymer Product and Rubber Product Manufacturing,Dollars (millions),H29,Other assets,Financial position,"1,359",ANZSIC06 groups C191 and C192
2017,Level 4,CC531,Polymer Product and Rubber Product Manufacturing,Dollars (millions),H30,Total equity and liabilities,Financial position,"3,765",ANZSIC06 groups C191 and C192
2017,Level 4,CC531,Polymer Product and Rubber Product Manufacturing,Dollars (millions),H31,Shareholders funds or owners equity,Financial position,"1,632",ANZSIC06 groups C191 and C192
2017,Level 4,CC531,Polymer Product and Rubber Product Manufacturing,Dollars (millions),H32,Current liabilities,Financial position,"1,244",ANZSIC06 groups C191 and C192
2017,Level 4,CC531,Polymer Product and Rubber Product Manufacturing,Dollars (millions),H33,Other liabilities,Financial position,888,ANZSIC06 groups C191 and C192
2017,Level 4,CC531,Polymer Product and Rubber Product Manufacturing,Dollars,H34,Total income per employee count,Financial ratios,"303,800",ANZSIC06 groups C191 and C192
2017,Level 4,CC531,Polymer Product and Rubber Product Manufacturing,Dollars,H35,Surplus per employee count,Financial ratios,"25,800",ANZSIC06 groups C191 and C192
2017,Level 4,CC531,Polymer Product and Rubber Product Manufacturing,Percentage,H36,Current ratio,Financial ratios,124,ANZSIC06 groups C191 and C192
2017,Level 4,CC531,Polymer Product and Rubber Product Manufacturing,Percentage,H37,Quick ratio,Financial ratios,80,ANZSIC06 groups C191 and C192
2017,Level 4,CC531,Polymer Product and Rubber Product Manufacturing,Percentage,H38,Margin on sales of goods for resale,Financial ratios,41,ANZSIC06 groups C191 and C192
2017,Level 4,CC531,Polymer Product and Rubber Product Manufacturing,Percentage,H39,Return on equity,Financial ratios,19,ANZSIC06 groups C191 and C192
2017,Level 4,CC531,Polymer Product and Rubber Product Manufacturing,Percentage,H40,Return on total assets,Financial ratios,8,ANZSIC06 groups C191 and C192
2017,Level 4,CC531,Polymer Product and Rubber Product Manufacturing,Percentage,H41,Liabilities structure,Financial ratios,43,ANZSIC06 groups C191 and C192
2017,Level 3,CC61,Non-Metallic Mineral Product Manufacturing,Dollars (millions),H01,Total income,Financial performance,"3,464","ANZSIC06 groups C201, C202, C203, and C209"
2017,Level 3,CC61,Non-Metallic Mineral Product Manufacturing,Dollars (millions),H02,Sales of goods not further processed,Financial performance,409,"ANZSIC06 groups C201, C202, C203, and C209"
2017,Level 3,CC61,Non-Metallic Mineral Product Manufacturing,Dollars (millions),H03,Sales of other goods and services,Financial performance,"3,020","ANZSIC06 groups C201, C202, C203, and C209"
2017,Level 3,CC61,Non-Metallic Mineral Product Manufacturing,Dollars (millions),H05,"Interest, dividends and donations",Financial performance,30,"ANZSIC06 groups C201, C202, C203, and C209"
2017,Level 3,CC61,Non-Metallic Mineral Product Manufacturing,Dollars (millions),H06,"Government funding, grants and subsidies",Financial performance,0,"ANZSIC06 groups C201, C202, C203, and C209"
2017,Level 3,CC61,Non-Metallic Mineral Product Manufacturing,Dollars (millions),H07,Non-operating income,Financial performance,5,"ANZSIC06 groups C201, C202, C203, and C209"
2017,Level 3,CC61,Non-Metallic Mineral Product Manufacturing,Dollars (millions),H08,Total expenditure,Financial performance,"3,090","ANZSIC06 groups C201, C202, C203, and C209"
2017,Level 3,CC61,Non-Metallic Mineral Product Manufacturing,Dollars (millions),H09,Interest and donations,Financial performance,38,"ANZSIC06 groups C201, C202, C203, and C209"
2017,Level 3,CC61,Non-Metallic Mineral Product Manufacturing,Dollars (millions),H10,Indirect taxes,Financial performance,18,"ANZSIC06 groups C201, C202, C203, and C209"
2017,Level 3,CC61,Non-Metallic Mineral Product Manufacturing,Dollars (millions),H11,Depreciation,Financial performance,117,"ANZSIC06 groups C201, C202, C203, and C209"
2017,Level 3,CC61,Non-Metallic Mineral Product Manufacturing,Dollars (millions),H12,Salaries and wages paid,Financial performance,550,"ANZSIC06 groups C201, C202, C203, and C209"
2017,Level 3,CC61,Non-Metallic Mineral Product Manufacturing,Dollars (millions),H13,Redundancy and severance,Financial performance,1,"ANZSIC06 groups C201, C202, C203, and C209"
2017,Level 3,CC61,Non-Metallic Mineral Product Manufacturing,Dollars (millions),H17,Purchases of goods bought for resale,Financial performance,358,"ANZSIC06 groups C201, C202, C203, and C209"
2017,Level 3,CC61,Non-Metallic Mineral Product Manufacturing,Dollars (millions),H18,Other Purchases and operating expenses,Financial performance,"2,001","ANZSIC06 groups C201, C202, C203, and C209"
2017,Level 3,CC61,Non-Metallic Mineral Product Manufacturing,Dollars (millions),H20,Non-operating expenses,Financial performance,9,"ANZSIC06 groups C201, C202, C203, and C209"
2017,Level 3,CC61,Non-Metallic Mineral Product Manufacturing,Dollars (millions),H21,Opening stocks,Financial performance,266,"ANZSIC06 groups C201, C202, C203, and C209"
2017,Level 3,CC61,Non-Metallic Mineral Product Manufacturing,Dollars (millions),H22,Closing stocks,Financial performance,285,"ANZSIC06 groups C201, C202, C203, and C209"
2017,Level 3,CC61,Non-Metallic Mineral Product Manufacturing,Dollars (millions),H23,Surplus before income tax,Financial performance,394,"ANZSIC06 groups C201, C202, C203, and C209"
2017,Level 3,CC61,Non-Metallic Mineral Product Manufacturing,Dollars (millions),H24,Total assets,Financial position,"2,913","ANZSIC06 groups C201, C202, C203, and C209"
2017,Level 3,CC61,Non-Metallic Mineral Product Manufacturing,Dollars (millions),H25,Current assets,Financial position,"1,175","ANZSIC06 groups C201, C202, C203, and C209"
2017,Level 3,CC61,Non-Metallic Mineral Product Manufacturing,Dollars (millions),H26,Fixed tangible assets,Financial position,"1,161","ANZSIC06 groups C201, C202, C203, and C209"
2017,Level 3,CC61,Non-Metallic Mineral Product Manufacturing,Dollars (millions),H27,Additions to fixed assets,Financial position,258,"ANZSIC06 groups C201, C202, C203, and C209"
2017,Level 3,CC61,Non-Metallic Mineral Product Manufacturing,Dollars (millions),H28,Disposals of fixed assets,Financial position,25,"ANZSIC06 groups C201, C202, C203, and C209"
2017,Level 3,CC61,Non-Metallic Mineral Product Manufacturing,Dollars (millions),H29,Other assets,Financial position,577,"ANZSIC06 groups C201, C202, C203, and C209"
2017,Level 3,CC61,Non-Metallic Mineral Product Manufacturing,Dollars (millions),H30,Total equity and liabilities,Financial position,"2,913","ANZSIC06 groups C201, C202, C203, and C209"
2017,Level 3,CC61,Non-Metallic Mineral Product Manufacturing,Dollars (millions),H31,Shareholders funds or owners equity,Financial position,"1,477","ANZSIC06 groups C201, C202, C203, and C209"
2017,Level 3,CC61,Non-Metallic Mineral Product Manufacturing,Dollars (millions),H32,Current liabilities,Financial position,925,"ANZSIC06 groups C201, C202, C203, and C209"
2017,Level 3,CC61,Non-Metallic Mineral Product Manufacturing,Dollars (millions),H33,Other liabilities,Financial position,511,"ANZSIC06 groups C201, C202, C203, and C209"
2017,Level 3,CC61,Non-Metallic Mineral Product Manufacturing,Dollars,H34,Total income per employee count,Financial ratios,"377,700","ANZSIC06 groups C201, C202, C203, and C209"
2017,Level 3,CC61,Non-Metallic Mineral Product Manufacturing,Dollars,H35,Surplus per employee count,Financial ratios,"42,900","ANZSIC06 groups C201, C202, C203, and C209"
2017,Level 3,CC61,Non-Metallic Mineral Product Manufacturing,Percentage,H36,Current ratio,Financial ratios,127,"ANZSIC06 groups C201, C202, C203, and C209"
2017,Level 3,CC61,Non-Metallic Mineral Product Manufacturing,Percentage,H37,Quick ratio,Financial ratios,96,"ANZSIC06 groups C201, C202, C203, and C209"
2017,Level 3,CC61,Non-Metallic Mineral Product Manufacturing,Percentage,H38,Margin on sales of goods for resale,Financial ratios,13,"ANZSIC06 groups C201, C202, C203, and C209"
2017,Level 3,CC61,Non-Metallic Mineral Product Manufacturing,Percentage,H39,Return on equity,Financial ratios,27,"ANZSIC06 groups C201, C202, C203, and C209"
2017,Level 3,CC61,Non-Metallic Mineral Product Manufacturing,Percentage,H40,Return on total assets,Financial ratios,14,"ANZSIC06 groups C201, C202, C203, and C209"
2017,Level 3,CC61,Non-Metallic Mineral Product Manufacturing,Percentage,H41,Liabilities structure,Financial ratios,51,"ANZSIC06 groups C201, C202, C203, and C209"
2017,Level 4,CC611,Non-Metallic Mineral Product Manufacturing,Dollars (millions),H01,Total income,Financial performance,"3,464","ANZSIC06 groups C201, C202, C203, and C209"
2017,Level 4,CC611,Non-Metallic Mineral Product Manufacturing,Dollars (millions),H02,Sales of goods not further processed,Financial performance,409,"ANZSIC06 groups C201, C202, C203, and C209"
2017,Level 4,CC611,Non-Metallic Mineral Product Manufacturing,Dollars (millions),H03,Sales of other goods and services,Financial performance,"3,020","ANZSIC06 groups C201, C202, C203, and C209"
2017,Level 4,CC611,Non-Metallic Mineral Product Manufacturing,Dollars (millions),H05,"Interest, dividends and donations",Financial performance,30,"ANZSIC06 groups C201, C202, C203, and C209"
2017,Level 4,CC611,Non-Metallic Mineral Product Manufacturing,Dollars (millions),H06,"Government funding, grants and subsidies",Financial performance,0,"ANZSIC06 groups C201, C202, C203, and C209"
2017,Level 4,CC611,Non-Metallic Mineral Product Manufacturing,Dollars (millions),H07,Non-operating income,Financial performance,5,"ANZSIC06 groups C201, C202, C203, and C209"
2017,Level 4,CC611,Non-Metallic Mineral Product Manufacturing,Dollars (millions),H08,Total expenditure,Financial performance,"3,090","ANZSIC06 groups C201, C202, C203, and C209"
2017,Level 4,CC611,Non-Metallic Mineral Product Manufacturing,Dollars (millions),H09,Interest and donations,Financial performance,38,"ANZSIC06 groups C201, C202, C203, and C209"
2017,Level 4,CC611,Non-Metallic Mineral Product Manufacturing,Dollars (millions),H10,Indirect taxes,Financial performance,18,"ANZSIC06 groups C201, C202, C203, and C209"
2017,Level 4,CC611,Non-Metallic Mineral Product Manufacturing,Dollars (millions),H11,Depreciation,Financial performance,117,"ANZSIC06 groups C201, C202, C203, and C209"
2017,Level 4,CC611,Non-Metallic Mineral Product Manufacturing,Dollars (millions),H12,Salaries and wages paid,Financial performance,550,"ANZSIC06 groups C201, C202, C203, and C209"
2017,Level 4,CC611,Non-Metallic Mineral Product Manufacturing,Dollars (millions),H13,Redundancy and severance,Financial performance,1,"ANZSIC06 groups C201, C202, C203, and C209"
2017,Level 4,CC611,Non-Metallic Mineral Product Manufacturing,Dollars (millions),H17,Purchases of goods bought for resale,Financial performance,358,"ANZSIC06 groups C201, C202, C203, and C209"
2017,Level 4,CC611,Non-Metallic Mineral Product Manufacturing,Dollars (millions),H18,Other Purchases and operating expenses,Financial performance,"2,001","ANZSIC06 groups C201, C202, C203, and C209"
2017,Level 4,CC611,Non-Metallic Mineral Product Manufacturing,Dollars (millions),H20,Non-operating expenses,Financial performance,9,"ANZSIC06 groups C201, C202, C203, and C209"
2017,Level 4,CC611,Non-Metallic Mineral Product Manufacturing,Dollars (millions),H21,Opening stocks,Financial performance,266,"ANZSIC06 groups C201, C202, C203, and C209"
2017,Level 4,CC611,Non-Metallic Mineral Product Manufacturing,Dollars (millions),H22,Closing stocks,Financial performance,285,"ANZSIC06 groups C201, C202, C203, and C209"
2017,Level 4,CC611,Non-Metallic Mineral Product Manufacturing,Dollars (millions),H23,Surplus before income tax,Financial performance,394,"ANZSIC06 groups C201, C202, C203, and C209"
2017,Level 4,CC611,Non-Metallic Mineral Product Manufacturing,Dollars (millions),H24,Total assets,Financial position,"2,913","ANZSIC06 groups C201, C202, C203, and C209"
2017,Level 4,CC611,Non-Metallic Mineral Product Manufacturing,Dollars (millions),H25,Current assets,Financial position,"1,175","ANZSIC06 groups C201, C202, C203, and C209"
2017,Level 4,CC611,Non-Metallic Mineral Product Manufacturing,Dollars (millions),H26,Fixed tangible assets,Financial position,"1,161","ANZSIC06 groups C201, C202, C203, and C209"
2017,Level 4,CC611,Non-Metallic Mineral Product Manufacturing,Dollars (millions),H27,Additions to fixed assets,Financial position,258,"ANZSIC06 groups C201, C202, C203, and C209"
2017,Level 4,CC611,Non-Metallic Mineral Product Manufacturing,Dollars (millions),H28,Disposals of fixed assets,Financial position,25,"ANZSIC06 groups C201, C202, C203, and C209"
2017,Level 4,CC611,Non-Metallic Mineral Product Manufacturing,Dollars (millions),H29,Other assets,Financial position,577,"ANZSIC06 groups C201, C202, C203, and C209"
2017,Level 4,CC611,Non-Metallic Mineral Product Manufacturing,Dollars (millions),H30,Total equity and liabilities,Financial position,"2,913","ANZSIC06 groups C201, C202, C203, and C209"
2017,Level 4,CC611,Non-Metallic Mineral Product Manufacturing,Dollars (millions),H31,Shareholders funds or owners equity,Financial position,"1,477","ANZSIC06 groups C201, C202, C203, and C209"
2017,Level 4,CC611,Non-Metallic Mineral Product Manufacturing,Dollars (millions),H32,Current liabilities,Financial position,925,"ANZSIC06 groups C201, C202, C203, and C209"
2017,Level 4,CC611,Non-Metallic Mineral Product Manufacturing,Dollars (millions),H33,Other liabilities,Financial position,511,"ANZSIC06 groups C201, C202, C203, and C209"
2017,Level 4,CC611,Non-Metallic Mineral Product Manufacturing,Dollars,H34,Total income per employee count,Financial ratios,"377,700","ANZSIC06 groups C201, C202, C203, and C209"
2017,Level 4,CC611,Non-Metallic Mineral Product Manufacturing,Dollars,H35,Surplus per employee count,Financial ratios,"42,900","ANZSIC06 groups C201, C202, C203, and C209"
2017,Level 4,CC611,Non-Metallic Mineral Product Manufacturing,Percentage,H36,Current ratio,Financial ratios,127,"ANZSIC06 groups C201, C202, C203, and C209"
2017,Level 4,CC611,Non-Metallic Mineral Product Manufacturing,Percentage,H37,Quick ratio,Financial ratios,96,"ANZSIC06 groups C201, C202, C203, and C209"
2017,Level 4,CC611,Non-Metallic Mineral Product Manufacturing,Percentage,H38,Margin on sales of goods for resale,Financial ratios,13,"ANZSIC06 groups C201, C202, C203, and C209"
2017,Level 4,CC611,Non-Metallic Mineral Product Manufacturing,Percentage,H39,Return on equity,Financial ratios,27,"ANZSIC06 groups C201, C202, C203, and C209"
2017,Level 4,CC611,Non-Metallic Mineral Product Manufacturing,Percentage,H40,Return on total assets,Financial ratios,14,"ANZSIC06 groups C201, C202, C203, and C209"
2017,Level 4,CC611,Non-Metallic Mineral Product Manufacturing,Percentage,H41,Liabilities structure,Financial ratios,51,"ANZSIC06 groups C201, C202, C203, and C209"
2017,Level 3,CC71,Primary Metal and Metal Product Manufacturing,Dollars (millions),H01,Total income,Financial performance,"3,396","ANZSIC06 groups C211, C212, C213, and C214"
2017,Level 3,CC71,Primary Metal and Metal Product Manufacturing,Dollars (millions),H02,Sales of goods not further processed,Financial performance,C,"ANZSIC06 groups C211, C212, C213, and C214"
2017,Level 3,CC71,Primary Metal and Metal Product Manufacturing,Dollars (millions),H03,Sales of other goods and services,Financial performance,"3,147","ANZSIC06 groups C211, C212, C213, and C214"
2017,Level 3,CC71,Primary Metal and Metal Product Manufacturing,Dollars (millions),H05,"Interest, dividends and donations",Financial performance,C,"ANZSIC06 groups C211, C212, C213, and C214"
2017,Level 3,CC71,Primary Metal and Metal Product Manufacturing,Dollars (millions),H06,"Government funding, grants and subsidies",Financial performance,C,"ANZSIC06 groups C211, C212, C213, and C214"
2017,Level 3,CC71,Primary Metal and Metal Product Manufacturing,Dollars (millions),H07,Non-operating income,Financial performance,C,"ANZSIC06 groups C211, C212, C213, and C214"
2017,Level 3,CC71,Primary Metal and Metal Product Manufacturing,Dollars (millions),H08,Total expenditure,Financial performance,"3,214","ANZSIC06 groups C211, C212, C213, and C214"
2017,Level 3,CC71,Primary Metal and Metal Product Manufacturing,Dollars (millions),H09,Interest and donations,Financial performance,62,"ANZSIC06 groups C211, C212, C213, and C214"
2017,Level 3,CC71,Primary Metal and Metal Product Manufacturing,Dollars (millions),H10,Indirect taxes,Financial performance,3,"ANZSIC06 groups C211, C212, C213, and C214"
2017,Level 3,CC71,Primary Metal and Metal Product Manufacturing,Dollars (millions),H11,Depreciation,Financial performance,119,"ANZSIC06 groups C211, C212, C213, and C214"
2017,Level 3,CC71,Primary Metal and Metal Product Manufacturing,Dollars (millions),H12,Salaries and wages paid,Financial performance,430,"ANZSIC06 groups C211, C212, C213, and C214"
2017,Level 3,CC71,Primary Metal and Metal Product Manufacturing,Dollars (millions),H13,Redundancy and severance,Financial performance,C,"ANZSIC06 groups C211, C212, C213, and C214"
2017,Level 3,CC71,Primary Metal and Metal Product Manufacturing,Dollars (millions),H17,Purchases of goods bought for resale,Financial performance,C,"ANZSIC06 groups C211, C212, C213, and C214"
2017,Level 3,CC71,Primary Metal and Metal Product Manufacturing,Dollars (millions),H18,Other Purchases and operating expenses,Financial performance,"2,502","ANZSIC06 groups C211, C212, C213, and C214"
2017,Level 3,CC71,Primary Metal and Metal Product Manufacturing,Dollars (millions),H20,Non-operating expenses,Financial performance,C,"ANZSIC06 groups C211, C212, C213, and C214"
2017,Level 3,CC71,Primary Metal and Metal Product Manufacturing,Dollars (millions),H21,Opening stocks,Financial performance,419,"ANZSIC06 groups C211, C212, C213, and C214"
