Year,Industry_aggregation_NZSIOC,Industry_code_NZSIOC,Industry_name_NZSIOC,Units,Variable_code,Variable_name,Variable_category,Value,Industry_code_ANZSIC06
2017,Level 4,RS113,Gambling Activities,Dollars (millions),H30,Total equity and liabilities,Financial position,"1,771",ANZSIC06 group R920
2017,Level 4,RS113,Gambling Activities,Dollars (millions),H31,Shareholders funds or owners equity,Financial position,C,ANZSIC06 group R920
2017,Level 4,RS113,Gambling Activities,Dollars (millions),H32,Current liabilities,Financial position,C,ANZSIC06 group R920
2017,Level 4,RS113,Gambling Activities,Dollars (millions),H33,Other liabilities,Financial position,110,ANZSIC06 group R920
2017,Level 4,RS113,Gambling Activities,Dollars,H34,Total income per employee count,Financial ratios,"750,900",ANZSIC06 group R920
2017,Level 4,RS113,Gambling Activities,Dollars,H35,Surplus per employee count,Financial ratios,"111,100",ANZSIC06 group R920
2017,Level 4,RS113,Gambling Activities,Percentage,H36,Current ratio,Financial ratios,C,ANZSIC06 group R920
2017,Level 4,RS113,Gambling Activities,Percentage,H37,Quick ratio,Financial ratios,C,ANZSIC06 group R920
2017,Level 4,RS113,Gambling Activities,Percentage,H39,Return on equity,Financial ratios,C,ANZSIC06 group R920
2017,Level 4,RS113,Gambling Activities,Percentage,H40,Return on total assets,Financial ratios,36,ANZSIC06 group R920
2017,Level 4,RS113,Gambling Activities,Percentage,H41,Liabilities structure,Financial ratios,C,ANZSIC06 group R920
2017,Level 3,RS21,Other Services,Dollars (millions),H01,Total income,Financial performance,"10,491","ANZSIC06 division S (excluding classes S9540, S9601, S9602, and S9603)"
2017,Level 3,RS21,Other Services,Dollars (millions),H04,"Sales, government funding, grants and subsidies",Financial performance,"9,045","ANZSIC06 division S (excluding classes S9540, S9601, S9602, and S9603)"
2017,Level 3,RS21,Other Services,Dollars (millions),H05,"Interest, dividends and donations",Financial performance,"1,059","ANZSIC06 division S (excluding classes S9540, S9601, S9602, and S9603)"
2017,Level 3,RS21,Other Services,Dollars (millions),H07,Non-operating income,Financial performance,387,"ANZSIC06 division S (excluding classes S9540, S9601, S9602, and S9603)"
2017,Level 3,RS21,Other Services,Dollars (millions),H08,Total expenditure,Financial performance,"9,373","ANZSIC06 division S (excluding classes S9540, S9601, S9602, and S9603)"
2017,Level 3,RS21,Other Services,Dollars (millions),H09,Interest and donations,Financial performance,341,"ANZSIC06 division S (excluding classes S9540, S9601, S9602, and S9603)"
2017,Level 3,RS21,Other Services,Dollars (millions),H10,Indirect taxes,Financial performance,41,"ANZSIC06 division S (excluding classes S9540, S9601, S9602, and S9603)"
2017,Level 3,RS21,Other Services,Dollars (millions),H11,Depreciation,Financial performance,247,"ANZSIC06 division S (excluding classes S9540, S9601, S9602, and S9603)"
2017,Level 3,RS21,Other Services,Dollars (millions),H12,Salaries and wages paid,Financial performance,"2,962","ANZSIC06 division S (excluding classes S9540, S9601, S9602, and S9603)"
2017,Level 3,RS21,Other Services,Dollars (millions),H13,Redundancy and severance,Financial performance,C,"ANZSIC06 division S (excluding classes S9540, S9601, S9602, and S9603)"
2017,Level 3,RS21,Other Services,Dollars (millions),H19,Purchases and other operating expenses,Financial performance,"5,703","ANZSIC06 division S (excluding classes S9540, S9601, S9602, and S9603)"
2017,Level 3,RS21,Other Services,Dollars (millions),H20,Non-operating expenses,Financial performance,79,"ANZSIC06 division S (excluding classes S9540, S9601, S9602, and S9603)"
2017,Level 3,RS21,Other Services,Dollars (millions),H21,Opening stocks,Financial performance,349,"ANZSIC06 division S (excluding classes S9540, S9601, S9602, and S9603)"
2017,Level 3,RS21,Other Services,Dollars (millions),H22,Closing stocks,Financial performance,376,"ANZSIC06 division S (excluding classes S9540, S9601, S9602, and S9603)"
2017,Level 3,RS21,Other Services,Dollars (millions),H23,Surplus before income tax,Financial performance,"1,145","ANZSIC06 division S (excluding classes S9540, S9601, S9602, and S9603)"
2017,Level 3,RS21,Other Services,Dollars (millions),H24,Total assets,Financial position,"13,340","ANZSIC06 division S (excluding classes S9540, S9601, S9602, and S9603)"
2017,Level 3,RS21,Other Services,Dollars (millions),H25,Current assets,Financial position,"5,281","ANZSIC06 division S (excluding classes S9540, S9601, S9602, and S9603)"
2017,Level 3,RS21,Other Services,Dollars (millions),H26,Fixed tangible assets,Financial position,"3,615","ANZSIC06 division S (excluding classes S9540, S9601, S9602, and S9603)"
2017,Level 3,RS21,Other Services,Dollars (millions),H27,Additions to fixed assets,Financial position,606,"ANZSIC06 division S (excluding classes S9540, S9601, S9602, and S9603)"
2017,Level 3,RS21,Other Services,Dollars (millions),H28,Disposals of fixed assets,Financial position,223,"ANZSIC06 division S (excluding classes S9540, S9601, S9602, and S9603)"
2017,Level 3,RS21,Other Services,Dollars (millions),H29,Other assets,Financial position,"4,443","ANZSIC06 division S (excluding classes S9540, S9601, S9602, and S9603)"
2017,Level 3,RS21,Other Services,Dollars (millions),H30,Total equity and liabilities,Financial position,"13,340","ANZSIC06 division S (excluding classes S9540, S9601, S9602, and S9603)"
2017,Level 3,RS21,Other Services,Dollars (millions),H31,Shareholders funds or owners equity,Financial position,"9,354","ANZSIC06 division S (excluding classes S9540, S9601, S9602, and S9603)"
2017,Level 3,RS21,Other Services,Dollars (millions),H32,Current liabilities,Financial position,"2,709","ANZSIC06 division S (excluding classes S9540, S9601, S9602, and S9603)"
2017,Level 3,RS21,Other Services,Dollars (millions),H33,Other liabilities,Financial position,"1,277","ANZSIC06 division S (excluding classes S9540, S9601, S9602, and S9603)"
2017,Level 3,RS21,Other Services,Dollars,H34,Total income per employee count,Financial ratios,"172,500","ANZSIC06 division S (excluding classes S9540, S9601, S9602, and S9603)"
2017,Level 3,RS21,Other Services,Dollars,H35,Surplus per employee count,Financial ratios,"18,800","ANZSIC06 division S (excluding classes S9540, S9601, S9602, and S9603)"
2017,Level 3,RS21,Other Services,Percentage,H36,Current ratio,Financial ratios,195,"ANZSIC06 division S (excluding classes S9540, S9601, S9602, and S9603)"
2017,Level 3,RS21,Other Services,Percentage,H37,Quick ratio,Financial ratios,181,"ANZSIC06 division S (excluding classes S9540, S9601, S9602, and S9603)"
2017,Level 3,RS21,Other Services,Percentage,H39,Return on equity,Financial ratios,12,"ANZSIC06 division S (excluding classes S9540, S9601, S9602, and S9603)"
2017,Level 3,RS21,Other Services,Percentage,H40,Return on total assets,Financial ratios,9,"ANZSIC06 division S (excluding classes S9540, S9601, S9602, and S9603)"
2017,Level 3,RS21,Other Services,Percentage,H41,Liabilities structure,Financial ratios,70,"ANZSIC06 division S (excluding classes S9540, S9601, S9602, and S9603)"
2017,Level 4,RS211,Repair and Maintenance,Dollars (millions),H01,Total income,Financial performance,"5,482","ANZSIC06 groups S941, S942, and S949"
2017,Level 4,RS211,Repair and Maintenance,Dollars (millions),H04,"Sales, government funding, grants and subsidies",Financial performance,"5,455","ANZSIC06 groups S941, S942, and S949"
2017,Level 4,RS211,Repair and Maintenance,Dollars (millions),H05,"Interest, dividends and donations",Financial performance,10,"ANZSIC06 groups S941, S942, and S949"
2017,Level 4,RS211,Repair and Maintenance,Dollars (millions),H07,Non-operating income,Financial performance,18,"ANZSIC06 groups S941, S942, and S949"
2017,Level 4,RS211,Repair and Maintenance,Dollars (millions),H08,Total expenditure,Financial performance,"5,033","ANZSIC06 groups S941, S942, and S949"
2017,Level 4,RS211,Repair and Maintenance,Dollars (millions),H09,Interest and donations,Financial performance,46,"ANZSIC06 groups S941, S942, and S949"
2017,Level 4,RS211,Repair and Maintenance,Dollars (millions),H10,Indirect taxes,Financial performance,21,"ANZSIC06 groups S941, S942, and S949"
2017,Level 4,RS211,Repair and Maintenance,Dollars (millions),H11,Depreciation,Financial performance,109,"ANZSIC06 groups S941, S942, and S949"
2017,Level 4,RS211,Repair and Maintenance,Dollars (millions),H12,Salaries and wages paid,Financial performance,"1,499","ANZSIC06 groups S941, S942, and S949"
2017,Level 4,RS211,Repair and Maintenance,Dollars (millions),H13,Redundancy and severance,Financial performance,0,"ANZSIC06 groups S941, S942, and S949"
2017,Level 4,RS211,Repair and Maintenance,Dollars (millions),H19,Purchases and other operating expenses,Financial performance,"3,337","ANZSIC06 groups S941, S942, and S949"
2017,Level 4,RS211,Repair and Maintenance,Dollars (millions),H20,Non-operating expenses,Financial performance,20,"ANZSIC06 groups S941, S942, and S949"
2017,Level 4,RS211,Repair and Maintenance,Dollars (millions),H21,Opening stocks,Financial performance,271,"ANZSIC06 groups S941, S942, and S949"
2017,Level 4,RS211,Repair and Maintenance,Dollars (millions),H22,Closing stocks,Financial performance,291,"ANZSIC06 groups S941, S942, and S949"
2017,Level 4,RS211,Repair and Maintenance,Dollars (millions),H23,Surplus before income tax,Financial performance,469,"ANZSIC06 groups S941, S942, and S949"
2017,Level 4,RS211,Repair and Maintenance,Dollars (millions),H24,Total assets,Financial position,"2,656","ANZSIC06 groups S941, S942, and S949"
2017,Level 4,RS211,Repair and Maintenance,Dollars (millions),H25,Current assets,Financial position,"1,413","ANZSIC06 groups S941, S942, and S949"
2017,Level 4,RS211,Repair and Maintenance,Dollars (millions),H26,Fixed tangible assets,Financial position,886,"ANZSIC06 groups S941, S942, and S949"
2017,Level 4,RS211,Repair and Maintenance,Dollars (millions),H27,Additions to fixed assets,Financial position,277,"ANZSIC06 groups S941, S942, and S949"
2017,Level 4,RS211,Repair and Maintenance,Dollars (millions),H28,Disposals of fixed assets,Financial position,113,"ANZSIC06 groups S941, S942, and S949"
2017,Level 4,RS211,Repair and Maintenance,Dollars (millions),H29,Other assets,Financial position,357,"ANZSIC06 groups S941, S942, and S949"
2017,Level 4,RS211,Repair and Maintenance,Dollars (millions),H30,Total equity and liabilities,Financial position,"2,657","ANZSIC06 groups S941, S942, and S949"
2017,Level 4,RS211,Repair and Maintenance,Dollars (millions),H31,Shareholders funds or owners equity,Financial position,904,"ANZSIC06 groups S941, S942, and S949"
2017,Level 4,RS211,Repair and Maintenance,Dollars (millions),H32,Current liabilities,Financial position,"1,193","ANZSIC06 groups S941, S942, and S949"
2017,Level 4,RS211,Repair and Maintenance,Dollars (millions),H33,Other liabilities,Financial position,560,"ANZSIC06 groups S941, S942, and S949"
2017,Level 4,RS211,Repair and Maintenance,Dollars,H34,Total income per employee count,Financial ratios,"202,900","ANZSIC06 groups S941, S942, and S949"
2017,Level 4,RS211,Repair and Maintenance,Dollars,H35,Surplus per employee count,Financial ratios,"17,400","ANZSIC06 groups S941, S942, and S949"
2017,Level 4,RS211,Repair and Maintenance,Percentage,H36,Current ratio,Financial ratios,118,"ANZSIC06 groups S941, S942, and S949"
2017,Level 4,RS211,Repair and Maintenance,Percentage,H37,Quick ratio,Financial ratios,94,"ANZSIC06 groups S941, S942, and S949"
2017,Level 4,RS211,Repair and Maintenance,Percentage,H39,Return on equity,Financial ratios,52,"ANZSIC06 groups S941, S942, and S949"
2017,Level 4,RS211,Repair and Maintenance,Percentage,H40,Return on total assets,Financial ratios,18,"ANZSIC06 groups S941, S942, and S949"
2017,Level 4,RS211,Repair and Maintenance,Percentage,H41,Liabilities structure,Financial ratios,34,"ANZSIC06 groups S941, S942, and S949"
2017,Level 4,RS212,"Personal Care, Funeral and Other Personal Services",Dollars (millions),H01,Total income,Financial performance,"2,103","ANZSIC06 groups S951, S952, and S953"
2017,Level 4,RS212,"Personal Care, Funeral and Other Personal Services",Dollars (millions),H04,"Sales, government funding, grants and subsidies",Financial performance,"2,089","ANZSIC06 groups S951, S952, and S953"
2017,Level 4,RS212,"Personal Care, Funeral and Other Personal Services",Dollars (millions),H05,"Interest, dividends and donations",Financial performance,5,"ANZSIC06 groups S951, S952, and S953"
2017,Level 4,RS212,"Personal Care, Funeral and Other Personal Services",Dollars (millions),H07,Non-operating income,Financial performance,10,"ANZSIC06 groups S951, S952, and S953"
2017,Level 4,RS212,"Personal Care, Funeral and Other Personal Services",Dollars (millions),H08,Total expenditure,Financial performance,"1,876","ANZSIC06 groups S951, S952, and S953"
2017,Level 4,RS212,"Personal Care, Funeral and Other Personal Services",Dollars (millions),H09,Interest and donations,Financial performance,37,"ANZSIC06 groups S951, S952, and S953"
2017,Level 4,RS212,"Personal Care, Funeral and Other Personal Services",Dollars (millions),H10,Indirect taxes,Financial performance,15,"ANZSIC06 groups S951, S952, and S953"
2017,Level 4,RS212,"Personal Care, Funeral and Other Personal Services",Dollars (millions),H11,Depreciation,Financial performance,93,"ANZSIC06 groups S951, S952, and S953"
2017,Level 4,RS212,"Personal Care, Funeral and Other Personal Services",Dollars (millions),H12,Salaries and wages paid,Financial performance,720,"ANZSIC06 groups S951, S952, and S953"
2017,Level 4,RS212,"Personal Care, Funeral and Other Personal Services",Dollars (millions),H13,Redundancy and severance,Financial performance,0,"ANZSIC06 groups S951, S952, and S953"
2017,Level 4,RS212,"Personal Care, Funeral and Other Personal Services",Dollars (millions),H19,Purchases and other operating expenses,Financial performance,996,"ANZSIC06 groups S951, S952, and S953"
2017,Level 4,RS212,"Personal Care, Funeral and Other Personal Services",Dollars (millions),H20,Non-operating expenses,Financial performance,14,"ANZSIC06 groups S951, S952, and S953"
2017,Level 4,RS212,"Personal Care, Funeral and Other Personal Services",Dollars (millions),H21,Opening stocks,Financial performance,59,"ANZSIC06 groups S951, S952, and S953"
2017,Level 4,RS212,"Personal Care, Funeral and Other Personal Services",Dollars (millions),H22,Closing stocks,Financial performance,61,"ANZSIC06 groups S951, S952, and S953"
2017,Level 4,RS212,"Personal Care, Funeral and Other Personal Services",Dollars (millions),H23,Surplus before income tax,Financial performance,230,"ANZSIC06 groups S951, S952, and S953"
2017,Level 4,RS212,"Personal Care, Funeral and Other Personal Services",Dollars (millions),H24,Total assets,Financial position,"1,620","ANZSIC06 groups S951, S952, and S953"
2017,Level 4,RS212,"Personal Care, Funeral and Other Personal Services",Dollars (millions),H25,Current assets,Financial position,476,"ANZSIC06 groups S951, S952, and S953"
2017,Level 4,RS212,"Personal Care, Funeral and Other Personal Services",Dollars (millions),H26,Fixed tangible assets,Financial position,771,"ANZSIC06 groups S951, S952, and S953"
2017,Level 4,RS212,"Personal Care, Funeral and Other Personal Services",Dollars (millions),H27,Additions to fixed assets,Financial position,229,"ANZSIC06 groups S951, S952, and S953"
2017,Level 4,RS212,"Personal Care, Funeral and Other Personal Services",Dollars (millions),H28,Disposals of fixed assets,Financial position,80,"ANZSIC06 groups S951, S952, and S953"
2017,Level 4,RS212,"Personal Care, Funeral and Other Personal Services",Dollars (millions),H29,Other assets,Financial position,374,"ANZSIC06 groups S951, S952, and S953"
2017,Level 4,RS212,"Personal Care, Funeral and Other Personal Services",Dollars (millions),H30,Total equity and liabilities,Financial position,"1,620","ANZSIC06 groups S951, S952, and S953"
2017,Level 4,RS212,"Personal Care, Funeral and Other Personal Services",Dollars (millions),H31,Shareholders funds or owners equity,Financial position,500,"ANZSIC06 groups S951, S952, and S953"
2017,Level 4,RS212,"Personal Care, Funeral and Other Personal Services",Dollars (millions),H32,Current liabilities,Financial position,537,"ANZSIC06 groups S951, S952, and S953"
2017,Level 4,RS212,"Personal Care, Funeral and Other Personal Services",Dollars (millions),H33,Other liabilities,Financial position,583,"ANZSIC06 groups S951, S952, and S953"
2017,Level 4,RS212,"Personal Care, Funeral and Other Personal Services",Dollars,H34,Total income per employee count,Financial ratios,"113,200","ANZSIC06 groups S951, S952, and S953"
2017,Level 4,RS212,"Personal Care, Funeral and Other Personal Services",Dollars,H35,Surplus per employee count,Financial ratios,"12,400","ANZSIC06 groups S951, S952, and S953"
2017,Level 4,RS212,"Personal Care, Funeral and Other Personal Services",Percentage,H36,Current ratio,Financial ratios,89,"ANZSIC06 groups S951, S952, and S953"
2017,Level 4,RS212,"Personal Care, Funeral and Other Personal Services",Percentage,H37,Quick ratio,Financial ratios,77,"ANZSIC06 groups S951, S952, and S953"
2017,Level 4,RS212,"Personal Care, Funeral and Other Personal Services",Percentage,H39,Return on equity,Financial ratios,46,"ANZSIC06 groups S951, S952, and S953"
2017,Level 4,RS212,"Personal Care, Funeral and Other Personal Services",Percentage,H40,Return on total assets,Financial ratios,14,"ANZSIC06 groups S951, S952, and S953"
2017,Level 4,RS212,"Personal Care, Funeral and Other Personal Services",Percentage,H41,Liabilities structure,Financial ratios,31,"ANZSIC06 groups S951, S952, and S953"
2017,Level 4,RS214,"Civil, Professional and Other Interest Groups",Dollars (millions),H01,Total income,Financial performance,"2,905",ANZSIC06 group S955
2017,Level 4,RS214,"Civil, Professional and Other Interest Groups",Dollars (millions),H04,"Sales, government funding, grants and subsidies",Financial performance,"1,501",ANZSIC06 group S955
2017,Level 4,RS214,"Civil, Professional and Other Interest Groups",Dollars (millions),H05,"Interest, dividends and donations",Financial performance,"1,045",ANZSIC06 group S955
2017,Level 4,RS214,"Civil, Professional and Other Interest Groups",Dollars (millions),H07,Non-operating income,Financial performance,359,ANZSIC06 group S955
2017,Level 4,RS214,"Civil, Professional and Other Interest Groups",Dollars (millions),H08,Total expenditure,Financial performance,"2,464",ANZSIC06 group S955
2017,Level 4,RS214,"Civil, Professional and Other Interest Groups",Dollars (millions),H09,Interest and donations,Financial performance,257,ANZSIC06 group S955
2017,Level 4,RS214,"Civil, Professional and Other Interest Groups",Dollars (millions),H10,Indirect taxes,Financial performance,5,ANZSIC06 group S955
2017,Level 4,RS214,"Civil, Professional and Other Interest Groups",Dollars (millions),H11,Depreciation,Financial performance,45,ANZSIC06 group S955
2017,Level 4,RS214,"Civil, Professional and Other Interest Groups",Dollars (millions),H12,Salaries and wages paid,Financial performance,743,ANZSIC06 group S955
2017,Level 4,RS214,"Civil, Professional and Other Interest Groups",Dollars (millions),H13,Redundancy and severance,Financial performance,C,ANZSIC06 group S955
2017,Level 4,RS214,"Civil, Professional and Other Interest Groups",Dollars (millions),H19,Purchases and other operating expenses,Financial performance,"1,370",ANZSIC06 group S955
2017,Level 4,RS214,"Civil, Professional and Other Interest Groups",Dollars (millions),H20,Non-operating expenses,Financial performance,45,ANZSIC06 group S955
2017,Level 4,RS214,"Civil, Professional and Other Interest Groups",Dollars (millions),H21,Opening stocks,Financial performance,20,ANZSIC06 group S955
2017,Level 4,RS214,"Civil, Professional and Other Interest Groups",Dollars (millions),H22,Closing stocks,Financial performance,24,ANZSIC06 group S955
2017,Level 4,RS214,"Civil, Professional and Other Interest Groups",Dollars (millions),H23,Surplus before income tax,Financial performance,445,ANZSIC06 group S955
2017,Level 4,RS214,"Civil, Professional and Other Interest Groups",Dollars (millions),H24,Total assets,Financial position,"9,063",ANZSIC06 group S955
2017,Level 4,RS214,"Civil, Professional and Other Interest Groups",Dollars (millions),H25,Current assets,Financial position,"3,392",ANZSIC06 group S955
2017,Level 4,RS214,"Civil, Professional and Other Interest Groups",Dollars (millions),H26,Fixed tangible assets,Financial position,"1,958",ANZSIC06 group S955
2017,Level 4,RS214,"Civil, Professional and Other Interest Groups",Dollars (millions),H27,Additions to fixed assets,Financial position,100,ANZSIC06 group S955
2017,Level 4,RS214,"Civil, Professional and Other Interest Groups",Dollars (millions),H28,Disposals of fixed assets,Financial position,30,ANZSIC06 group S955
2017,Level 4,RS214,"Civil, Professional and Other Interest Groups",Dollars (millions),H29,Other assets,Financial position,"3,713",ANZSIC06 group S955
2017,Level 4,RS214,"Civil, Professional and Other Interest Groups",Dollars (millions),H30,Total equity and liabilities,Financial position,"9,063",ANZSIC06 group S955
2017,Level 4,RS214,"Civil, Professional and Other Interest Groups",Dollars (millions),H31,Shareholders funds or owners equity,Financial position,"7,950",ANZSIC06 group S955
2017,Level 4,RS214,"Civil, Professional and Other Interest Groups",Dollars (millions),H32,Current liabilities,Financial position,979,ANZSIC06 group S955
2017,Level 4,RS214,"Civil, Professional and Other Interest Groups",Dollars (millions),H33,Other liabilities,Financial position,134,ANZSIC06 group S955
2017,Level 4,RS214,"Civil, Professional and Other Interest Groups",Dollars,H34,Total income per employee count,Financial ratios,"191,200",ANZSIC06 group S955
2017,Level 4,RS214,"Civil, Professional and Other Interest Groups",Dollars,H35,Surplus per employee count,Financial ratios,"29,300",ANZSIC06 group S955
2017,Level 4,RS214,"Civil, Professional and Other Interest Groups",Percentage,H36,Current ratio,Financial ratios,346,ANZSIC06 group S955
2017,Level 4,RS214,"Civil, Professional and Other Interest Groups",Percentage,H37,Quick ratio,Financial ratios,344,ANZSIC06 group S955
2017,Level 4,RS214,"Civil, Professional and Other Interest Groups",Percentage,H39,Return on equity,Financial ratios,6,ANZSIC06 group S955
2017,Level 4,RS214,"Civil, Professional and Other Interest Groups",Percentage,H40,Return on total assets,Financial ratios,5,ANZSIC06 group S955
2017,Level 4,RS214,"Civil, Professional and Other Interest Groups",Percentage,H41,Liabilities structure,Financial ratios,88,ANZSIC06 group S955
2017,Level 3,ZZ11,Food Product Manufacturing,Dollars (millions),H01,Total income,Financial performance,"40,843","ANZSIC06 groups C111, C112, C113, C114, C115, C116, C117, C118, and C119"
2017,Level 3,ZZ11,Food Product Manufacturing,Dollars (millions),H02,Sales of goods not further processed,Financial performance,"1,831","ANZSIC06 groups C111, C112, C113, C114, C115, C116, C117, C118, and C119"
2017,Level 3,ZZ11,Food Product Manufacturing,Dollars (millions),H03,Sales of other goods and services,Financial performance,"38,062","ANZSIC06 groups C111, C112, C113, C114, C115, C116, C117, C118, and C119"
2017,Level 3,ZZ11,Food Product Manufacturing,Dollars (millions),H05,"Interest, dividends and donations",Financial performance,C,"ANZSIC06 groups C111, C112, C113, C114, C115, C116, C117, C118, and C119"
2017,Level 3,ZZ11,Food Product Manufacturing,Dollars (millions),H06,"Government funding, grants and subsidies",Financial performance,2,"ANZSIC06 groups C111, C112, C113, C114, C115, C116, C117, C118, and C119"
2017,Level 3,ZZ11,Food Product Manufacturing,Dollars (millions),H07,Non-operating income,Financial performance,C,"ANZSIC06 groups C111, C112, C113, C114, C115, C116, C117, C118, and C119"
2017,Level 3,ZZ11,Food Product Manufacturing,Dollars (millions),H08,Total expenditure,Financial performance,"38,705","ANZSIC06 groups C111, C112, C113, C114, C115, C116, C117, C118, and C119"
2017,Level 3,ZZ11,Food Product Manufacturing,Dollars (millions),H09,Interest and donations,Financial performance,206,"ANZSIC06 groups C111, C112, C113, C114, C115, C116, C117, C118, and C119"
2017,Level 3,ZZ11,Food Product Manufacturing,Dollars (millions),H10,Indirect taxes,Financial performance,117,"ANZSIC06 groups C111, C112, C113, C114, C115, C116, C117, C118, and C119"
2017,Level 3,ZZ11,Food Product Manufacturing,Dollars (millions),H11,Depreciation,Financial performance,909,"ANZSIC06 groups C111, C112, C113, C114, C115, C116, C117, C118, and C119"
2017,Level 3,ZZ11,Food Product Manufacturing,Dollars (millions),H12,Salaries and wages paid,Financial performance,"4,552","ANZSIC06 groups C111, C112, C113, C114, C115, C116, C117, C118, and C119"
2017,Level 3,ZZ11,Food Product Manufacturing,Dollars (millions),H13,Redundancy and severance,Financial performance,11,"ANZSIC06 groups C111, C112, C113, C114, C115, C116, C117, C118, and C119"
2017,Level 3,ZZ11,Food Product Manufacturing,Dollars (millions),H17,Purchases of goods bought for resale,Financial performance,"1,294","ANZSIC06 groups C111, C112, C113, C114, C115, C116, C117, C118, and C119"
2017,Level 3,ZZ11,Food Product Manufacturing,Dollars (millions),H18,Other Purchases and operating expenses,Financial performance,"31,487","ANZSIC06 groups C111, C112, C113, C114, C115, C116, C117, C118, and C119"
2017,Level 3,ZZ11,Food Product Manufacturing,Dollars (millions),H20,Non-operating expenses,Financial performance,140,"ANZSIC06 groups C111, C112, C113, C114, C115, C116, C117, C118, and C119"
2017,Level 3,ZZ11,Food Product Manufacturing,Dollars (millions),H21,Opening stocks,Financial performance,"3,936","ANZSIC06 groups C111, C112, C113, C114, C115, C116, C117, C118, and C119"
2017,Level 3,ZZ11,Food Product Manufacturing,Dollars (millions),H22,Closing stocks,Financial performance,"4,158","ANZSIC06 groups C111, C112, C113, C114, C115, C116, C117, C118, and C119"
2017,Level 3,ZZ11,Food Product Manufacturing,Dollars (millions),H23,Surplus before income tax,Financial performance,"2,361","ANZSIC06 groups C111, C112, C113, C114, C115, C116, C117, C118, and C119"
2017,Level 3,ZZ11,Food Product Manufacturing,Dollars (millions),H24,Total assets,Financial position,"28,371","ANZSIC06 groups C111, C112, C113, C114, C115, C116, C117, C118, and C119"
2017,Level 3,ZZ11,Food Product Manufacturing,Dollars (millions),H25,Current assets,Financial position,"11,175","ANZSIC06 groups C111, C112, C113, C114, C115, C116, C117, C118, and C119"
2017,Level 3,ZZ11,Food Product Manufacturing,Dollars (millions),H26,Fixed tangible assets,Financial position,"11,108","ANZSIC06 groups C111, C112, C113, C114, C115, C116, C117, C118, and C119"
2017,Level 3,ZZ11,Food Product Manufacturing,Dollars (millions),H27,Additions to fixed assets,Financial position,"1,560","ANZSIC06 groups C111, C112, C113, C114, C115, C116, C117, C118, and C119"
2017,Level 3,ZZ11,Food Product Manufacturing,Dollars (millions),H28,Disposals of fixed assets,Financial position,191,"ANZSIC06 groups C111, C112, C113, C114, C115, C116, C117, C118, and C119"
2017,Level 3,ZZ11,Food Product Manufacturing,Dollars (millions),H29,Other assets,Financial position,"6,089","ANZSIC06 groups C111, C112, C113, C114, C115, C116, C117, C118, and C119"
2017,Level 3,ZZ11,Food Product Manufacturing,Dollars (millions),H30,Total equity and liabilities,Financial position,"28,371","ANZSIC06 groups C111, C112, C113, C114, C115, C116, C117, C118, and C119"
2017,Level 3,ZZ11,Food Product Manufacturing,Dollars (millions),H31,Shareholders funds or owners equity,Financial position,"13,859","ANZSIC06 groups C111, C112, C113, C114, C115, C116, C117, C118, and C119"
2017,Level 3,ZZ11,Food Product Manufacturing,Dollars (millions),H32,Current liabilities,Financial position,"9,796","ANZSIC06 groups C111, C112, C113, C114, C115, C116, C117, C118, and C119"
2017,Level 3,ZZ11,Food Product Manufacturing,Dollars (millions),H33,Other liabilities,Financial position,"4,717","ANZSIC06 groups C111, C112, C113, C114, C115, C116, C117, C118, and C119"
2017,Level 3,ZZ11,Food Product Manufacturing,Dollars,H34,Total income per employee count,Financial ratios,"565,400","ANZSIC06 groups C111, C112, C113, C114, C115, C116, C117, C118, and C119"
2017,Level 3,ZZ11,Food Product Manufacturing,Dollars,H35,Surplus per employee count,Financial ratios,"32,700","ANZSIC06 groups C111, C112, C113, C114, C115, C116, C117, C118, and C119"
2017,Level 3,ZZ11,Food Product Manufacturing,Percentage,H36,Current ratio,Financial ratios,114,"ANZSIC06 groups C111, C112, C113, C114, C115, C116, C117, C118, and C119"
2017,Level 3,ZZ11,Food Product Manufacturing,Percentage,H37,Quick ratio,Financial ratios,72,"ANZSIC06 groups C111, C112, C113, C114, C115, C116, C117, C118, and C119"
2017,Level 3,ZZ11,Food Product Manufacturing,Percentage,H38,Margin on sales of goods for resale,Financial ratios,29,"ANZSIC06 groups C111, C112, C113, C114, C115, C116, C117, C118, and C119"
2017,Level 3,ZZ11,Food Product Manufacturing,Percentage,H39,Return on equity,Financial ratios,17,"ANZSIC06 groups C111, C112, C113, C114, C115, C116, C117, C118, and C119"
2017,Level 3,ZZ11,Food Product Manufacturing,Percentage,H40,Return on total assets,Financial ratios,8,"ANZSIC06 groups C111, C112, C113, C114, C115, C116, C117, C118, and C119"
2017,Level 3,ZZ11,Food Product Manufacturing,Percentage,H41,Liabilities structure,Financial ratios,49,"ANZSIC06 groups C111, C112, C113, C114, C115, C116, C117, C118, and C119"
2016,Level 1,99999,All industries,Dollars (millions),H01,Total income,Financial performance,"606,511","ANZSIC06 divisions A-S (excluding classes K6330, L6711, O7552, O760, O771, O772, S9540, S9601, S9602, and S9603)"
2016,Level 1,99999,All industries,Dollars (millions),H04,"Sales, government funding, grants and subsidies",Financial performance,"532,207","ANZSIC06 divisions A-S (excluding classes K6330, L6711, O7552, O760, O771, O772, S9540, S9601, S9602, and S9603)"
2016,Level 1,99999,All industries,Dollars (millions),H05,"Interest, dividends and donations",Financial performance,"55,676","ANZSIC06 divisions A-S (excluding classes K6330, L6711, O7552, O760, O771, O772, S9540, S9601, S9602, and S9603)"
2016,Level 1,99999,All industries,Dollars (millions),H07,Non-operating income,Financial performance,"18,629","ANZSIC06 divisions A-S (excluding classes K6330, L6711, O7552, O760, O771, O772, S9540, S9601, S9602, and S9603)"
2016,Level 1,99999,All industries,Dollars (millions),H08,Total expenditure,Financial performance,"537,086","ANZSIC06 divisions A-S (excluding classes K6330, L6711, O7552, O760, O771, O772, S9540, S9601, S9602, and S9603)"
2016,Level 1,99999,All industries,Dollars (millions),H09,Interest and donations,Financial performance,"35,968","ANZSIC06 divisions A-S (excluding classes K6330, L6711, O7552, O760, O771, O772, S9540, S9601, S9602, and S9603)"
2016,Level 1,99999,All industries,Dollars (millions),H10,Indirect taxes,Financial performance,"6,638","ANZSIC06 divisions A-S (excluding classes K6330, L6711, O7552, O760, O771, O772, S9540, S9601, S9602, and S9603)"
2016,Level 1,99999,All industries,Dollars (millions),H11,Depreciation,Financial performance,"18,169","ANZSIC06 divisions A-S (excluding classes K6330, L6711, O7552, O760, O771, O772, S9540, S9601, S9602, and S9603)"
2016,Level 1,99999,All industries,Dollars (millions),H12,Salaries and wages paid,Financial performance,"93,912","ANZSIC06 divisions A-S (excluding classes K6330, L6711, O7552, O760, O771, O772, S9540, S9601, S9602, and S9603)"
2016,Level 1,99999,All industries,Dollars (millions),H13,Redundancy and severance,Financial performance,322,"ANZSIC06 divisions A-S (excluding classes K6330, L6711, O7552, O760, O771, O772, S9540, S9601, S9602, and S9603)"
2016,Level 1,99999,All industries,Dollars (millions),H14,Salaries and wages to self employed commission agents,Financial performance,"1,804","ANZSIC06 divisions A-S (excluding classes K6330, L6711, O7552, O760, O771, O772, S9540, S9601, S9602, and S9603)"
2016,Level 1,99999,All industries,Dollars (millions),H19,Purchases and other operating expenses,Financial performance,"366,212","ANZSIC06 divisions A-S (excluding classes K6330, L6711, O7552, O760, O771, O772, S9540, S9601, S9602, and S9603)"
2016,Level 1,99999,All industries,Dollars (millions),H20,Non-operating expenses,Financial performance,"14,382","ANZSIC06 divisions A-S (excluding classes K6330, L6711, O7552, O760, O771, O772, S9540, S9601, S9602, and S9603)"
2016,Level 1,99999,All industries,Dollars (millions),H21,Opening stocks,Financial performance,"54,252","ANZSIC06 divisions A-S (excluding classes K6330, L6711, O7552, O760, O771, O772, S9540, S9601, S9602, and S9603)"
2016,Level 1,99999,All industries,Dollars (millions),H22,Closing stocks,Financial performance,"55,260","ANZSIC06 divisions A-S (excluding classes K6330, L6711, O7552, O760, O771, O772, S9540, S9601, S9602, and S9603)"
2016,Level 1,99999,All industries,Dollars (millions),H23,Surplus before income tax,Financial performance,"70,433","ANZSIC06 divisions A-S (excluding classes K6330, L6711, O7552, O760, O771, O772, S9540, S9601, S9602, and S9603)"
2016,Level 1,99999,All industries,Dollars (millions),H24,Total assets,Financial position,"1,946,267","ANZSIC06 divisions A-S (excluding classes K6330, L6711, O7552, O760, O771, O772, S9540, S9601, S9602, and S9603)"
2016,Level 1,99999,All industries,Dollars (millions),H25,Current assets,Financial position,"552,126","ANZSIC06 divisions A-S (excluding classes K6330, L6711, O7552, O760, O771, O772, S9540, S9601, S9602, and S9603)"
2016,Level 1,99999,All industries,Dollars (millions),H26,Fixed tangible assets,Financial position,"442,723","ANZSIC06 divisions A-S (excluding classes K6330, L6711, O7552, O760, O771, O772, S9540, S9601, S9602, and S9603)"
2016,Level 1,99999,All industries,Dollars (millions),H29,Other assets,Financial position,"951,418","ANZSIC06 divisions A-S (excluding classes K6330, L6711, O7552, O760, O771, O772, S9540, S9601, S9602, and S9603)"
2016,Level 1,99999,All industries,Dollars (millions),H30,Total equity and liabilities,Financial position,"1,946,268","ANZSIC06 divisions A-S (excluding classes K6330, L6711, O7552, O760, O771, O772, S9540, S9601, S9602, and S9603)"
2016,Level 1,99999,All industries,Dollars (millions),H31,Shareholders funds or owners equity,Financial position,"616,689","ANZSIC06 divisions A-S (excluding classes K6330, L6711, O7552, O760, O771, O772, S9540, S9601, S9602, and S9603)"
2016,Level 1,99999,All industries,Dollars (millions),H32,Current liabilities,Financial position,"749,855","ANZSIC06 divisions A-S (excluding classes K6330, L6711, O7552, O760, O771, O772, S9540, S9601, S9602, and S9603)"
2016,Level 1,99999,All industries,Dollars (millions),H33,Other liabilities,Financial position,"579,723","ANZSIC06 divisions A-S (excluding classes K6330, L6711, O7552, O760, O771, O772, S9540, S9601, S9602, and S9603)"
2016,Level 1,99999,All industries,Dollars,H34,Total income per employee count,Financial ratios,"353,300","ANZSIC06 divisions A-S (excluding classes K6330, L6711, O7552, O760, O771, O772, S9540, S9601, S9602, and S9603)"
