Year,Industry_aggregation_NZSIOC,Industry_code_NZSIOC,Industry_name_NZSIOC,Units,Variable_code,Variable_name,Variable_category,Value,Industry_code_ANZSIC06
2019,Level 4,MN113,"Advertising, Market Research and Management Services",Dollars (millions),H21,Opening stocks,Financial performance,226,"ANZSIC06 groups M694, M695, and M696"
2019,Level 4,MN113,"Advertising, Market Research and Management Services",Dollars (millions),H22,Closing stocks,Financial performance,207,"ANZSIC06 groups M694, M695, and M696"
2019,Level 4,MN113,"Advertising, Market Research and Management Services",Dollars (millions),H23,Surplus before income tax,Financial performance,"2,089","ANZSIC06 groups M694, M695, and M696"
2019,Level 4,MN113,"Advertising, Market Research and Management Services",Dollars (millions),H24,Total assets,Financial position,"47,029","ANZSIC06 groups M694, M695, and M696"
2019,Level 4,MN113,"Advertising, Market Research and Management Services",Dollars (millions),H25,Current assets,Financial position,"14,936","ANZSIC06 groups M694, M695, and M696"
2019,Level 4,MN113,"Advertising, Market Research and Management Services",Dollars (millions),H26,Fixed tangible assets,Financial position,"3,993","ANZSIC06 groups M694, M695, and M696"
2019,Level 4,MN113,"Advertising, Market Research and Management Services",Dollars (millions),H27,Additions to fixed assets,Financial position,"1,099","ANZSIC06 groups M694, M695, and M696"
2019,Level 4,MN113,"Advertising, Market Research and Management Services",Dollars (millions),H28,Disposals of fixed assets,Financial position,438,"ANZSIC06 groups M694, M695, and M696"
2019,Level 4,MN113,"Advertising, Market Research and Management Services",Dollars (millions),H29,Other assets,Financial position,"28,101","ANZSIC06 groups M694, M695, and M696"
2019,Level 4,MN113,"Advertising, Market Research and Management Services",Dollars (millions),H30,Total equity and liabilities,Financial position,"47,029","ANZSIC06 groups M694, M695, and M696"
2019,Level 4,MN113,"Advertising, Market Research and Management Services",Dollars (millions),H31,Shareholders funds or owners equity,Financial position,"17,721","ANZSIC06 groups M694, M695, and M696"
2019,Level 4,MN113,"Advertising, Market Research and Management Services",Dollars (millions),H32,Current liabilities,Financial position,"16,493","ANZSIC06 groups M694, M695, and M696"
2019,Level 4,MN113,"Advertising, Market Research and Management Services",Dollars (millions),H33,Other liabilities,Financial position,"12,815","ANZSIC06 groups M694, M695, and M696"
2019,Level 4,MN113,"Advertising, Market Research and Management Services",Dollars,H34,Total income per employee count,Financial ratios,"360,700","ANZSIC06 groups M694, M695, and M696"
2019,Level 4,MN113,"Advertising, Market Research and Management Services",Dollars,H35,Surplus per employee count,Financial ratios,"53,500","ANZSIC06 groups M694, M695, and M696"
2019,Level 4,MN113,"Advertising, Market Research and Management Services",Percentage,H36,Current ratio,Financial ratios,91,"ANZSIC06 groups M694, M695, and M696"
2019,Level 4,MN113,"Advertising, Market Research and Management Services",Percentage,H37,Quick ratio,Financial ratios,89,"ANZSIC06 groups M694, M695, and M696"
2019,Level 4,MN113,"Advertising, Market Research and Management Services",Percentage,H39,Return on equity,Financial ratios,12,"ANZSIC06 groups M694, M695, and M696"
2019,Level 4,MN113,"Advertising, Market Research and Management Services",Percentage,H40,Return on total assets,Financial ratios,4,"ANZSIC06 groups M694, M695, and M696"
2019,Level 4,MN113,"Advertising, Market Research and Management Services",Percentage,H41,Liabilities structure,Financial ratios,38,"ANZSIC06 groups M694, M695, and M696"
2019,Level 4,MN114,Veterinary and Other Professional Services,Dollars (millions),H01,Total income,Financial performance,"1,672",ANZSIC06 groups M697 and M699
2019,Level 4,MN114,Veterinary and Other Professional Services,Dollars (millions),H04,Sales of goods and services,Financial performance,"1,649",ANZSIC06 groups M697 and M699
2019,Level 4,MN114,Veterinary and Other Professional Services,Dollars (millions),H05,"Interest, dividends and donations",Financial performance,10,ANZSIC06 groups M697 and M699
2019,Level 4,MN114,Veterinary and Other Professional Services,Dollars (millions),H06,"Government funding, grants and subsidies",Financial performance,2,ANZSIC06 groups M697 and M699
2019,Level 4,MN114,Veterinary and Other Professional Services,Dollars (millions),H07,Non-operating income,Financial performance,11,ANZSIC06 groups M697 and M699
2019,Level 4,MN114,Veterinary and Other Professional Services,Dollars (millions),H08,Total expenditure,Financial performance,"1,495",ANZSIC06 groups M697 and M699
2019,Level 4,MN114,Veterinary and Other Professional Services,Dollars (millions),H09,Interest and donations,Financial performance,16,ANZSIC06 groups M697 and M699
2019,Level 4,MN114,Veterinary and Other Professional Services,Dollars (millions),H10,Indirect taxes,Financial performance,5,ANZSIC06 groups M697 and M699
2019,Level 4,MN114,Veterinary and Other Professional Services,Dollars (millions),H11,Depreciation,Financial performance,45,ANZSIC06 groups M697 and M699
2019,Level 4,MN114,Veterinary and Other Professional Services,Dollars (millions),H12,Salaries and wages paid,Financial performance,534,ANZSIC06 groups M697 and M699
2019,Level 4,MN114,Veterinary and Other Professional Services,Dollars (millions),H13,Redundancy and severance,Financial performance,0,ANZSIC06 groups M697 and M699
2019,Level 4,MN114,Veterinary and Other Professional Services,Dollars (millions),H19,Purchases and other operating expenses,Financial performance,885,ANZSIC06 groups M697 and M699
2019,Level 4,MN114,Veterinary and Other Professional Services,Dollars (millions),H20,Non-operating expenses,Financial performance,10,ANZSIC06 groups M697 and M699
2019,Level 4,MN114,Veterinary and Other Professional Services,Dollars (millions),H21,Opening stocks,Financial performance,98,ANZSIC06 groups M697 and M699
2019,Level 4,MN114,Veterinary and Other Professional Services,Dollars (millions),H22,Closing stocks,Financial performance,103,ANZSIC06 groups M697 and M699
2019,Level 4,MN114,Veterinary and Other Professional Services,Dollars (millions),H23,Surplus before income tax,Financial performance,182,ANZSIC06 groups M697 and M699
2019,Level 4,MN114,Veterinary and Other Professional Services,Dollars (millions),H24,Total assets,Financial position,"1,148",ANZSIC06 groups M697 and M699
2019,Level 4,MN114,Veterinary and Other Professional Services,Dollars (millions),H25,Current assets,Financial position,513,ANZSIC06 groups M697 and M699
2019,Level 4,MN114,Veterinary and Other Professional Services,Dollars (millions),H26,Fixed tangible assets,Financial position,373,ANZSIC06 groups M697 and M699
2019,Level 4,MN114,Veterinary and Other Professional Services,Dollars (millions),H27,Additions to fixed assets,Financial position,81,ANZSIC06 groups M697 and M699
2019,Level 4,MN114,Veterinary and Other Professional Services,Dollars (millions),H28,Disposals of fixed assets,Financial position,45,ANZSIC06 groups M697 and M699
2019,Level 4,MN114,Veterinary and Other Professional Services,Dollars (millions),H29,Other assets,Financial position,262,ANZSIC06 groups M697 and M699
2019,Level 4,MN114,Veterinary and Other Professional Services,Dollars (millions),H30,Total equity and liabilities,Financial position,"1,148",ANZSIC06 groups M697 and M699
2019,Level 4,MN114,Veterinary and Other Professional Services,Dollars (millions),H31,Shareholders funds or owners equity,Financial position,452,ANZSIC06 groups M697 and M699
2019,Level 4,MN114,Veterinary and Other Professional Services,Dollars (millions),H32,Current liabilities,Financial position,445,ANZSIC06 groups M697 and M699
2019,Level 4,MN114,Veterinary and Other Professional Services,Dollars (millions),H33,Other liabilities,Financial position,251,ANZSIC06 groups M697 and M699
2019,Level 4,MN114,Veterinary and Other Professional Services,Dollars,H34,Total income per employee count,Financial ratios,"203,600",ANZSIC06 groups M697 and M699
2019,Level 4,MN114,Veterinary and Other Professional Services,Dollars,H35,Surplus per employee count,Financial ratios,"22,100",ANZSIC06 groups M697 and M699
2019,Level 4,MN114,Veterinary and Other Professional Services,Percentage,H36,Current ratio,Financial ratios,115,ANZSIC06 groups M697 and M699
2019,Level 4,MN114,Veterinary and Other Professional Services,Percentage,H37,Quick ratio,Financial ratios,92,ANZSIC06 groups M697 and M699
2019,Level 4,MN114,Veterinary and Other Professional Services,Percentage,H39,Return on equity,Financial ratios,40,ANZSIC06 groups M697 and M699
2019,Level 4,MN114,Veterinary and Other Professional Services,Percentage,H40,Return on total assets,Financial ratios,16,ANZSIC06 groups M697 and M699
2019,Level 4,MN114,Veterinary and Other Professional Services,Percentage,H41,Liabilities structure,Financial ratios,39,ANZSIC06 groups M697 and M699
2019,Level 4,MN115,Computer System Design and Related Services,Dollars (millions),H01,Total income,Financial performance,"10,625",ANZSIC06 group M700
2019,Level 4,MN115,Computer System Design and Related Services,Dollars (millions),H04,Sales of goods and services,Financial performance,"10,211",ANZSIC06 group M700
2019,Level 4,MN115,Computer System Design and Related Services,Dollars (millions),H05,"Interest, dividends and donations",Financial performance,86,ANZSIC06 group M700
2019,Level 4,MN115,Computer System Design and Related Services,Dollars (millions),H06,"Government funding, grants and subsidies",Financial performance,81,ANZSIC06 group M700
2019,Level 4,MN115,Computer System Design and Related Services,Dollars (millions),H07,Non-operating income,Financial performance,247,ANZSIC06 group M700
2019,Level 4,MN115,Computer System Design and Related Services,Dollars (millions),H08,Total expenditure,Financial performance,"9,487",ANZSIC06 group M700
2019,Level 4,MN115,Computer System Design and Related Services,Dollars (millions),H09,Interest and donations,Financial performance,35,ANZSIC06 group M700
2019,Level 4,MN115,Computer System Design and Related Services,Dollars (millions),H10,Indirect taxes,Financial performance,23,ANZSIC06 group M700
2019,Level 4,MN115,Computer System Design and Related Services,Dollars (millions),H11,Depreciation,Financial performance,263,ANZSIC06 group M700
2019,Level 4,MN115,Computer System Design and Related Services,Dollars (millions),H12,Salaries and wages paid,Financial performance,"4,128",ANZSIC06 group M700
2019,Level 4,MN115,Computer System Design and Related Services,Dollars (millions),H13,Redundancy and severance,Financial performance,10,ANZSIC06 group M700
2019,Level 4,MN115,Computer System Design and Related Services,Dollars (millions),H19,Purchases and other operating expenses,Financial performance,"4,860",ANZSIC06 group M700
2019,Level 4,MN115,Computer System Design and Related Services,Dollars (millions),H20,Non-operating expenses,Financial performance,178,ANZSIC06 group M700
2019,Level 4,MN115,Computer System Design and Related Services,Dollars (millions),H21,Opening stocks,Financial performance,60,ANZSIC06 group M700
2019,Level 4,MN115,Computer System Design and Related Services,Dollars (millions),H22,Closing stocks,Financial performance,52,ANZSIC06 group M700
2019,Level 4,MN115,Computer System Design and Related Services,Dollars (millions),H23,Surplus before income tax,Financial performance,"1,130",ANZSIC06 group M700
2019,Level 4,MN115,Computer System Design and Related Services,Dollars (millions),H24,Total assets,Financial position,"6,738",ANZSIC06 group M700
2019,Level 4,MN115,Computer System Design and Related Services,Dollars (millions),H25,Current assets,Financial position,"4,092",ANZSIC06 group M700
2019,Level 4,MN115,Computer System Design and Related Services,Dollars (millions),H26,Fixed tangible assets,Financial position,542,ANZSIC06 group M700
2019,Level 4,MN115,Computer System Design and Related Services,Dollars (millions),H27,Additions to fixed assets,Financial position,207,ANZSIC06 group M700
2019,Level 4,MN115,Computer System Design and Related Services,Dollars (millions),H28,Disposals of fixed assets,Financial position,127,ANZSIC06 group M700
2019,Level 4,MN115,Computer System Design and Related Services,Dollars (millions),H29,Other assets,Financial position,"2,105",ANZSIC06 group M700
2019,Level 4,MN115,Computer System Design and Related Services,Dollars (millions),H30,Total equity and liabilities,Financial position,"6,738",ANZSIC06 group M700
2019,Level 4,MN115,Computer System Design and Related Services,Dollars (millions),H31,Shareholders funds or owners equity,Financial position,"2,722",ANZSIC06 group M700
2019,Level 4,MN115,Computer System Design and Related Services,Dollars (millions),H32,Current liabilities,Financial position,"2,928",ANZSIC06 group M700
2019,Level 4,MN115,Computer System Design and Related Services,Dollars (millions),H33,Other liabilities,Financial position,"1,088",ANZSIC06 group M700
2019,Level 4,MN115,Computer System Design and Related Services,Dollars,H34,Total income per employee count,Financial ratios,"312,100",ANZSIC06 group M700
2019,Level 4,MN115,Computer System Design and Related Services,Dollars,H35,Surplus per employee count,Financial ratios,"33,200",ANZSIC06 group M700
2019,Level 4,MN115,Computer System Design and Related Services,Percentage,H36,Current ratio,Financial ratios,140,ANZSIC06 group M700
2019,Level 4,MN115,Computer System Design and Related Services,Percentage,H37,Quick ratio,Financial ratios,138,ANZSIC06 group M700
2019,Level 4,MN115,Computer System Design and Related Services,Percentage,H39,Return on equity,Financial ratios,42,ANZSIC06 group M700
2019,Level 4,MN115,Computer System Design and Related Services,Percentage,H40,Return on total assets,Financial ratios,17,ANZSIC06 group M700
2019,Level 4,MN115,Computer System Design and Related Services,Percentage,H41,Liabilities structure,Financial ratios,40,ANZSIC06 group M700
2019,Level 3,MN21,Administrative and Support Services,Dollars (millions),H01,Total income,Financial performance,"12,931",ANZSIC06 division N
2019,Level 3,MN21,Administrative and Support Services,Dollars (millions),H04,Sales of goods and services,Financial performance,"12,606",ANZSIC06 division N
2019,Level 3,MN21,Administrative and Support Services,Dollars (millions),H05,"Interest, dividends and donations",Financial performance,198,ANZSIC06 division N
2019,Level 3,MN21,Administrative and Support Services,Dollars (millions),H06,"Government funding, grants and subsidies",Financial performance,47,ANZSIC06 division N
2019,Level 3,MN21,Administrative and Support Services,Dollars (millions),H07,Non-operating income,Financial performance,81,ANZSIC06 division N
2019,Level 3,MN21,Administrative and Support Services,Dollars (millions),H08,Total expenditure,Financial performance,"11,897",ANZSIC06 division N
2019,Level 3,MN21,Administrative and Support Services,Dollars (millions),H09,Interest and donations,Financial performance,123,ANZSIC06 division N
2019,Level 3,MN21,Administrative and Support Services,Dollars (millions),H10,Indirect taxes,Financial performance,33,ANZSIC06 division N
2019,Level 3,MN21,Administrative and Support Services,Dollars (millions),H11,Depreciation,Financial performance,310,ANZSIC06 division N
2019,Level 3,MN21,Administrative and Support Services,Dollars (millions),H12,Salaries and wages paid,Financial performance,"4,450",ANZSIC06 division N
2019,Level 3,MN21,Administrative and Support Services,Dollars (millions),H13,Redundancy and severance,Financial performance,3,ANZSIC06 division N
2019,Level 3,MN21,Administrative and Support Services,Dollars (millions),H19,Purchases and other operating expenses,Financial performance,"6,822",ANZSIC06 division N
2019,Level 3,MN21,Administrative and Support Services,Dollars (millions),H20,Non-operating expenses,Financial performance,159,ANZSIC06 division N
2019,Level 3,MN21,Administrative and Support Services,Dollars (millions),H21,Opening stocks,Financial performance,197,ANZSIC06 division N
2019,Level 3,MN21,Administrative and Support Services,Dollars (millions),H22,Closing stocks,Financial performance,210,ANZSIC06 division N
2019,Level 3,MN21,Administrative and Support Services,Dollars (millions),H23,Surplus before income tax,Financial performance,"1,048",ANZSIC06 division N
2019,Level 3,MN21,Administrative and Support Services,Dollars (millions),H24,Total assets,Financial position,"11,042",ANZSIC06 division N
2019,Level 3,MN21,Administrative and Support Services,Dollars (millions),H25,Current assets,Financial position,"4,847",ANZSIC06 division N
2019,Level 3,MN21,Administrative and Support Services,Dollars (millions),H26,Fixed tangible assets,Financial position,"3,143",ANZSIC06 division N
2019,Level 3,MN21,Administrative and Support Services,Dollars (millions),H27,Additions to fixed assets,Financial position,800,ANZSIC06 division N
2019,Level 3,MN21,Administrative and Support Services,Dollars (millions),H28,Disposals of fixed assets,Financial position,231,ANZSIC06 division N
2019,Level 3,MN21,Administrative and Support Services,Dollars (millions),H29,Other assets,Financial position,"3,052",ANZSIC06 division N
2019,Level 3,MN21,Administrative and Support Services,Dollars (millions),H30,Total equity and liabilities,Financial position,"11,042",ANZSIC06 division N
2019,Level 3,MN21,Administrative and Support Services,Dollars (millions),H31,Shareholders funds or owners equity,Financial position,"4,853",ANZSIC06 division N
2019,Level 3,MN21,Administrative and Support Services,Dollars (millions),H32,Current liabilities,Financial position,"4,041",ANZSIC06 division N
2019,Level 3,MN21,Administrative and Support Services,Dollars (millions),H33,Other liabilities,Financial position,"2,148",ANZSIC06 division N
2019,Level 3,MN21,Administrative and Support Services,Dollars,H34,Total income per employee count,Financial ratios,"106,700",ANZSIC06 division N
2019,Level 3,MN21,Administrative and Support Services,Dollars,H35,Surplus per employee count,Financial ratios,"8,600",ANZSIC06 division N
2019,Level 3,MN21,Administrative and Support Services,Percentage,H36,Current ratio,Financial ratios,120,ANZSIC06 division N
2019,Level 3,MN21,Administrative and Support Services,Percentage,H37,Quick ratio,Financial ratios,115,ANZSIC06 division N
2019,Level 3,MN21,Administrative and Support Services,Percentage,H39,Return on equity,Financial ratios,22,ANZSIC06 division N
2019,Level 3,MN21,Administrative and Support Services,Percentage,H40,Return on total assets,Financial ratios,9,ANZSIC06 division N
2019,Level 3,MN21,Administrative and Support Services,Percentage,H41,Liabilities structure,Financial ratios,44,ANZSIC06 division N
2019,Level 4,MN211,Travel Agency and Tour Arrangement Services,Dollars (millions),H01,Total income,Financial performance,"1,181",ANZSIC06 group N722
2019,Level 4,MN211,Travel Agency and Tour Arrangement Services,Dollars (millions),H04,Sales of goods and services,Financial performance,"1,142",ANZSIC06 group N722
2019,Level 4,MN211,Travel Agency and Tour Arrangement Services,Dollars (millions),H05,"Interest, dividends and donations",Financial performance,18,ANZSIC06 group N722
2019,Level 4,MN211,Travel Agency and Tour Arrangement Services,Dollars (millions),H06,"Government funding, grants and subsidies",Financial performance,C,ANZSIC06 group N722
2019,Level 4,MN211,Travel Agency and Tour Arrangement Services,Dollars (millions),H07,Non-operating income,Financial performance,C,ANZSIC06 group N722
2019,Level 4,MN211,Travel Agency and Tour Arrangement Services,Dollars (millions),H08,Total expenditure,Financial performance,"1,008",ANZSIC06 group N722
2019,Level 4,MN211,Travel Agency and Tour Arrangement Services,Dollars (millions),H09,Interest and donations,Financial performance,5,ANZSIC06 group N722
2019,Level 4,MN211,Travel Agency and Tour Arrangement Services,Dollars (millions),H10,Indirect taxes,Financial performance,6,ANZSIC06 group N722
2019,Level 4,MN211,Travel Agency and Tour Arrangement Services,Dollars (millions),H11,Depreciation,Financial performance,31,ANZSIC06 group N722
2019,Level 4,MN211,Travel Agency and Tour Arrangement Services,Dollars (millions),H12,Salaries and wages paid,Financial performance,444,ANZSIC06 group N722
2019,Level 4,MN211,Travel Agency and Tour Arrangement Services,Dollars (millions),H13,Redundancy and severance,Financial performance,0,ANZSIC06 group N722
2019,Level 4,MN211,Travel Agency and Tour Arrangement Services,Dollars (millions),H19,Purchases and other operating expenses,Financial performance,519,ANZSIC06 group N722
2019,Level 4,MN211,Travel Agency and Tour Arrangement Services,Dollars (millions),H20,Non-operating expenses,Financial performance,3,ANZSIC06 group N722
2019,Level 4,MN211,Travel Agency and Tour Arrangement Services,Dollars (millions),H21,Opening stocks,Financial performance,3,ANZSIC06 group N722
2019,Level 4,MN211,Travel Agency and Tour Arrangement Services,Dollars (millions),H22,Closing stocks,Financial performance,2,ANZSIC06 group N722
2019,Level 4,MN211,Travel Agency and Tour Arrangement Services,Dollars (millions),H23,Surplus before income tax,Financial performance,172,ANZSIC06 group N722
2019,Level 4,MN211,Travel Agency and Tour Arrangement Services,Dollars (millions),H24,Total assets,Financial position,"1,556",ANZSIC06 group N722
2019,Level 4,MN211,Travel Agency and Tour Arrangement Services,Dollars (millions),H25,Current assets,Financial position,989,ANZSIC06 group N722
2019,Level 4,MN211,Travel Agency and Tour Arrangement Services,Dollars (millions),H26,Fixed tangible assets,Financial position,138,ANZSIC06 group N722
2019,Level 4,MN211,Travel Agency and Tour Arrangement Services,Dollars (millions),H27,Additions to fixed assets,Financial position,70,ANZSIC06 group N722
2019,Level 4,MN211,Travel Agency and Tour Arrangement Services,Dollars (millions),H28,Disposals of fixed assets,Financial position,11,ANZSIC06 group N722
2019,Level 4,MN211,Travel Agency and Tour Arrangement Services,Dollars (millions),H29,Other assets,Financial position,429,ANZSIC06 group N722
2019,Level 4,MN211,Travel Agency and Tour Arrangement Services,Dollars (millions),H30,Total equity and liabilities,Financial position,"1,556",ANZSIC06 group N722
2019,Level 4,MN211,Travel Agency and Tour Arrangement Services,Dollars (millions),H31,Shareholders funds or owners equity,Financial position,431,ANZSIC06 group N722
2019,Level 4,MN211,Travel Agency and Tour Arrangement Services,Dollars (millions),H32,Current liabilities,Financial position,964,ANZSIC06 group N722
2019,Level 4,MN211,Travel Agency and Tour Arrangement Services,Dollars (millions),H33,Other liabilities,Financial position,162,ANZSIC06 group N722
2019,Level 4,MN211,Travel Agency and Tour Arrangement Services,Dollars,H34,Total income per employee count,Financial ratios,"149,900",ANZSIC06 group N722
2019,Level 4,MN211,Travel Agency and Tour Arrangement Services,Dollars,H35,Surplus per employee count,Financial ratios,"21,800",ANZSIC06 group N722
2019,Level 4,MN211,Travel Agency and Tour Arrangement Services,Percentage,H36,Current ratio,Financial ratios,103,ANZSIC06 group N722
2019,Level 4,MN211,Travel Agency and Tour Arrangement Services,Percentage,H37,Quick ratio,Financial ratios,102,ANZSIC06 group N722
2019,Level 4,MN211,Travel Agency and Tour Arrangement Services,Percentage,H39,Return on equity,Financial ratios,40,ANZSIC06 group N722
2019,Level 4,MN211,Travel Agency and Tour Arrangement Services,Percentage,H40,Return on total assets,Financial ratios,11,ANZSIC06 group N722
2019,Level 4,MN211,Travel Agency and Tour Arrangement Services,Percentage,H41,Liabilities structure,Financial ratios,28,ANZSIC06 group N722
2019,Level 4,MN212,Employment and Other Administrative Services,Dollars (millions),H01,Total income,Financial performance,"7,514",ANZSIC06 groups N721 and N729
2019,Level 4,MN212,Employment and Other Administrative Services,Dollars (millions),H04,Sales of goods and services,Financial performance,"7,252",ANZSIC06 groups N721 and N729
2019,Level 4,MN212,Employment and Other Administrative Services,Dollars (millions),H05,"Interest, dividends and donations",Financial performance,170,ANZSIC06 groups N721 and N729
2019,Level 4,MN212,Employment and Other Administrative Services,Dollars (millions),H06,"Government funding, grants and subsidies",Financial performance,C,ANZSIC06 groups N721 and N729
2019,Level 4,MN212,Employment and Other Administrative Services,Dollars (millions),H07,Non-operating income,Financial performance,C,ANZSIC06 groups N721 and N729
2019,Level 4,MN212,Employment and Other Administrative Services,Dollars (millions),H08,Total expenditure,Financial performance,"7,002",ANZSIC06 groups N721 and N729
2019,Level 4,MN212,Employment and Other Administrative Services,Dollars (millions),H09,Interest and donations,Financial performance,66,ANZSIC06 groups N721 and N729
2019,Level 4,MN212,Employment and Other Administrative Services,Dollars (millions),H10,Indirect taxes,Financial performance,15,ANZSIC06 groups N721 and N729
2019,Level 4,MN212,Employment and Other Administrative Services,Dollars (millions),H11,Depreciation,Financial performance,118,ANZSIC06 groups N721 and N729
2019,Level 4,MN212,Employment and Other Administrative Services,Dollars (millions),H12,Salaries and wages paid,Financial performance,"2,580",ANZSIC06 groups N721 and N729
2019,Level 4,MN212,Employment and Other Administrative Services,Dollars (millions),H13,Redundancy and severance,Financial performance,2,ANZSIC06 groups N721 and N729
2019,Level 4,MN212,Employment and Other Administrative Services,Dollars (millions),H19,Purchases and other operating expenses,Financial performance,"4,093",ANZSIC06 groups N721 and N729
2019,Level 4,MN212,Employment and Other Administrative Services,Dollars (millions),H20,Non-operating expenses,Financial performance,130,ANZSIC06 groups N721 and N729
2019,Level 4,MN212,Employment and Other Administrative Services,Dollars (millions),H21,Opening stocks,Financial performance,81,ANZSIC06 groups N721 and N729
2019,Level 4,MN212,Employment and Other Administrative Services,Dollars (millions),H22,Closing stocks,Financial performance,88,ANZSIC06 groups N721 and N729
2019,Level 4,MN212,Employment and Other Administrative Services,Dollars (millions),H23,Surplus before income tax,Financial performance,518,ANZSIC06 groups N721 and N729
2019,Level 4,MN212,Employment and Other Administrative Services,Dollars (millions),H24,Total assets,Financial position,"6,574",ANZSIC06 groups N721 and N729
2019,Level 4,MN212,Employment and Other Administrative Services,Dollars (millions),H25,Current assets,Financial position,"2,818",ANZSIC06 groups N721 and N729
2019,Level 4,MN212,Employment and Other Administrative Services,Dollars (millions),H26,Fixed tangible assets,Financial position,"1,610",ANZSIC06 groups N721 and N729
2019,Level 4,MN212,Employment and Other Administrative Services,Dollars (millions),H27,Additions to fixed assets,Financial position,380,ANZSIC06 groups N721 and N729
2019,Level 4,MN212,Employment and Other Administrative Services,Dollars (millions),H28,Disposals of fixed assets,Financial position,128,ANZSIC06 groups N721 and N729
2019,Level 4,MN212,Employment and Other Administrative Services,Dollars (millions),H29,Other assets,Financial position,"2,146",ANZSIC06 groups N721 and N729
2019,Level 4,MN212,Employment and Other Administrative Services,Dollars (millions),H30,Total equity and liabilities,Financial position,"6,574",ANZSIC06 groups N721 and N729
2019,Level 4,MN212,Employment and Other Administrative Services,Dollars (millions),H31,Shareholders funds or owners equity,Financial position,"3,257",ANZSIC06 groups N721 and N729
2019,Level 4,MN212,Employment and Other Administrative Services,Dollars (millions),H32,Current liabilities,Financial position,"2,084",ANZSIC06 groups N721 and N729
2019,Level 4,MN212,Employment and Other Administrative Services,Dollars (millions),H33,Other liabilities,Financial position,"1,233",ANZSIC06 groups N721 and N729
2019,Level 4,MN212,Employment and Other Administrative Services,Dollars,H34,Total income per employee count,Financial ratios,"106,400",ANZSIC06 groups N721 and N729
2019,Level 4,MN212,Employment and Other Administrative Services,Dollars,H35,Surplus per employee count,Financial ratios,"7,300",ANZSIC06 groups N721 and N729
2019,Level 4,MN212,Employment and Other Administrative Services,Percentage,H36,Current ratio,Financial ratios,135,ANZSIC06 groups N721 and N729
2019,Level 4,MN212,Employment and Other Administrative Services,Percentage,H37,Quick ratio,Financial ratios,131,ANZSIC06 groups N721 and N729
2019,Level 4,MN212,Employment and Other Administrative Services,Percentage,H39,Return on equity,Financial ratios,16,ANZSIC06 groups N721 and N729
2019,Level 4,MN212,Employment and Other Administrative Services,Percentage,H40,Return on total assets,Financial ratios,8,ANZSIC06 groups N721 and N729
2019,Level 4,MN212,Employment and Other Administrative Services,Percentage,H41,Liabilities structure,Financial ratios,50,ANZSIC06 groups N721 and N729
2019,Level 4,MN213,"Building Cleaning, Pest Control and Other Support Services",Dollars (millions),H01,Total income,Financial performance,"4,237",ANZSIC06 groups N731 and N732
2019,Level 4,MN213,"Building Cleaning, Pest Control and Other Support Services",Dollars (millions),H04,Sales of goods and services,Financial performance,"4,211",ANZSIC06 groups N731 and N732
2019,Level 4,MN213,"Building Cleaning, Pest Control and Other Support Services",Dollars (millions),H05,"Interest, dividends and donations",Financial performance,9,ANZSIC06 groups N731 and N732
2019,Level 4,MN213,"Building Cleaning, Pest Control and Other Support Services",Dollars (millions),H06,"Government funding, grants and subsidies",Financial performance,0,ANZSIC06 groups N731 and N732
2019,Level 4,MN213,"Building Cleaning, Pest Control and Other Support Services",Dollars (millions),H07,Non-operating income,Financial performance,17,ANZSIC06 groups N731 and N732
2019,Level 4,MN213,"Building Cleaning, Pest Control and Other Support Services",Dollars (millions),H08,Total expenditure,Financial performance,"3,887",ANZSIC06 groups N731 and N732
2019,Level 4,MN213,"Building Cleaning, Pest Control and Other Support Services",Dollars (millions),H09,Interest and donations,Financial performance,51,ANZSIC06 groups N731 and N732
2019,Level 4,MN213,"Building Cleaning, Pest Control and Other Support Services",Dollars (millions),H10,Indirect taxes,Financial performance,12,ANZSIC06 groups N731 and N732
2019,Level 4,MN213,"Building Cleaning, Pest Control and Other Support Services",Dollars (millions),H11,Depreciation,Financial performance,162,ANZSIC06 groups N731 and N732
2019,Level 4,MN213,"Building Cleaning, Pest Control and Other Support Services",Dollars (millions),H12,Salaries and wages paid,Financial performance,"1,426",ANZSIC06 groups N731 and N732
2019,Level 4,MN213,"Building Cleaning, Pest Control and Other Support Services",Dollars (millions),H13,Redundancy and severance,Financial performance,1,ANZSIC06 groups N731 and N732
2019,Level 4,MN213,"Building Cleaning, Pest Control and Other Support Services",Dollars (millions),H19,Purchases and other operating expenses,Financial performance,"2,210",ANZSIC06 groups N731 and N732
2019,Level 4,MN213,"Building Cleaning, Pest Control and Other Support Services",Dollars (millions),H20,Non-operating expenses,Financial performance,26,ANZSIC06 groups N731 and N732
2019,Level 4,MN213,"Building Cleaning, Pest Control and Other Support Services",Dollars (millions),H21,Opening stocks,Financial performance,112,ANZSIC06 groups N731 and N732
2019,Level 4,MN213,"Building Cleaning, Pest Control and Other Support Services",Dollars (millions),H22,Closing stocks,Financial performance,120,ANZSIC06 groups N731 and N732
