Year,Industry_aggregation_NZSIOC,Industry_code_NZSIOC,Industry_name_NZSIOC,Units,Variable_code,Variable_name,Variable_category,Value,Industry_code_ANZSIC06
2017,Level 4,KK121,Life Insurance,Dollars (millions),H20,Non-operating expenses,Financial performance,311,ANZSIC06 group K631
2017,Level 4,KK121,Life Insurance,Dollars (millions),H21,Opening stocks,Financial performance,0,ANZSIC06 group K631
2017,Level 4,KK121,Life Insurance,Dollars (millions),H22,Closing stocks,Financial performance,0,ANZSIC06 group K631
2017,Level 4,KK121,Life Insurance,Dollars (millions),H23,Surplus before income tax,Financial performance,634,ANZSIC06 group K631
2017,Level 4,KK121,Life Insurance,Dollars (millions),H24,Total assets,Financial position,"13,720",ANZSIC06 group K631
2017,Level 4,KK121,Life Insurance,Dollars (millions),H30,Total equity and liabilities,Financial position,"13,720",ANZSIC06 group K631
2017,Level 4,KK121,Life Insurance,Dollars (millions),H31,Shareholders funds or owners equity,Financial position,"3,898",ANZSIC06 group K631
2017,Level 4,KK121,Life Insurance,Dollars,H34,Total income per employee count,Financial ratios,"3,530,500",ANZSIC06 group K631
2017,Level 4,KK121,Life Insurance,Dollars,H35,Surplus per employee count,Financial ratios,"661,200",ANZSIC06 group K631
2017,Level 4,KK121,Life Insurance,Percentage,H39,Return on equity,Financial ratios,16,ANZSIC06 group K631
2017,Level 4,KK121,Life Insurance,Percentage,H40,Return on total assets,Financial ratios,5,ANZSIC06 group K631
2017,Level 4,KK121,Life Insurance,Percentage,H41,Liabilities structure,Financial ratios,28,ANZSIC06 group K631
2017,Level 4,KK122,Health and General Insurance,Dollars (millions),H01,Total income,Financial performance,"6,213",ANZSIC06 group K632
2017,Level 4,KK122,Health and General Insurance,Dollars (millions),H04,Sales of goods and services,Financial performance,"5,946",ANZSIC06 group K632
2017,Level 4,KK122,Health and General Insurance,Dollars (millions),H05,"Interest, dividends and donations",Financial performance,197,ANZSIC06 group K632
2017,Level 4,KK122,Health and General Insurance,Dollars (millions),H06,"Government funding, grants and subsidies",Financial performance,0,ANZSIC06 group K632
2017,Level 4,KK122,Health and General Insurance,Dollars (millions),H07,Non-operating income,Financial performance,70,ANZSIC06 group K632
2017,Level 4,KK122,Health and General Insurance,Dollars (millions),H08,Total expenditure,Financial performance,"5,880",ANZSIC06 group K632
2017,Level 4,KK122,Health and General Insurance,Dollars (millions),H09,Interest and donations,Financial performance,C,ANZSIC06 group K632
2017,Level 4,KK122,Health and General Insurance,Dollars (millions),H10,Indirect taxes,Financial performance,C,ANZSIC06 group K632
2017,Level 4,KK122,Health and General Insurance,Dollars (millions),H11,Depreciation,Financial performance,64,ANZSIC06 group K632
2017,Level 4,KK122,Health and General Insurance,Dollars (millions),H12,Salaries and wages paid,Financial performance,717,ANZSIC06 group K632
2017,Level 4,KK122,Health and General Insurance,Dollars (millions),H13,Redundancy and severance,Financial performance,7,ANZSIC06 group K632
2017,Level 4,KK122,Health and General Insurance,Dollars (millions),H14,Salaries and wages to self employed commission agents,Financial performance,207,ANZSIC06 group K632
2017,Level 4,KK122,Health and General Insurance,Dollars (millions),H19,Purchases and other operating expenses,Financial performance,"4,818",ANZSIC06 group K632
2017,Level 4,KK122,Health and General Insurance,Dollars (millions),H20,Non-operating expenses,Financial performance,62,ANZSIC06 group K632
2017,Level 4,KK122,Health and General Insurance,Dollars (millions),H21,Opening stocks,Financial performance,0,ANZSIC06 group K632
2017,Level 4,KK122,Health and General Insurance,Dollars (millions),H22,Closing stocks,Financial performance,0,ANZSIC06 group K632
2017,Level 4,KK122,Health and General Insurance,Dollars (millions),H23,Surplus before income tax,Financial performance,333,ANZSIC06 group K632
2017,Level 4,KK122,Health and General Insurance,Dollars (millions),H24,Total assets,Financial position,"15,030",ANZSIC06 group K632
2017,Level 4,KK122,Health and General Insurance,Dollars (millions),H30,Total equity and liabilities,Financial position,"15,030",ANZSIC06 group K632
2017,Level 4,KK122,Health and General Insurance,Dollars (millions),H31,Shareholders funds or owners equity,Financial position,"3,846",ANZSIC06 group K632
2017,Level 4,KK122,Health and General Insurance,Dollars,H34,Total income per employee count,Financial ratios,"760,200",ANZSIC06 group K632
2017,Level 4,KK122,Health and General Insurance,Dollars,H35,Surplus per employee count,Financial ratios,"40,700",ANZSIC06 group K632
2017,Level 4,KK122,Health and General Insurance,Percentage,H39,Return on equity,Financial ratios,9,ANZSIC06 group K632
2017,Level 4,KK122,Health and General Insurance,Percentage,H40,Return on total assets,Financial ratios,2,ANZSIC06 group K632
2017,Level 4,KK122,Health and General Insurance,Percentage,H41,Liabilities structure,Financial ratios,26,ANZSIC06 group K632
2017,Level 3,KK13,Auxiliary Finance and Insurance Services,Dollars (millions),H01,Total income,Financial performance,"6,466",ANZSIC06 groups K641 and K642
2017,Level 3,KK13,Auxiliary Finance and Insurance Services,Dollars (millions),H04,Sales of goods and services,Financial performance,"5,581",ANZSIC06 groups K641 and K642
2017,Level 3,KK13,Auxiliary Finance and Insurance Services,Dollars (millions),H05,"Interest, dividends and donations",Financial performance,540,ANZSIC06 groups K641 and K642
2017,Level 3,KK13,Auxiliary Finance and Insurance Services,Dollars (millions),H06,"Government funding, grants and subsidies",Financial performance,13,ANZSIC06 groups K641 and K642
2017,Level 3,KK13,Auxiliary Finance and Insurance Services,Dollars (millions),H07,Non-operating income,Financial performance,332,ANZSIC06 groups K641 and K642
2017,Level 3,KK13,Auxiliary Finance and Insurance Services,Dollars (millions),H08,Total expenditure,Financial performance,"5,319",ANZSIC06 groups K641 and K642
2017,Level 3,KK13,Auxiliary Finance and Insurance Services,Dollars (millions),H09,Interest and donations,Financial performance,145,ANZSIC06 groups K641 and K642
2017,Level 3,KK13,Auxiliary Finance and Insurance Services,Dollars (millions),H10,Indirect taxes,Financial performance,C,ANZSIC06 groups K641 and K642
2017,Level 3,KK13,Auxiliary Finance and Insurance Services,Dollars (millions),H11,Depreciation,Financial performance,140,ANZSIC06 groups K641 and K642
2017,Level 3,KK13,Auxiliary Finance and Insurance Services,Dollars (millions),H12,Salaries and wages paid,Financial performance,"1,899",ANZSIC06 groups K641 and K642
2017,Level 3,KK13,Auxiliary Finance and Insurance Services,Dollars (millions),H13,Redundancy and severance,Financial performance,4,ANZSIC06 groups K641 and K642
2017,Level 3,KK13,Auxiliary Finance and Insurance Services,Dollars (millions),H14,Salaries and wages to self employed commission agents,Financial performance,C,ANZSIC06 groups K641 and K642
2017,Level 3,KK13,Auxiliary Finance and Insurance Services,Dollars (millions),H19,Purchases and other operating expenses,Financial performance,"2,952",ANZSIC06 groups K641 and K642
2017,Level 3,KK13,Auxiliary Finance and Insurance Services,Dollars (millions),H20,Non-operating expenses,Financial performance,144,ANZSIC06 groups K641 and K642
2017,Level 3,KK13,Auxiliary Finance and Insurance Services,Dollars (millions),H21,Opening stocks,Financial performance,33,ANZSIC06 groups K641 and K642
2017,Level 3,KK13,Auxiliary Finance and Insurance Services,Dollars (millions),H22,Closing stocks,Financial performance,41,ANZSIC06 groups K641 and K642
2017,Level 3,KK13,Auxiliary Finance and Insurance Services,Dollars (millions),H23,Surplus before income tax,Financial performance,"1,155",ANZSIC06 groups K641 and K642
2017,Level 3,KK13,Auxiliary Finance and Insurance Services,Dollars (millions),H24,Total assets,Financial position,"13,925",ANZSIC06 groups K641 and K642
2017,Level 3,KK13,Auxiliary Finance and Insurance Services,Dollars (millions),H30,Total equity and liabilities,Financial position,"13,925",ANZSIC06 groups K641 and K642
2017,Level 3,KK13,Auxiliary Finance and Insurance Services,Dollars (millions),H31,Shareholders funds or owners equity,Financial position,"5,939",ANZSIC06 groups K641 and K642
2017,Level 3,KK13,Auxiliary Finance and Insurance Services,Dollars,H34,Total income per employee count,Financial ratios,"405,600",ANZSIC06 groups K641 and K642
2017,Level 3,KK13,Auxiliary Finance and Insurance Services,Dollars,H35,Surplus per employee count,Financial ratios,"72,500",ANZSIC06 groups K641 and K642
2017,Level 3,KK13,Auxiliary Finance and Insurance Services,Percentage,H39,Return on equity,Financial ratios,19,ANZSIC06 groups K641 and K642
2017,Level 3,KK13,Auxiliary Finance and Insurance Services,Percentage,H40,Return on total assets,Financial ratios,8,ANZSIC06 groups K641 and K642
2017,Level 3,KK13,Auxiliary Finance and Insurance Services,Percentage,H41,Liabilities structure,Financial ratios,43,ANZSIC06 groups K641 and K642
2017,Level 4,KK131,Auxiliary Finance and Insurance Services,Dollars (millions),H01,Total income,Financial performance,"6,466",ANZSIC06 groups K641 and K642
2017,Level 4,KK131,Auxiliary Finance and Insurance Services,Dollars (millions),H04,Sales of goods and services,Financial performance,"5,581",ANZSIC06 groups K641 and K642
2017,Level 4,KK131,Auxiliary Finance and Insurance Services,Dollars (millions),H05,"Interest, dividends and donations",Financial performance,540,ANZSIC06 groups K641 and K642
2017,Level 4,KK131,Auxiliary Finance and Insurance Services,Dollars (millions),H06,"Government funding, grants and subsidies",Financial performance,13,ANZSIC06 groups K641 and K642
2017,Level 4,KK131,Auxiliary Finance and Insurance Services,Dollars (millions),H07,Non-operating income,Financial performance,332,ANZSIC06 groups K641 and K642
2017,Level 4,KK131,Auxiliary Finance and Insurance Services,Dollars (millions),H08,Total expenditure,Financial performance,"5,319",ANZSIC06 groups K641 and K642
2017,Level 4,KK131,Auxiliary Finance and Insurance Services,Dollars (millions),H09,Interest and donations,Financial performance,145,ANZSIC06 groups K641 and K642
2017,Level 4,KK131,Auxiliary Finance and Insurance Services,Dollars (millions),H10,Indirect taxes,Financial performance,C,ANZSIC06 groups K641 and K642
2017,Level 4,KK131,Auxiliary Finance and Insurance Services,Dollars (millions),H11,Depreciation,Financial performance,140,ANZSIC06 groups K641 and K642
2017,Level 4,KK131,Auxiliary Finance and Insurance Services,Dollars (millions),H12,Salaries and wages paid,Financial performance,"1,899",ANZSIC06 groups K641 and K642
2017,Level 4,KK131,Auxiliary Finance and Insurance Services,Dollars (millions),H13,Redundancy and severance,Financial performance,4,ANZSIC06 groups K641 and K642
2017,Level 4,KK131,Auxiliary Finance and Insurance Services,Dollars (millions),H14,Salaries and wages to self employed commission agents,Financial performance,C,ANZSIC06 groups K641 and K642
2017,Level 4,KK131,Auxiliary Finance and Insurance Services,Dollars (millions),H19,Purchases and other operating expenses,Financial performance,"2,952",ANZSIC06 groups K641 and K642
2017,Level 4,KK131,Auxiliary Finance and Insurance Services,Dollars (millions),H20,Non-operating expenses,Financial performance,144,ANZSIC06 groups K641 and K642
2017,Level 4,KK131,Auxiliary Finance and Insurance Services,Dollars (millions),H21,Opening stocks,Financial performance,33,ANZSIC06 groups K641 and K642
2017,Level 4,KK131,Auxiliary Finance and Insurance Services,Dollars (millions),H22,Closing stocks,Financial performance,41,ANZSIC06 groups K641 and K642
2017,Level 4,KK131,Auxiliary Finance and Insurance Services,Dollars (millions),H23,Surplus before income tax,Financial performance,"1,155",ANZSIC06 groups K641 and K642
2017,Level 4,KK131,Auxiliary Finance and Insurance Services,Dollars (millions),H24,Total assets,Financial position,"13,925",ANZSIC06 groups K641 and K642
2017,Level 4,KK131,Auxiliary Finance and Insurance Services,Dollars (millions),H30,Total equity and liabilities,Financial position,"13,925",ANZSIC06 groups K641 and K642
2017,Level 4,KK131,Auxiliary Finance and Insurance Services,Dollars (millions),H31,Shareholders funds or owners equity,Financial position,"5,939",ANZSIC06 groups K641 and K642
2017,Level 4,KK131,Auxiliary Finance and Insurance Services,Dollars,H34,Total income per employee count,Financial ratios,"405,600",ANZSIC06 groups K641 and K642
2017,Level 4,KK131,Auxiliary Finance and Insurance Services,Dollars,H35,Surplus per employee count,Financial ratios,"72,500",ANZSIC06 groups K641 and K642
2017,Level 4,KK131,Auxiliary Finance and Insurance Services,Percentage,H39,Return on equity,Financial ratios,19,ANZSIC06 groups K641 and K642
2017,Level 4,KK131,Auxiliary Finance and Insurance Services,Percentage,H40,Return on total assets,Financial ratios,8,ANZSIC06 groups K641 and K642
2017,Level 4,KK131,Auxiliary Finance and Insurance Services,Percentage,H41,Liabilities structure,Financial ratios,43,ANZSIC06 groups K641 and K642
2017,Level 1,LL,"Rental, Hiring and Real Estate Services",Dollars (millions),H01,Total income,Financial performance,"31,914",ANZSIC06 division L
2017,Level 1,LL,"Rental, Hiring and Real Estate Services",Dollars (millions),H04,Sales of goods and services,Financial performance,"26,936",ANZSIC06 division L
2017,Level 1,LL,"Rental, Hiring and Real Estate Services",Dollars (millions),H05,"Interest, dividends and donations",Financial performance,"1,253",ANZSIC06 division L
2017,Level 1,LL,"Rental, Hiring and Real Estate Services",Dollars (millions),H06,"Government funding, grants and subsidies",Financial performance,1,ANZSIC06 division L
2017,Level 1,LL,"Rental, Hiring and Real Estate Services",Dollars (millions),H07,Non-operating income,Financial performance,"3,724",ANZSIC06 division L
2017,Level 1,LL,"Rental, Hiring and Real Estate Services",Dollars (millions),H08,Total expenditure,Financial performance,"20,468",ANZSIC06 division L
2017,Level 1,LL,"Rental, Hiring and Real Estate Services",Dollars (millions),H09,Interest and donations,Financial performance,"3,588",ANZSIC06 division L
2017,Level 1,LL,"Rental, Hiring and Real Estate Services",Dollars (millions),H10,Indirect taxes,Financial performance,655,ANZSIC06 division L
2017,Level 1,LL,"Rental, Hiring and Real Estate Services",Dollars (millions),H11,Depreciation,Financial performance,"1,999",ANZSIC06 division L
2017,Level 1,LL,"Rental, Hiring and Real Estate Services",Dollars (millions),H12,Salaries and wages paid,Financial performance,"2,256",ANZSIC06 division L
2017,Level 1,LL,"Rental, Hiring and Real Estate Services",Dollars (millions),H13,Redundancy and severance,Financial performance,1,ANZSIC06 division L
2017,Level 1,LL,"Rental, Hiring and Real Estate Services",Dollars (millions),H14,Salaries and wages to self employed commission agents,Financial performance,"1,292",ANZSIC06 division L
2017,Level 1,LL,"Rental, Hiring and Real Estate Services",Dollars (millions),H19,Purchases and other operating expenses,Financial performance,"9,907",ANZSIC06 division L
2017,Level 1,LL,"Rental, Hiring and Real Estate Services",Dollars (millions),H20,Non-operating expenses,Financial performance,771,ANZSIC06 division L
2017,Level 1,LL,"Rental, Hiring and Real Estate Services",Dollars (millions),H21,Opening stocks,Financial performance,"2,976",ANZSIC06 division L
2017,Level 1,LL,"Rental, Hiring and Real Estate Services",Dollars (millions),H22,Closing stocks,Financial performance,"2,881",ANZSIC06 division L
2017,Level 1,LL,"Rental, Hiring and Real Estate Services",Dollars (millions),H23,Surplus before income tax,Financial performance,"11,351",ANZSIC06 division L
2017,Level 1,LL,"Rental, Hiring and Real Estate Services",Dollars (millions),H24,Total assets,Financial position,"231,215",ANZSIC06 division L
2017,Level 1,LL,"Rental, Hiring and Real Estate Services",Dollars (millions),H25,Current assets,Financial position,"29,736",ANZSIC06 division L
2017,Level 1,LL,"Rental, Hiring and Real Estate Services",Dollars (millions),H26,Fixed tangible assets,Financial position,"168,429",ANZSIC06 division L
2017,Level 1,LL,"Rental, Hiring and Real Estate Services",Dollars (millions),H27,Additions to fixed assets,Financial position,"20,131",ANZSIC06 division L
2017,Level 1,LL,"Rental, Hiring and Real Estate Services",Dollars (millions),H28,Disposals of fixed assets,Financial position,"11,860",ANZSIC06 division L
2017,Level 1,LL,"Rental, Hiring and Real Estate Services",Dollars (millions),H29,Other assets,Financial position,"33,050",ANZSIC06 division L
2017,Level 1,LL,"Rental, Hiring and Real Estate Services",Dollars (millions),H30,Total equity and liabilities,Financial position,"231,215",ANZSIC06 division L
2017,Level 1,LL,"Rental, Hiring and Real Estate Services",Dollars (millions),H31,Shareholders funds or owners equity,Financial position,"107,278",ANZSIC06 division L
2017,Level 1,LL,"Rental, Hiring and Real Estate Services",Dollars (millions),H32,Current liabilities,Financial position,"43,085",ANZSIC06 division L
2017,Level 1,LL,"Rental, Hiring and Real Estate Services",Dollars (millions),H33,Other liabilities,Financial position,"80,852",ANZSIC06 division L
2017,Level 1,LL,"Rental, Hiring and Real Estate Services",Dollars,H34,Total income per employee count,Financial ratios,"1,062,000",ANZSIC06 division L
2017,Level 1,LL,"Rental, Hiring and Real Estate Services",Dollars,H35,Surplus per employee count,Financial ratios,"377,700",ANZSIC06 division L
2017,Level 1,LL,"Rental, Hiring and Real Estate Services",Percentage,H36,Current ratio,Financial ratios,69,ANZSIC06 division L
2017,Level 1,LL,"Rental, Hiring and Real Estate Services",Percentage,H37,Quick ratio,Financial ratios,62,ANZSIC06 division L
2017,Level 1,LL,"Rental, Hiring and Real Estate Services",Percentage,H39,Return on equity,Financial ratios,11,ANZSIC06 division L
2017,Level 1,LL,"Rental, Hiring and Real Estate Services",Percentage,H40,Return on total assets,Financial ratios,5,ANZSIC06 division L
2017,Level 1,LL,"Rental, Hiring and Real Estate Services",Percentage,H41,Liabilities structure,Financial ratios,46,ANZSIC06 division L
2017,Level 3,LL11,Rental and Hiring Services (except Real Estate),Dollars (millions),H01,Total income,Financial performance,"5,724","ANZSIC06 groups L661, L662, L663, and L664"
2017,Level 3,LL11,Rental and Hiring Services (except Real Estate),Dollars (millions),H04,Sales of goods and services,Financial performance,"5,335","ANZSIC06 groups L661, L662, L663, and L664"
2017,Level 3,LL11,Rental and Hiring Services (except Real Estate),Dollars (millions),H05,"Interest, dividends and donations",Financial performance,226,"ANZSIC06 groups L661, L662, L663, and L664"
2017,Level 3,LL11,Rental and Hiring Services (except Real Estate),Dollars (millions),H06,"Government funding, grants and subsidies",Financial performance,1,"ANZSIC06 groups L661, L662, L663, and L664"
2017,Level 3,LL11,Rental and Hiring Services (except Real Estate),Dollars (millions),H07,Non-operating income,Financial performance,162,"ANZSIC06 groups L661, L662, L663, and L664"
2017,Level 3,LL11,Rental and Hiring Services (except Real Estate),Dollars (millions),H08,Total expenditure,Financial performance,"4,599","ANZSIC06 groups L661, L662, L663, and L664"
2017,Level 3,LL11,Rental and Hiring Services (except Real Estate),Dollars (millions),H09,Interest and donations,Financial performance,285,"ANZSIC06 groups L661, L662, L663, and L664"
2017,Level 3,LL11,Rental and Hiring Services (except Real Estate),Dollars (millions),H10,Indirect taxes,Financial performance,51,"ANZSIC06 groups L661, L662, L663, and L664"
2017,Level 3,LL11,Rental and Hiring Services (except Real Estate),Dollars (millions),H11,Depreciation,Financial performance,"1,052","ANZSIC06 groups L661, L662, L663, and L664"
2017,Level 3,LL11,Rental and Hiring Services (except Real Estate),Dollars (millions),H12,Salaries and wages paid,Financial performance,757,"ANZSIC06 groups L661, L662, L663, and L664"
2017,Level 3,LL11,Rental and Hiring Services (except Real Estate),Dollars (millions),H13,Redundancy and severance,Financial performance,1,"ANZSIC06 groups L661, L662, L663, and L664"
2017,Level 3,LL11,Rental and Hiring Services (except Real Estate),Dollars (millions),H14,Salaries and wages to self employed commission agents,Financial performance,1,"ANZSIC06 groups L661, L662, L663, and L664"
2017,Level 3,LL11,Rental and Hiring Services (except Real Estate),Dollars (millions),H19,Purchases and other operating expenses,Financial performance,"2,341","ANZSIC06 groups L661, L662, L663, and L664"
2017,Level 3,LL11,Rental and Hiring Services (except Real Estate),Dollars (millions),H20,Non-operating expenses,Financial performance,112,"ANZSIC06 groups L661, L662, L663, and L664"
2017,Level 3,LL11,Rental and Hiring Services (except Real Estate),Dollars (millions),H21,Opening stocks,Financial performance,252,"ANZSIC06 groups L661, L662, L663, and L664"
2017,Level 3,LL11,Rental and Hiring Services (except Real Estate),Dollars (millions),H22,Closing stocks,Financial performance,242,"ANZSIC06 groups L661, L662, L663, and L664"
2017,Level 3,LL11,Rental and Hiring Services (except Real Estate),Dollars (millions),H23,Surplus before income tax,Financial performance,"1,115","ANZSIC06 groups L661, L662, L663, and L664"
2017,Level 3,LL11,Rental and Hiring Services (except Real Estate),Dollars (millions),H24,Total assets,Financial position,"19,150","ANZSIC06 groups L661, L662, L663, and L664"
2017,Level 3,LL11,Rental and Hiring Services (except Real Estate),Dollars (millions),H25,Current assets,Financial position,"3,956","ANZSIC06 groups L661, L662, L663, and L664"
2017,Level 3,LL11,Rental and Hiring Services (except Real Estate),Dollars (millions),H26,Fixed tangible assets,Financial position,"10,573","ANZSIC06 groups L661, L662, L663, and L664"
2017,Level 3,LL11,Rental and Hiring Services (except Real Estate),Dollars (millions),H27,Additions to fixed assets,Financial position,"3,261","ANZSIC06 groups L661, L662, L663, and L664"
2017,Level 3,LL11,Rental and Hiring Services (except Real Estate),Dollars (millions),H28,Disposals of fixed assets,Financial position,854,"ANZSIC06 groups L661, L662, L663, and L664"
2017,Level 3,LL11,Rental and Hiring Services (except Real Estate),Dollars (millions),H29,Other assets,Financial position,"4,621","ANZSIC06 groups L661, L662, L663, and L664"
2017,Level 3,LL11,Rental and Hiring Services (except Real Estate),Dollars (millions),H30,Total equity and liabilities,Financial position,"19,150","ANZSIC06 groups L661, L662, L663, and L664"
2017,Level 3,LL11,Rental and Hiring Services (except Real Estate),Dollars (millions),H31,Shareholders funds or owners equity,Financial position,"7,479","ANZSIC06 groups L661, L662, L663, and L664"
2017,Level 3,LL11,Rental and Hiring Services (except Real Estate),Dollars (millions),H32,Current liabilities,Financial position,"4,791","ANZSIC06 groups L661, L662, L663, and L664"
2017,Level 3,LL11,Rental and Hiring Services (except Real Estate),Dollars (millions),H33,Other liabilities,Financial position,"6,879","ANZSIC06 groups L661, L662, L663, and L664"
2017,Level 3,LL11,Rental and Hiring Services (except Real Estate),Dollars,H34,Total income per employee count,Financial ratios,"433,800","ANZSIC06 groups L661, L662, L663, and L664"
2017,Level 3,LL11,Rental and Hiring Services (except Real Estate),Dollars,H35,Surplus per employee count,Financial ratios,"84,500","ANZSIC06 groups L661, L662, L663, and L664"
2017,Level 3,LL11,Rental and Hiring Services (except Real Estate),Percentage,H36,Current ratio,Financial ratios,83,"ANZSIC06 groups L661, L662, L663, and L664"
2017,Level 3,LL11,Rental and Hiring Services (except Real Estate),Percentage,H37,Quick ratio,Financial ratios,78,"ANZSIC06 groups L661, L662, L663, and L664"
2017,Level 3,LL11,Rental and Hiring Services (except Real Estate),Percentage,H39,Return on equity,Financial ratios,15,"ANZSIC06 groups L661, L662, L663, and L664"
2017,Level 3,LL11,Rental and Hiring Services (except Real Estate),Percentage,H40,Return on total assets,Financial ratios,6,"ANZSIC06 groups L661, L662, L663, and L664"
2017,Level 3,LL11,Rental and Hiring Services (except Real Estate),Percentage,H41,Liabilities structure,Financial ratios,39,"ANZSIC06 groups L661, L662, L663, and L664"
2017,Level 4,LL111,Rental and Hiring Services (except Real Estate),Dollars (millions),H01,Total income,Financial performance,"4,679","ANZSIC06 groups L661, L662, and L663"
2017,Level 4,LL111,Rental and Hiring Services (except Real Estate),Dollars (millions),H04,Sales of goods and services,Financial performance,"4,377","ANZSIC06 groups L661, L662, and L663"
2017,Level 4,LL111,Rental and Hiring Services (except Real Estate),Dollars (millions),H05,"Interest, dividends and donations",Financial performance,153,"ANZSIC06 groups L661, L662, and L663"
2017,Level 4,LL111,Rental and Hiring Services (except Real Estate),Dollars (millions),H06,"Government funding, grants and subsidies",Financial performance,0,"ANZSIC06 groups L661, L662, and L663"
2017,Level 4,LL111,Rental and Hiring Services (except Real Estate),Dollars (millions),H07,Non-operating income,Financial performance,148,"ANZSIC06 groups L661, L662, and L663"
2017,Level 4,LL111,Rental and Hiring Services (except Real Estate),Dollars (millions),H08,Total expenditure,Financial performance,"3,939","ANZSIC06 groups L661, L662, and L663"
2017,Level 4,LL111,Rental and Hiring Services (except Real Estate),Dollars (millions),H09,Interest and donations,Financial performance,254,"ANZSIC06 groups L661, L662, and L663"
2017,Level 4,LL111,Rental and Hiring Services (except Real Estate),Dollars (millions),H10,Indirect taxes,Financial performance,47,"ANZSIC06 groups L661, L662, and L663"
2017,Level 4,LL111,Rental and Hiring Services (except Real Estate),Dollars (millions),H11,Depreciation,Financial performance,"1,022","ANZSIC06 groups L661, L662, and L663"
2017,Level 4,LL111,Rental and Hiring Services (except Real Estate),Dollars (millions),H12,Salaries and wages paid,Financial performance,625,"ANZSIC06 groups L661, L662, and L663"
2017,Level 4,LL111,Rental and Hiring Services (except Real Estate),Dollars (millions),H13,Redundancy and severance,Financial performance,0,"ANZSIC06 groups L661, L662, and L663"
2017,Level 4,LL111,Rental and Hiring Services (except Real Estate),Dollars (millions),H14,Salaries and wages to self employed commission agents,Financial performance,0,"ANZSIC06 groups L661, L662, and L663"
2017,Level 4,LL111,Rental and Hiring Services (except Real Estate),Dollars (millions),H19,Purchases and other operating expenses,Financial performance,"1,892","ANZSIC06 groups L661, L662, and L663"
2017,Level 4,LL111,Rental and Hiring Services (except Real Estate),Dollars (millions),H20,Non-operating expenses,Financial performance,99,"ANZSIC06 groups L661, L662, and L663"
2017,Level 4,LL111,Rental and Hiring Services (except Real Estate),Dollars (millions),H21,Opening stocks,Financial performance,221,"ANZSIC06 groups L661, L662, and L663"
2017,Level 4,LL111,Rental and Hiring Services (except Real Estate),Dollars (millions),H22,Closing stocks,Financial performance,204,"ANZSIC06 groups L661, L662, and L663"
2017,Level 4,LL111,Rental and Hiring Services (except Real Estate),Dollars (millions),H23,Surplus before income tax,Financial performance,723,"ANZSIC06 groups L661, L662, and L663"
2017,Level 4,LL111,Rental and Hiring Services (except Real Estate),Dollars (millions),H24,Total assets,Financial position,"14,039","ANZSIC06 groups L661, L662, and L663"
2017,Level 4,LL111,Rental and Hiring Services (except Real Estate),Dollars (millions),H25,Current assets,Financial position,"2,365","ANZSIC06 groups L661, L662, and L663"
2017,Level 4,LL111,Rental and Hiring Services (except Real Estate),Dollars (millions),H26,Fixed tangible assets,Financial position,"9,802","ANZSIC06 groups L661, L662, and L663"
2017,Level 4,LL111,Rental and Hiring Services (except Real Estate),Dollars (millions),H27,Additions to fixed assets,Financial position,"3,130","ANZSIC06 groups L661, L662, and L663"
2017,Level 4,LL111,Rental and Hiring Services (except Real Estate),Dollars (millions),H28,Disposals of fixed assets,Financial position,809,"ANZSIC06 groups L661, L662, and L663"
2017,Level 4,LL111,Rental and Hiring Services (except Real Estate),Dollars (millions),H29,Other assets,Financial position,"1,872","ANZSIC06 groups L661, L662, and L663"
2017,Level 4,LL111,Rental and Hiring Services (except Real Estate),Dollars (millions),H30,Total equity and liabilities,Financial position,"14,039","ANZSIC06 groups L661, L662, and L663"
2017,Level 4,LL111,Rental and Hiring Services (except Real Estate),Dollars (millions),H31,Shareholders funds or owners equity,Financial position,"4,721","ANZSIC06 groups L661, L662, and L663"
2017,Level 4,LL111,Rental and Hiring Services (except Real Estate),Dollars (millions),H32,Current liabilities,Financial position,"3,484","ANZSIC06 groups L661, L662, and L663"
2017,Level 4,LL111,Rental and Hiring Services (except Real Estate),Dollars (millions),H33,Other liabilities,Financial position,"5,834","ANZSIC06 groups L661, L662, and L663"
2017,Level 4,LL111,Rental and Hiring Services (except Real Estate),Dollars,H34,Total income per employee count,Financial ratios,"399,800","ANZSIC06 groups L661, L662, and L663"
2017,Level 4,LL111,Rental and Hiring Services (except Real Estate),Dollars,H35,Surplus per employee count,Financial ratios,"61,700","ANZSIC06 groups L661, L662, and L663"
2017,Level 4,LL111,Rental and Hiring Services (except Real Estate),Percentage,H36,Current ratio,Financial ratios,68,"ANZSIC06 groups L661, L662, and L663"
2017,Level 4,LL111,Rental and Hiring Services (except Real Estate),Percentage,H37,Quick ratio,Financial ratios,62,"ANZSIC06 groups L661, L662, and L663"
2017,Level 4,LL111,Rental and Hiring Services (except Real Estate),Percentage,H39,Return on equity,Financial ratios,15,"ANZSIC06 groups L661, L662, and L663"
2017,Level 4,LL111,Rental and Hiring Services (except Real Estate),Percentage,H40,Return on total assets,Financial ratios,5,"ANZSIC06 groups L661, L662, and L663"
2017,Level 4,LL111,Rental and Hiring Services (except Real Estate),Percentage,H41,Liabilities structure,Financial ratios,34,"ANZSIC06 groups L661, L662, and L663"
2017,Level 4,LL112,Non-Financial Asset Leasing,Dollars (millions),H01,Total income,Financial performance,"1,045",ANZSIC06 group L664
2017,Level 4,LL112,Non-Financial Asset Leasing,Dollars (millions),H04,Sales of goods and services,Financial performance,958,ANZSIC06 group L664
2017,Level 4,LL112,Non-Financial Asset Leasing,Dollars (millions),H05,"Interest, dividends and donations",Financial performance,73,ANZSIC06 group L664
2017,Level 4,LL112,Non-Financial Asset Leasing,Dollars (millions),H06,"Government funding, grants and subsidies",Financial performance,0,ANZSIC06 group L664
2017,Level 4,LL112,Non-Financial Asset Leasing,Dollars (millions),H07,Non-operating income,Financial performance,14,ANZSIC06 group L664
2017,Level 4,LL112,Non-Financial Asset Leasing,Dollars (millions),H08,Total expenditure,Financial performance,660,ANZSIC06 group L664
2017,Level 4,LL112,Non-Financial Asset Leasing,Dollars (millions),H09,Interest and donations,Financial performance,31,ANZSIC06 group L664
2017,Level 4,LL112,Non-Financial Asset Leasing,Dollars (millions),H10,Indirect taxes,Financial performance,5,ANZSIC06 group L664
2017,Level 4,LL112,Non-Financial Asset Leasing,Dollars (millions),H11,Depreciation,Financial performance,30,ANZSIC06 group L664
2017,Level 4,LL112,Non-Financial Asset Leasing,Dollars (millions),H12,Salaries and wages paid,Financial performance,131,ANZSIC06 group L664
2017,Level 4,LL112,Non-Financial Asset Leasing,Dollars (millions),H13,Redundancy and severance,Financial performance,0,ANZSIC06 group L664
