Year,Industry_aggregation_NZSIOC,Industry_code_NZSIOC,Industry_name_NZSIOC,Units,Variable_code,Variable_name,Variable_category,Value,Industry_code_ANZSIC06
2019,Level 4,PP112,School Education,Percentage,H41,Liabilities structure,Financial ratios,85,ANZSIC06 group P802
2019,Level 4,PP113,Tertiary Education,Dollars (millions),H01,Total income,Financial performance,828,ANZSIC06 group P810
2019,Level 4,PP113,Tertiary Education,Dollars (millions),H05,"Interest, dividends and donations",Financial performance,21,ANZSIC06 group P810
2019,Level 4,PP113,Tertiary Education,Dollars (millions),H06,"Sales, government funding, grants and subsidies",Financial performance,805,ANZSIC06 group P810
2019,Level 4,PP113,Tertiary Education,Dollars (millions),H07,Non-operating income,Financial performance,2,ANZSIC06 group P810
2019,Level 4,PP113,Tertiary Education,Dollars (millions),H08,Total expenditure,Financial performance,762,ANZSIC06 group P810
2019,Level 4,PP113,Tertiary Education,Dollars (millions),H09,Interest and donations,Financial performance,4,ANZSIC06 group P810
2019,Level 4,PP113,Tertiary Education,Dollars (millions),H10,Indirect taxes,Financial performance,2,ANZSIC06 group P810
2019,Level 4,PP113,Tertiary Education,Dollars (millions),H11,Depreciation,Financial performance,19,ANZSIC06 group P810
2019,Level 4,PP113,Tertiary Education,Dollars (millions),H12,Salaries and wages paid,Financial performance,397,ANZSIC06 group P810
2019,Level 4,PP113,Tertiary Education,Dollars (millions),H13,Redundancy and severance,Financial performance,0,ANZSIC06 group P810
2019,Level 4,PP113,Tertiary Education,Dollars (millions),H19,Purchases and other operating expenses,Financial performance,335,ANZSIC06 group P810
2019,Level 4,PP113,Tertiary Education,Dollars (millions),H20,Non-operating expenses,Financial performance,6,ANZSIC06 group P810
2019,Level 4,PP113,Tertiary Education,Dollars (millions),H21,Opening stocks,Financial performance,0,ANZSIC06 group P810
2019,Level 4,PP113,Tertiary Education,Dollars (millions),H22,Closing stocks,Financial performance,0,ANZSIC06 group P810
2019,Level 4,PP113,Tertiary Education,Dollars (millions),H23,Surplus before income tax,Financial performance,66,ANZSIC06 group P810
2019,Level 4,PP113,Tertiary Education,Dollars (millions),H24,Total assets,Financial position,692,ANZSIC06 group P810
2019,Level 4,PP113,Tertiary Education,Dollars (millions),H25,Current assets,Financial position,371,ANZSIC06 group P810
2019,Level 4,PP113,Tertiary Education,Dollars (millions),H26,Fixed tangible assets,Financial position,188,ANZSIC06 group P810
2019,Level 4,PP113,Tertiary Education,Dollars (millions),H27,Additions to fixed assets,Financial position,29,ANZSIC06 group P810
2019,Level 4,PP113,Tertiary Education,Dollars (millions),H28,Disposals of fixed assets,Financial position,14,ANZSIC06 group P810
2019,Level 4,PP113,Tertiary Education,Dollars (millions),H29,Other assets,Financial position,133,ANZSIC06 group P810
2019,Level 4,PP113,Tertiary Education,Dollars (millions),H30,Total equity and liabilities,Financial position,692,ANZSIC06 group P810
2019,Level 4,PP113,Tertiary Education,Dollars (millions),H31,Shareholders funds or owners equity,Financial position,395,ANZSIC06 group P810
2019,Level 4,PP113,Tertiary Education,Dollars (millions),H32,Current liabilities,Financial position,232,ANZSIC06 group P810
2019,Level 4,PP113,Tertiary Education,Dollars (millions),H33,Other liabilities,Financial position,65,ANZSIC06 group P810
2019,Level 4,PP113,Tertiary Education,Percentage,H36,Current ratio,Financial ratios,160,ANZSIC06 group P810
2019,Level 4,PP113,Tertiary Education,Percentage,H37,Quick ratio,Financial ratios,160,ANZSIC06 group P810
2019,Level 4,PP113,Tertiary Education,Percentage,H39,Return on equity,Financial ratios,17,ANZSIC06 group P810
2019,Level 4,PP113,Tertiary Education,Percentage,H40,Return on total assets,Financial ratios,10,ANZSIC06 group P810
2019,Level 4,PP113,Tertiary Education,Percentage,H41,Liabilities structure,Financial ratios,57,ANZSIC06 group P810
2019,Level 4,PP114,"Adult, Community and Other Education",Dollars (millions),H01,Total income,Financial performance,"1,666",ANZSIC06 groups P821 and P822
2019,Level 4,PP114,"Adult, Community and Other Education",Dollars (millions),H05,"Interest, dividends and donations",Financial performance,106,ANZSIC06 groups P821 and P822
2019,Level 4,PP114,"Adult, Community and Other Education",Dollars (millions),H06,"Sales, government funding, grants and subsidies",Financial performance,"1,550",ANZSIC06 groups P821 and P822
2019,Level 4,PP114,"Adult, Community and Other Education",Dollars (millions),H07,Non-operating income,Financial performance,10,ANZSIC06 groups P821 and P822
2019,Level 4,PP114,"Adult, Community and Other Education",Dollars (millions),H08,Total expenditure,Financial performance,"1,512",ANZSIC06 groups P821 and P822
2019,Level 4,PP114,"Adult, Community and Other Education",Dollars (millions),H09,Interest and donations,Financial performance,14,ANZSIC06 groups P821 and P822
2019,Level 4,PP114,"Adult, Community and Other Education",Dollars (millions),H10,Indirect taxes,Financial performance,7,ANZSIC06 groups P821 and P822
2019,Level 4,PP114,"Adult, Community and Other Education",Dollars (millions),H11,Depreciation,Financial performance,44,ANZSIC06 groups P821 and P822
2019,Level 4,PP114,"Adult, Community and Other Education",Dollars (millions),H12,Salaries and wages paid,Financial performance,627,ANZSIC06 groups P821 and P822
2019,Level 4,PP114,"Adult, Community and Other Education",Dollars (millions),H13,Redundancy and severance,Financial performance,0,ANZSIC06 groups P821 and P822
2019,Level 4,PP114,"Adult, Community and Other Education",Dollars (millions),H19,Purchases and other operating expenses,Financial performance,804,ANZSIC06 groups P821 and P822
2019,Level 4,PP114,"Adult, Community and Other Education",Dollars (millions),H20,Non-operating expenses,Financial performance,16,ANZSIC06 groups P821 and P822
2019,Level 4,PP114,"Adult, Community and Other Education",Dollars (millions),H21,Opening stocks,Financial performance,7,ANZSIC06 groups P821 and P822
2019,Level 4,PP114,"Adult, Community and Other Education",Dollars (millions),H22,Closing stocks,Financial performance,7,ANZSIC06 groups P821 and P822
2019,Level 4,PP114,"Adult, Community and Other Education",Dollars (millions),H23,Surplus before income tax,Financial performance,154,ANZSIC06 groups P821 and P822
2019,Level 4,PP114,"Adult, Community and Other Education",Dollars (millions),H24,Total assets,Financial position,"1,526",ANZSIC06 groups P821 and P822
2019,Level 4,PP114,"Adult, Community and Other Education",Dollars (millions),H25,Current assets,Financial position,653,ANZSIC06 groups P821 and P822
2019,Level 4,PP114,"Adult, Community and Other Education",Dollars (millions),H26,Fixed tangible assets,Financial position,590,ANZSIC06 groups P821 and P822
2019,Level 4,PP114,"Adult, Community and Other Education",Dollars (millions),H27,Additions to fixed assets,Financial position,94,ANZSIC06 groups P821 and P822
2019,Level 4,PP114,"Adult, Community and Other Education",Dollars (millions),H28,Disposals of fixed assets,Financial position,20,ANZSIC06 groups P821 and P822
2019,Level 4,PP114,"Adult, Community and Other Education",Dollars (millions),H29,Other assets,Financial position,282,ANZSIC06 groups P821 and P822
2019,Level 4,PP114,"Adult, Community and Other Education",Dollars (millions),H30,Total equity and liabilities,Financial position,"1,526",ANZSIC06 groups P821 and P822
2019,Level 4,PP114,"Adult, Community and Other Education",Dollars (millions),H31,Shareholders funds or owners equity,Financial position,882,ANZSIC06 groups P821 and P822
2019,Level 4,PP114,"Adult, Community and Other Education",Dollars (millions),H32,Current liabilities,Financial position,520,ANZSIC06 groups P821 and P822
2019,Level 4,PP114,"Adult, Community and Other Education",Dollars (millions),H33,Other liabilities,Financial position,123,ANZSIC06 groups P821 and P822
2019,Level 4,PP114,"Adult, Community and Other Education",Percentage,H36,Current ratio,Financial ratios,126,ANZSIC06 groups P821 and P822
2019,Level 4,PP114,"Adult, Community and Other Education",Percentage,H37,Quick ratio,Financial ratios,124,ANZSIC06 groups P821 and P822
2019,Level 4,PP114,"Adult, Community and Other Education",Percentage,H39,Return on equity,Financial ratios,17,ANZSIC06 groups P821 and P822
2019,Level 4,PP114,"Adult, Community and Other Education",Percentage,H40,Return on total assets,Financial ratios,10,ANZSIC06 groups P821 and P822
2019,Level 4,PP114,"Adult, Community and Other Education",Percentage,H41,Liabilities structure,Financial ratios,58,ANZSIC06 groups P821 and P822
2019,Level 1,QQ,Health Care and Social Assistance,Dollars (millions),H01,Total income,Financial performance,"18,920",ANZSIC06 division Q
2019,Level 1,QQ,Health Care and Social Assistance,Dollars (millions),H05,"Interest, dividends and donations",Financial performance,670,ANZSIC06 division Q
2019,Level 1,QQ,Health Care and Social Assistance,Dollars (millions),H06,"Sales, government funding, grants and subsidies",Financial performance,"17,917",ANZSIC06 division Q
2019,Level 1,QQ,Health Care and Social Assistance,Dollars (millions),H07,Non-operating income,Financial performance,333,ANZSIC06 division Q
2019,Level 1,QQ,Health Care and Social Assistance,Dollars (millions),H08,Total expenditure,Financial performance,"16,644",ANZSIC06 division Q
2019,Level 1,QQ,Health Care and Social Assistance,Dollars (millions),H09,Interest and donations,Financial performance,185,ANZSIC06 division Q
2019,Level 1,QQ,Health Care and Social Assistance,Dollars (millions),H10,Indirect taxes,Financial performance,77,ANZSIC06 division Q
2019,Level 1,QQ,Health Care and Social Assistance,Dollars (millions),H11,Depreciation,Financial performance,431,ANZSIC06 division Q
2019,Level 1,QQ,Health Care and Social Assistance,Dollars (millions),H12,Salaries and wages paid,Financial performance,"7,891",ANZSIC06 division Q
2019,Level 1,QQ,Health Care and Social Assistance,Dollars (millions),H13,Redundancy and severance,Financial performance,13,ANZSIC06 division Q
2019,Level 1,QQ,Health Care and Social Assistance,Dollars (millions),H19,Purchases and other operating expenses,Financial performance,"7,906",ANZSIC06 division Q
2019,Level 1,QQ,Health Care and Social Assistance,Dollars (millions),H20,Non-operating expenses,Financial performance,153,ANZSIC06 division Q
2019,Level 1,QQ,Health Care and Social Assistance,Dollars (millions),H21,Opening stocks,Financial performance,60,ANZSIC06 division Q
2019,Level 1,QQ,Health Care and Social Assistance,Dollars (millions),H22,Closing stocks,Financial performance,73,ANZSIC06 division Q
2019,Level 1,QQ,Health Care and Social Assistance,Dollars (millions),H23,Surplus before income tax,Financial performance,"2,288",ANZSIC06 division Q
2019,Level 1,QQ,Health Care and Social Assistance,Dollars (millions),H24,Total assets,Financial position,"23,524",ANZSIC06 division Q
2019,Level 1,QQ,Health Care and Social Assistance,Dollars (millions),H25,Current assets,Financial position,"5,496",ANZSIC06 division Q
2019,Level 1,QQ,Health Care and Social Assistance,Dollars (millions),H26,Fixed tangible assets,Financial position,"9,405",ANZSIC06 division Q
2019,Level 1,QQ,Health Care and Social Assistance,Dollars (millions),H27,Additions to fixed assets,Financial position,"1,610",ANZSIC06 division Q
2019,Level 1,QQ,Health Care and Social Assistance,Dollars (millions),H28,Disposals of fixed assets,Financial position,377,ANZSIC06 division Q
2019,Level 1,QQ,Health Care and Social Assistance,Dollars (millions),H29,Other assets,Financial position,"8,623",ANZSIC06 division Q
2019,Level 1,QQ,Health Care and Social Assistance,Dollars (millions),H30,Total equity and liabilities,Financial position,"23,524",ANZSIC06 division Q
2019,Level 1,QQ,Health Care and Social Assistance,Dollars (millions),H31,Shareholders funds or owners equity,Financial position,"12,003",ANZSIC06 division Q
2019,Level 1,QQ,Health Care and Social Assistance,Dollars (millions),H32,Current liabilities,Financial position,"5,148",ANZSIC06 division Q
2019,Level 1,QQ,Health Care and Social Assistance,Dollars (millions),H33,Other liabilities,Financial position,"6,373",ANZSIC06 division Q
2019,Level 1,QQ,Health Care and Social Assistance,Percentage,H36,Current ratio,Financial ratios,107,ANZSIC06 division Q
2019,Level 1,QQ,Health Care and Social Assistance,Percentage,H37,Quick ratio,Financial ratios,105,ANZSIC06 division Q
2019,Level 1,QQ,Health Care and Social Assistance,Percentage,H39,Return on equity,Financial ratios,19,ANZSIC06 division Q
2019,Level 1,QQ,Health Care and Social Assistance,Percentage,H40,Return on total assets,Financial ratios,10,ANZSIC06 division Q
2019,Level 1,QQ,Health Care and Social Assistance,Percentage,H41,Liabilities structure,Financial ratios,51,ANZSIC06 division Q
2019,Level 4,QQ111,Hospitals,Dollars (millions),H01,Total income,Financial performance,"1,241",ANZSIC06 group Q840
2019,Level 4,QQ111,Hospitals,Dollars (millions),H05,"Interest, dividends and donations",Financial performance,12,ANZSIC06 group Q840
2019,Level 4,QQ111,Hospitals,Dollars (millions),H06,"Sales, government funding, grants and subsidies",Financial performance,"1,226",ANZSIC06 group Q840
2019,Level 4,QQ111,Hospitals,Dollars (millions),H07,Non-operating income,Financial performance,3,ANZSIC06 group Q840
2019,Level 4,QQ111,Hospitals,Dollars (millions),H08,Total expenditure,Financial performance,"1,154",ANZSIC06 group Q840
2019,Level 4,QQ111,Hospitals,Dollars (millions),H09,Interest and donations,Financial performance,6,ANZSIC06 group Q840
2019,Level 4,QQ111,Hospitals,Dollars (millions),H10,Indirect taxes,Financial performance,5,ANZSIC06 group Q840
2019,Level 4,QQ111,Hospitals,Dollars (millions),H11,Depreciation,Financial performance,67,ANZSIC06 group Q840
2019,Level 4,QQ111,Hospitals,Dollars (millions),H12,Salaries and wages paid,Financial performance,437,ANZSIC06 group Q840
2019,Level 4,QQ111,Hospitals,Dollars (millions),H13,Redundancy and severance,Financial performance,1,ANZSIC06 group Q840
2019,Level 4,QQ111,Hospitals,Dollars (millions),H19,Purchases and other operating expenses,Financial performance,637,ANZSIC06 group Q840
2019,Level 4,QQ111,Hospitals,Dollars (millions),H20,Non-operating expenses,Financial performance,2,ANZSIC06 group Q840
2019,Level 4,QQ111,Hospitals,Dollars (millions),H21,Opening stocks,Financial performance,18,ANZSIC06 group Q840
2019,Level 4,QQ111,Hospitals,Dollars (millions),H22,Closing stocks,Financial performance,20,ANZSIC06 group Q840
2019,Level 4,QQ111,Hospitals,Dollars (millions),H23,Surplus before income tax,Financial performance,88,ANZSIC06 group Q840
2019,Level 4,QQ111,Hospitals,Dollars (millions),H24,Total assets,Financial position,"1,539",ANZSIC06 group Q840
2019,Level 4,QQ111,Hospitals,Dollars (millions),H25,Current assets,Financial position,348,ANZSIC06 group Q840
2019,Level 4,QQ111,Hospitals,Dollars (millions),H26,Fixed tangible assets,Financial position,953,ANZSIC06 group Q840
2019,Level 4,QQ111,Hospitals,Dollars (millions),H27,Additions to fixed assets,Financial position,171,ANZSIC06 group Q840
2019,Level 4,QQ111,Hospitals,Dollars (millions),H28,Disposals of fixed assets,Financial position,21,ANZSIC06 group Q840
2019,Level 4,QQ111,Hospitals,Dollars (millions),H29,Other assets,Financial position,239,ANZSIC06 group Q840
2019,Level 4,QQ111,Hospitals,Dollars (millions),H30,Total equity and liabilities,Financial position,"1,539",ANZSIC06 group Q840
2019,Level 4,QQ111,Hospitals,Dollars (millions),H31,Shareholders funds or owners equity,Financial position,"1,137",ANZSIC06 group Q840
2019,Level 4,QQ111,Hospitals,Dollars (millions),H32,Current liabilities,Financial position,273,ANZSIC06 group Q840
2019,Level 4,QQ111,Hospitals,Dollars (millions),H33,Other liabilities,Financial position,129,ANZSIC06 group Q840
2019,Level 4,QQ111,Hospitals,Percentage,H36,Current ratio,Financial ratios,127,ANZSIC06 group Q840
2019,Level 4,QQ111,Hospitals,Percentage,H37,Quick ratio,Financial ratios,120,ANZSIC06 group Q840
2019,Level 4,QQ111,Hospitals,Percentage,H39,Return on equity,Financial ratios,8,ANZSIC06 group Q840
2019,Level 4,QQ111,Hospitals,Percentage,H40,Return on total assets,Financial ratios,6,ANZSIC06 group Q840
2019,Level 4,QQ111,Hospitals,Percentage,H41,Liabilities structure,Financial ratios,74,ANZSIC06 group Q840
2019,Level 4,QQ112,Medical and Other Health Care Services,Dollars (millions),H01,Total income,Financial performance,"10,832","ANZSIC06 groups Q851, Q852, Q853, and Q859"
2019,Level 4,QQ112,Medical and Other Health Care Services,Dollars (millions),H05,"Interest, dividends and donations",Financial performance,233,"ANZSIC06 groups Q851, Q852, Q853, and Q859"
2019,Level 4,QQ112,Medical and Other Health Care Services,Dollars (millions),H06,"Sales, government funding, grants and subsidies",Financial performance,"10,548","ANZSIC06 groups Q851, Q852, Q853, and Q859"
2019,Level 4,QQ112,Medical and Other Health Care Services,Dollars (millions),H07,Non-operating income,Financial performance,50,"ANZSIC06 groups Q851, Q852, Q853, and Q859"
2019,Level 4,QQ112,Medical and Other Health Care Services,Dollars (millions),H08,Total expenditure,Financial performance,"9,332","ANZSIC06 groups Q851, Q852, Q853, and Q859"
2019,Level 4,QQ112,Medical and Other Health Care Services,Dollars (millions),H09,Interest and donations,Financial performance,89,"ANZSIC06 groups Q851, Q852, Q853, and Q859"
2019,Level 4,QQ112,Medical and Other Health Care Services,Dollars (millions),H10,Indirect taxes,Financial performance,30,"ANZSIC06 groups Q851, Q852, Q853, and Q859"
2019,Level 4,QQ112,Medical and Other Health Care Services,Dollars (millions),H11,Depreciation,Financial performance,227,"ANZSIC06 groups Q851, Q852, Q853, and Q859"
2019,Level 4,QQ112,Medical and Other Health Care Services,Dollars (millions),H12,Salaries and wages paid,Financial performance,"4,091","ANZSIC06 groups Q851, Q852, Q853, and Q859"
2019,Level 4,QQ112,Medical and Other Health Care Services,Dollars (millions),H13,Redundancy and severance,Financial performance,1,"ANZSIC06 groups Q851, Q852, Q853, and Q859"
2019,Level 4,QQ112,Medical and Other Health Care Services,Dollars (millions),H19,Purchases and other operating expenses,Financial performance,"4,847","ANZSIC06 groups Q851, Q852, Q853, and Q859"
2019,Level 4,QQ112,Medical and Other Health Care Services,Dollars (millions),H20,Non-operating expenses,Financial performance,47,"ANZSIC06 groups Q851, Q852, Q853, and Q859"
2019,Level 4,QQ112,Medical and Other Health Care Services,Dollars (millions),H21,Opening stocks,Financial performance,38,"ANZSIC06 groups Q851, Q852, Q853, and Q859"
2019,Level 4,QQ112,Medical and Other Health Care Services,Dollars (millions),H22,Closing stocks,Financial performance,40,"ANZSIC06 groups Q851, Q852, Q853, and Q859"
2019,Level 4,QQ112,Medical and Other Health Care Services,Dollars (millions),H23,Surplus before income tax,Financial performance,"1,502","ANZSIC06 groups Q851, Q852, Q853, and Q859"
2019,Level 4,QQ112,Medical and Other Health Care Services,Dollars (millions),H24,Total assets,Financial position,"6,780","ANZSIC06 groups Q851, Q852, Q853, and Q859"
2019,Level 4,QQ112,Medical and Other Health Care Services,Dollars (millions),H25,Current assets,Financial position,"2,638","ANZSIC06 groups Q851, Q852, Q853, and Q859"
2019,Level 4,QQ112,Medical and Other Health Care Services,Dollars (millions),H26,Fixed tangible assets,Financial position,"2,163","ANZSIC06 groups Q851, Q852, Q853, and Q859"
2019,Level 4,QQ112,Medical and Other Health Care Services,Dollars (millions),H27,Additions to fixed assets,Financial position,530,"ANZSIC06 groups Q851, Q852, Q853, and Q859"
2019,Level 4,QQ112,Medical and Other Health Care Services,Dollars (millions),H28,Disposals of fixed assets,Financial position,201,"ANZSIC06 groups Q851, Q852, Q853, and Q859"
2019,Level 4,QQ112,Medical and Other Health Care Services,Dollars (millions),H29,Other assets,Financial position,"1,978","ANZSIC06 groups Q851, Q852, Q853, and Q859"
2019,Level 4,QQ112,Medical and Other Health Care Services,Dollars (millions),H30,Total equity and liabilities,Financial position,"6,780","ANZSIC06 groups Q851, Q852, Q853, and Q859"
2019,Level 4,QQ112,Medical and Other Health Care Services,Dollars (millions),H31,Shareholders funds or owners equity,Financial position,"3,477","ANZSIC06 groups Q851, Q852, Q853, and Q859"
2019,Level 4,QQ112,Medical and Other Health Care Services,Dollars (millions),H32,Current liabilities,Financial position,"2,125","ANZSIC06 groups Q851, Q852, Q853, and Q859"
2019,Level 4,QQ112,Medical and Other Health Care Services,Dollars (millions),H33,Other liabilities,Financial position,"1,179","ANZSIC06 groups Q851, Q852, Q853, and Q859"
2019,Level 4,QQ112,Medical and Other Health Care Services,Percentage,H36,Current ratio,Financial ratios,124,"ANZSIC06 groups Q851, Q852, Q853, and Q859"
2019,Level 4,QQ112,Medical and Other Health Care Services,Percentage,H37,Quick ratio,Financial ratios,122,"ANZSIC06 groups Q851, Q852, Q853, and Q859"
2019,Level 4,QQ112,Medical and Other Health Care Services,Percentage,H39,Return on equity,Financial ratios,43,"ANZSIC06 groups Q851, Q852, Q853, and Q859"
2019,Level 4,QQ112,Medical and Other Health Care Services,Percentage,H40,Return on total assets,Financial ratios,22,"ANZSIC06 groups Q851, Q852, Q853, and Q859"
2019,Level 4,QQ112,Medical and Other Health Care Services,Percentage,H41,Liabilities structure,Financial ratios,51,"ANZSIC06 groups Q851, Q852, Q853, and Q859"
2019,Level 4,QQ113,Residential Care Services and Social Assistance,Dollars (millions),H01,Total income,Financial performance,"6,847","ANZSIC06 groups Q860, Q871, and Q879"
2019,Level 4,QQ113,Residential Care Services and Social Assistance,Dollars (millions),H05,"Interest, dividends and donations",Financial performance,425,"ANZSIC06 groups Q860, Q871, and Q879"
2019,Level 4,QQ113,Residential Care Services and Social Assistance,Dollars (millions),H06,"Sales, government funding, grants and subsidies",Financial performance,"6,142","ANZSIC06 groups Q860, Q871, and Q879"
2019,Level 4,QQ113,Residential Care Services and Social Assistance,Dollars (millions),H07,Non-operating income,Financial performance,280,"ANZSIC06 groups Q860, Q871, and Q879"
2019,Level 4,QQ113,Residential Care Services and Social Assistance,Dollars (millions),H08,Total expenditure,Financial performance,"6,158","ANZSIC06 groups Q860, Q871, and Q879"
2019,Level 4,QQ113,Residential Care Services and Social Assistance,Dollars (millions),H09,Interest and donations,Financial performance,90,"ANZSIC06 groups Q860, Q871, and Q879"
2019,Level 4,QQ113,Residential Care Services and Social Assistance,Dollars (millions),H10,Indirect taxes,Financial performance,41,"ANZSIC06 groups Q860, Q871, and Q879"
2019,Level 4,QQ113,Residential Care Services and Social Assistance,Dollars (millions),H11,Depreciation,Financial performance,137,"ANZSIC06 groups Q860, Q871, and Q879"
2019,Level 4,QQ113,Residential Care Services and Social Assistance,Dollars (millions),H12,Salaries and wages paid,Financial performance,"3,363","ANZSIC06 groups Q860, Q871, and Q879"
2019,Level 4,QQ113,Residential Care Services and Social Assistance,Dollars (millions),H13,Redundancy and severance,Financial performance,11,"ANZSIC06 groups Q860, Q871, and Q879"
2019,Level 4,QQ113,Residential Care Services and Social Assistance,Dollars (millions),H19,Purchases and other operating expenses,Financial performance,"2,422","ANZSIC06 groups Q860, Q871, and Q879"
2019,Level 4,QQ113,Residential Care Services and Social Assistance,Dollars (millions),H20,Non-operating expenses,Financial performance,104,"ANZSIC06 groups Q860, Q871, and Q879"
2019,Level 4,QQ113,Residential Care Services and Social Assistance,Dollars (millions),H21,Opening stocks,Financial performance,4,"ANZSIC06 groups Q860, Q871, and Q879"
2019,Level 4,QQ113,Residential Care Services and Social Assistance,Dollars (millions),H22,Closing stocks,Financial performance,13,"ANZSIC06 groups Q860, Q871, and Q879"
2019,Level 4,QQ113,Residential Care Services and Social Assistance,Dollars (millions),H23,Surplus before income tax,Financial performance,698,"ANZSIC06 groups Q860, Q871, and Q879"
2019,Level 4,QQ113,Residential Care Services and Social Assistance,Dollars (millions),H24,Total assets,Financial position,"15,205","ANZSIC06 groups Q860, Q871, and Q879"
2019,Level 4,QQ113,Residential Care Services and Social Assistance,Dollars (millions),H25,Current assets,Financial position,"2,510","ANZSIC06 groups Q860, Q871, and Q879"
2019,Level 4,QQ113,Residential Care Services and Social Assistance,Dollars (millions),H26,Fixed tangible assets,Financial position,"6,289","ANZSIC06 groups Q860, Q871, and Q879"
2019,Level 4,QQ113,Residential Care Services and Social Assistance,Dollars (millions),H27,Additions to fixed assets,Financial position,909,"ANZSIC06 groups Q860, Q871, and Q879"
2019,Level 4,QQ113,Residential Care Services and Social Assistance,Dollars (millions),H28,Disposals of fixed assets,Financial position,154,"ANZSIC06 groups Q860, Q871, and Q879"
2019,Level 4,QQ113,Residential Care Services and Social Assistance,Dollars (millions),H29,Other assets,Financial position,"6,406","ANZSIC06 groups Q860, Q871, and Q879"
2019,Level 4,QQ113,Residential Care Services and Social Assistance,Dollars (millions),H30,Total equity and liabilities,Financial position,"15,205","ANZSIC06 groups Q860, Q871, and Q879"
2019,Level 4,QQ113,Residential Care Services and Social Assistance,Dollars (millions),H31,Shareholders funds or owners equity,Financial position,"7,389","ANZSIC06 groups Q860, Q871, and Q879"
2019,Level 4,QQ113,Residential Care Services and Social Assistance,Dollars (millions),H32,Current liabilities,Financial position,"2,750","ANZSIC06 groups Q860, Q871, and Q879"
2019,Level 4,QQ113,Residential Care Services and Social Assistance,Dollars (millions),H33,Other liabilities,Financial position,"5,065","ANZSIC06 groups Q860, Q871, and Q879"
2019,Level 4,QQ113,Residential Care Services and Social Assistance,Percentage,H36,Current ratio,Financial ratios,91,"ANZSIC06 groups Q860, Q871, and Q879"
2019,Level 4,QQ113,Residential Care Services and Social Assistance,Percentage,H37,Quick ratio,Financial ratios,91,"ANZSIC06 groups Q860, Q871, and Q879"
2019,Level 4,QQ113,Residential Care Services and Social Assistance,Percentage,H39,Return on equity,Financial ratios,9,"ANZSIC06 groups Q860, Q871, and Q879"
2019,Level 4,QQ113,Residential Care Services and Social Assistance,Percentage,H40,Return on total assets,Financial ratios,5,"ANZSIC06 groups Q860, Q871, and Q879"
2019,Level 4,QQ113,Residential Care Services and Social Assistance,Percentage,H41,Liabilities structure,Financial ratios,49,"ANZSIC06 groups Q860, Q871, and Q879"
2019,Level 1,RS,"Arts, Recreation and Other Services",Dollars (millions),H01,Total income,Financial performance,"20,425",ANZSIC06 divisions R and S
2019,Level 1,RS,"Arts, Recreation and Other Services",Dollars (millions),H04,"Sales, government funding, grants and subsidies",Financial performance,"18,041",ANZSIC06 divisions R and S
2019,Level 1,RS,"Arts, Recreation and Other Services",Dollars (millions),H05,"Interest, dividends and donations",Financial performance,"1,992",ANZSIC06 divisions R and S
2019,Level 1,RS,"Arts, Recreation and Other Services",Dollars (millions),H07,Non-operating income,Financial performance,392,ANZSIC06 divisions R and S
2019,Level 1,RS,"Arts, Recreation and Other Services",Dollars (millions),H08,Total expenditure,Financial performance,"18,231",ANZSIC06 divisions R and S
2019,Level 1,RS,"Arts, Recreation and Other Services",Dollars (millions),H09,Interest and donations,Financial performance,735,ANZSIC06 divisions R and S
2019,Level 1,RS,"Arts, Recreation and Other Services",Dollars (millions),H10,Indirect taxes,Financial performance,251,ANZSIC06 divisions R and S
2019,Level 1,RS,"Arts, Recreation and Other Services",Dollars (millions),H11,Depreciation,Financial performance,616,ANZSIC06 divisions R and S
2019,Level 1,RS,"Arts, Recreation and Other Services",Dollars (millions),H12,Salaries and wages paid,Financial performance,"4,777",ANZSIC06 divisions R and S
2019,Level 1,RS,"Arts, Recreation and Other Services",Dollars (millions),H13,Redundancy and severance,Financial performance,2,ANZSIC06 divisions R and S
2019,Level 1,RS,"Arts, Recreation and Other Services",Dollars (millions),H19,Purchases and other operating expenses,Financial performance,"11,602",ANZSIC06 divisions R and S
2019,Level 1,RS,"Arts, Recreation and Other Services",Dollars (millions),H20,Non-operating expenses,Financial performance,249,ANZSIC06 divisions R and S
2019,Level 1,RS,"Arts, Recreation and Other Services",Dollars (millions),H21,Opening stocks,Financial performance,486,ANZSIC06 divisions R and S
2019,Level 1,RS,"Arts, Recreation and Other Services",Dollars (millions),H22,Closing stocks,Financial performance,523,ANZSIC06 divisions R and S
2019,Level 1,RS,"Arts, Recreation and Other Services",Dollars (millions),H23,Surplus before income tax,Financial performance,"2,231",ANZSIC06 divisions R and S
2019,Level 1,RS,"Arts, Recreation and Other Services",Dollars (millions),H24,Total assets,Financial position,"25,428",ANZSIC06 divisions R and S
2019,Level 1,RS,"Arts, Recreation and Other Services",Dollars (millions),H25,Current assets,Financial position,"8,243",ANZSIC06 divisions R and S
2019,Level 1,RS,"Arts, Recreation and Other Services",Dollars (millions),H26,Fixed tangible assets,Financial position,"10,702",ANZSIC06 divisions R and S
2019,Level 1,RS,"Arts, Recreation and Other Services",Dollars (millions),H27,Additions to fixed assets,Financial position,"1,501",ANZSIC06 divisions R and S
