Year,Industry_aggregation_NZSIOC,Industry_code_NZSIOC,Industry_name_NZSIOC,Units,Variable_code,Variable_name,Variable_category,Value,Industry_code_ANZSIC06
2017,Level 1,AA,"Agriculture, Forestry and Fishing",Percentage,H40,Return on total assets,Financial ratios,4,ANZSIC06 division A
2017,Level 1,AA,"Agriculture, Forestry and Fishing",Percentage,H41,Liabilities structure,Financial ratios,47,ANZSIC06 division A
2017,Level 3,AA11,Horticulture and Fruit Growing,Dollars (millions),H01,Total income,Financial performance,"4,228","ANZSIC06 groups A011, A012, and A013"
2017,Level 3,AA11,Horticulture and Fruit Growing,Dollars (millions),H04,"Sales, government funding, grants and subsidies",Financial performance,"3,999","ANZSIC06 groups A011, A012, and A013"
2017,Level 3,AA11,Horticulture and Fruit Growing,Dollars (millions),H05,"Interest, dividends and donations",Financial performance,72,"ANZSIC06 groups A011, A012, and A013"
2017,Level 3,AA11,Horticulture and Fruit Growing,Dollars (millions),H07,Non-operating income,Financial performance,158,"ANZSIC06 groups A011, A012, and A013"
2017,Level 3,AA11,Horticulture and Fruit Growing,Dollars (millions),H08,Total expenditure,Financial performance,"3,444","ANZSIC06 groups A011, A012, and A013"
2017,Level 3,AA11,Horticulture and Fruit Growing,Dollars (millions),H09,Interest and donations,Financial performance,179,"ANZSIC06 groups A011, A012, and A013"
2017,Level 3,AA11,Horticulture and Fruit Growing,Dollars (millions),H10,Indirect taxes,Financial performance,34,"ANZSIC06 groups A011, A012, and A013"
2017,Level 3,AA11,Horticulture and Fruit Growing,Dollars (millions),H11,Depreciation,Financial performance,184,"ANZSIC06 groups A011, A012, and A013"
2017,Level 3,AA11,Horticulture and Fruit Growing,Dollars (millions),H12,Salaries and wages paid,Financial performance,715,"ANZSIC06 groups A011, A012, and A013"
2017,Level 3,AA11,Horticulture and Fruit Growing,Dollars (millions),H13,Redundancy and severance,Financial performance,0,"ANZSIC06 groups A011, A012, and A013"
2017,Level 3,AA11,Horticulture and Fruit Growing,Dollars (millions),H19,Purchases and other operating expenses,Financial performance,"2,320","ANZSIC06 groups A011, A012, and A013"
2017,Level 3,AA11,Horticulture and Fruit Growing,Dollars (millions),H20,Non-operating expenses,Financial performance,12,"ANZSIC06 groups A011, A012, and A013"
2017,Level 3,AA11,Horticulture and Fruit Growing,Dollars (millions),H21,Opening stocks,Financial performance,303,"ANZSIC06 groups A011, A012, and A013"
2017,Level 3,AA11,Horticulture and Fruit Growing,Dollars (millions),H22,Closing stocks,Financial performance,312,"ANZSIC06 groups A011, A012, and A013"
2017,Level 3,AA11,Horticulture and Fruit Growing,Dollars (millions),H23,Surplus before income tax,Financial performance,794,"ANZSIC06 groups A011, A012, and A013"
2017,Level 3,AA11,Horticulture and Fruit Growing,Dollars (millions),H24,Total assets,Financial position,"12,214","ANZSIC06 groups A011, A012, and A013"
2017,Level 3,AA11,Horticulture and Fruit Growing,Dollars (millions),H25,Current assets,Financial position,"2,182","ANZSIC06 groups A011, A012, and A013"
2017,Level 3,AA11,Horticulture and Fruit Growing,Dollars (millions),H26,Fixed tangible assets,Financial position,"8,073","ANZSIC06 groups A011, A012, and A013"
2017,Level 3,AA11,Horticulture and Fruit Growing,Dollars (millions),H29,Other assets,Financial position,"1,959","ANZSIC06 groups A011, A012, and A013"
2017,Level 3,AA11,Horticulture and Fruit Growing,Dollars (millions),H30,Total equity and liabilities,Financial position,"12,214","ANZSIC06 groups A011, A012, and A013"
2017,Level 3,AA11,Horticulture and Fruit Growing,Dollars (millions),H31,Shareholders funds or owners equity,Financial position,"5,648","ANZSIC06 groups A011, A012, and A013"
2017,Level 3,AA11,Horticulture and Fruit Growing,Dollars (millions),H32,Current liabilities,Financial position,"3,030","ANZSIC06 groups A011, A012, and A013"
2017,Level 3,AA11,Horticulture and Fruit Growing,Dollars (millions),H33,Other liabilities,Financial position,"3,536","ANZSIC06 groups A011, A012, and A013"
2017,Level 3,AA11,Horticulture and Fruit Growing,Dollars,H34,Total income per employee count,Financial ratios,"169,200","ANZSIC06 groups A011, A012, and A013"
2017,Level 3,AA11,Horticulture and Fruit Growing,Dollars,H35,Surplus per employee count,Financial ratios,"31,800","ANZSIC06 groups A011, A012, and A013"
2017,Level 3,AA11,Horticulture and Fruit Growing,Percentage,H36,Current ratio,Financial ratios,72,"ANZSIC06 groups A011, A012, and A013"
2017,Level 3,AA11,Horticulture and Fruit Growing,Percentage,H37,Quick ratio,Financial ratios,62,"ANZSIC06 groups A011, A012, and A013"
2017,Level 3,AA11,Horticulture and Fruit Growing,Percentage,H39,Return on equity,Financial ratios,14,"ANZSIC06 groups A011, A012, and A013"
2017,Level 3,AA11,Horticulture and Fruit Growing,Percentage,H40,Return on total assets,Financial ratios,6,"ANZSIC06 groups A011, A012, and A013"
2017,Level 3,AA11,Horticulture and Fruit Growing,Percentage,H41,Liabilities structure,Financial ratios,46,"ANZSIC06 groups A011, A012, and A013"
2017,Level 4,AA111,Horticulture and Fruit Growing,Dollars (millions),H01,Total income,Financial performance,"4,228","ANZSIC06 groups A011, A012, and A013"
2017,Level 4,AA111,Horticulture and Fruit Growing,Dollars (millions),H04,"Sales, government funding, grants and subsidies",Financial performance,"3,999","ANZSIC06 groups A011, A012, and A013"
2017,Level 4,AA111,Horticulture and Fruit Growing,Dollars (millions),H05,"Interest, dividends and donations",Financial performance,72,"ANZSIC06 groups A011, A012, and A013"
2017,Level 4,AA111,Horticulture and Fruit Growing,Dollars (millions),H07,Non-operating income,Financial performance,158,"ANZSIC06 groups A011, A012, and A013"
2017,Level 4,AA111,Horticulture and Fruit Growing,Dollars (millions),H08,Total expenditure,Financial performance,"3,444","ANZSIC06 groups A011, A012, and A013"
2017,Level 4,AA111,Horticulture and Fruit Growing,Dollars (millions),H09,Interest and donations,Financial performance,179,"ANZSIC06 groups A011, A012, and A013"
2017,Level 4,AA111,Horticulture and Fruit Growing,Dollars (millions),H10,Indirect taxes,Financial performance,34,"ANZSIC06 groups A011, A012, and A013"
2017,Level 4,AA111,Horticulture and Fruit Growing,Dollars (millions),H11,Depreciation,Financial performance,184,"ANZSIC06 groups A011, A012, and A013"
2017,Level 4,AA111,Horticulture and Fruit Growing,Dollars (millions),H12,Salaries and wages paid,Financial performance,715,"ANZSIC06 groups A011, A012, and A013"
2017,Level 4,AA111,Horticulture and Fruit Growing,Dollars (millions),H13,Redundancy and severance,Financial performance,0,"ANZSIC06 groups A011, A012, and A013"
2017,Level 4,AA111,Horticulture and Fruit Growing,Dollars (millions),H19,Purchases and other operating expenses,Financial performance,"2,320","ANZSIC06 groups A011, A012, and A013"
2017,Level 4,AA111,Horticulture and Fruit Growing,Dollars (millions),H20,Non-operating expenses,Financial performance,12,"ANZSIC06 groups A011, A012, and A013"
2017,Level 4,AA111,Horticulture and Fruit Growing,Dollars (millions),H21,Opening stocks,Financial performance,303,"ANZSIC06 groups A011, A012, and A013"
2017,Level 4,AA111,Horticulture and Fruit Growing,Dollars (millions),H22,Closing stocks,Financial performance,312,"ANZSIC06 groups A011, A012, and A013"
2017,Level 4,AA111,Horticulture and Fruit Growing,Dollars (millions),H23,Surplus before income tax,Financial performance,794,"ANZSIC06 groups A011, A012, and A013"
2017,Level 4,AA111,Horticulture and Fruit Growing,Dollars (millions),H24,Total assets,Financial position,"12,214","ANZSIC06 groups A011, A012, and A013"
2017,Level 4,AA111,Horticulture and Fruit Growing,Dollars (millions),H25,Current assets,Financial position,"2,182","ANZSIC06 groups A011, A012, and A013"
2017,Level 4,AA111,Horticulture and Fruit Growing,Dollars (millions),H26,Fixed tangible assets,Financial position,"8,073","ANZSIC06 groups A011, A012, and A013"
2017,Level 4,AA111,Horticulture and Fruit Growing,Dollars (millions),H29,Other assets,Financial position,"1,959","ANZSIC06 groups A011, A012, and A013"
2017,Level 4,AA111,Horticulture and Fruit Growing,Dollars (millions),H30,Total equity and liabilities,Financial position,"12,214","ANZSIC06 groups A011, A012, and A013"
2017,Level 4,AA111,Horticulture and Fruit Growing,Dollars (millions),H31,Shareholders funds or owners equity,Financial position,"5,648","ANZSIC06 groups A011, A012, and A013"
2017,Level 4,AA111,Horticulture and Fruit Growing,Dollars (millions),H32,Current liabilities,Financial position,"3,030","ANZSIC06 groups A011, A012, and A013"
2017,Level 4,AA111,Horticulture and Fruit Growing,Dollars (millions),H33,Other liabilities,Financial position,"3,536","ANZSIC06 groups A011, A012, and A013"
2017,Level 4,AA111,Horticulture and Fruit Growing,Dollars,H34,Total income per employee count,Financial ratios,"169,200","ANZSIC06 groups A011, A012, and A013"
2017,Level 4,AA111,Horticulture and Fruit Growing,Dollars,H35,Surplus per employee count,Financial ratios,"31,800","ANZSIC06 groups A011, A012, and A013"
2017,Level 4,AA111,Horticulture and Fruit Growing,Percentage,H36,Current ratio,Financial ratios,72,"ANZSIC06 groups A011, A012, and A013"
2017,Level 4,AA111,Horticulture and Fruit Growing,Percentage,H37,Quick ratio,Financial ratios,62,"ANZSIC06 groups A011, A012, and A013"
2017,Level 4,AA111,Horticulture and Fruit Growing,Percentage,H39,Return on equity,Financial ratios,14,"ANZSIC06 groups A011, A012, and A013"
2017,Level 4,AA111,Horticulture and Fruit Growing,Percentage,H40,Return on total assets,Financial ratios,6,"ANZSIC06 groups A011, A012, and A013"
2017,Level 4,AA111,Horticulture and Fruit Growing,Percentage,H41,Liabilities structure,Financial ratios,46,"ANZSIC06 groups A011, A012, and A013"
2017,Level 3,AA12,"Sheep, Beef Cattle and Grain Farming",Dollars (millions),H01,Total income,Financial performance,"10,453",ANZSIC06 groups A014 and A015
2017,Level 3,AA12,"Sheep, Beef Cattle and Grain Farming",Dollars (millions),H04,"Sales, government funding, grants and subsidies",Financial performance,"9,767",ANZSIC06 groups A014 and A015
2017,Level 3,AA12,"Sheep, Beef Cattle and Grain Farming",Dollars (millions),H05,"Interest, dividends and donations",Financial performance,141,ANZSIC06 groups A014 and A015
2017,Level 3,AA12,"Sheep, Beef Cattle and Grain Farming",Dollars (millions),H07,Non-operating income,Financial performance,545,ANZSIC06 groups A014 and A015
2017,Level 3,AA12,"Sheep, Beef Cattle and Grain Farming",Dollars (millions),H08,Total expenditure,Financial performance,"9,370",ANZSIC06 groups A014 and A015
2017,Level 3,AA12,"Sheep, Beef Cattle and Grain Farming",Dollars (millions),H09,Interest and donations,Financial performance,708,ANZSIC06 groups A014 and A015
2017,Level 3,AA12,"Sheep, Beef Cattle and Grain Farming",Dollars (millions),H10,Indirect taxes,Financial performance,185,ANZSIC06 groups A014 and A015
2017,Level 3,AA12,"Sheep, Beef Cattle and Grain Farming",Dollars (millions),H11,Depreciation,Financial performance,520,ANZSIC06 groups A014 and A015
2017,Level 3,AA12,"Sheep, Beef Cattle and Grain Farming",Dollars (millions),H12,Salaries and wages paid,Financial performance,952,ANZSIC06 groups A014 and A015
2017,Level 3,AA12,"Sheep, Beef Cattle and Grain Farming",Dollars (millions),H13,Redundancy and severance,Financial performance,0,ANZSIC06 groups A014 and A015
2017,Level 3,AA12,"Sheep, Beef Cattle and Grain Farming",Dollars (millions),H19,Purchases and other operating expenses,Financial performance,"6,971",ANZSIC06 groups A014 and A015
2017,Level 3,AA12,"Sheep, Beef Cattle and Grain Farming",Dollars (millions),H20,Non-operating expenses,Financial performance,34,ANZSIC06 groups A014 and A015
2017,Level 3,AA12,"Sheep, Beef Cattle and Grain Farming",Dollars (millions),H21,Opening stocks,Financial performance,"5,762",ANZSIC06 groups A014 and A015
2017,Level 3,AA12,"Sheep, Beef Cattle and Grain Farming",Dollars (millions),H22,Closing stocks,Financial performance,"6,026",ANZSIC06 groups A014 and A015
2017,Level 3,AA12,"Sheep, Beef Cattle and Grain Farming",Dollars (millions),H23,Surplus before income tax,Financial performance,"1,347",ANZSIC06 groups A014 and A015
2017,Level 3,AA12,"Sheep, Beef Cattle and Grain Farming",Dollars (millions),H24,Total assets,Financial position,"55,822",ANZSIC06 groups A014 and A015
2017,Level 3,AA12,"Sheep, Beef Cattle and Grain Farming",Dollars (millions),H25,Current assets,Financial position,"11,568",ANZSIC06 groups A014 and A015
2017,Level 3,AA12,"Sheep, Beef Cattle and Grain Farming",Dollars (millions),H26,Fixed tangible assets,Financial position,"35,452",ANZSIC06 groups A014 and A015
2017,Level 3,AA12,"Sheep, Beef Cattle and Grain Farming",Dollars (millions),H29,Other assets,Financial position,"8,802",ANZSIC06 groups A014 and A015
2017,Level 3,AA12,"Sheep, Beef Cattle and Grain Farming",Dollars (millions),H30,Total equity and liabilities,Financial position,"55,822",ANZSIC06 groups A014 and A015
2017,Level 3,AA12,"Sheep, Beef Cattle and Grain Farming",Dollars (millions),H31,Shareholders funds or owners equity,Financial position,"31,151",ANZSIC06 groups A014 and A015
2017,Level 3,AA12,"Sheep, Beef Cattle and Grain Farming",Dollars (millions),H32,Current liabilities,Financial position,"9,197",ANZSIC06 groups A014 and A015
2017,Level 3,AA12,"Sheep, Beef Cattle and Grain Farming",Dollars (millions),H33,Other liabilities,Financial position,"15,475",ANZSIC06 groups A014 and A015
2017,Level 3,AA12,"Sheep, Beef Cattle and Grain Farming",Dollars,H34,Total income per employee count,Financial ratios,"485,000",ANZSIC06 groups A014 and A015
2017,Level 3,AA12,"Sheep, Beef Cattle and Grain Farming",Dollars,H35,Surplus per employee count,Financial ratios,"62,500",ANZSIC06 groups A014 and A015
2017,Level 3,AA12,"Sheep, Beef Cattle and Grain Farming",Percentage,H36,Current ratio,Financial ratios,126,ANZSIC06 groups A014 and A015
2017,Level 3,AA12,"Sheep, Beef Cattle and Grain Farming",Percentage,H37,Quick ratio,Financial ratios,60,ANZSIC06 groups A014 and A015
2017,Level 3,AA12,"Sheep, Beef Cattle and Grain Farming",Percentage,H39,Return on equity,Financial ratios,4,ANZSIC06 groups A014 and A015
2017,Level 3,AA12,"Sheep, Beef Cattle and Grain Farming",Percentage,H40,Return on total assets,Financial ratios,2,ANZSIC06 groups A014 and A015
2017,Level 3,AA12,"Sheep, Beef Cattle and Grain Farming",Percentage,H41,Liabilities structure,Financial ratios,56,ANZSIC06 groups A014 and A015
2017,Level 4,AA121,"Sheep, Beef Cattle and Grain Farming",Dollars (millions),H01,Total income,Financial performance,"10,453",ANZSIC06 groups A014 and A015
2017,Level 4,AA121,"Sheep, Beef Cattle and Grain Farming",Dollars (millions),H04,"Sales, government funding, grants and subsidies",Financial performance,"9,767",ANZSIC06 groups A014 and A015
2017,Level 4,AA121,"Sheep, Beef Cattle and Grain Farming",Dollars (millions),H05,"Interest, dividends and donations",Financial performance,141,ANZSIC06 groups A014 and A015
2017,Level 4,AA121,"Sheep, Beef Cattle and Grain Farming",Dollars (millions),H07,Non-operating income,Financial performance,545,ANZSIC06 groups A014 and A015
2017,Level 4,AA121,"Sheep, Beef Cattle and Grain Farming",Dollars (millions),H08,Total expenditure,Financial performance,"9,370",ANZSIC06 groups A014 and A015
2017,Level 4,AA121,"Sheep, Beef Cattle and Grain Farming",Dollars (millions),H09,Interest and donations,Financial performance,708,ANZSIC06 groups A014 and A015
2017,Level 4,AA121,"Sheep, Beef Cattle and Grain Farming",Dollars (millions),H10,Indirect taxes,Financial performance,185,ANZSIC06 groups A014 and A015
2017,Level 4,AA121,"Sheep, Beef Cattle and Grain Farming",Dollars (millions),H11,Depreciation,Financial performance,520,ANZSIC06 groups A014 and A015
2017,Level 4,AA121,"Sheep, Beef Cattle and Grain Farming",Dollars (millions),H12,Salaries and wages paid,Financial performance,952,ANZSIC06 groups A014 and A015
2017,Level 4,AA121,"Sheep, Beef Cattle and Grain Farming",Dollars (millions),H13,Redundancy and severance,Financial performance,0,ANZSIC06 groups A014 and A015
2017,Level 4,AA121,"Sheep, Beef Cattle and Grain Farming",Dollars (millions),H19,Purchases and other operating expenses,Financial performance,"6,971",ANZSIC06 groups A014 and A015
2017,Level 4,AA121,"Sheep, Beef Cattle and Grain Farming",Dollars (millions),H20,Non-operating expenses,Financial performance,34,ANZSIC06 groups A014 and A015
2017,Level 4,AA121,"Sheep, Beef Cattle and Grain Farming",Dollars (millions),H21,Opening stocks,Financial performance,"5,762",ANZSIC06 groups A014 and A015
2017,Level 4,AA121,"Sheep, Beef Cattle and Grain Farming",Dollars (millions),H22,Closing stocks,Financial performance,"6,026",ANZSIC06 groups A014 and A015
2017,Level 4,AA121,"Sheep, Beef Cattle and Grain Farming",Dollars (millions),H23,Surplus before income tax,Financial performance,"1,347",ANZSIC06 groups A014 and A015
2017,Level 4,AA121,"Sheep, Beef Cattle and Grain Farming",Dollars (millions),H24,Total assets,Financial position,"55,822",ANZSIC06 groups A014 and A015
2017,Level 4,AA121,"Sheep, Beef Cattle and Grain Farming",Dollars (millions),H25,Current assets,Financial position,"11,568",ANZSIC06 groups A014 and A015
2017,Level 4,AA121,"Sheep, Beef Cattle and Grain Farming",Dollars (millions),H26,Fixed tangible assets,Financial position,"35,452",ANZSIC06 groups A014 and A015
2017,Level 4,AA121,"Sheep, Beef Cattle and Grain Farming",Dollars (millions),H29,Other assets,Financial position,"8,802",ANZSIC06 groups A014 and A015
2017,Level 4,AA121,"Sheep, Beef Cattle and Grain Farming",Dollars (millions),H30,Total equity and liabilities,Financial position,"55,822",ANZSIC06 groups A014 and A015
2017,Level 4,AA121,"Sheep, Beef Cattle and Grain Farming",Dollars (millions),H31,Shareholders funds or owners equity,Financial position,"31,151",ANZSIC06 groups A014 and A015
2017,Level 4,AA121,"Sheep, Beef Cattle and Grain Farming",Dollars (millions),H32,Current liabilities,Financial position,"9,197",ANZSIC06 groups A014 and A015
2017,Level 4,AA121,"Sheep, Beef Cattle and Grain Farming",Dollars (millions),H33,Other liabilities,Financial position,"15,475",ANZSIC06 groups A014 and A015
2017,Level 4,AA121,"Sheep, Beef Cattle and Grain Farming",Dollars,H34,Total income per employee count,Financial ratios,"485,000",ANZSIC06 groups A014 and A015
2017,Level 4,AA121,"Sheep, Beef Cattle and Grain Farming",Dollars,H35,Surplus per employee count,Financial ratios,"62,500",ANZSIC06 groups A014 and A015
2017,Level 4,AA121,"Sheep, Beef Cattle and Grain Farming",Percentage,H36,Current ratio,Financial ratios,126,ANZSIC06 groups A014 and A015
2017,Level 4,AA121,"Sheep, Beef Cattle and Grain Farming",Percentage,H37,Quick ratio,Financial ratios,60,ANZSIC06 groups A014 and A015
2017,Level 4,AA121,"Sheep, Beef Cattle and Grain Farming",Percentage,H39,Return on equity,Financial ratios,4,ANZSIC06 groups A014 and A015
2017,Level 4,AA121,"Sheep, Beef Cattle and Grain Farming",Percentage,H40,Return on total assets,Financial ratios,2,ANZSIC06 groups A014 and A015
2017,Level 4,AA121,"Sheep, Beef Cattle and Grain Farming",Percentage,H41,Liabilities structure,Financial ratios,56,ANZSIC06 groups A014 and A015
2017,Level 3,AA13,Dairy Cattle Farming,Dollars (millions),H01,Total income,Financial performance,"12,256",ANZSIC06 group A016
2017,Level 3,AA13,Dairy Cattle Farming,Dollars (millions),H04,"Sales, government funding, grants and subsidies",Financial performance,"11,789",ANZSIC06 group A016
2017,Level 3,AA13,Dairy Cattle Farming,Dollars (millions),H05,"Interest, dividends and donations",Financial performance,193,ANZSIC06 group A016
2017,Level 3,AA13,Dairy Cattle Farming,Dollars (millions),H07,Non-operating income,Financial performance,273,ANZSIC06 group A016
2017,Level 3,AA13,Dairy Cattle Farming,Dollars (millions),H08,Total expenditure,Financial performance,"10,808",ANZSIC06 group A016
2017,Level 3,AA13,Dairy Cattle Farming,Dollars (millions),H09,Interest and donations,Financial performance,"1,575",ANZSIC06 group A016
2017,Level 3,AA13,Dairy Cattle Farming,Dollars (millions),H10,Indirect taxes,Financial performance,168,ANZSIC06 group A016
2017,Level 3,AA13,Dairy Cattle Farming,Dollars (millions),H11,Depreciation,Financial performance,612,ANZSIC06 group A016
2017,Level 3,AA13,Dairy Cattle Farming,Dollars (millions),H12,Salaries and wages paid,Financial performance,"1,321",ANZSIC06 group A016
2017,Level 3,AA13,Dairy Cattle Farming,Dollars (millions),H13,Redundancy and severance,Financial performance,0,ANZSIC06 group A016
2017,Level 3,AA13,Dairy Cattle Farming,Dollars (millions),H19,Purchases and other operating expenses,Financial performance,"7,091",ANZSIC06 group A016
2017,Level 3,AA13,Dairy Cattle Farming,Dollars (millions),H20,Non-operating expenses,Financial performance,41,ANZSIC06 group A016
2017,Level 3,AA13,Dairy Cattle Farming,Dollars (millions),H21,Opening stocks,Financial performance,"6,887",ANZSIC06 group A016
2017,Level 3,AA13,Dairy Cattle Farming,Dollars (millions),H22,Closing stocks,Financial performance,"6,982",ANZSIC06 group A016
2017,Level 3,AA13,Dairy Cattle Farming,Dollars (millions),H23,Surplus before income tax,Financial performance,"1,543",ANZSIC06 group A016
2017,Level 3,AA13,Dairy Cattle Farming,Dollars (millions),H24,Total assets,Financial position,"64,258",ANZSIC06 group A016
2017,Level 3,AA13,Dairy Cattle Farming,Dollars (millions),H25,Current assets,Financial position,"11,480",ANZSIC06 group A016
2017,Level 3,AA13,Dairy Cattle Farming,Dollars (millions),H26,Fixed tangible assets,Financial position,"39,504",ANZSIC06 group A016
2017,Level 3,AA13,Dairy Cattle Farming,Dollars (millions),H29,Other assets,Financial position,"13,274",ANZSIC06 group A016
2017,Level 3,AA13,Dairy Cattle Farming,Dollars (millions),H30,Total equity and liabilities,Financial position,"64,258",ANZSIC06 group A016
2017,Level 3,AA13,Dairy Cattle Farming,Dollars (millions),H31,Shareholders funds or owners equity,Financial position,"22,970",ANZSIC06 group A016
2017,Level 3,AA13,Dairy Cattle Farming,Dollars (millions),H32,Current liabilities,Financial position,"10,047",ANZSIC06 group A016
2017,Level 3,AA13,Dairy Cattle Farming,Dollars (millions),H33,Other liabilities,Financial position,"31,242",ANZSIC06 group A016
2017,Level 3,AA13,Dairy Cattle Farming,Dollars,H34,Total income per employee count,Financial ratios,"503,000",ANZSIC06 group A016
2017,Level 3,AA13,Dairy Cattle Farming,Dollars,H35,Surplus per employee count,Financial ratios,"63,300",ANZSIC06 group A016
2017,Level 3,AA13,Dairy Cattle Farming,Percentage,H36,Current ratio,Financial ratios,114,ANZSIC06 group A016
2017,Level 3,AA13,Dairy Cattle Farming,Percentage,H37,Quick ratio,Financial ratios,45,ANZSIC06 group A016
2017,Level 3,AA13,Dairy Cattle Farming,Percentage,H39,Return on equity,Financial ratios,7,ANZSIC06 group A016
2017,Level 3,AA13,Dairy Cattle Farming,Percentage,H40,Return on total assets,Financial ratios,2,ANZSIC06 group A016
2017,Level 3,AA13,Dairy Cattle Farming,Percentage,H41,Liabilities structure,Financial ratios,36,ANZSIC06 group A016
2017,Level 4,AA131,Dairy Cattle Farming,Dollars (millions),H01,Total income,Financial performance,"12,256",ANZSIC06 group A016
2017,Level 4,AA131,Dairy Cattle Farming,Dollars (millions),H04,"Sales, government funding, grants and subsidies",Financial performance,"11,789",ANZSIC06 group A016
2017,Level 4,AA131,Dairy Cattle Farming,Dollars (millions),H05,"Interest, dividends and donations",Financial performance,193,ANZSIC06 group A016
2017,Level 4,AA131,Dairy Cattle Farming,Dollars (millions),H07,Non-operating income,Financial performance,273,ANZSIC06 group A016
2017,Level 4,AA131,Dairy Cattle Farming,Dollars (millions),H08,Total expenditure,Financial performance,"10,808",ANZSIC06 group A016
2017,Level 4,AA131,Dairy Cattle Farming,Dollars (millions),H09,Interest and donations,Financial performance,"1,575",ANZSIC06 group A016
2017,Level 4,AA131,Dairy Cattle Farming,Dollars (millions),H10,Indirect taxes,Financial performance,168,ANZSIC06 group A016
2017,Level 4,AA131,Dairy Cattle Farming,Dollars (millions),H11,Depreciation,Financial performance,612,ANZSIC06 group A016
2017,Level 4,AA131,Dairy Cattle Farming,Dollars (millions),H12,Salaries and wages paid,Financial performance,"1,321",ANZSIC06 group A016
2017,Level 4,AA131,Dairy Cattle Farming,Dollars (millions),H13,Redundancy and severance,Financial performance,0,ANZSIC06 group A016
2017,Level 4,AA131,Dairy Cattle Farming,Dollars (millions),H19,Purchases and other operating expenses,Financial performance,"7,091",ANZSIC06 group A016
2017,Level 4,AA131,Dairy Cattle Farming,Dollars (millions),H20,Non-operating expenses,Financial performance,41,ANZSIC06 group A016
2017,Level 4,AA131,Dairy Cattle Farming,Dollars (millions),H21,Opening stocks,Financial performance,"6,887",ANZSIC06 group A016
2017,Level 4,AA131,Dairy Cattle Farming,Dollars (millions),H22,Closing stocks,Financial performance,"6,982",ANZSIC06 group A016
2017,Level 4,AA131,Dairy Cattle Farming,Dollars (millions),H23,Surplus before income tax,Financial performance,"1,543",ANZSIC06 group A016
2017,Level 4,AA131,Dairy Cattle Farming,Dollars (millions),H24,Total assets,Financial position,"64,258",ANZSIC06 group A016
2017,Level 4,AA131,Dairy Cattle Farming,Dollars (millions),H25,Current assets,Financial position,"11,480",ANZSIC06 group A016
2017,Level 4,AA131,Dairy Cattle Farming,Dollars (millions),H26,Fixed tangible assets,Financial position,"39,504",ANZSIC06 group A016
2017,Level 4,AA131,Dairy Cattle Farming,Dollars (millions),H29,Other assets,Financial position,"13,274",ANZSIC06 group A016
2017,Level 4,AA131,Dairy Cattle Farming,Dollars (millions),H30,Total equity and liabilities,Financial position,"64,258",ANZSIC06 group A016
2017,Level 4,AA131,Dairy Cattle Farming,Dollars (millions),H31,Shareholders funds or owners equity,Financial position,"22,970",ANZSIC06 group A016
2017,Level 4,AA131,Dairy Cattle Farming,Dollars (millions),H32,Current liabilities,Financial position,"10,047",ANZSIC06 group A016
2017,Level 4,AA131,Dairy Cattle Farming,Dollars (millions),H33,Other liabilities,Financial position,"31,242",ANZSIC06 group A016
2017,Level 4,AA131,Dairy Cattle Farming,Dollars,H34,Total income per employee count,Financial ratios,"503,000",ANZSIC06 group A016
2017,Level 4,AA131,Dairy Cattle Farming,Dollars,H35,Surplus per employee count,Financial ratios,"63,300",ANZSIC06 group A016
2017,Level 4,AA131,Dairy Cattle Farming,Percentage,H36,Current ratio,Financial ratios,114,ANZSIC06 group A016
2017,Level 4,AA131,Dairy Cattle Farming,Percentage,H37,Quick ratio,Financial ratios,45,ANZSIC06 group A016
2017,Level 4,AA131,Dairy Cattle Farming,Percentage,H39,Return on equity,Financial ratios,7,ANZSIC06 group A016
2017,Level 4,AA131,Dairy Cattle Farming,Percentage,H40,Return on total assets,Financial ratios,2,ANZSIC06 group A016
2017,Level 4,AA131,Dairy Cattle Farming,Percentage,H41,Liabilities structure,Financial ratios,36,ANZSIC06 group A016
2017,Level 3,AA14,"Poultry, Deer and Other Livestock Farming",Dollars (millions),H01,Total income,Financial performance,"2,099","ANZSIC06 groups A017, A018, and A019"
2017,Level 3,AA14,"Poultry, Deer and Other Livestock Farming",Dollars (millions),H04,"Sales, government funding, grants and subsidies",Financial performance,"2,010","ANZSIC06 groups A017, A018, and A019"
2017,Level 3,AA14,"Poultry, Deer and Other Livestock Farming",Dollars (millions),H05,"Interest, dividends and donations",Financial performance,24,"ANZSIC06 groups A017, A018, and A019"
2017,Level 3,AA14,"Poultry, Deer and Other Livestock Farming",Dollars (millions),H07,Non-operating income,Financial performance,65,"ANZSIC06 groups A017, A018, and A019"
2017,Level 3,AA14,"Poultry, Deer and Other Livestock Farming",Dollars (millions),H08,Total expenditure,Financial performance,"1,842","ANZSIC06 groups A017, A018, and A019"
2017,Level 3,AA14,"Poultry, Deer and Other Livestock Farming",Dollars (millions),H09,Interest and donations,Financial performance,94,"ANZSIC06 groups A017, A018, and A019"
2017,Level 3,AA14,"Poultry, Deer and Other Livestock Farming",Dollars (millions),H10,Indirect taxes,Financial performance,15,"ANZSIC06 groups A017, A018, and A019"
2017,Level 3,AA14,"Poultry, Deer and Other Livestock Farming",Dollars (millions),H11,Depreciation,Financial performance,97,"ANZSIC06 groups A017, A018, and A019"
2017,Level 3,AA14,"Poultry, Deer and Other Livestock Farming",Dollars (millions),H12,Salaries and wages paid,Financial performance,258,"ANZSIC06 groups A017, A018, and A019"
2017,Level 3,AA14,"Poultry, Deer and Other Livestock Farming",Dollars (millions),H13,Redundancy and severance,Financial performance,0,"ANZSIC06 groups A017, A018, and A019"
2017,Level 3,AA14,"Poultry, Deer and Other Livestock Farming",Dollars (millions),H19,Purchases and other operating expenses,Financial performance,"1,371","ANZSIC06 groups A017, A018, and A019"
2017,Level 3,AA14,"Poultry, Deer and Other Livestock Farming",Dollars (millions),H20,Non-operating expenses,Financial performance,8,"ANZSIC06 groups A017, A018, and A019"
2017,Level 3,AA14,"Poultry, Deer and Other Livestock Farming",Dollars (millions),H21,Opening stocks,Financial performance,594,"ANZSIC06 groups A017, A018, and A019"
2017,Level 3,AA14,"Poultry, Deer and Other Livestock Farming",Dollars (millions),H22,Closing stocks,Financial performance,628,"ANZSIC06 groups A017, A018, and A019"
2017,Level 3,AA14,"Poultry, Deer and Other Livestock Farming",Dollars (millions),H23,Surplus before income tax,Financial performance,290,"ANZSIC06 groups A017, A018, and A019"
2017,Level 3,AA14,"Poultry, Deer and Other Livestock Farming",Dollars (millions),H24,Total assets,Financial position,"6,381","ANZSIC06 groups A017, A018, and A019"
2017,Level 3,AA14,"Poultry, Deer and Other Livestock Farming",Dollars (millions),H25,Current assets,Financial position,"1,672","ANZSIC06 groups A017, A018, and A019"
2017,Level 3,AA14,"Poultry, Deer and Other Livestock Farming",Dollars (millions),H26,Fixed tangible assets,Financial position,"3,750","ANZSIC06 groups A017, A018, and A019"
