Year,Industry_aggregation_NZSIOC,Industry_code_NZSIOC,Industry_name_NZSIOC,Units,Variable_code,Variable_name,Variable_category,Value,Industry_code_ANZSIC06
2019,Level 1,RS,"Arts, Recreation and Other Services",Dollars (millions),H28,Disposals of fixed assets,Financial position,527,ANZSIC06 divisions R and S
2019,Level 1,RS,"Arts, Recreation and Other Services",Dollars (millions),H29,Other assets,Financial position,"6,483",ANZSIC06 divisions R and S
2019,Level 1,RS,"Arts, Recreation and Other Services",Dollars (millions),H30,Total equity and liabilities,Financial position,"25,428",ANZSIC06 divisions R and S
2019,Level 1,RS,"Arts, Recreation and Other Services",Dollars (millions),H31,Shareholders funds or owners equity,Financial position,"17,415",ANZSIC06 divisions R and S
2019,Level 1,RS,"Arts, Recreation and Other Services",Dollars (millions),H32,Current liabilities,Financial position,"5,600",ANZSIC06 divisions R and S
2019,Level 1,RS,"Arts, Recreation and Other Services",Dollars (millions),H33,Other liabilities,Financial position,"2,413",ANZSIC06 divisions R and S
2019,Level 1,RS,"Arts, Recreation and Other Services",Dollars,H34,Total income per employee count,Financial ratios,"205,000",ANZSIC06 divisions R and S
2019,Level 1,RS,"Arts, Recreation and Other Services",Dollars,H35,Surplus per employee count,Financial ratios,"22,400",ANZSIC06 divisions R and S
2019,Level 1,RS,"Arts, Recreation and Other Services",Percentage,H36,Current ratio,Financial ratios,147,ANZSIC06 divisions R and S
2019,Level 1,RS,"Arts, Recreation and Other Services",Percentage,H37,Quick ratio,Financial ratios,138,ANZSIC06 divisions R and S
2019,Level 1,RS,"Arts, Recreation and Other Services",Percentage,H39,Return on equity,Financial ratios,13,ANZSIC06 divisions R and S
2019,Level 1,RS,"Arts, Recreation and Other Services",Percentage,H40,Return on total assets,Financial ratios,9,ANZSIC06 divisions R and S
2019,Level 1,RS,"Arts, Recreation and Other Services",Percentage,H41,Liabilities structure,Financial ratios,68,ANZSIC06 divisions R and S
2019,Level 3,RS11,Arts and Recreation Services,Dollars (millions),H01,Total income,Financial performance,"8,713",ANZSIC06 division R
2019,Level 3,RS11,Arts and Recreation Services,Dollars (millions),H04,"Sales, government funding, grants and subsidies",Financial performance,"7,715",ANZSIC06 division R
2019,Level 3,RS11,Arts and Recreation Services,Dollars (millions),H05,"Interest, dividends and donations",Financial performance,914,ANZSIC06 division R
2019,Level 3,RS11,Arts and Recreation Services,Dollars (millions),H07,Non-operating income,Financial performance,84,ANZSIC06 division R
2019,Level 3,RS11,Arts and Recreation Services,Dollars (millions),H08,Total expenditure,Financial performance,"7,694",ANZSIC06 division R
2019,Level 3,RS11,Arts and Recreation Services,Dollars (millions),H09,Interest and donations,Financial performance,343,ANZSIC06 division R
2019,Level 3,RS11,Arts and Recreation Services,Dollars (millions),H10,Indirect taxes,Financial performance,202,ANZSIC06 division R
2019,Level 3,RS11,Arts and Recreation Services,Dollars (millions),H11,Depreciation,Financial performance,346,ANZSIC06 division R
2019,Level 3,RS11,Arts and Recreation Services,Dollars (millions),H12,Salaries and wages paid,Financial performance,"1,468",ANZSIC06 division R
2019,Level 3,RS11,Arts and Recreation Services,Dollars (millions),H13,Redundancy and severance,Financial performance,2,ANZSIC06 division R
2019,Level 3,RS11,Arts and Recreation Services,Dollars (millions),H19,Purchases and other operating expenses,Financial performance,"5,142",ANZSIC06 division R
2019,Level 3,RS11,Arts and Recreation Services,Dollars (millions),H20,Non-operating expenses,Financial performance,193,ANZSIC06 division R
2019,Level 3,RS11,Arts and Recreation Services,Dollars (millions),H21,Opening stocks,Financial performance,92,ANZSIC06 division R
2019,Level 3,RS11,Arts and Recreation Services,Dollars (millions),H22,Closing stocks,Financial performance,98,ANZSIC06 division R
2019,Level 3,RS11,Arts and Recreation Services,Dollars (millions),H23,Surplus before income tax,Financial performance,"1,025",ANZSIC06 division R
2019,Level 3,RS11,Arts and Recreation Services,Dollars (millions),H24,Total assets,Financial position,"10,210",ANZSIC06 division R
2019,Level 3,RS11,Arts and Recreation Services,Dollars (millions),H25,Current assets,Financial position,"2,217",ANZSIC06 division R
2019,Level 3,RS11,Arts and Recreation Services,Dollars (millions),H26,Fixed tangible assets,Financial position,"6,504",ANZSIC06 division R
2019,Level 3,RS11,Arts and Recreation Services,Dollars (millions),H27,Additions to fixed assets,Financial position,760,ANZSIC06 division R
2019,Level 3,RS11,Arts and Recreation Services,Dollars (millions),H28,Disposals of fixed assets,Financial position,218,ANZSIC06 division R
2019,Level 3,RS11,Arts and Recreation Services,Dollars (millions),H29,Other assets,Financial position,"1,489",ANZSIC06 division R
2019,Level 3,RS11,Arts and Recreation Services,Dollars (millions),H30,Total equity and liabilities,Financial position,"10,210",ANZSIC06 division R
2019,Level 3,RS11,Arts and Recreation Services,Dollars (millions),H31,Shareholders funds or owners equity,Financial position,"6,980",ANZSIC06 division R
2019,Level 3,RS11,Arts and Recreation Services,Dollars (millions),H32,Current liabilities,Financial position,"2,218",ANZSIC06 division R
2019,Level 3,RS11,Arts and Recreation Services,Dollars (millions),H33,Other liabilities,Financial position,"1,013",ANZSIC06 division R
2019,Level 3,RS11,Arts and Recreation Services,Dollars,H34,Total income per employee count,Financial ratios,"249,800",ANZSIC06 division R
2019,Level 3,RS11,Arts and Recreation Services,Dollars,H35,Surplus per employee count,Financial ratios,"29,400",ANZSIC06 division R
2019,Level 3,RS11,Arts and Recreation Services,Percentage,H36,Current ratio,Financial ratios,100,ANZSIC06 division R
2019,Level 3,RS11,Arts and Recreation Services,Percentage,H37,Quick ratio,Financial ratios,96,ANZSIC06 division R
2019,Level 3,RS11,Arts and Recreation Services,Percentage,H39,Return on equity,Financial ratios,15,ANZSIC06 division R
2019,Level 3,RS11,Arts and Recreation Services,Percentage,H40,Return on total assets,Financial ratios,10,ANZSIC06 division R
2019,Level 3,RS11,Arts and Recreation Services,Percentage,H41,Liabilities structure,Financial ratios,68,ANZSIC06 division R
2019,Level 4,RS111,Heritage and Artistic Activities,Dollars (millions),H01,Total income,Financial performance,"1,001","ANZSIC06 groups R891, R892, and R900"
2019,Level 4,RS111,Heritage and Artistic Activities,Dollars (millions),H04,"Sales, government funding, grants and subsidies",Financial performance,897,"ANZSIC06 groups R891, R892, and R900"
2019,Level 4,RS111,Heritage and Artistic Activities,Dollars (millions),H05,"Interest, dividends and donations",Financial performance,96,"ANZSIC06 groups R891, R892, and R900"
2019,Level 4,RS111,Heritage and Artistic Activities,Dollars (millions),H07,Non-operating income,Financial performance,8,"ANZSIC06 groups R891, R892, and R900"
2019,Level 4,RS111,Heritage and Artistic Activities,Dollars (millions),H08,Total expenditure,Financial performance,849,"ANZSIC06 groups R891, R892, and R900"
2019,Level 4,RS111,Heritage and Artistic Activities,Dollars (millions),H09,Interest and donations,Financial performance,C,"ANZSIC06 groups R891, R892, and R900"
2019,Level 4,RS111,Heritage and Artistic Activities,Dollars (millions),H10,Indirect taxes,Financial performance,2,"ANZSIC06 groups R891, R892, and R900"
2019,Level 4,RS111,Heritage and Artistic Activities,Dollars (millions),H11,Depreciation,Financial performance,28,"ANZSIC06 groups R891, R892, and R900"
2019,Level 4,RS111,Heritage and Artistic Activities,Dollars (millions),H12,Salaries and wages paid,Financial performance,264,"ANZSIC06 groups R891, R892, and R900"
2019,Level 4,RS111,Heritage and Artistic Activities,Dollars (millions),H13,Redundancy and severance,Financial performance,0,"ANZSIC06 groups R891, R892, and R900"
2019,Level 4,RS111,Heritage and Artistic Activities,Dollars (millions),H19,Purchases and other operating expenses,Financial performance,524,"ANZSIC06 groups R891, R892, and R900"
2019,Level 4,RS111,Heritage and Artistic Activities,Dollars (millions),H20,Non-operating expenses,Financial performance,C,"ANZSIC06 groups R891, R892, and R900"
2019,Level 4,RS111,Heritage and Artistic Activities,Dollars (millions),H21,Opening stocks,Financial performance,17,"ANZSIC06 groups R891, R892, and R900"
2019,Level 4,RS111,Heritage and Artistic Activities,Dollars (millions),H22,Closing stocks,Financial performance,18,"ANZSIC06 groups R891, R892, and R900"
2019,Level 4,RS111,Heritage and Artistic Activities,Dollars (millions),H23,Surplus before income tax,Financial performance,153,"ANZSIC06 groups R891, R892, and R900"
2019,Level 4,RS111,Heritage and Artistic Activities,Dollars (millions),H24,Total assets,Financial position,"2,083","ANZSIC06 groups R891, R892, and R900"
2019,Level 4,RS111,Heritage and Artistic Activities,Dollars (millions),H25,Current assets,Financial position,C,"ANZSIC06 groups R891, R892, and R900"
2019,Level 4,RS111,Heritage and Artistic Activities,Dollars (millions),H26,Fixed tangible assets,Financial position,"1,503","ANZSIC06 groups R891, R892, and R900"
2019,Level 4,RS111,Heritage and Artistic Activities,Dollars (millions),H27,Additions to fixed assets,Financial position,149,"ANZSIC06 groups R891, R892, and R900"
2019,Level 4,RS111,Heritage and Artistic Activities,Dollars (millions),H28,Disposals of fixed assets,Financial position,39,"ANZSIC06 groups R891, R892, and R900"
2019,Level 4,RS111,Heritage and Artistic Activities,Dollars (millions),H29,Other assets,Financial position,C,"ANZSIC06 groups R891, R892, and R900"
2019,Level 4,RS111,Heritage and Artistic Activities,Dollars (millions),H30,Total equity and liabilities,Financial position,"2,083","ANZSIC06 groups R891, R892, and R900"
2019,Level 4,RS111,Heritage and Artistic Activities,Dollars (millions),H31,Shareholders funds or owners equity,Financial position,C,"ANZSIC06 groups R891, R892, and R900"
2019,Level 4,RS111,Heritage and Artistic Activities,Dollars (millions),H32,Current liabilities,Financial position,C,"ANZSIC06 groups R891, R892, and R900"
2019,Level 4,RS111,Heritage and Artistic Activities,Dollars (millions),H33,Other liabilities,Financial position,154,"ANZSIC06 groups R891, R892, and R900"
2019,Level 4,RS111,Heritage and Artistic Activities,Dollars,H34,Total income per employee count,Financial ratios,"198,700","ANZSIC06 groups R891, R892, and R900"
2019,Level 4,RS111,Heritage and Artistic Activities,Dollars,H35,Surplus per employee count,Financial ratios,"30,400","ANZSIC06 groups R891, R892, and R900"
2019,Level 4,RS111,Heritage and Artistic Activities,Percentage,H36,Current ratio,Financial ratios,C,"ANZSIC06 groups R891, R892, and R900"
2019,Level 4,RS111,Heritage and Artistic Activities,Percentage,H37,Quick ratio,Financial ratios,C,"ANZSIC06 groups R891, R892, and R900"
2019,Level 4,RS111,Heritage and Artistic Activities,Percentage,H39,Return on equity,Financial ratios,C,"ANZSIC06 groups R891, R892, and R900"
2019,Level 4,RS111,Heritage and Artistic Activities,Percentage,H40,Return on total assets,Financial ratios,7,"ANZSIC06 groups R891, R892, and R900"
2019,Level 4,RS111,Heritage and Artistic Activities,Percentage,H41,Liabilities structure,Financial ratios,C,"ANZSIC06 groups R891, R892, and R900"
2019,Level 4,RS112,Sport and Recreation Activities,Dollars (millions),H01,Total income,Financial performance,"3,246","ANZSIC06 groups R911, R912, and R913"
2019,Level 4,RS112,Sport and Recreation Activities,Dollars (millions),H04,"Sales, government funding, grants and subsidies",Financial performance,"2,388","ANZSIC06 groups R911, R912, and R913"
2019,Level 4,RS112,Sport and Recreation Activities,Dollars (millions),H05,"Interest, dividends and donations",Financial performance,811,"ANZSIC06 groups R911, R912, and R913"
2019,Level 4,RS112,Sport and Recreation Activities,Dollars (millions),H07,Non-operating income,Financial performance,48,"ANZSIC06 groups R911, R912, and R913"
2019,Level 4,RS112,Sport and Recreation Activities,Dollars (millions),H08,Total expenditure,Financial performance,"3,063","ANZSIC06 groups R911, R912, and R913"
2019,Level 4,RS112,Sport and Recreation Activities,Dollars (millions),H09,Interest and donations,Financial performance,53,"ANZSIC06 groups R911, R912, and R913"
2019,Level 4,RS112,Sport and Recreation Activities,Dollars (millions),H10,Indirect taxes,Financial performance,16,"ANZSIC06 groups R911, R912, and R913"
2019,Level 4,RS112,Sport and Recreation Activities,Dollars (millions),H11,Depreciation,Financial performance,191,"ANZSIC06 groups R911, R912, and R913"
2019,Level 4,RS112,Sport and Recreation Activities,Dollars (millions),H12,Salaries and wages paid,Financial performance,895,"ANZSIC06 groups R911, R912, and R913"
2019,Level 4,RS112,Sport and Recreation Activities,Dollars (millions),H13,Redundancy and severance,Financial performance,C,"ANZSIC06 groups R911, R912, and R913"
2019,Level 4,RS112,Sport and Recreation Activities,Dollars (millions),H19,Purchases and other operating expenses,Financial performance,"1,793","ANZSIC06 groups R911, R912, and R913"
2019,Level 4,RS112,Sport and Recreation Activities,Dollars (millions),H20,Non-operating expenses,Financial performance,116,"ANZSIC06 groups R911, R912, and R913"
2019,Level 4,RS112,Sport and Recreation Activities,Dollars (millions),H21,Opening stocks,Financial performance,65,"ANZSIC06 groups R911, R912, and R913"
2019,Level 4,RS112,Sport and Recreation Activities,Dollars (millions),H22,Closing stocks,Financial performance,68,"ANZSIC06 groups R911, R912, and R913"
2019,Level 4,RS112,Sport and Recreation Activities,Dollars (millions),H23,Surplus before income tax,Financial performance,186,"ANZSIC06 groups R911, R912, and R913"
2019,Level 4,RS112,Sport and Recreation Activities,Dollars (millions),H24,Total assets,Financial position,"6,200","ANZSIC06 groups R911, R912, and R913"
2019,Level 4,RS112,Sport and Recreation Activities,Dollars (millions),H25,Current assets,Financial position,"1,433","ANZSIC06 groups R911, R912, and R913"
2019,Level 4,RS112,Sport and Recreation Activities,Dollars (millions),H26,Fixed tangible assets,Financial position,"3,983","ANZSIC06 groups R911, R912, and R913"
2019,Level 4,RS112,Sport and Recreation Activities,Dollars (millions),H27,Additions to fixed assets,Financial position,448,"ANZSIC06 groups R911, R912, and R913"
2019,Level 4,RS112,Sport and Recreation Activities,Dollars (millions),H28,Disposals of fixed assets,Financial position,145,"ANZSIC06 groups R911, R912, and R913"
2019,Level 4,RS112,Sport and Recreation Activities,Dollars (millions),H29,Other assets,Financial position,785,"ANZSIC06 groups R911, R912, and R913"
2019,Level 4,RS112,Sport and Recreation Activities,Dollars (millions),H30,Total equity and liabilities,Financial position,"6,200","ANZSIC06 groups R911, R912, and R913"
2019,Level 4,RS112,Sport and Recreation Activities,Dollars (millions),H31,Shareholders funds or owners equity,Financial position,"3,958","ANZSIC06 groups R911, R912, and R913"
2019,Level 4,RS112,Sport and Recreation Activities,Dollars (millions),H32,Current liabilities,Financial position,"1,522","ANZSIC06 groups R911, R912, and R913"
2019,Level 4,RS112,Sport and Recreation Activities,Dollars (millions),H33,Other liabilities,Financial position,720,"ANZSIC06 groups R911, R912, and R913"
2019,Level 4,RS112,Sport and Recreation Activities,Dollars,H34,Total income per employee count,Financial ratios,"134,500","ANZSIC06 groups R911, R912, and R913"
2019,Level 4,RS112,Sport and Recreation Activities,Dollars,H35,Surplus per employee count,Financial ratios,"7,700","ANZSIC06 groups R911, R912, and R913"
2019,Level 4,RS112,Sport and Recreation Activities,Percentage,H36,Current ratio,Financial ratios,94,"ANZSIC06 groups R911, R912, and R913"
2019,Level 4,RS112,Sport and Recreation Activities,Percentage,H37,Quick ratio,Financial ratios,90,"ANZSIC06 groups R911, R912, and R913"
2019,Level 4,RS112,Sport and Recreation Activities,Percentage,H39,Return on equity,Financial ratios,5,"ANZSIC06 groups R911, R912, and R913"
2019,Level 4,RS112,Sport and Recreation Activities,Percentage,H40,Return on total assets,Financial ratios,3,"ANZSIC06 groups R911, R912, and R913"
2019,Level 4,RS112,Sport and Recreation Activities,Percentage,H41,Liabilities structure,Financial ratios,64,"ANZSIC06 groups R911, R912, and R913"
2019,Level 4,RS113,Gambling Activities,Dollars (millions),H01,Total income,Financial performance,"4,465",ANZSIC06 group R920
2019,Level 4,RS113,Gambling Activities,Dollars (millions),H04,"Sales, government funding, grants and subsidies",Financial performance,"4,430",ANZSIC06 group R920
2019,Level 4,RS113,Gambling Activities,Dollars (millions),H05,"Interest, dividends and donations",Financial performance,7,ANZSIC06 group R920
2019,Level 4,RS113,Gambling Activities,Dollars (millions),H07,Non-operating income,Financial performance,28,ANZSIC06 group R920
2019,Level 4,RS113,Gambling Activities,Dollars (millions),H08,Total expenditure,Financial performance,"3,782",ANZSIC06 group R920
2019,Level 4,RS113,Gambling Activities,Dollars (millions),H09,Interest and donations,Financial performance,C,ANZSIC06 group R920
2019,Level 4,RS113,Gambling Activities,Dollars (millions),H10,Indirect taxes,Financial performance,184,ANZSIC06 group R920
2019,Level 4,RS113,Gambling Activities,Dollars (millions),H11,Depreciation,Financial performance,127,ANZSIC06 group R920
2019,Level 4,RS113,Gambling Activities,Dollars (millions),H12,Salaries and wages paid,Financial performance,309,ANZSIC06 group R920
2019,Level 4,RS113,Gambling Activities,Dollars (millions),H13,Redundancy and severance,Financial performance,C,ANZSIC06 group R920
2019,Level 4,RS113,Gambling Activities,Dollars (millions),H19,Purchases and other operating expenses,Financial performance,"2,825",ANZSIC06 group R920
2019,Level 4,RS113,Gambling Activities,Dollars (millions),H20,Non-operating expenses,Financial performance,C,ANZSIC06 group R920
2019,Level 4,RS113,Gambling Activities,Dollars (millions),H21,Opening stocks,Financial performance,10,ANZSIC06 group R920
2019,Level 4,RS113,Gambling Activities,Dollars (millions),H22,Closing stocks,Financial performance,12,ANZSIC06 group R920
2019,Level 4,RS113,Gambling Activities,Dollars (millions),H23,Surplus before income tax,Financial performance,685,ANZSIC06 group R920
2019,Level 4,RS113,Gambling Activities,Dollars (millions),H24,Total assets,Financial position,"1,927",ANZSIC06 group R920
2019,Level 4,RS113,Gambling Activities,Dollars (millions),H25,Current assets,Financial position,C,ANZSIC06 group R920
2019,Level 4,RS113,Gambling Activities,Dollars (millions),H26,Fixed tangible assets,Financial position,"1,019",ANZSIC06 group R920
2019,Level 4,RS113,Gambling Activities,Dollars (millions),H27,Additions to fixed assets,Financial position,162,ANZSIC06 group R920
2019,Level 4,RS113,Gambling Activities,Dollars (millions),H28,Disposals of fixed assets,Financial position,33,ANZSIC06 group R920
2019,Level 4,RS113,Gambling Activities,Dollars (millions),H29,Other assets,Financial position,C,ANZSIC06 group R920
2019,Level 4,RS113,Gambling Activities,Dollars (millions),H30,Total equity and liabilities,Financial position,"1,927",ANZSIC06 group R920
2019,Level 4,RS113,Gambling Activities,Dollars (millions),H31,Shareholders funds or owners equity,Financial position,C,ANZSIC06 group R920
2019,Level 4,RS113,Gambling Activities,Dollars (millions),H32,Current liabilities,Financial position,C,ANZSIC06 group R920
2019,Level 4,RS113,Gambling Activities,Dollars (millions),H33,Other liabilities,Financial position,138,ANZSIC06 group R920
2019,Level 4,RS113,Gambling Activities,Dollars,H34,Total income per employee count,Financial ratios,"782,200",ANZSIC06 group R920
2019,Level 4,RS113,Gambling Activities,Dollars,H35,Surplus per employee count,Financial ratios,"120,000",ANZSIC06 group R920
2019,Level 4,RS113,Gambling Activities,Percentage,H36,Current ratio,Financial ratios,C,ANZSIC06 group R920
2019,Level 4,RS113,Gambling Activities,Percentage,H37,Quick ratio,Financial ratios,C,ANZSIC06 group R920
2019,Level 4,RS113,Gambling Activities,Percentage,H39,Return on equity,Financial ratios,C,ANZSIC06 group R920
2019,Level 4,RS113,Gambling Activities,Percentage,H40,Return on total assets,Financial ratios,36,ANZSIC06 group R920
2019,Level 4,RS113,Gambling Activities,Percentage,H41,Liabilities structure,Financial ratios,C,ANZSIC06 group R920
2019,Level 3,RS21,Other Services,Dollars (millions),H01,Total income,Financial performance,"11,712","ANZSIC06 division S (excluding classes S9540, S9601, S9602, and S9603)"
2019,Level 3,RS21,Other Services,Dollars (millions),H04,"Sales, government funding, grants and subsidies",Financial performance,"10,326","ANZSIC06 division S (excluding classes S9540, S9601, S9602, and S9603)"
2019,Level 3,RS21,Other Services,Dollars (millions),H05,"Interest, dividends and donations",Financial performance,"1,078","ANZSIC06 division S (excluding classes S9540, S9601, S9602, and S9603)"
2019,Level 3,RS21,Other Services,Dollars (millions),H07,Non-operating income,Financial performance,308,"ANZSIC06 division S (excluding classes S9540, S9601, S9602, and S9603)"
2019,Level 3,RS21,Other Services,Dollars (millions),H08,Total expenditure,Financial performance,"10,536","ANZSIC06 division S (excluding classes S9540, S9601, S9602, and S9603)"
2019,Level 3,RS21,Other Services,Dollars (millions),H09,Interest and donations,Financial performance,391,"ANZSIC06 division S (excluding classes S9540, S9601, S9602, and S9603)"
2019,Level 3,RS21,Other Services,Dollars (millions),H10,Indirect taxes,Financial performance,49,"ANZSIC06 division S (excluding classes S9540, S9601, S9602, and S9603)"
2019,Level 3,RS21,Other Services,Dollars (millions),H11,Depreciation,Financial performance,271,"ANZSIC06 division S (excluding classes S9540, S9601, S9602, and S9603)"
2019,Level 3,RS21,Other Services,Dollars (millions),H12,Salaries and wages paid,Financial performance,"3,309","ANZSIC06 division S (excluding classes S9540, S9601, S9602, and S9603)"
2019,Level 3,RS21,Other Services,Dollars (millions),H13,Redundancy and severance,Financial performance,1,"ANZSIC06 division S (excluding classes S9540, S9601, S9602, and S9603)"
2019,Level 3,RS21,Other Services,Dollars (millions),H19,Purchases and other operating expenses,Financial performance,"6,460","ANZSIC06 division S (excluding classes S9540, S9601, S9602, and S9603)"
2019,Level 3,RS21,Other Services,Dollars (millions),H20,Non-operating expenses,Financial performance,56,"ANZSIC06 division S (excluding classes S9540, S9601, S9602, and S9603)"
2019,Level 3,RS21,Other Services,Dollars (millions),H21,Opening stocks,Financial performance,394,"ANZSIC06 division S (excluding classes S9540, S9601, S9602, and S9603)"
2019,Level 3,RS21,Other Services,Dollars (millions),H22,Closing stocks,Financial performance,425,"ANZSIC06 division S (excluding classes S9540, S9601, S9602, and S9603)"
2019,Level 3,RS21,Other Services,Dollars (millions),H23,Surplus before income tax,Financial performance,"1,207","ANZSIC06 division S (excluding classes S9540, S9601, S9602, and S9603)"
2019,Level 3,RS21,Other Services,Dollars (millions),H24,Total assets,Financial position,"15,218","ANZSIC06 division S (excluding classes S9540, S9601, S9602, and S9603)"
2019,Level 3,RS21,Other Services,Dollars (millions),H25,Current assets,Financial position,"6,026","ANZSIC06 division S (excluding classes S9540, S9601, S9602, and S9603)"
2019,Level 3,RS21,Other Services,Dollars (millions),H26,Fixed tangible assets,Financial position,"4,198","ANZSIC06 division S (excluding classes S9540, S9601, S9602, and S9603)"
2019,Level 3,RS21,Other Services,Dollars (millions),H27,Additions to fixed assets,Financial position,741,"ANZSIC06 division S (excluding classes S9540, S9601, S9602, and S9603)"
2019,Level 3,RS21,Other Services,Dollars (millions),H28,Disposals of fixed assets,Financial position,309,"ANZSIC06 division S (excluding classes S9540, S9601, S9602, and S9603)"
2019,Level 3,RS21,Other Services,Dollars (millions),H29,Other assets,Financial position,"4,994","ANZSIC06 division S (excluding classes S9540, S9601, S9602, and S9603)"
2019,Level 3,RS21,Other Services,Dollars (millions),H30,Total equity and liabilities,Financial position,"15,218","ANZSIC06 division S (excluding classes S9540, S9601, S9602, and S9603)"
2019,Level 3,RS21,Other Services,Dollars (millions),H31,Shareholders funds or owners equity,Financial position,"10,435","ANZSIC06 division S (excluding classes S9540, S9601, S9602, and S9603)"
2019,Level 3,RS21,Other Services,Dollars (millions),H32,Current liabilities,Financial position,"3,382","ANZSIC06 division S (excluding classes S9540, S9601, S9602, and S9603)"
2019,Level 3,RS21,Other Services,Dollars (millions),H33,Other liabilities,Financial position,"1,401","ANZSIC06 division S (excluding classes S9540, S9601, S9602, and S9603)"
2019,Level 3,RS21,Other Services,Dollars,H34,Total income per employee count,Financial ratios,"180,900","ANZSIC06 division S (excluding classes S9540, S9601, S9602, and S9603)"
2019,Level 3,RS21,Other Services,Dollars,H35,Surplus per employee count,Financial ratios,"18,600","ANZSIC06 division S (excluding classes S9540, S9601, S9602, and S9603)"
2019,Level 3,RS21,Other Services,Percentage,H36,Current ratio,Financial ratios,178,"ANZSIC06 division S (excluding classes S9540, S9601, S9602, and S9603)"
2019,Level 3,RS21,Other Services,Percentage,H37,Quick ratio,Financial ratios,166,"ANZSIC06 division S (excluding classes S9540, S9601, S9602, and S9603)"
2019,Level 3,RS21,Other Services,Percentage,H39,Return on equity,Financial ratios,12,"ANZSIC06 division S (excluding classes S9540, S9601, S9602, and S9603)"
2019,Level 3,RS21,Other Services,Percentage,H40,Return on total assets,Financial ratios,8,"ANZSIC06 division S (excluding classes S9540, S9601, S9602, and S9603)"
2019,Level 3,RS21,Other Services,Percentage,H41,Liabilities structure,Financial ratios,69,"ANZSIC06 division S (excluding classes S9540, S9601, S9602, and S9603)"
2019,Level 4,RS211,Repair and Maintenance,Dollars (millions),H01,Total income,Financial performance,"6,177","ANZSIC06 groups S941, S942, and S949"
2019,Level 4,RS211,Repair and Maintenance,Dollars (millions),H04,"Sales, government funding, grants and subsidies",Financial performance,"6,136","ANZSIC06 groups S941, S942, and S949"
2019,Level 4,RS211,Repair and Maintenance,Dollars (millions),H05,"Interest, dividends and donations",Financial performance,12,"ANZSIC06 groups S941, S942, and S949"
2019,Level 4,RS211,Repair and Maintenance,Dollars (millions),H07,Non-operating income,Financial performance,29,"ANZSIC06 groups S941, S942, and S949"
2019,Level 4,RS211,Repair and Maintenance,Dollars (millions),H08,Total expenditure,Financial performance,"5,705","ANZSIC06 groups S941, S942, and S949"
2019,Level 4,RS211,Repair and Maintenance,Dollars (millions),H09,Interest and donations,Financial performance,53,"ANZSIC06 groups S941, S942, and S949"
2019,Level 4,RS211,Repair and Maintenance,Dollars (millions),H10,Indirect taxes,Financial performance,25,"ANZSIC06 groups S941, S942, and S949"
2019,Level 4,RS211,Repair and Maintenance,Dollars (millions),H11,Depreciation,Financial performance,127,"ANZSIC06 groups S941, S942, and S949"
2019,Level 4,RS211,Repair and Maintenance,Dollars (millions),H12,Salaries and wages paid,Financial performance,"1,668","ANZSIC06 groups S941, S942, and S949"
2019,Level 4,RS211,Repair and Maintenance,Dollars (millions),H13,Redundancy and severance,Financial performance,0,"ANZSIC06 groups S941, S942, and S949"
2019,Level 4,RS211,Repair and Maintenance,Dollars (millions),H19,Purchases and other operating expenses,Financial performance,"3,809","ANZSIC06 groups S941, S942, and S949"
2019,Level 4,RS211,Repair and Maintenance,Dollars (millions),H20,Non-operating expenses,Financial performance,23,"ANZSIC06 groups S941, S942, and S949"
2019,Level 4,RS211,Repair and Maintenance,Dollars (millions),H21,Opening stocks,Financial performance,312,"ANZSIC06 groups S941, S942, and S949"
2019,Level 4,RS211,Repair and Maintenance,Dollars (millions),H22,Closing stocks,Financial performance,338,"ANZSIC06 groups S941, S942, and S949"
2019,Level 4,RS211,Repair and Maintenance,Dollars (millions),H23,Surplus before income tax,Financial performance,499,"ANZSIC06 groups S941, S942, and S949"
2019,Level 4,RS211,Repair and Maintenance,Dollars (millions),H24,Total assets,Financial position,"3,119","ANZSIC06 groups S941, S942, and S949"
2019,Level 4,RS211,Repair and Maintenance,Dollars (millions),H25,Current assets,Financial position,"1,610","ANZSIC06 groups S941, S942, and S949"
2019,Level 4,RS211,Repair and Maintenance,Dollars (millions),H26,Fixed tangible assets,Financial position,"1,063","ANZSIC06 groups S941, S942, and S949"
2019,Level 4,RS211,Repair and Maintenance,Dollars (millions),H27,Additions to fixed assets,Financial position,317,"ANZSIC06 groups S941, S942, and S949"
2019,Level 4,RS211,Repair and Maintenance,Dollars (millions),H28,Disposals of fixed assets,Financial position,136,"ANZSIC06 groups S941, S942, and S949"
2019,Level 4,RS211,Repair and Maintenance,Dollars (millions),H29,Other assets,Financial position,446,"ANZSIC06 groups S941, S942, and S949"
2019,Level 4,RS211,Repair and Maintenance,Dollars (millions),H30,Total equity and liabilities,Financial position,"3,119","ANZSIC06 groups S941, S942, and S949"
2019,Level 4,RS211,Repair and Maintenance,Dollars (millions),H31,Shareholders funds or owners equity,Financial position,"1,056","ANZSIC06 groups S941, S942, and S949"
2019,Level 4,RS211,Repair and Maintenance,Dollars (millions),H32,Current liabilities,Financial position,"1,390","ANZSIC06 groups S941, S942, and S949"
2019,Level 4,RS211,Repair and Maintenance,Dollars (millions),H33,Other liabilities,Financial position,673,"ANZSIC06 groups S941, S942, and S949"
2019,Level 4,RS211,Repair and Maintenance,Dollars,H34,Total income per employee count,Financial ratios,"216,900","ANZSIC06 groups S941, S942, and S949"
2019,Level 4,RS211,Repair and Maintenance,Dollars,H35,Surplus per employee count,Financial ratios,"17,500","ANZSIC06 groups S941, S942, and S949"
