Year,Industry_aggregation_NZSIOC,Industry_code_NZSIOC,Industry_name_NZSIOC,Units,Variable_code,Variable_name,Variable_category,Value,Industry_code_ANZSIC06
2013,Level 4,PP112,School Education,Dollars (millions),H28,Disposals of fixed assets,Financial position,15,ANZSIC06 group P802
2013,Level 4,PP112,School Education,Dollars (millions),H29,Other assets,Financial position,C,ANZSIC06 group P802
2013,Level 4,PP112,School Education,Dollars (millions),H30,Total equity and liabilities,Financial position,"1,593",ANZSIC06 group P802
2013,Level 4,PP112,School Education,Dollars (millions),H31,Shareholders funds or owners equity,Financial position,"1,298",ANZSIC06 group P802
2013,Level 4,PP112,School Education,Dollars (millions),H32,Current liabilities,Financial position,184,ANZSIC06 group P802
2013,Level 4,PP112,School Education,Dollars (millions),H33,Other liabilities,Financial position,111,ANZSIC06 group P802
2013,Level 4,PP112,School Education,Percentage,H36,Current ratio,Financial ratios,C,ANZSIC06 group P802
2013,Level 4,PP112,School Education,Percentage,H37,Quick ratio,Financial ratios,C,ANZSIC06 group P802
2013,Level 4,PP112,School Education,Percentage,H39,Return on equity,Financial ratios,3,ANZSIC06 group P802
2013,Level 4,PP112,School Education,Percentage,H40,Return on total assets,Financial ratios,2,ANZSIC06 group P802
2013,Level 4,PP112,School Education,Percentage,H41,Liabilities structure,Financial ratios,81,ANZSIC06 group P802
2013,Level 4,PP113,Tertiary Education,Dollars (millions),H01,Total income,Financial performance,729,ANZSIC06 group P810
2013,Level 4,PP113,Tertiary Education,Dollars (millions),H05,"Interest, dividends and donations",Financial performance,35,ANZSIC06 group P810
2013,Level 4,PP113,Tertiary Education,Dollars (millions),H06,"Sales, government funding, grants and subsidies",Financial performance,690,ANZSIC06 group P810
2013,Level 4,PP113,Tertiary Education,Dollars (millions),H07,Non-operating income,Financial performance,4,ANZSIC06 group P810
2013,Level 4,PP113,Tertiary Education,Dollars (millions),H08,Total expenditure,Financial performance,656,ANZSIC06 group P810
2013,Level 4,PP113,Tertiary Education,Dollars (millions),H09,Interest and donations,Financial performance,3,ANZSIC06 group P810
2013,Level 4,PP113,Tertiary Education,Dollars (millions),H10,Indirect taxes,Financial performance,2,ANZSIC06 group P810
2013,Level 4,PP113,Tertiary Education,Dollars (millions),H11,Depreciation,Financial performance,18,ANZSIC06 group P810
2013,Level 4,PP113,Tertiary Education,Dollars (millions),H12,Salaries and wages paid,Financial performance,293,ANZSIC06 group P810
2013,Level 4,PP113,Tertiary Education,Dollars (millions),H13,Redundancy and severance,Financial performance,C,ANZSIC06 group P810
2013,Level 4,PP113,Tertiary Education,Dollars (millions),H19,Purchases and other operating expenses,Financial performance,330,ANZSIC06 group P810
2013,Level 4,PP113,Tertiary Education,Dollars (millions),H20,Non-operating expenses,Financial performance,9,ANZSIC06 group P810
2013,Level 4,PP113,Tertiary Education,Dollars (millions),H21,Opening stocks,Financial performance,0,ANZSIC06 group P810
2013,Level 4,PP113,Tertiary Education,Dollars (millions),H22,Closing stocks,Financial performance,0,ANZSIC06 group P810
2013,Level 4,PP113,Tertiary Education,Dollars (millions),H23,Surplus before income tax,Financial performance,74,ANZSIC06 group P810
2013,Level 4,PP113,Tertiary Education,Dollars (millions),H24,Total assets,Financial position,498,ANZSIC06 group P810
2013,Level 4,PP113,Tertiary Education,Dollars (millions),H25,Current assets,Financial position,308,ANZSIC06 group P810
2013,Level 4,PP113,Tertiary Education,Dollars (millions),H26,Fixed tangible assets,Financial position,126,ANZSIC06 group P810
2013,Level 4,PP113,Tertiary Education,Dollars (millions),H27,Additions to fixed assets,Financial position,28,ANZSIC06 group P810
2013,Level 4,PP113,Tertiary Education,Dollars (millions),H28,Disposals of fixed assets,Financial position,15,ANZSIC06 group P810
2013,Level 4,PP113,Tertiary Education,Dollars (millions),H29,Other assets,Financial position,64,ANZSIC06 group P810
2013,Level 4,PP113,Tertiary Education,Dollars (millions),H30,Total equity and liabilities,Financial position,498,ANZSIC06 group P810
2013,Level 4,PP113,Tertiary Education,Dollars (millions),H31,Shareholders funds or owners equity,Financial position,230,ANZSIC06 group P810
2013,Level 4,PP113,Tertiary Education,Dollars (millions),H32,Current liabilities,Financial position,211,ANZSIC06 group P810
2013,Level 4,PP113,Tertiary Education,Dollars (millions),H33,Other liabilities,Financial position,57,ANZSIC06 group P810
2013,Level 4,PP113,Tertiary Education,Percentage,H36,Current ratio,Financial ratios,146,ANZSIC06 group P810
2013,Level 4,PP113,Tertiary Education,Percentage,H37,Quick ratio,Financial ratios,146,ANZSIC06 group P810
2013,Level 4,PP113,Tertiary Education,Percentage,H39,Return on equity,Financial ratios,32,ANZSIC06 group P810
2013,Level 4,PP113,Tertiary Education,Percentage,H40,Return on total assets,Financial ratios,15,ANZSIC06 group P810
2013,Level 4,PP113,Tertiary Education,Percentage,H41,Liabilities structure,Financial ratios,46,ANZSIC06 group P810
2013,Level 4,PP114,"Adult, Community and Other Education",Dollars (millions),H01,Total income,Financial performance,"1,171",ANZSIC06 groups P821 and P822
2013,Level 4,PP114,"Adult, Community and Other Education",Dollars (millions),H05,"Interest, dividends and donations",Financial performance,88,ANZSIC06 groups P821 and P822
2013,Level 4,PP114,"Adult, Community and Other Education",Dollars (millions),H06,"Sales, government funding, grants and subsidies",Financial performance,"1,079",ANZSIC06 groups P821 and P822
2013,Level 4,PP114,"Adult, Community and Other Education",Dollars (millions),H07,Non-operating income,Financial performance,4,ANZSIC06 groups P821 and P822
2013,Level 4,PP114,"Adult, Community and Other Education",Dollars (millions),H08,Total expenditure,Financial performance,"1,086",ANZSIC06 groups P821 and P822
2013,Level 4,PP114,"Adult, Community and Other Education",Dollars (millions),H09,Interest and donations,Financial performance,13,ANZSIC06 groups P821 and P822
2013,Level 4,PP114,"Adult, Community and Other Education",Dollars (millions),H10,Indirect taxes,Financial performance,3,ANZSIC06 groups P821 and P822
2013,Level 4,PP114,"Adult, Community and Other Education",Dollars (millions),H11,Depreciation,Financial performance,39,ANZSIC06 groups P821 and P822
2013,Level 4,PP114,"Adult, Community and Other Education",Dollars (millions),H12,Salaries and wages paid,Financial performance,434,ANZSIC06 groups P821 and P822
2013,Level 4,PP114,"Adult, Community and Other Education",Dollars (millions),H13,Redundancy and severance,Financial performance,C,ANZSIC06 groups P821 and P822
2013,Level 4,PP114,"Adult, Community and Other Education",Dollars (millions),H19,Purchases and other operating expenses,Financial performance,587,ANZSIC06 groups P821 and P822
2013,Level 4,PP114,"Adult, Community and Other Education",Dollars (millions),H20,Non-operating expenses,Financial performance,11,ANZSIC06 groups P821 and P822
2013,Level 4,PP114,"Adult, Community and Other Education",Dollars (millions),H21,Opening stocks,Financial performance,C,ANZSIC06 groups P821 and P822
2013,Level 4,PP114,"Adult, Community and Other Education",Dollars (millions),H22,Closing stocks,Financial performance,C,ANZSIC06 groups P821 and P822
2013,Level 4,PP114,"Adult, Community and Other Education",Dollars (millions),H23,Surplus before income tax,Financial performance,84,ANZSIC06 groups P821 and P822
2013,Level 4,PP114,"Adult, Community and Other Education",Dollars (millions),H24,Total assets,Financial position,"1,051",ANZSIC06 groups P821 and P822
2013,Level 4,PP114,"Adult, Community and Other Education",Dollars (millions),H25,Current assets,Financial position,C,ANZSIC06 groups P821 and P822
2013,Level 4,PP114,"Adult, Community and Other Education",Dollars (millions),H26,Fixed tangible assets,Financial position,423,ANZSIC06 groups P821 and P822
2013,Level 4,PP114,"Adult, Community and Other Education",Dollars (millions),H27,Additions to fixed assets,Financial position,66,ANZSIC06 groups P821 and P822
2013,Level 4,PP114,"Adult, Community and Other Education",Dollars (millions),H28,Disposals of fixed assets,Financial position,31,ANZSIC06 groups P821 and P822
2013,Level 4,PP114,"Adult, Community and Other Education",Dollars (millions),H29,Other assets,Financial position,C,ANZSIC06 groups P821 and P822
2013,Level 4,PP114,"Adult, Community and Other Education",Dollars (millions),H30,Total equity and liabilities,Financial position,"1,051",ANZSIC06 groups P821 and P822
2013,Level 4,PP114,"Adult, Community and Other Education",Dollars (millions),H31,Shareholders funds or owners equity,Financial position,584,ANZSIC06 groups P821 and P822
2013,Level 4,PP114,"Adult, Community and Other Education",Dollars (millions),H32,Current liabilities,Financial position,361,ANZSIC06 groups P821 and P822
2013,Level 4,PP114,"Adult, Community and Other Education",Dollars (millions),H33,Other liabilities,Financial position,106,ANZSIC06 groups P821 and P822
2013,Level 4,PP114,"Adult, Community and Other Education",Percentage,H36,Current ratio,Financial ratios,C,ANZSIC06 groups P821 and P822
2013,Level 4,PP114,"Adult, Community and Other Education",Percentage,H37,Quick ratio,Financial ratios,C,ANZSIC06 groups P821 and P822
2013,Level 4,PP114,"Adult, Community and Other Education",Percentage,H39,Return on equity,Financial ratios,14,ANZSIC06 groups P821 and P822
2013,Level 4,PP114,"Adult, Community and Other Education",Percentage,H40,Return on total assets,Financial ratios,8,ANZSIC06 groups P821 and P822
2013,Level 4,PP114,"Adult, Community and Other Education",Percentage,H41,Liabilities structure,Financial ratios,56,ANZSIC06 groups P821 and P822
2013,Level 1,QQ,Health Care and Social Assistance,Dollars (millions),H01,Total income,Financial performance,"13,520",ANZSIC06 division Q
2013,Level 1,QQ,Health Care and Social Assistance,Dollars (millions),H05,"Interest, dividends and donations",Financial performance,528,ANZSIC06 division Q
2013,Level 1,QQ,Health Care and Social Assistance,Dollars (millions),H06,"Sales, government funding, grants and subsidies",Financial performance,"12,857",ANZSIC06 division Q
2013,Level 1,QQ,Health Care and Social Assistance,Dollars (millions),H07,Non-operating income,Financial performance,134,ANZSIC06 division Q
2013,Level 1,QQ,Health Care and Social Assistance,Dollars (millions),H08,Total expenditure,Financial performance,"12,061",ANZSIC06 division Q
2013,Level 1,QQ,Health Care and Social Assistance,Dollars (millions),H09,Interest and donations,Financial performance,259,ANZSIC06 division Q
2013,Level 1,QQ,Health Care and Social Assistance,Dollars (millions),H10,Indirect taxes,Financial performance,49,ANZSIC06 division Q
2013,Level 1,QQ,Health Care and Social Assistance,Dollars (millions),H11,Depreciation,Financial performance,378,ANZSIC06 division Q
2013,Level 1,QQ,Health Care and Social Assistance,Dollars (millions),H12,Salaries and wages paid,Financial performance,"5,568",ANZSIC06 division Q
2013,Level 1,QQ,Health Care and Social Assistance,Dollars (millions),H13,Redundancy and severance,Financial performance,2,ANZSIC06 division Q
2013,Level 1,QQ,Health Care and Social Assistance,Dollars (millions),H19,Purchases and other operating expenses,Financial performance,"5,630",ANZSIC06 division Q
2013,Level 1,QQ,Health Care and Social Assistance,Dollars (millions),H20,Non-operating expenses,Financial performance,177,ANZSIC06 division Q
2013,Level 1,QQ,Health Care and Social Assistance,Dollars (millions),H21,Opening stocks,Financial performance,36,ANZSIC06 division Q
2013,Level 1,QQ,Health Care and Social Assistance,Dollars (millions),H22,Closing stocks,Financial performance,37,ANZSIC06 division Q
2013,Level 1,QQ,Health Care and Social Assistance,Dollars (millions),H23,Surplus before income tax,Financial performance,"1,459",ANZSIC06 division Q
2013,Level 1,QQ,Health Care and Social Assistance,Dollars (millions),H24,Total assets,Financial position,"14,227",ANZSIC06 division Q
2013,Level 1,QQ,Health Care and Social Assistance,Dollars (millions),H25,Current assets,Financial position,"3,732",ANZSIC06 division Q
2013,Level 1,QQ,Health Care and Social Assistance,Dollars (millions),H26,Fixed tangible assets,Financial position,"5,582",ANZSIC06 division Q
2013,Level 1,QQ,Health Care and Social Assistance,Dollars (millions),H27,Additions to fixed assets,Financial position,809,ANZSIC06 division Q
2013,Level 1,QQ,Health Care and Social Assistance,Dollars (millions),H28,Disposals of fixed assets,Financial position,375,ANZSIC06 division Q
2013,Level 1,QQ,Health Care and Social Assistance,Dollars (millions),H29,Other assets,Financial position,"4,913",ANZSIC06 division Q
2013,Level 1,QQ,Health Care and Social Assistance,Dollars (millions),H30,Total equity and liabilities,Financial position,"14,227",ANZSIC06 division Q
2013,Level 1,QQ,Health Care and Social Assistance,Dollars (millions),H31,Shareholders funds or owners equity,Financial position,"7,618",ANZSIC06 division Q
2013,Level 1,QQ,Health Care and Social Assistance,Dollars (millions),H32,Current liabilities,Financial position,"3,377",ANZSIC06 division Q
2013,Level 1,QQ,Health Care and Social Assistance,Dollars (millions),H33,Other liabilities,Financial position,"3,232",ANZSIC06 division Q
2013,Level 1,QQ,Health Care and Social Assistance,Percentage,H36,Current ratio,Financial ratios,110,ANZSIC06 division Q
2013,Level 1,QQ,Health Care and Social Assistance,Percentage,H37,Quick ratio,Financial ratios,109,ANZSIC06 division Q
2013,Level 1,QQ,Health Care and Social Assistance,Percentage,H39,Return on equity,Financial ratios,19,ANZSIC06 division Q
2013,Level 1,QQ,Health Care and Social Assistance,Percentage,H40,Return on total assets,Financial ratios,10,ANZSIC06 division Q
2013,Level 1,QQ,Health Care and Social Assistance,Percentage,H41,Liabilities structure,Financial ratios,54,ANZSIC06 division Q
2013,Level 4,QQ111,Hospitals,Dollars (millions),H01,Total income,Financial performance,844,ANZSIC06 group Q840
2013,Level 4,QQ111,Hospitals,Dollars (millions),H05,"Interest, dividends and donations",Financial performance,20,ANZSIC06 group Q840
2013,Level 4,QQ111,Hospitals,Dollars (millions),H06,"Sales, government funding, grants and subsidies",Financial performance,823,ANZSIC06 group Q840
2013,Level 4,QQ111,Hospitals,Dollars (millions),H07,Non-operating income,Financial performance,1,ANZSIC06 group Q840
2013,Level 4,QQ111,Hospitals,Dollars (millions),H08,Total expenditure,Financial performance,762,ANZSIC06 group Q840
2013,Level 4,QQ111,Hospitals,Dollars (millions),H09,Interest and donations,Financial performance,9,ANZSIC06 group Q840
2013,Level 4,QQ111,Hospitals,Dollars (millions),H10,Indirect taxes,Financial performance,C,ANZSIC06 group Q840
2013,Level 4,QQ111,Hospitals,Dollars (millions),H11,Depreciation,Financial performance,48,ANZSIC06 group Q840
2013,Level 4,QQ111,Hospitals,Dollars (millions),H12,Salaries and wages paid,Financial performance,333,ANZSIC06 group Q840
2013,Level 4,QQ111,Hospitals,Dollars (millions),H13,Redundancy and severance,Financial performance,0,ANZSIC06 group Q840
2013,Level 4,QQ111,Hospitals,Dollars (millions),H19,Purchases and other operating expenses,Financial performance,366,ANZSIC06 group Q840
2013,Level 4,QQ111,Hospitals,Dollars (millions),H20,Non-operating expenses,Financial performance,C,ANZSIC06 group Q840
2013,Level 4,QQ111,Hospitals,Dollars (millions),H21,Opening stocks,Financial performance,14,ANZSIC06 group Q840
2013,Level 4,QQ111,Hospitals,Dollars (millions),H22,Closing stocks,Financial performance,13,ANZSIC06 group Q840
2013,Level 4,QQ111,Hospitals,Dollars (millions),H23,Surplus before income tax,Financial performance,83,ANZSIC06 group Q840
2013,Level 4,QQ111,Hospitals,Dollars (millions),H24,Total assets,Financial position,"1,101",ANZSIC06 group Q840
2013,Level 4,QQ111,Hospitals,Dollars (millions),H25,Current assets,Financial position,350,ANZSIC06 group Q840
2013,Level 4,QQ111,Hospitals,Dollars (millions),H26,Fixed tangible assets,Financial position,651,ANZSIC06 group Q840
2013,Level 4,QQ111,Hospitals,Dollars (millions),H27,Additions to fixed assets,Financial position,60,ANZSIC06 group Q840
2013,Level 4,QQ111,Hospitals,Dollars (millions),H28,Disposals of fixed assets,Financial position,40,ANZSIC06 group Q840
2013,Level 4,QQ111,Hospitals,Dollars (millions),H29,Other assets,Financial position,101,ANZSIC06 group Q840
2013,Level 4,QQ111,Hospitals,Dollars (millions),H30,Total equity and liabilities,Financial position,"1,101",ANZSIC06 group Q840
2013,Level 4,QQ111,Hospitals,Dollars (millions),H31,Shareholders funds or owners equity,Financial position,802,ANZSIC06 group Q840
2013,Level 4,QQ111,Hospitals,Dollars (millions),H32,Current liabilities,Financial position,150,ANZSIC06 group Q840
2013,Level 4,QQ111,Hospitals,Dollars (millions),H33,Other liabilities,Financial position,150,ANZSIC06 group Q840
2013,Level 4,QQ111,Hospitals,Percentage,H36,Current ratio,Financial ratios,233,ANZSIC06 group Q840
2013,Level 4,QQ111,Hospitals,Percentage,H37,Quick ratio,Financial ratios,224,ANZSIC06 group Q840
2013,Level 4,QQ111,Hospitals,Percentage,H39,Return on equity,Financial ratios,10,ANZSIC06 group Q840
2013,Level 4,QQ111,Hospitals,Percentage,H40,Return on total assets,Financial ratios,8,ANZSIC06 group Q840
2013,Level 4,QQ111,Hospitals,Percentage,H41,Liabilities structure,Financial ratios,73,ANZSIC06 group Q840
2013,Level 4,QQ112,Medical and Other Health Care Services,Dollars (millions),H01,Total income,Financial performance,"8,211","ANZSIC06 groups Q851, Q852, Q853, and Q859"
2013,Level 4,QQ112,Medical and Other Health Care Services,Dollars (millions),H05,"Interest, dividends and donations",Financial performance,160,"ANZSIC06 groups Q851, Q852, Q853, and Q859"
2013,Level 4,QQ112,Medical and Other Health Care Services,Dollars (millions),H06,"Sales, government funding, grants and subsidies",Financial performance,"8,024","ANZSIC06 groups Q851, Q852, Q853, and Q859"
2013,Level 4,QQ112,Medical and Other Health Care Services,Dollars (millions),H07,Non-operating income,Financial performance,28,"ANZSIC06 groups Q851, Q852, Q853, and Q859"
2013,Level 4,QQ112,Medical and Other Health Care Services,Dollars (millions),H08,Total expenditure,Financial performance,"7,063","ANZSIC06 groups Q851, Q852, Q853, and Q859"
2013,Level 4,QQ112,Medical and Other Health Care Services,Dollars (millions),H09,Interest and donations,Financial performance,131,"ANZSIC06 groups Q851, Q852, Q853, and Q859"
2013,Level 4,QQ112,Medical and Other Health Care Services,Dollars (millions),H10,Indirect taxes,Financial performance,C,"ANZSIC06 groups Q851, Q852, Q853, and Q859"
2013,Level 4,QQ112,Medical and Other Health Care Services,Dollars (millions),H11,Depreciation,Financial performance,199,"ANZSIC06 groups Q851, Q852, Q853, and Q859"
2013,Level 4,QQ112,Medical and Other Health Care Services,Dollars (millions),H12,Salaries and wages paid,Financial performance,"2,863","ANZSIC06 groups Q851, Q852, Q853, and Q859"
2013,Level 4,QQ112,Medical and Other Health Care Services,Dollars (millions),H13,Redundancy and severance,Financial performance,1,"ANZSIC06 groups Q851, Q852, Q853, and Q859"
2013,Level 4,QQ112,Medical and Other Health Care Services,Dollars (millions),H19,Purchases and other operating expenses,Financial performance,"3,751","ANZSIC06 groups Q851, Q852, Q853, and Q859"
2013,Level 4,QQ112,Medical and Other Health Care Services,Dollars (millions),H20,Non-operating expenses,Financial performance,C,"ANZSIC06 groups Q851, Q852, Q853, and Q859"
2013,Level 4,QQ112,Medical and Other Health Care Services,Dollars (millions),H21,Opening stocks,Financial performance,10,"ANZSIC06 groups Q851, Q852, Q853, and Q859"
2013,Level 4,QQ112,Medical and Other Health Care Services,Dollars (millions),H22,Closing stocks,Financial performance,11,"ANZSIC06 groups Q851, Q852, Q853, and Q859"
2013,Level 4,QQ112,Medical and Other Health Care Services,Dollars (millions),H23,Surplus before income tax,Financial performance,"1,149","ANZSIC06 groups Q851, Q852, Q853, and Q859"
2013,Level 4,QQ112,Medical and Other Health Care Services,Dollars (millions),H24,Total assets,Financial position,"5,057","ANZSIC06 groups Q851, Q852, Q853, and Q859"
2013,Level 4,QQ112,Medical and Other Health Care Services,Dollars (millions),H25,Current assets,Financial position,"1,958","ANZSIC06 groups Q851, Q852, Q853, and Q859"
2013,Level 4,QQ112,Medical and Other Health Care Services,Dollars (millions),H26,Fixed tangible assets,Financial position,"1,529","ANZSIC06 groups Q851, Q852, Q853, and Q859"
2013,Level 4,QQ112,Medical and Other Health Care Services,Dollars (millions),H27,Additions to fixed assets,Financial position,372,"ANZSIC06 groups Q851, Q852, Q853, and Q859"
2013,Level 4,QQ112,Medical and Other Health Care Services,Dollars (millions),H28,Disposals of fixed assets,Financial position,217,"ANZSIC06 groups Q851, Q852, Q853, and Q859"
2013,Level 4,QQ112,Medical and Other Health Care Services,Dollars (millions),H29,Other assets,Financial position,"1,569","ANZSIC06 groups Q851, Q852, Q853, and Q859"
2013,Level 4,QQ112,Medical and Other Health Care Services,Dollars (millions),H30,Total equity and liabilities,Financial position,"5,057","ANZSIC06 groups Q851, Q852, Q853, and Q859"
2013,Level 4,QQ112,Medical and Other Health Care Services,Dollars (millions),H31,Shareholders funds or owners equity,Financial position,"2,626","ANZSIC06 groups Q851, Q852, Q853, and Q859"
2013,Level 4,QQ112,Medical and Other Health Care Services,Dollars (millions),H32,Current liabilities,Financial position,"1,576","ANZSIC06 groups Q851, Q852, Q853, and Q859"
2013,Level 4,QQ112,Medical and Other Health Care Services,Dollars (millions),H33,Other liabilities,Financial position,854,"ANZSIC06 groups Q851, Q852, Q853, and Q859"
2013,Level 4,QQ112,Medical and Other Health Care Services,Percentage,H36,Current ratio,Financial ratios,124,"ANZSIC06 groups Q851, Q852, Q853, and Q859"
2013,Level 4,QQ112,Medical and Other Health Care Services,Percentage,H37,Quick ratio,Financial ratios,124,"ANZSIC06 groups Q851, Q852, Q853, and Q859"
2013,Level 4,QQ112,Medical and Other Health Care Services,Percentage,H39,Return on equity,Financial ratios,44,"ANZSIC06 groups Q851, Q852, Q853, and Q859"
2013,Level 4,QQ112,Medical and Other Health Care Services,Percentage,H40,Return on total assets,Financial ratios,23,"ANZSIC06 groups Q851, Q852, Q853, and Q859"
2013,Level 4,QQ112,Medical and Other Health Care Services,Percentage,H41,Liabilities structure,Financial ratios,52,"ANZSIC06 groups Q851, Q852, Q853, and Q859"
2013,Level 4,QQ113,Residential Care Services and Social Assistance,Dollars (millions),H01,Total income,Financial performance,"4,464","ANZSIC06 groups Q860, Q871, and Q879"
2013,Level 4,QQ113,Residential Care Services and Social Assistance,Dollars (millions),H05,"Interest, dividends and donations",Financial performance,348,"ANZSIC06 groups Q860, Q871, and Q879"
2013,Level 4,QQ113,Residential Care Services and Social Assistance,Dollars (millions),H06,"Sales, government funding, grants and subsidies",Financial performance,"4,010","ANZSIC06 groups Q860, Q871, and Q879"
2013,Level 4,QQ113,Residential Care Services and Social Assistance,Dollars (millions),H07,Non-operating income,Financial performance,106,"ANZSIC06 groups Q860, Q871, and Q879"
2013,Level 4,QQ113,Residential Care Services and Social Assistance,Dollars (millions),H08,Total expenditure,Financial performance,"4,236","ANZSIC06 groups Q860, Q871, and Q879"
2013,Level 4,QQ113,Residential Care Services and Social Assistance,Dollars (millions),H09,Interest and donations,Financial performance,120,"ANZSIC06 groups Q860, Q871, and Q879"
2013,Level 4,QQ113,Residential Care Services and Social Assistance,Dollars (millions),H10,Indirect taxes,Financial performance,27,"ANZSIC06 groups Q860, Q871, and Q879"
2013,Level 4,QQ113,Residential Care Services and Social Assistance,Dollars (millions),H11,Depreciation,Financial performance,131,"ANZSIC06 groups Q860, Q871, and Q879"
2013,Level 4,QQ113,Residential Care Services and Social Assistance,Dollars (millions),H12,Salaries and wages paid,Financial performance,"2,373","ANZSIC06 groups Q860, Q871, and Q879"
2013,Level 4,QQ113,Residential Care Services and Social Assistance,Dollars (millions),H13,Redundancy and severance,Financial performance,1,"ANZSIC06 groups Q860, Q871, and Q879"
2013,Level 4,QQ113,Residential Care Services and Social Assistance,Dollars (millions),H19,Purchases and other operating expenses,Financial performance,"1,513","ANZSIC06 groups Q860, Q871, and Q879"
2013,Level 4,QQ113,Residential Care Services and Social Assistance,Dollars (millions),H20,Non-operating expenses,Financial performance,73,"ANZSIC06 groups Q860, Q871, and Q879"
2013,Level 4,QQ113,Residential Care Services and Social Assistance,Dollars (millions),H21,Opening stocks,Financial performance,12,"ANZSIC06 groups Q860, Q871, and Q879"
2013,Level 4,QQ113,Residential Care Services and Social Assistance,Dollars (millions),H22,Closing stocks,Financial performance,12,"ANZSIC06 groups Q860, Q871, and Q879"
2013,Level 4,QQ113,Residential Care Services and Social Assistance,Dollars (millions),H23,Surplus before income tax,Financial performance,228,"ANZSIC06 groups Q860, Q871, and Q879"
2013,Level 4,QQ113,Residential Care Services and Social Assistance,Dollars (millions),H24,Total assets,Financial position,"8,069","ANZSIC06 groups Q860, Q871, and Q879"
2013,Level 4,QQ113,Residential Care Services and Social Assistance,Dollars (millions),H25,Current assets,Financial position,"1,424","ANZSIC06 groups Q860, Q871, and Q879"
2013,Level 4,QQ113,Residential Care Services and Social Assistance,Dollars (millions),H26,Fixed tangible assets,Financial position,"3,402","ANZSIC06 groups Q860, Q871, and Q879"
2013,Level 4,QQ113,Residential Care Services and Social Assistance,Dollars (millions),H27,Additions to fixed assets,Financial position,377,"ANZSIC06 groups Q860, Q871, and Q879"
2013,Level 4,QQ113,Residential Care Services and Social Assistance,Dollars (millions),H28,Disposals of fixed assets,Financial position,118,"ANZSIC06 groups Q860, Q871, and Q879"
2013,Level 4,QQ113,Residential Care Services and Social Assistance,Dollars (millions),H29,Other assets,Financial position,"3,243","ANZSIC06 groups Q860, Q871, and Q879"
2013,Level 4,QQ113,Residential Care Services and Social Assistance,Dollars (millions),H30,Total equity and liabilities,Financial position,"8,069","ANZSIC06 groups Q860, Q871, and Q879"
2013,Level 4,QQ113,Residential Care Services and Social Assistance,Dollars (millions),H31,Shareholders funds or owners equity,Financial position,"4,190","ANZSIC06 groups Q860, Q871, and Q879"
2013,Level 4,QQ113,Residential Care Services and Social Assistance,Dollars (millions),H32,Current liabilities,Financial position,"1,651","ANZSIC06 groups Q860, Q871, and Q879"
2013,Level 4,QQ113,Residential Care Services and Social Assistance,Dollars (millions),H33,Other liabilities,Financial position,"2,228","ANZSIC06 groups Q860, Q871, and Q879"
2013,Level 4,QQ113,Residential Care Services and Social Assistance,Percentage,H36,Current ratio,Financial ratios,86,"ANZSIC06 groups Q860, Q871, and Q879"
2013,Level 4,QQ113,Residential Care Services and Social Assistance,Percentage,H37,Quick ratio,Financial ratios,86,"ANZSIC06 groups Q860, Q871, and Q879"
2013,Level 4,QQ113,Residential Care Services and Social Assistance,Percentage,H39,Return on equity,Financial ratios,5,"ANZSIC06 groups Q860, Q871, and Q879"
2013,Level 4,QQ113,Residential Care Services and Social Assistance,Percentage,H40,Return on total assets,Financial ratios,3,"ANZSIC06 groups Q860, Q871, and Q879"
2013,Level 4,QQ113,Residential Care Services and Social Assistance,Percentage,H41,Liabilities structure,Financial ratios,52,"ANZSIC06 groups Q860, Q871, and Q879"
2013,Level 1,RS,"Arts, Recreation and Other Services",Dollars (millions),H01,Total income,Financial performance,"15,160",ANZSIC06 divisions R and S
2013,Level 1,RS,"Arts, Recreation and Other Services",Dollars (millions),H04,"Sales, government funding, grants and subsidies",Financial performance,"13,093",ANZSIC06 divisions R and S
2013,Level 1,RS,"Arts, Recreation and Other Services",Dollars (millions),H05,"Interest, dividends and donations",Financial performance,"1,626",ANZSIC06 divisions R and S
2013,Level 1,RS,"Arts, Recreation and Other Services",Dollars (millions),H07,Non-operating income,Financial performance,441,ANZSIC06 divisions R and S
2013,Level 1,RS,"Arts, Recreation and Other Services",Dollars (millions),H08,Total expenditure,Financial performance,"13,387",ANZSIC06 divisions R and S
2013,Level 1,RS,"Arts, Recreation and Other Services",Dollars (millions),H09,Interest and donations,Financial performance,597,ANZSIC06 divisions R and S
2013,Level 1,RS,"Arts, Recreation and Other Services",Dollars (millions),H10,Indirect taxes,Financial performance,228,ANZSIC06 divisions R and S
2013,Level 1,RS,"Arts, Recreation and Other Services",Dollars (millions),H11,Depreciation,Financial performance,532,ANZSIC06 divisions R and S
2013,Level 1,RS,"Arts, Recreation and Other Services",Dollars (millions),H12,Salaries and wages paid,Financial performance,"3,522",ANZSIC06 divisions R and S
