Year,Industry_aggregation_NZSIOC,Industry_code_NZSIOC,Industry_name_NZSIOC,Units,Variable_code,Variable_name,Variable_category,Value,Industry_code_ANZSIC06
2017,Level 4,CC912,Other Manufacturing,Dollars (millions),H26,Fixed tangible assets,Financial position,103,ANZSIC06 group C259
2017,Level 4,CC912,Other Manufacturing,Dollars (millions),H27,Additions to fixed assets,Financial position,34,ANZSIC06 group C259
2017,Level 4,CC912,Other Manufacturing,Dollars (millions),H28,Disposals of fixed assets,Financial position,11,ANZSIC06 group C259
2017,Level 4,CC912,Other Manufacturing,Dollars (millions),H29,Other assets,Financial position,60,ANZSIC06 group C259
2017,Level 4,CC912,Other Manufacturing,Dollars (millions),H30,Total equity and liabilities,Financial position,469,ANZSIC06 group C259
2017,Level 4,CC912,Other Manufacturing,Dollars (millions),H31,Shareholders funds or owners equity,Financial position,175,ANZSIC06 group C259
2017,Level 4,CC912,Other Manufacturing,Dollars (millions),H32,Current liabilities,Financial position,212,ANZSIC06 group C259
2017,Level 4,CC912,Other Manufacturing,Dollars (millions),H33,Other liabilities,Financial position,82,ANZSIC06 group C259
2017,Level 4,CC912,Other Manufacturing,Dollars,H34,Total income per employee count,Financial ratios,"240,000",ANZSIC06 group C259
2017,Level 4,CC912,Other Manufacturing,Dollars,H35,Surplus per employee count,Financial ratios,"25,700",ANZSIC06 group C259
2017,Level 4,CC912,Other Manufacturing,Percentage,H36,Current ratio,Financial ratios,144,ANZSIC06 group C259
2017,Level 4,CC912,Other Manufacturing,Percentage,H37,Quick ratio,Financial ratios,87,ANZSIC06 group C259
2017,Level 4,CC912,Other Manufacturing,Percentage,H38,Margin on sales of goods for resale,Financial ratios,33,ANZSIC06 group C259
2017,Level 4,CC912,Other Manufacturing,Percentage,H39,Return on equity,Financial ratios,43,ANZSIC06 group C259
2017,Level 4,CC912,Other Manufacturing,Percentage,H40,Return on total assets,Financial ratios,16,ANZSIC06 group C259
2017,Level 4,CC912,Other Manufacturing,Percentage,H41,Liabilities structure,Financial ratios,37,ANZSIC06 group C259
2017,Level 1,DD,"Electricity, Gas, Water and Waste Services",Dollars (millions),H01,Total income,Financial performance,"19,123",ANZSIC06 division D
2017,Level 1,DD,"Electricity, Gas, Water and Waste Services",Dollars (millions),H04,Sales of goods and services,Financial performance,"17,181",ANZSIC06 division D
2017,Level 1,DD,"Electricity, Gas, Water and Waste Services",Dollars (millions),H05,"Interest, dividends and donations",Financial performance,C,ANZSIC06 division D
2017,Level 1,DD,"Electricity, Gas, Water and Waste Services",Dollars (millions),H06,"Government funding, grants and subsidies",Financial performance,C,ANZSIC06 division D
2017,Level 1,DD,"Electricity, Gas, Water and Waste Services",Dollars (millions),H07,Non-operating income,Financial performance,C,ANZSIC06 division D
2017,Level 1,DD,"Electricity, Gas, Water and Waste Services",Dollars (millions),H08,Total expenditure,Financial performance,"15,168",ANZSIC06 division D
2017,Level 1,DD,"Electricity, Gas, Water and Waste Services",Dollars (millions),H09,Interest and donations,Financial performance,"1,078",ANZSIC06 division D
2017,Level 1,DD,"Electricity, Gas, Water and Waste Services",Dollars (millions),H10,Indirect taxes,Financial performance,87,ANZSIC06 division D
2017,Level 1,DD,"Electricity, Gas, Water and Waste Services",Dollars (millions),H11,Depreciation,Financial performance,"2,052",ANZSIC06 division D
2017,Level 1,DD,"Electricity, Gas, Water and Waste Services",Dollars (millions),H12,Salaries and wages paid,Financial performance,"1,380",ANZSIC06 division D
2017,Level 1,DD,"Electricity, Gas, Water and Waste Services",Dollars (millions),H13,Redundancy and severance,Financial performance,8,ANZSIC06 division D
2017,Level 1,DD,"Electricity, Gas, Water and Waste Services",Dollars (millions),H19,Purchases and other operating expenses,Financial performance,"10,222",ANZSIC06 division D
2017,Level 1,DD,"Electricity, Gas, Water and Waste Services",Dollars (millions),H20,Non-operating expenses,Financial performance,348,ANZSIC06 division D
2017,Level 1,DD,"Electricity, Gas, Water and Waste Services",Dollars (millions),H21,Opening stocks,Financial performance,330,ANZSIC06 division D
2017,Level 1,DD,"Electricity, Gas, Water and Waste Services",Dollars (millions),H22,Closing stocks,Financial performance,300,ANZSIC06 division D
2017,Level 1,DD,"Electricity, Gas, Water and Waste Services",Dollars (millions),H23,Surplus before income tax,Financial performance,"3,925",ANZSIC06 division D
2017,Level 1,DD,"Electricity, Gas, Water and Waste Services",Dollars (millions),H24,Total assets,Financial position,"65,777",ANZSIC06 division D
2017,Level 1,DD,"Electricity, Gas, Water and Waste Services",Dollars (millions),H25,Current assets,Financial position,"3,865",ANZSIC06 division D
2017,Level 1,DD,"Electricity, Gas, Water and Waste Services",Dollars (millions),H26,Fixed tangible assets,Financial position,"53,946",ANZSIC06 division D
2017,Level 1,DD,"Electricity, Gas, Water and Waste Services",Dollars (millions),H27,Additions to fixed assets,Financial position,"2,465",ANZSIC06 division D
2017,Level 1,DD,"Electricity, Gas, Water and Waste Services",Dollars (millions),H28,Disposals of fixed assets,Financial position,329,ANZSIC06 division D
2017,Level 1,DD,"Electricity, Gas, Water and Waste Services",Dollars (millions),H29,Other assets,Financial position,"7,966",ANZSIC06 division D
2017,Level 1,DD,"Electricity, Gas, Water and Waste Services",Dollars (millions),H30,Total equity and liabilities,Financial position,"65,777",ANZSIC06 division D
2017,Level 1,DD,"Electricity, Gas, Water and Waste Services",Dollars (millions),H31,Shareholders funds or owners equity,Financial position,"35,463",ANZSIC06 division D
2017,Level 1,DD,"Electricity, Gas, Water and Waste Services",Dollars (millions),H32,Current liabilities,Financial position,"4,933",ANZSIC06 division D
2017,Level 1,DD,"Electricity, Gas, Water and Waste Services",Dollars (millions),H33,Other liabilities,Financial position,"25,381",ANZSIC06 division D
2017,Level 1,DD,"Electricity, Gas, Water and Waste Services",Dollars,H34,Total income per employee count,Financial ratios,"1,127,600",ANZSIC06 division D
2017,Level 1,DD,"Electricity, Gas, Water and Waste Services",Dollars,H35,Surplus per employee count,Financial ratios,"231,500",ANZSIC06 division D
2017,Level 1,DD,"Electricity, Gas, Water and Waste Services",Percentage,H36,Current ratio,Financial ratios,78,ANZSIC06 division D
2017,Level 1,DD,"Electricity, Gas, Water and Waste Services",Percentage,H37,Quick ratio,Financial ratios,72,ANZSIC06 division D
2017,Level 1,DD,"Electricity, Gas, Water and Waste Services",Percentage,H39,Return on equity,Financial ratios,11,ANZSIC06 division D
2017,Level 1,DD,"Electricity, Gas, Water and Waste Services",Percentage,H40,Return on total assets,Financial ratios,6,ANZSIC06 division D
2017,Level 1,DD,"Electricity, Gas, Water and Waste Services",Percentage,H41,Liabilities structure,Financial ratios,54,ANZSIC06 division D
2017,Level 3,DD11,Electricity and Gas Supply,Dollars (millions),H01,Total income,Financial performance,"16,619","ANZSIC06 groups D261, D262, D263, D264, and D270"
2017,Level 3,DD11,Electricity and Gas Supply,Dollars (millions),H04,Sales of goods and services,Financial performance,"14,826","ANZSIC06 groups D261, D262, D263, D264, and D270"
2017,Level 3,DD11,Electricity and Gas Supply,Dollars (millions),H05,"Interest, dividends and donations",Financial performance,C,"ANZSIC06 groups D261, D262, D263, D264, and D270"
2017,Level 3,DD11,Electricity and Gas Supply,Dollars (millions),H06,"Government funding, grants and subsidies",Financial performance,0,"ANZSIC06 groups D261, D262, D263, D264, and D270"
2017,Level 3,DD11,Electricity and Gas Supply,Dollars (millions),H07,Non-operating income,Financial performance,C,"ANZSIC06 groups D261, D262, D263, D264, and D270"
2017,Level 3,DD11,Electricity and Gas Supply,Dollars (millions),H08,Total expenditure,Financial performance,"13,085","ANZSIC06 groups D261, D262, D263, D264, and D270"
2017,Level 3,DD11,Electricity and Gas Supply,Dollars (millions),H09,Interest and donations,Financial performance,969,"ANZSIC06 groups D261, D262, D263, D264, and D270"
2017,Level 3,DD11,Electricity and Gas Supply,Dollars (millions),H10,Indirect taxes,Financial performance,66,"ANZSIC06 groups D261, D262, D263, D264, and D270"
2017,Level 3,DD11,Electricity and Gas Supply,Dollars (millions),H11,Depreciation,Financial performance,"1,685","ANZSIC06 groups D261, D262, D263, D264, and D270"
2017,Level 3,DD11,Electricity and Gas Supply,Dollars (millions),H12,Salaries and wages paid,Financial performance,931,"ANZSIC06 groups D261, D262, D263, D264, and D270"
2017,Level 3,DD11,Electricity and Gas Supply,Dollars (millions),H13,Redundancy and severance,Financial performance,8,"ANZSIC06 groups D261, D262, D263, D264, and D270"
2017,Level 3,DD11,Electricity and Gas Supply,Dollars (millions),H19,Purchases and other operating expenses,Financial performance,"9,104","ANZSIC06 groups D261, D262, D263, D264, and D270"
2017,Level 3,DD11,Electricity and Gas Supply,Dollars (millions),H20,Non-operating expenses,Financial performance,331,"ANZSIC06 groups D261, D262, D263, D264, and D270"
2017,Level 3,DD11,Electricity and Gas Supply,Dollars (millions),H21,Opening stocks,Financial performance,311,"ANZSIC06 groups D261, D262, D263, D264, and D270"
2017,Level 3,DD11,Electricity and Gas Supply,Dollars (millions),H22,Closing stocks,Financial performance,272,"ANZSIC06 groups D261, D262, D263, D264, and D270"
2017,Level 3,DD11,Electricity and Gas Supply,Dollars (millions),H23,Surplus before income tax,Financial performance,"3,495","ANZSIC06 groups D261, D262, D263, D264, and D270"
2017,Level 3,DD11,Electricity and Gas Supply,Dollars (millions),H24,Total assets,Financial position,"54,482","ANZSIC06 groups D261, D262, D263, D264, and D270"
2017,Level 3,DD11,Electricity and Gas Supply,Dollars (millions),H25,Current assets,Financial position,"3,299","ANZSIC06 groups D261, D262, D263, D264, and D270"
2017,Level 3,DD11,Electricity and Gas Supply,Dollars (millions),H26,Fixed tangible assets,Financial position,C,"ANZSIC06 groups D261, D262, D263, D264, and D270"
2017,Level 3,DD11,Electricity and Gas Supply,Dollars (millions),H27,Additions to fixed assets,Financial position,"1,775","ANZSIC06 groups D261, D262, D263, D264, and D270"
2017,Level 3,DD11,Electricity and Gas Supply,Dollars (millions),H28,Disposals of fixed assets,Financial position,278,"ANZSIC06 groups D261, D262, D263, D264, and D270"
2017,Level 3,DD11,Electricity and Gas Supply,Dollars (millions),H29,Other assets,Financial position,C,"ANZSIC06 groups D261, D262, D263, D264, and D270"
2017,Level 3,DD11,Electricity and Gas Supply,Dollars (millions),H30,Total equity and liabilities,Financial position,"54,482","ANZSIC06 groups D261, D262, D263, D264, and D270"
2017,Level 3,DD11,Electricity and Gas Supply,Dollars (millions),H31,Shareholders funds or owners equity,Financial position,C,"ANZSIC06 groups D261, D262, D263, D264, and D270"
2017,Level 3,DD11,Electricity and Gas Supply,Dollars (millions),H32,Current liabilities,Financial position,C,"ANZSIC06 groups D261, D262, D263, D264, and D270"
2017,Level 3,DD11,Electricity and Gas Supply,Dollars (millions),H33,Other liabilities,Financial position,"22,126","ANZSIC06 groups D261, D262, D263, D264, and D270"
2017,Level 3,DD11,Electricity and Gas Supply,Dollars,H34,Total income per employee count,Financial ratios,"1,632,500","ANZSIC06 groups D261, D262, D263, D264, and D270"
2017,Level 3,DD11,Electricity and Gas Supply,Dollars,H35,Surplus per employee count,Financial ratios,"343,300","ANZSIC06 groups D261, D262, D263, D264, and D270"
2017,Level 3,DD11,Electricity and Gas Supply,Percentage,H36,Current ratio,Financial ratios,C,"ANZSIC06 groups D261, D262, D263, D264, and D270"
2017,Level 3,DD11,Electricity and Gas Supply,Percentage,H37,Quick ratio,Financial ratios,C,"ANZSIC06 groups D261, D262, D263, D264, and D270"
2017,Level 3,DD11,Electricity and Gas Supply,Percentage,H39,Return on equity,Financial ratios,C,"ANZSIC06 groups D261, D262, D263, D264, and D270"
2017,Level 3,DD11,Electricity and Gas Supply,Percentage,H40,Return on total assets,Financial ratios,6,"ANZSIC06 groups D261, D262, D263, D264, and D270"
2017,Level 3,DD11,Electricity and Gas Supply,Percentage,H41,Liabilities structure,Financial ratios,C,"ANZSIC06 groups D261, D262, D263, D264, and D270"
2017,Level 3,DD12,"Water, Sewerage, Drainage and Waste Services",Dollars (millions),H01,Total income,Financial performance,"2,504","ANZSIC06 groups D281, D291, and D292"
2017,Level 3,DD12,"Water, Sewerage, Drainage and Waste Services",Dollars (millions),H04,Sales of goods and services,Financial performance,"2,356","ANZSIC06 groups D281, D291, and D292"
2017,Level 3,DD12,"Water, Sewerage, Drainage and Waste Services",Dollars (millions),H05,"Interest, dividends and donations",Financial performance,C,"ANZSIC06 groups D281, D291, and D292"
2017,Level 3,DD12,"Water, Sewerage, Drainage and Waste Services",Dollars (millions),H06,"Government funding, grants and subsidies",Financial performance,C,"ANZSIC06 groups D281, D291, and D292"
2017,Level 3,DD12,"Water, Sewerage, Drainage and Waste Services",Dollars (millions),H07,Non-operating income,Financial performance,C,"ANZSIC06 groups D281, D291, and D292"
2017,Level 3,DD12,"Water, Sewerage, Drainage and Waste Services",Dollars (millions),H08,Total expenditure,Financial performance,"2,082","ANZSIC06 groups D281, D291, and D292"
2017,Level 3,DD12,"Water, Sewerage, Drainage and Waste Services",Dollars (millions),H09,Interest and donations,Financial performance,109,"ANZSIC06 groups D281, D291, and D292"
2017,Level 3,DD12,"Water, Sewerage, Drainage and Waste Services",Dollars (millions),H10,Indirect taxes,Financial performance,22,"ANZSIC06 groups D281, D291, and D292"
2017,Level 3,DD12,"Water, Sewerage, Drainage and Waste Services",Dollars (millions),H11,Depreciation,Financial performance,368,"ANZSIC06 groups D281, D291, and D292"
2017,Level 3,DD12,"Water, Sewerage, Drainage and Waste Services",Dollars (millions),H12,Salaries and wages paid,Financial performance,449,"ANZSIC06 groups D281, D291, and D292"
2017,Level 3,DD12,"Water, Sewerage, Drainage and Waste Services",Dollars (millions),H13,Redundancy and severance,Financial performance,0,"ANZSIC06 groups D281, D291, and D292"
2017,Level 3,DD12,"Water, Sewerage, Drainage and Waste Services",Dollars (millions),H19,Purchases and other operating expenses,Financial performance,"1,118","ANZSIC06 groups D281, D291, and D292"
2017,Level 3,DD12,"Water, Sewerage, Drainage and Waste Services",Dollars (millions),H20,Non-operating expenses,Financial performance,17,"ANZSIC06 groups D281, D291, and D292"
2017,Level 3,DD12,"Water, Sewerage, Drainage and Waste Services",Dollars (millions),H21,Opening stocks,Financial performance,19,"ANZSIC06 groups D281, D291, and D292"
2017,Level 3,DD12,"Water, Sewerage, Drainage and Waste Services",Dollars (millions),H22,Closing stocks,Financial performance,28,"ANZSIC06 groups D281, D291, and D292"
2017,Level 3,DD12,"Water, Sewerage, Drainage and Waste Services",Dollars (millions),H23,Surplus before income tax,Financial performance,431,"ANZSIC06 groups D281, D291, and D292"
2017,Level 3,DD12,"Water, Sewerage, Drainage and Waste Services",Dollars (millions),H24,Total assets,Financial position,"11,295","ANZSIC06 groups D281, D291, and D292"
2017,Level 3,DD12,"Water, Sewerage, Drainage and Waste Services",Dollars (millions),H25,Current assets,Financial position,566,"ANZSIC06 groups D281, D291, and D292"
2017,Level 3,DD12,"Water, Sewerage, Drainage and Waste Services",Dollars (millions),H26,Fixed tangible assets,Financial position,C,"ANZSIC06 groups D281, D291, and D292"
2017,Level 3,DD12,"Water, Sewerage, Drainage and Waste Services",Dollars (millions),H27,Additions to fixed assets,Financial position,690,"ANZSIC06 groups D281, D291, and D292"
2017,Level 3,DD12,"Water, Sewerage, Drainage and Waste Services",Dollars (millions),H28,Disposals of fixed assets,Financial position,51,"ANZSIC06 groups D281, D291, and D292"
2017,Level 3,DD12,"Water, Sewerage, Drainage and Waste Services",Dollars (millions),H29,Other assets,Financial position,C,"ANZSIC06 groups D281, D291, and D292"
2017,Level 3,DD12,"Water, Sewerage, Drainage and Waste Services",Dollars (millions),H30,Total equity and liabilities,Financial position,"11,295","ANZSIC06 groups D281, D291, and D292"
2017,Level 3,DD12,"Water, Sewerage, Drainage and Waste Services",Dollars (millions),H31,Shareholders funds or owners equity,Financial position,C,"ANZSIC06 groups D281, D291, and D292"
2017,Level 3,DD12,"Water, Sewerage, Drainage and Waste Services",Dollars (millions),H32,Current liabilities,Financial position,C,"ANZSIC06 groups D281, D291, and D292"
2017,Level 3,DD12,"Water, Sewerage, Drainage and Waste Services",Dollars (millions),H33,Other liabilities,Financial position,"3,255","ANZSIC06 groups D281, D291, and D292"
2017,Level 3,DD12,"Water, Sewerage, Drainage and Waste Services",Dollars,H34,Total income per employee count,Financial ratios,"369,400","ANZSIC06 groups D281, D291, and D292"
2017,Level 3,DD12,"Water, Sewerage, Drainage and Waste Services",Dollars,H35,Surplus per employee count,Financial ratios,"63,500","ANZSIC06 groups D281, D291, and D292"
2017,Level 3,DD12,"Water, Sewerage, Drainage and Waste Services",Percentage,H36,Current ratio,Financial ratios,C,"ANZSIC06 groups D281, D291, and D292"
2017,Level 3,DD12,"Water, Sewerage, Drainage and Waste Services",Percentage,H37,Quick ratio,Financial ratios,C,"ANZSIC06 groups D281, D291, and D292"
2017,Level 3,DD12,"Water, Sewerage, Drainage and Waste Services",Percentage,H39,Return on equity,Financial ratios,C,"ANZSIC06 groups D281, D291, and D292"
2017,Level 3,DD12,"Water, Sewerage, Drainage and Waste Services",Percentage,H40,Return on total assets,Financial ratios,4,"ANZSIC06 groups D281, D291, and D292"
2017,Level 3,DD12,"Water, Sewerage, Drainage and Waste Services",Percentage,H41,Liabilities structure,Financial ratios,C,"ANZSIC06 groups D281, D291, and D292"
2017,Level 1,EE,Construction,Dollars (millions),H01,Total income,Financial performance,"56,467",ANZSIC06 division E
2017,Level 1,EE,Construction,Dollars (millions),H04,Sales of goods and services,Financial performance,"56,048",ANZSIC06 division E
2017,Level 1,EE,Construction,Dollars (millions),H05,"Interest, dividends and donations",Financial performance,234,ANZSIC06 division E
2017,Level 1,EE,Construction,Dollars (millions),H06,"Government funding, grants and subsidies",Financial performance,1,ANZSIC06 division E
2017,Level 1,EE,Construction,Dollars (millions),H07,Non-operating income,Financial performance,184,ANZSIC06 division E
2017,Level 1,EE,Construction,Dollars (millions),H08,Total expenditure,Financial performance,"53,120",ANZSIC06 division E
2017,Level 1,EE,Construction,Dollars (millions),H09,Interest and donations,Financial performance,599,ANZSIC06 division E
2017,Level 1,EE,Construction,Dollars (millions),H10,Indirect taxes,Financial performance,180,ANZSIC06 division E
2017,Level 1,EE,Construction,Dollars (millions),H11,Depreciation,Financial performance,"1,009",ANZSIC06 division E
2017,Level 1,EE,Construction,Dollars (millions),H12,Salaries and wages paid,Financial performance,"11,169",ANZSIC06 division E
2017,Level 1,EE,Construction,Dollars (millions),H13,Redundancy and severance,Financial performance,10,ANZSIC06 division E
2017,Level 1,EE,Construction,Dollars (millions),H19,Purchases and other operating expenses,Financial performance,"39,881",ANZSIC06 division E
2017,Level 1,EE,Construction,Dollars (millions),H20,Non-operating expenses,Financial performance,281,ANZSIC06 division E
2017,Level 1,EE,Construction,Dollars (millions),H21,Opening stocks,Financial performance,"6,057",ANZSIC06 division E
2017,Level 1,EE,Construction,Dollars (millions),H22,Closing stocks,Financial performance,"7,086",ANZSIC06 division E
2017,Level 1,EE,Construction,Dollars (millions),H23,Surplus before income tax,Financial performance,"4,376",ANZSIC06 division E
2017,Level 1,EE,Construction,Dollars (millions),H24,Total assets,Financial position,"35,580",ANZSIC06 division E
2017,Level 1,EE,Construction,Dollars (millions),H25,Current assets,Financial position,"21,648",ANZSIC06 division E
2017,Level 1,EE,Construction,Dollars (millions),H26,Fixed tangible assets,Financial position,"9,217",ANZSIC06 division E
2017,Level 1,EE,Construction,Dollars (millions),H27,Additions to fixed assets,Financial position,"2,567",ANZSIC06 division E
2017,Level 1,EE,Construction,Dollars (millions),H28,Disposals of fixed assets,Financial position,790,ANZSIC06 division E
2017,Level 1,EE,Construction,Dollars (millions),H29,Other assets,Financial position,"4,715",ANZSIC06 division E
2017,Level 1,EE,Construction,Dollars (millions),H30,Total equity and liabilities,Financial position,"35,579",ANZSIC06 division E
2017,Level 1,EE,Construction,Dollars (millions),H31,Shareholders funds or owners equity,Financial position,"10,158",ANZSIC06 division E
2017,Level 1,EE,Construction,Dollars (millions),H32,Current liabilities,Financial position,"16,137",ANZSIC06 division E
2017,Level 1,EE,Construction,Dollars (millions),H33,Other liabilities,Financial position,"9,284",ANZSIC06 division E
2017,Level 1,EE,Construction,Dollars,H34,Total income per employee count,Financial ratios,"368,500",ANZSIC06 division E
2017,Level 1,EE,Construction,Dollars,H35,Surplus per employee count,Financial ratios,"28,600",ANZSIC06 division E
2017,Level 1,EE,Construction,Percentage,H36,Current ratio,Financial ratios,134,ANZSIC06 division E
2017,Level 1,EE,Construction,Percentage,H37,Quick ratio,Financial ratios,90,ANZSIC06 division E
2017,Level 1,EE,Construction,Percentage,H39,Return on equity,Financial ratios,43,ANZSIC06 division E
2017,Level 1,EE,Construction,Percentage,H40,Return on total assets,Financial ratios,12,ANZSIC06 division E
2017,Level 1,EE,Construction,Percentage,H41,Liabilities structure,Financial ratios,29,ANZSIC06 division E
2017,Level 3,EE11,Building Construction,Dollars (millions),H01,Total income,Financial performance,"22,754",ANZSIC06 groups E301 and E302
2017,Level 3,EE11,Building Construction,Dollars (millions),H04,Sales of goods and services,Financial performance,"22,628",ANZSIC06 groups E301 and E302
2017,Level 3,EE11,Building Construction,Dollars (millions),H05,"Interest, dividends and donations",Financial performance,93,ANZSIC06 groups E301 and E302
2017,Level 3,EE11,Building Construction,Dollars (millions),H06,"Government funding, grants and subsidies",Financial performance,0,ANZSIC06 groups E301 and E302
2017,Level 3,EE11,Building Construction,Dollars (millions),H07,Non-operating income,Financial performance,33,ANZSIC06 groups E301 and E302
2017,Level 3,EE11,Building Construction,Dollars (millions),H08,Total expenditure,Financial performance,"22,183",ANZSIC06 groups E301 and E302
2017,Level 3,EE11,Building Construction,Dollars (millions),H09,Interest and donations,Financial performance,181,ANZSIC06 groups E301 and E302
2017,Level 3,EE11,Building Construction,Dollars (millions),H10,Indirect taxes,Financial performance,37,ANZSIC06 groups E301 and E302
2017,Level 3,EE11,Building Construction,Dollars (millions),H11,Depreciation,Financial performance,191,ANZSIC06 groups E301 and E302
2017,Level 3,EE11,Building Construction,Dollars (millions),H12,Salaries and wages paid,Financial performance,"2,869",ANZSIC06 groups E301 and E302
2017,Level 3,EE11,Building Construction,Dollars (millions),H13,Redundancy and severance,Financial performance,1,ANZSIC06 groups E301 and E302
2017,Level 3,EE11,Building Construction,Dollars (millions),H19,Purchases and other operating expenses,Financial performance,"18,828",ANZSIC06 groups E301 and E302
2017,Level 3,EE11,Building Construction,Dollars (millions),H20,Non-operating expenses,Financial performance,77,ANZSIC06 groups E301 and E302
2017,Level 3,EE11,Building Construction,Dollars (millions),H21,Opening stocks,Financial performance,"2,595",ANZSIC06 groups E301 and E302
2017,Level 3,EE11,Building Construction,Dollars (millions),H22,Closing stocks,Financial performance,"3,290",ANZSIC06 groups E301 and E302
2017,Level 3,EE11,Building Construction,Dollars (millions),H23,Surplus before income tax,Financial performance,"1,266",ANZSIC06 groups E301 and E302
2017,Level 3,EE11,Building Construction,Dollars (millions),H24,Total assets,Financial position,"11,854",ANZSIC06 groups E301 and E302
2017,Level 3,EE11,Building Construction,Dollars (millions),H25,Current assets,Financial position,"8,343",ANZSIC06 groups E301 and E302
2017,Level 3,EE11,Building Construction,Dollars (millions),H26,Fixed tangible assets,Financial position,"2,345",ANZSIC06 groups E301 and E302
2017,Level 3,EE11,Building Construction,Dollars (millions),H27,Additions to fixed assets,Financial position,741,ANZSIC06 groups E301 and E302
2017,Level 3,EE11,Building Construction,Dollars (millions),H28,Disposals of fixed assets,Financial position,208,ANZSIC06 groups E301 and E302
2017,Level 3,EE11,Building Construction,Dollars (millions),H29,Other assets,Financial position,"1,166",ANZSIC06 groups E301 and E302
2017,Level 3,EE11,Building Construction,Dollars (millions),H30,Total equity and liabilities,Financial position,"11,854",ANZSIC06 groups E301 and E302
2017,Level 3,EE11,Building Construction,Dollars (millions),H31,Shareholders funds or owners equity,Financial position,"2,550",ANZSIC06 groups E301 and E302
2017,Level 3,EE11,Building Construction,Dollars (millions),H32,Current liabilities,Financial position,"6,277",ANZSIC06 groups E301 and E302
2017,Level 3,EE11,Building Construction,Dollars (millions),H33,Other liabilities,Financial position,"3,026",ANZSIC06 groups E301 and E302
2017,Level 3,EE11,Building Construction,Dollars,H34,Total income per employee count,Financial ratios,"630,700",ANZSIC06 groups E301 and E302
2017,Level 3,EE11,Building Construction,Dollars,H35,Surplus per employee count,Financial ratios,"35,100",ANZSIC06 groups E301 and E302
2017,Level 3,EE11,Building Construction,Percentage,H36,Current ratio,Financial ratios,133,ANZSIC06 groups E301 and E302
2017,Level 3,EE11,Building Construction,Percentage,H37,Quick ratio,Financial ratios,80,ANZSIC06 groups E301 and E302
2017,Level 3,EE11,Building Construction,Percentage,H39,Return on equity,Financial ratios,50,ANZSIC06 groups E301 and E302
2017,Level 3,EE11,Building Construction,Percentage,H40,Return on total assets,Financial ratios,11,ANZSIC06 groups E301 and E302
2017,Level 3,EE11,Building Construction,Percentage,H41,Liabilities structure,Financial ratios,22,ANZSIC06 groups E301 and E302
2017,Level 4,EE112,Residential Building Construction,Dollars (millions),H01,Total income,Financial performance,"14,559",ANZSIC06 group E301
2017,Level 4,EE112,Residential Building Construction,Dollars (millions),H04,Sales of goods and services,Financial performance,"14,500",ANZSIC06 group E301
2017,Level 4,EE112,Residential Building Construction,Dollars (millions),H05,"Interest, dividends and donations",Financial performance,33,ANZSIC06 group E301
2017,Level 4,EE112,Residential Building Construction,Dollars (millions),H06,"Government funding, grants and subsidies",Financial performance,0,ANZSIC06 group E301
2017,Level 4,EE112,Residential Building Construction,Dollars (millions),H07,Non-operating income,Financial performance,25,ANZSIC06 group E301
2017,Level 4,EE112,Residential Building Construction,Dollars (millions),H08,Total expenditure,Financial performance,"14,125",ANZSIC06 group E301
2017,Level 4,EE112,Residential Building Construction,Dollars (millions),H09,Interest and donations,Financial performance,128,ANZSIC06 group E301
2017,Level 4,EE112,Residential Building Construction,Dollars (millions),H10,Indirect taxes,Financial performance,25,ANZSIC06 group E301
2017,Level 4,EE112,Residential Building Construction,Dollars (millions),H11,Depreciation,Financial performance,144,ANZSIC06 group E301
2017,Level 4,EE112,Residential Building Construction,Dollars (millions),H12,Salaries and wages paid,Financial performance,"1,986",ANZSIC06 group E301
2017,Level 4,EE112,Residential Building Construction,Dollars (millions),H13,Redundancy and severance,Financial performance,0,ANZSIC06 group E301
2017,Level 4,EE112,Residential Building Construction,Dollars (millions),H19,Purchases and other operating expenses,Financial performance,"11,776",ANZSIC06 group E301
2017,Level 4,EE112,Residential Building Construction,Dollars (millions),H20,Non-operating expenses,Financial performance,66,ANZSIC06 group E301
2017,Level 4,EE112,Residential Building Construction,Dollars (millions),H21,Opening stocks,Financial performance,"2,284",ANZSIC06 group E301
2017,Level 4,EE112,Residential Building Construction,Dollars (millions),H22,Closing stocks,Financial performance,"2,905",ANZSIC06 group E301
2017,Level 4,EE112,Residential Building Construction,Dollars (millions),H23,Surplus before income tax,Financial performance,"1,055",ANZSIC06 group E301
2017,Level 4,EE112,Residential Building Construction,Dollars (millions),H24,Total assets,Financial position,"7,926",ANZSIC06 group E301
2017,Level 4,EE112,Residential Building Construction,Dollars (millions),H25,Current assets,Financial position,"5,705",ANZSIC06 group E301
2017,Level 4,EE112,Residential Building Construction,Dollars (millions),H26,Fixed tangible assets,Financial position,"1,618",ANZSIC06 group E301
