Year,Industry_aggregation_NZSIOC,Industry_code_NZSIOC,Industry_name_NZSIOC,Units,Variable_code,Variable_name,Variable_category,Value,Industry_code_ANZSIC06
2018,Level 4,GH134,Pharmaceutical and Other Store Based Retailing,Dollars (millions),H30,Total equity and liabilities,Financial position,"3,034",ANZSIC06 group G427
2018,Level 4,GH134,Pharmaceutical and Other Store Based Retailing,Dollars (millions),H31,Shareholders funds or owners equity,Financial position,845,ANZSIC06 group G427
2018,Level 4,GH134,Pharmaceutical and Other Store Based Retailing,Dollars (millions),H32,Current liabilities,Financial position,"1,370",ANZSIC06 group G427
2018,Level 4,GH134,Pharmaceutical and Other Store Based Retailing,Dollars (millions),H33,Other liabilities,Financial position,818,ANZSIC06 group G427
2018,Level 4,GH134,Pharmaceutical and Other Store Based Retailing,Dollars,H34,Total income per employee count,Financial ratios,"226,100",ANZSIC06 group G427
2018,Level 4,GH134,Pharmaceutical and Other Store Based Retailing,Dollars,H35,Surplus per employee count,Financial ratios,"11,600",ANZSIC06 group G427
2018,Level 4,GH134,Pharmaceutical and Other Store Based Retailing,Percentage,H36,Current ratio,Financial ratios,126,ANZSIC06 group G427
2018,Level 4,GH134,Pharmaceutical and Other Store Based Retailing,Percentage,H37,Quick ratio,Financial ratios,74,ANZSIC06 group G427
2018,Level 4,GH134,Pharmaceutical and Other Store Based Retailing,Percentage,H38,Margin on sales of goods for resale,Financial ratios,41,ANZSIC06 group G427
2018,Level 4,GH134,Pharmaceutical and Other Store Based Retailing,Percentage,H39,Return on equity,Financial ratios,35,ANZSIC06 group G427
2018,Level 4,GH134,Pharmaceutical and Other Store Based Retailing,Percentage,H40,Return on total assets,Financial ratios,10,ANZSIC06 group G427
2018,Level 4,GH134,Pharmaceutical and Other Store Based Retailing,Percentage,H41,Liabilities structure,Financial ratios,28,ANZSIC06 group G427
2018,Level 4,GH135,Non-Store and Commission Based Retailing,Dollars (millions),H01,Total income,Financial performance,"1,659",ANZSIC06 groups G431 and G432
2018,Level 4,GH135,Non-Store and Commission Based Retailing,Dollars (millions),H02,Sales of goods not further processed,Financial performance,"1,473",ANZSIC06 groups G431 and G432
2018,Level 4,GH135,Non-Store and Commission Based Retailing,Dollars (millions),H03,Sales of other goods and services,Financial performance,180,ANZSIC06 groups G431 and G432
2018,Level 4,GH135,Non-Store and Commission Based Retailing,Dollars (millions),H05,"Interest, dividends and donations",Financial performance,3,ANZSIC06 groups G431 and G432
2018,Level 4,GH135,Non-Store and Commission Based Retailing,Dollars (millions),H06,"Government funding, grants and subsidies",Financial performance,0,ANZSIC06 groups G431 and G432
2018,Level 4,GH135,Non-Store and Commission Based Retailing,Dollars (millions),H07,Non-operating income,Financial performance,3,ANZSIC06 groups G431 and G432
2018,Level 4,GH135,Non-Store and Commission Based Retailing,Dollars (millions),H08,Total expenditure,Financial performance,"1,626",ANZSIC06 groups G431 and G432
2018,Level 4,GH135,Non-Store and Commission Based Retailing,Dollars (millions),H09,Interest and donations,Financial performance,16,ANZSIC06 groups G431 and G432
2018,Level 4,GH135,Non-Store and Commission Based Retailing,Dollars (millions),H10,Indirect taxes,Financial performance,2,ANZSIC06 groups G431 and G432
2018,Level 4,GH135,Non-Store and Commission Based Retailing,Dollars (millions),H11,Depreciation,Financial performance,25,ANZSIC06 groups G431 and G432
2018,Level 4,GH135,Non-Store and Commission Based Retailing,Dollars (millions),H12,Salaries and wages paid,Financial performance,228,ANZSIC06 groups G431 and G432
2018,Level 4,GH135,Non-Store and Commission Based Retailing,Dollars (millions),H13,Redundancy and severance,Financial performance,1,ANZSIC06 groups G431 and G432
2018,Level 4,GH135,Non-Store and Commission Based Retailing,Dollars (millions),H17,Purchases of goods bought for resale,Financial performance,987,ANZSIC06 groups G431 and G432
2018,Level 4,GH135,Non-Store and Commission Based Retailing,Dollars (millions),H18,Other Purchases and operating expenses,Financial performance,359,ANZSIC06 groups G431 and G432
2018,Level 4,GH135,Non-Store and Commission Based Retailing,Dollars (millions),H20,Non-operating expenses,Financial performance,9,ANZSIC06 groups G431 and G432
2018,Level 4,GH135,Non-Store and Commission Based Retailing,Dollars (millions),H21,Opening stocks,Financial performance,144,ANZSIC06 groups G431 and G432
2018,Level 4,GH135,Non-Store and Commission Based Retailing,Dollars (millions),H22,Closing stocks,Financial performance,168,ANZSIC06 groups G431 and G432
2018,Level 4,GH135,Non-Store and Commission Based Retailing,Dollars (millions),H23,Surplus before income tax,Financial performance,58,ANZSIC06 groups G431 and G432
2018,Level 4,GH135,Non-Store and Commission Based Retailing,Dollars (millions),H24,Total assets,Financial position,858,ANZSIC06 groups G431 and G432
2018,Level 4,GH135,Non-Store and Commission Based Retailing,Dollars (millions),H25,Current assets,Financial position,539,ANZSIC06 groups G431 and G432
2018,Level 4,GH135,Non-Store and Commission Based Retailing,Dollars (millions),H26,Fixed tangible assets,Financial position,198,ANZSIC06 groups G431 and G432
2018,Level 4,GH135,Non-Store and Commission Based Retailing,Dollars (millions),H27,Additions to fixed assets,Financial position,64,ANZSIC06 groups G431 and G432
2018,Level 4,GH135,Non-Store and Commission Based Retailing,Dollars (millions),H28,Disposals of fixed assets,Financial position,21,ANZSIC06 groups G431 and G432
2018,Level 4,GH135,Non-Store and Commission Based Retailing,Dollars (millions),H29,Other assets,Financial position,120,ANZSIC06 groups G431 and G432
2018,Level 4,GH135,Non-Store and Commission Based Retailing,Dollars (millions),H30,Total equity and liabilities,Financial position,858,ANZSIC06 groups G431 and G432
2018,Level 4,GH135,Non-Store and Commission Based Retailing,Dollars (millions),H31,Shareholders funds or owners equity,Financial position,274,ANZSIC06 groups G431 and G432
2018,Level 4,GH135,Non-Store and Commission Based Retailing,Dollars (millions),H32,Current liabilities,Financial position,376,ANZSIC06 groups G431 and G432
2018,Level 4,GH135,Non-Store and Commission Based Retailing,Dollars (millions),H33,Other liabilities,Financial position,209,ANZSIC06 groups G431 and G432
2018,Level 4,GH135,Non-Store and Commission Based Retailing,Dollars,H34,Total income per employee count,Financial ratios,"428,100",ANZSIC06 groups G431 and G432
2018,Level 4,GH135,Non-Store and Commission Based Retailing,Dollars,H35,Surplus per employee count,Financial ratios,"14,900",ANZSIC06 groups G431 and G432
2018,Level 4,GH135,Non-Store and Commission Based Retailing,Percentage,H36,Current ratio,Financial ratios,144,ANZSIC06 groups G431 and G432
2018,Level 4,GH135,Non-Store and Commission Based Retailing,Percentage,H37,Quick ratio,Financial ratios,99,ANZSIC06 groups G431 and G432
2018,Level 4,GH135,Non-Store and Commission Based Retailing,Percentage,H38,Margin on sales of goods for resale,Financial ratios,33,ANZSIC06 groups G431 and G432
2018,Level 4,GH135,Non-Store and Commission Based Retailing,Percentage,H39,Return on equity,Financial ratios,21,ANZSIC06 groups G431 and G432
2018,Level 4,GH135,Non-Store and Commission Based Retailing,Percentage,H40,Return on total assets,Financial ratios,7,ANZSIC06 groups G431 and G432
2018,Level 4,GH135,Non-Store and Commission Based Retailing,Percentage,H41,Liabilities structure,Financial ratios,32,ANZSIC06 groups G431 and G432
2018,Level 3,GH13,Other Store-Based Retailing and Non Store Retailing,Dollars (millions),H01,Total income,Financial performance,"32,354","ANZSIC06 groups G421, G422, G423, G424, G425, G426, G427, G431, and G432"
2018,Level 3,GH13,Other Store-Based Retailing and Non Store Retailing,Dollars (millions),H02,Sales of goods not further processed,Financial performance,"30,629","ANZSIC06 groups G421, G422, G423, G424, G425, G426, G427, G431, and G432"
2018,Level 3,GH13,Other Store-Based Retailing and Non Store Retailing,Dollars (millions),H03,Sales of other goods and services,Financial performance,"1,523","ANZSIC06 groups G421, G422, G423, G424, G425, G426, G427, G431, and G432"
2018,Level 3,GH13,Other Store-Based Retailing and Non Store Retailing,Dollars (millions),H05,"Interest, dividends and donations",Financial performance,106,"ANZSIC06 groups G421, G422, G423, G424, G425, G426, G427, G431, and G432"
2018,Level 3,GH13,Other Store-Based Retailing and Non Store Retailing,Dollars (millions),H06,"Government funding, grants and subsidies",Financial performance,1,"ANZSIC06 groups G421, G422, G423, G424, G425, G426, G427, G431, and G432"
2018,Level 3,GH13,Other Store-Based Retailing and Non Store Retailing,Dollars (millions),H07,Non-operating income,Financial performance,94,"ANZSIC06 groups G421, G422, G423, G424, G425, G426, G427, G431, and G432"
2018,Level 3,GH13,Other Store-Based Retailing and Non Store Retailing,Dollars (millions),H08,Total expenditure,Financial performance,"30,922","ANZSIC06 groups G421, G422, G423, G424, G425, G426, G427, G431, and G432"
2018,Level 3,GH13,Other Store-Based Retailing and Non Store Retailing,Dollars (millions),H09,Interest and donations,Financial performance,191,"ANZSIC06 groups G421, G422, G423, G424, G425, G426, G427, G431, and G432"
2018,Level 3,GH13,Other Store-Based Retailing and Non Store Retailing,Dollars (millions),H10,Indirect taxes,Financial performance,106,"ANZSIC06 groups G421, G422, G423, G424, G425, G426, G427, G431, and G432"
2018,Level 3,GH13,Other Store-Based Retailing and Non Store Retailing,Dollars (millions),H11,Depreciation,Financial performance,429,"ANZSIC06 groups G421, G422, G423, G424, G425, G426, G427, G431, and G432"
2018,Level 3,GH13,Other Store-Based Retailing and Non Store Retailing,Dollars (millions),H12,Salaries and wages paid,Financial performance,"4,822","ANZSIC06 groups G421, G422, G423, G424, G425, G426, G427, G431, and G432"
2018,Level 3,GH13,Other Store-Based Retailing and Non Store Retailing,Dollars (millions),H13,Redundancy and severance,Financial performance,5,"ANZSIC06 groups G421, G422, G423, G424, G425, G426, G427, G431, and G432"
2018,Level 3,GH13,Other Store-Based Retailing and Non Store Retailing,Dollars (millions),H17,Purchases of goods bought for resale,Financial performance,"19,558","ANZSIC06 groups G421, G422, G423, G424, G425, G426, G427, G431, and G432"
2018,Level 3,GH13,Other Store-Based Retailing and Non Store Retailing,Dollars (millions),H18,Other Purchases and operating expenses,Financial performance,"5,633","ANZSIC06 groups G421, G422, G423, G424, G425, G426, G427, G431, and G432"
2018,Level 3,GH13,Other Store-Based Retailing and Non Store Retailing,Dollars (millions),H20,Non-operating expenses,Financial performance,183,"ANZSIC06 groups G421, G422, G423, G424, G425, G426, G427, G431, and G432"
2018,Level 3,GH13,Other Store-Based Retailing and Non Store Retailing,Dollars (millions),H21,Opening stocks,Financial performance,"4,611","ANZSIC06 groups G421, G422, G423, G424, G425, G426, G427, G431, and G432"
2018,Level 3,GH13,Other Store-Based Retailing and Non Store Retailing,Dollars (millions),H22,Closing stocks,Financial performance,"4,779","ANZSIC06 groups G421, G422, G423, G424, G425, G426, G427, G431, and G432"
2018,Level 3,GH13,Other Store-Based Retailing and Non Store Retailing,Dollars (millions),H23,Surplus before income tax,Financial performance,"1,600","ANZSIC06 groups G421, G422, G423, G424, G425, G426, G427, G431, and G432"
2018,Level 3,GH13,Other Store-Based Retailing and Non Store Retailing,Dollars (millions),H24,Total assets,Financial position,"16,023","ANZSIC06 groups G421, G422, G423, G424, G425, G426, G427, G431, and G432"
2018,Level 3,GH13,Other Store-Based Retailing and Non Store Retailing,Dollars (millions),H25,Current assets,Financial position,"10,009","ANZSIC06 groups G421, G422, G423, G424, G425, G426, G427, G431, and G432"
2018,Level 3,GH13,Other Store-Based Retailing and Non Store Retailing,Dollars (millions),H26,Fixed tangible assets,Financial position,"2,865","ANZSIC06 groups G421, G422, G423, G424, G425, G426, G427, G431, and G432"
2018,Level 3,GH13,Other Store-Based Retailing and Non Store Retailing,Dollars (millions),H27,Additions to fixed assets,Financial position,754,"ANZSIC06 groups G421, G422, G423, G424, G425, G426, G427, G431, and G432"
2018,Level 3,GH13,Other Store-Based Retailing and Non Store Retailing,Dollars (millions),H28,Disposals of fixed assets,Financial position,279,"ANZSIC06 groups G421, G422, G423, G424, G425, G426, G427, G431, and G432"
2018,Level 3,GH13,Other Store-Based Retailing and Non Store Retailing,Dollars (millions),H29,Other assets,Financial position,"3,150","ANZSIC06 groups G421, G422, G423, G424, G425, G426, G427, G431, and G432"
2018,Level 3,GH13,Other Store-Based Retailing and Non Store Retailing,Dollars (millions),H30,Total equity and liabilities,Financial position,"16,023","ANZSIC06 groups G421, G422, G423, G424, G425, G426, G427, G431, and G432"
2018,Level 3,GH13,Other Store-Based Retailing and Non Store Retailing,Dollars (millions),H31,Shareholders funds or owners equity,Financial position,"5,384","ANZSIC06 groups G421, G422, G423, G424, G425, G426, G427, G431, and G432"
2018,Level 3,GH13,Other Store-Based Retailing and Non Store Retailing,Dollars (millions),H32,Current liabilities,Financial position,"7,489","ANZSIC06 groups G421, G422, G423, G424, G425, G426, G427, G431, and G432"
2018,Level 3,GH13,Other Store-Based Retailing and Non Store Retailing,Dollars (millions),H33,Other liabilities,Financial position,"3,150","ANZSIC06 groups G421, G422, G423, G424, G425, G426, G427, G431, and G432"
2018,Level 3,GH13,Other Store-Based Retailing and Non Store Retailing,Dollars,H34,Total income per employee count,Financial ratios,"276,400","ANZSIC06 groups G421, G422, G423, G424, G425, G426, G427, G431, and G432"
2018,Level 3,GH13,Other Store-Based Retailing and Non Store Retailing,Dollars,H35,Surplus per employee count,Financial ratios,"13,700","ANZSIC06 groups G421, G422, G423, G424, G425, G426, G427, G431, and G432"
2018,Level 3,GH13,Other Store-Based Retailing and Non Store Retailing,Percentage,H36,Current ratio,Financial ratios,134,"ANZSIC06 groups G421, G422, G423, G424, G425, G426, G427, G431, and G432"
2018,Level 3,GH13,Other Store-Based Retailing and Non Store Retailing,Percentage,H37,Quick ratio,Financial ratios,70,"ANZSIC06 groups G421, G422, G423, G424, G425, G426, G427, G431, and G432"
2018,Level 3,GH13,Other Store-Based Retailing and Non Store Retailing,Percentage,H38,Margin on sales of goods for resale,Financial ratios,36,"ANZSIC06 groups G421, G422, G423, G424, G425, G426, G427, G431, and G432"
2018,Level 3,GH13,Other Store-Based Retailing and Non Store Retailing,Percentage,H39,Return on equity,Financial ratios,30,"ANZSIC06 groups G421, G422, G423, G424, G425, G426, G427, G431, and G432"
2018,Level 3,GH13,Other Store-Based Retailing and Non Store Retailing,Percentage,H40,Return on total assets,Financial ratios,10,"ANZSIC06 groups G421, G422, G423, G424, G425, G426, G427, G431, and G432"
2018,Level 3,GH13,Other Store-Based Retailing and Non Store Retailing,Percentage,H41,Liabilities structure,Financial ratios,34,"ANZSIC06 groups G421, G422, G423, G424, G425, G426, G427, G431, and G432"
2018,Level 4,GH211,Accommodation,Dollars (millions),H01,Total income,Financial performance,"3,998",ANZSIC06 group H440
2018,Level 4,GH211,Accommodation,Dollars (millions),H02,Sales of goods not further processed,Financial performance,508,ANZSIC06 group H440
2018,Level 4,GH211,Accommodation,Dollars (millions),H03,Sales of other goods and services,Financial performance,"3,372",ANZSIC06 group H440
2018,Level 4,GH211,Accommodation,Dollars (millions),H05,"Interest, dividends and donations",Financial performance,31,ANZSIC06 group H440
2018,Level 4,GH211,Accommodation,Dollars (millions),H06,"Government funding, grants and subsidies",Financial performance,2,ANZSIC06 group H440
2018,Level 4,GH211,Accommodation,Dollars (millions),H07,Non-operating income,Financial performance,85,ANZSIC06 group H440
2018,Level 4,GH211,Accommodation,Dollars (millions),H08,Total expenditure,Financial performance,"3,419",ANZSIC06 group H440
2018,Level 4,GH211,Accommodation,Dollars (millions),H09,Interest and donations,Financial performance,130,ANZSIC06 group H440
2018,Level 4,GH211,Accommodation,Dollars (millions),H10,Indirect taxes,Financial performance,76,ANZSIC06 group H440
2018,Level 4,GH211,Accommodation,Dollars (millions),H11,Depreciation,Financial performance,160,ANZSIC06 group H440
2018,Level 4,GH211,Accommodation,Dollars (millions),H12,Salaries and wages paid,Financial performance,999,ANZSIC06 group H440
2018,Level 4,GH211,Accommodation,Dollars (millions),H13,Redundancy and severance,Financial performance,0,ANZSIC06 group H440
2018,Level 4,GH211,Accommodation,Dollars (millions),H17,Purchases of goods bought for resale,Financial performance,195,ANZSIC06 group H440
2018,Level 4,GH211,Accommodation,Dollars (millions),H18,Other Purchases and operating expenses,Financial performance,"1,811",ANZSIC06 group H440
2018,Level 4,GH211,Accommodation,Dollars (millions),H20,Non-operating expenses,Financial performance,49,ANZSIC06 group H440
2018,Level 4,GH211,Accommodation,Dollars (millions),H21,Opening stocks,Financial performance,57,ANZSIC06 group H440
2018,Level 4,GH211,Accommodation,Dollars (millions),H22,Closing stocks,Financial performance,59,ANZSIC06 group H440
2018,Level 4,GH211,Accommodation,Dollars (millions),H23,Surplus before income tax,Financial performance,580,ANZSIC06 group H440
2018,Level 4,GH211,Accommodation,Dollars (millions),H24,Total assets,Financial position,"9,846",ANZSIC06 group H440
2018,Level 4,GH211,Accommodation,Dollars (millions),H25,Current assets,Financial position,"1,838",ANZSIC06 group H440
2018,Level 4,GH211,Accommodation,Dollars (millions),H26,Fixed tangible assets,Financial position,"6,630",ANZSIC06 group H440
2018,Level 4,GH211,Accommodation,Dollars (millions),H27,Additions to fixed assets,Financial position,830,ANZSIC06 group H440
2018,Level 4,GH211,Accommodation,Dollars (millions),H28,Disposals of fixed assets,Financial position,467,ANZSIC06 group H440
2018,Level 4,GH211,Accommodation,Dollars (millions),H29,Other assets,Financial position,"1,377",ANZSIC06 group H440
2018,Level 4,GH211,Accommodation,Dollars (millions),H30,Total equity and liabilities,Financial position,"9,846",ANZSIC06 group H440
2018,Level 4,GH211,Accommodation,Dollars (millions),H31,Shareholders funds or owners equity,Financial position,"3,749",ANZSIC06 group H440
2018,Level 4,GH211,Accommodation,Dollars (millions),H32,Current liabilities,Financial position,"2,712",ANZSIC06 group H440
2018,Level 4,GH211,Accommodation,Dollars (millions),H33,Other liabilities,Financial position,"3,385",ANZSIC06 group H440
2018,Level 4,GH211,Accommodation,Dollars,H34,Total income per employee count,Financial ratios,"126,300",ANZSIC06 group H440
2018,Level 4,GH211,Accommodation,Dollars,H35,Surplus per employee count,Financial ratios,"18,300",ANZSIC06 group H440
2018,Level 4,GH211,Accommodation,Percentage,H36,Current ratio,Financial ratios,68,ANZSIC06 group H440
2018,Level 4,GH211,Accommodation,Percentage,H37,Quick ratio,Financial ratios,66,ANZSIC06 group H440
2018,Level 4,GH211,Accommodation,Percentage,H38,Margin on sales of goods for resale,Financial ratios,62,ANZSIC06 group H440
2018,Level 4,GH211,Accommodation,Percentage,H39,Return on equity,Financial ratios,15,ANZSIC06 group H440
2018,Level 4,GH211,Accommodation,Percentage,H40,Return on total assets,Financial ratios,6,ANZSIC06 group H440
2018,Level 4,GH211,Accommodation,Percentage,H41,Liabilities structure,Financial ratios,38,ANZSIC06 group H440
2018,Level 4,GH212,Food and Beverage Services,Dollars (millions),H01,Total income,Financial performance,"11,194","ANZSIC06 groups H451, H452, and H453"
2018,Level 4,GH212,Food and Beverage Services,Dollars (millions),H02,Sales of goods not further processed,Financial performance,"2,866","ANZSIC06 groups H451, H452, and H453"
2018,Level 4,GH212,Food and Beverage Services,Dollars (millions),H03,Sales of other goods and services,Financial performance,"8,206","ANZSIC06 groups H451, H452, and H453"
2018,Level 4,GH212,Food and Beverage Services,Dollars (millions),H05,"Interest, dividends and donations",Financial performance,36,"ANZSIC06 groups H451, H452, and H453"
2018,Level 4,GH212,Food and Beverage Services,Dollars (millions),H06,"Government funding, grants and subsidies",Financial performance,1,"ANZSIC06 groups H451, H452, and H453"
2018,Level 4,GH212,Food and Beverage Services,Dollars (millions),H07,Non-operating income,Financial performance,85,"ANZSIC06 groups H451, H452, and H453"
2018,Level 4,GH212,Food and Beverage Services,Dollars (millions),H08,Total expenditure,Financial performance,"10,660","ANZSIC06 groups H451, H452, and H453"
2018,Level 4,GH212,Food and Beverage Services,Dollars (millions),H09,Interest and donations,Financial performance,108,"ANZSIC06 groups H451, H452, and H453"
2018,Level 4,GH212,Food and Beverage Services,Dollars (millions),H10,Indirect taxes,Financial performance,49,"ANZSIC06 groups H451, H452, and H453"
2018,Level 4,GH212,Food and Beverage Services,Dollars (millions),H11,Depreciation,Financial performance,313,"ANZSIC06 groups H451, H452, and H453"
2018,Level 4,GH212,Food and Beverage Services,Dollars (millions),H12,Salaries and wages paid,Financial performance,"3,447","ANZSIC06 groups H451, H452, and H453"
2018,Level 4,GH212,Food and Beverage Services,Dollars (millions),H13,Redundancy and severance,Financial performance,1,"ANZSIC06 groups H451, H452, and H453"
2018,Level 4,GH212,Food and Beverage Services,Dollars (millions),H17,Purchases of goods bought for resale,Financial performance,"1,334","ANZSIC06 groups H451, H452, and H453"
2018,Level 4,GH212,Food and Beverage Services,Dollars (millions),H18,Other Purchases and operating expenses,Financial performance,"5,370","ANZSIC06 groups H451, H452, and H453"
2018,Level 4,GH212,Food and Beverage Services,Dollars (millions),H20,Non-operating expenses,Financial performance,39,"ANZSIC06 groups H451, H452, and H453"
2018,Level 4,GH212,Food and Beverage Services,Dollars (millions),H21,Opening stocks,Financial performance,216,"ANZSIC06 groups H451, H452, and H453"
2018,Level 4,GH212,Food and Beverage Services,Dollars (millions),H22,Closing stocks,Financial performance,224,"ANZSIC06 groups H451, H452, and H453"
2018,Level 4,GH212,Food and Beverage Services,Dollars (millions),H23,Surplus before income tax,Financial performance,542,"ANZSIC06 groups H451, H452, and H453"
2018,Level 4,GH212,Food and Beverage Services,Dollars (millions),H24,Total assets,Financial position,"6,544","ANZSIC06 groups H451, H452, and H453"
2018,Level 4,GH212,Food and Beverage Services,Dollars (millions),H25,Current assets,Financial position,"1,747","ANZSIC06 groups H451, H452, and H453"
2018,Level 4,GH212,Food and Beverage Services,Dollars (millions),H26,Fixed tangible assets,Financial position,"3,224","ANZSIC06 groups H451, H452, and H453"
2018,Level 4,GH212,Food and Beverage Services,Dollars (millions),H27,Additions to fixed assets,Financial position,696,"ANZSIC06 groups H451, H452, and H453"
2018,Level 4,GH212,Food and Beverage Services,Dollars (millions),H28,Disposals of fixed assets,Financial position,424,"ANZSIC06 groups H451, H452, and H453"
2018,Level 4,GH212,Food and Beverage Services,Dollars (millions),H29,Other assets,Financial position,"1,574","ANZSIC06 groups H451, H452, and H453"
2018,Level 4,GH212,Food and Beverage Services,Dollars (millions),H30,Total equity and liabilities,Financial position,"6,544","ANZSIC06 groups H451, H452, and H453"
2018,Level 4,GH212,Food and Beverage Services,Dollars (millions),H31,Shareholders funds or owners equity,Financial position,"1,902","ANZSIC06 groups H451, H452, and H453"
2018,Level 4,GH212,Food and Beverage Services,Dollars (millions),H32,Current liabilities,Financial position,"2,997","ANZSIC06 groups H451, H452, and H453"
2018,Level 4,GH212,Food and Beverage Services,Dollars (millions),H33,Other liabilities,Financial position,"1,645","ANZSIC06 groups H451, H452, and H453"
2018,Level 4,GH212,Food and Beverage Services,Dollars,H34,Total income per employee count,Financial ratios,"87,700","ANZSIC06 groups H451, H452, and H453"
2018,Level 4,GH212,Food and Beverage Services,Dollars,H35,Surplus per employee count,Financial ratios,"4,200","ANZSIC06 groups H451, H452, and H453"
2018,Level 4,GH212,Food and Beverage Services,Percentage,H36,Current ratio,Financial ratios,58,"ANZSIC06 groups H451, H452, and H453"
2018,Level 4,GH212,Food and Beverage Services,Percentage,H37,Quick ratio,Financial ratios,51,"ANZSIC06 groups H451, H452, and H453"
2018,Level 4,GH212,Food and Beverage Services,Percentage,H38,Margin on sales of goods for resale,Financial ratios,53,"ANZSIC06 groups H451, H452, and H453"
2018,Level 4,GH212,Food and Beverage Services,Percentage,H39,Return on equity,Financial ratios,28,"ANZSIC06 groups H451, H452, and H453"
2018,Level 4,GH212,Food and Beverage Services,Percentage,H40,Return on total assets,Financial ratios,8,"ANZSIC06 groups H451, H452, and H453"
2018,Level 4,GH212,Food and Beverage Services,Percentage,H41,Liabilities structure,Financial ratios,29,"ANZSIC06 groups H451, H452, and H453"
2018,Level 3,GH21,Accommodation and Food Services,Dollars (millions),H01,Total income,Financial performance,"15,192","ANZSIC06 groups H440, H451, H452, and H453"
2018,Level 3,GH21,Accommodation and Food Services,Dollars (millions),H02,Sales of goods not further processed,Financial performance,"3,373","ANZSIC06 groups H440, H451, H452, and H453"
2018,Level 3,GH21,Accommodation and Food Services,Dollars (millions),H03,Sales of other goods and services,Financial performance,"11,578","ANZSIC06 groups H440, H451, H452, and H453"
2018,Level 3,GH21,Accommodation and Food Services,Dollars (millions),H05,"Interest, dividends and donations",Financial performance,66,"ANZSIC06 groups H440, H451, H452, and H453"
2018,Level 3,GH21,Accommodation and Food Services,Dollars (millions),H06,"Government funding, grants and subsidies",Financial performance,2,"ANZSIC06 groups H440, H451, H452, and H453"
2018,Level 3,GH21,Accommodation and Food Services,Dollars (millions),H07,Non-operating income,Financial performance,171,"ANZSIC06 groups H440, H451, H452, and H453"
2018,Level 3,GH21,Accommodation and Food Services,Dollars (millions),H08,Total expenditure,Financial performance,"14,079","ANZSIC06 groups H440, H451, H452, and H453"
2018,Level 3,GH21,Accommodation and Food Services,Dollars (millions),H09,Interest and donations,Financial performance,238,"ANZSIC06 groups H440, H451, H452, and H453"
2018,Level 3,GH21,Accommodation and Food Services,Dollars (millions),H10,Indirect taxes,Financial performance,126,"ANZSIC06 groups H440, H451, H452, and H453"
2018,Level 3,GH21,Accommodation and Food Services,Dollars (millions),H11,Depreciation,Financial performance,473,"ANZSIC06 groups H440, H451, H452, and H453"
2018,Level 3,GH21,Accommodation and Food Services,Dollars (millions),H12,Salaries and wages paid,Financial performance,"4,445","ANZSIC06 groups H440, H451, H452, and H453"
2018,Level 3,GH21,Accommodation and Food Services,Dollars (millions),H13,Redundancy and severance,Financial performance,1,"ANZSIC06 groups H440, H451, H452, and H453"
2018,Level 3,GH21,Accommodation and Food Services,Dollars (millions),H17,Purchases of goods bought for resale,Financial performance,"1,529","ANZSIC06 groups H440, H451, H452, and H453"
2018,Level 3,GH21,Accommodation and Food Services,Dollars (millions),H18,Other Purchases and operating expenses,Financial performance,"7,180","ANZSIC06 groups H440, H451, H452, and H453"
2018,Level 3,GH21,Accommodation and Food Services,Dollars (millions),H20,Non-operating expenses,Financial performance,88,"ANZSIC06 groups H440, H451, H452, and H453"
2018,Level 3,GH21,Accommodation and Food Services,Dollars (millions),H21,Opening stocks,Financial performance,274,"ANZSIC06 groups H440, H451, H452, and H453"
2018,Level 3,GH21,Accommodation and Food Services,Dollars (millions),H22,Closing stocks,Financial performance,283,"ANZSIC06 groups H440, H451, H452, and H453"
2018,Level 3,GH21,Accommodation and Food Services,Dollars (millions),H23,Surplus before income tax,Financial performance,"1,122","ANZSIC06 groups H440, H451, H452, and H453"
2018,Level 3,GH21,Accommodation and Food Services,Dollars (millions),H24,Total assets,Financial position,"16,390","ANZSIC06 groups H440, H451, H452, and H453"
2018,Level 3,GH21,Accommodation and Food Services,Dollars (millions),H25,Current assets,Financial position,"3,585","ANZSIC06 groups H440, H451, H452, and H453"
2018,Level 3,GH21,Accommodation and Food Services,Dollars (millions),H26,Fixed tangible assets,Financial position,"9,854","ANZSIC06 groups H440, H451, H452, and H453"
2018,Level 3,GH21,Accommodation and Food Services,Dollars (millions),H27,Additions to fixed assets,Financial position,"1,526","ANZSIC06 groups H440, H451, H452, and H453"
2018,Level 3,GH21,Accommodation and Food Services,Dollars (millions),H28,Disposals of fixed assets,Financial position,891,"ANZSIC06 groups H440, H451, H452, and H453"
2018,Level 3,GH21,Accommodation and Food Services,Dollars (millions),H29,Other assets,Financial position,"2,951","ANZSIC06 groups H440, H451, H452, and H453"
2018,Level 3,GH21,Accommodation and Food Services,Dollars (millions),H30,Total equity and liabilities,Financial position,"16,390","ANZSIC06 groups H440, H451, H452, and H453"
2018,Level 3,GH21,Accommodation and Food Services,Dollars (millions),H31,Shareholders funds or owners equity,Financial position,"5,651","ANZSIC06 groups H440, H451, H452, and H453"
2018,Level 3,GH21,Accommodation and Food Services,Dollars (millions),H32,Current liabilities,Financial position,"5,709","ANZSIC06 groups H440, H451, H452, and H453"
2018,Level 3,GH21,Accommodation and Food Services,Dollars (millions),H33,Other liabilities,Financial position,"5,030","ANZSIC06 groups H440, H451, H452, and H453"
2018,Level 3,GH21,Accommodation and Food Services,Dollars,H34,Total income per employee count,Financial ratios,"95,400","ANZSIC06 groups H440, H451, H452, and H453"
2018,Level 3,GH21,Accommodation and Food Services,Dollars,H35,Surplus per employee count,Financial ratios,"7,000","ANZSIC06 groups H440, H451, H452, and H453"
2018,Level 3,GH21,Accommodation and Food Services,Percentage,H36,Current ratio,Financial ratios,63,"ANZSIC06 groups H440, H451, H452, and H453"
2018,Level 3,GH21,Accommodation and Food Services,Percentage,H37,Quick ratio,Financial ratios,58,"ANZSIC06 groups H440, H451, H452, and H453"
2018,Level 3,GH21,Accommodation and Food Services,Percentage,H38,Margin on sales of goods for resale,Financial ratios,55,"ANZSIC06 groups H440, H451, H452, and H453"
2018,Level 3,GH21,Accommodation and Food Services,Percentage,H39,Return on equity,Financial ratios,20,"ANZSIC06 groups H440, H451, H452, and H453"
2018,Level 3,GH21,Accommodation and Food Services,Percentage,H40,Return on total assets,Financial ratios,7,"ANZSIC06 groups H440, H451, H452, and H453"
2018,Level 3,GH21,Accommodation and Food Services,Percentage,H41,Liabilities structure,Financial ratios,34,"ANZSIC06 groups H440, H451, H452, and H453"
2018,Level 1,GH,Retail Trade and Accommodation,Dollars (millions),H01,Total income,Financial performance,"89,598",ANZSIC06 divisions G and H
2018,Level 1,GH,Retail Trade and Accommodation,Dollars (millions),H02,Sales of goods not further processed,Financial performance,"74,541",ANZSIC06 divisions G and H
2018,Level 1,GH,Retail Trade and Accommodation,Dollars (millions),H03,Sales of other goods and services,Financial performance,"14,499",ANZSIC06 divisions G and H
2018,Level 1,GH,Retail Trade and Accommodation,Dollars (millions),H05,"Interest, dividends and donations",Financial performance,245,ANZSIC06 divisions G and H
2018,Level 1,GH,Retail Trade and Accommodation,Dollars (millions),H06,"Government funding, grants and subsidies",Financial performance,4,ANZSIC06 divisions G and H
2018,Level 1,GH,Retail Trade and Accommodation,Dollars (millions),H07,Non-operating income,Financial performance,310,ANZSIC06 divisions G and H
2018,Level 1,GH,Retail Trade and Accommodation,Dollars (millions),H08,Total expenditure,Financial performance,"85,898",ANZSIC06 divisions G and H
2018,Level 1,GH,Retail Trade and Accommodation,Dollars (millions),H09,Interest and donations,Financial performance,596,ANZSIC06 divisions G and H
