Year,Industry_aggregation_NZSIOC,Industry_code_NZSIOC,Industry_name_NZSIOC,Units,Variable_code,Variable_name,Variable_category,Value,Industry_code_ANZSIC06
2021,Level 1,JJ,Information Media and Telecommunications,Dollars (millions),H21,Opening stocks,Financial performance,325,ANZSIC06 division J
2021,Level 1,JJ,Information Media and Telecommunications,Dollars (millions),H22,Closing stocks,Financial performance,453,ANZSIC06 division J
2021,Level 1,JJ,Information Media and Telecommunications,Dollars (millions),H23,Surplus before income tax,Financial performance,"1,457",ANZSIC06 division J
2021,Level 1,JJ,Information Media and Telecommunications,Dollars (millions),H24,Total assets,Financial position,"23,878",ANZSIC06 division J
2021,Level 1,JJ,Information Media and Telecommunications,Dollars (millions),H25,Current assets,Financial position,"7,200",ANZSIC06 division J
2021,Level 1,JJ,Information Media and Telecommunications,Dollars (millions),H26,Fixed tangible assets,Financial position,"10,043",ANZSIC06 division J
2021,Level 1,JJ,Information Media and Telecommunications,Dollars (millions),H27,Additions to fixed assets,Financial position,"1,548",ANZSIC06 division J
2021,Level 1,JJ,Information Media and Telecommunications,Dollars (millions),H28,Disposals of fixed assets,Financial position,142,ANZSIC06 division J
2021,Level 1,JJ,Information Media and Telecommunications,Dollars (millions),H29,Other assets,Financial position,"6,635",ANZSIC06 division J
2021,Level 1,JJ,Information Media and Telecommunications,Dollars (millions),H30,Total equity and liabilities,Financial position,"23,878",ANZSIC06 division J
2021,Level 1,JJ,Information Media and Telecommunications,Dollars (millions),H31,Shareholders funds or owners equity,Financial position,"9,491",ANZSIC06 division J
2021,Level 1,JJ,Information Media and Telecommunications,Dollars (millions),H32,Current liabilities,Financial position,"6,833",ANZSIC06 division J
2021,Level 1,JJ,Information Media and Telecommunications,Dollars (millions),H33,Other liabilities,Financial position,"7,555",ANZSIC06 division J
2021,Level 1,JJ,Information Media and Telecommunications,Dollars,H34,Total income per employee count,Financial ratios,"484,100",ANZSIC06 division J
2021,Level 1,JJ,Information Media and Telecommunications,Dollars,H35,Surplus per employee count,Financial ratios,"50,000",ANZSIC06 division J
2021,Level 1,JJ,Information Media and Telecommunications,Percentage,H36,Current ratio,Financial ratios,105,ANZSIC06 division J
2021,Level 1,JJ,Information Media and Telecommunications,Percentage,H37,Quick ratio,Financial ratios,99,ANZSIC06 division J
2021,Level 1,JJ,Information Media and Telecommunications,Percentage,H39,Return on equity,Financial ratios,15,ANZSIC06 division J
2021,Level 1,JJ,Information Media and Telecommunications,Percentage,H40,Return on total assets,Financial ratios,6,ANZSIC06 division J
2021,Level 1,JJ,Information Media and Telecommunications,Percentage,H41,Liabilities structure,Financial ratios,40,ANZSIC06 division J
2021,Level 3,JJ11,Information Media Services,Dollars (millions),H01,Total income,Financial performance,"5,113","ANZSIC06 groups J541, J542, J551, J552, J561, J562, and J570"
2021,Level 3,JJ11,Information Media Services,Dollars (millions),H04,Sales of goods and services,Financial performance,"4,831","ANZSIC06 groups J541, J542, J551, J552, J561, J562, and J570"
2021,Level 3,JJ11,Information Media Services,Dollars (millions),H05,"Interest, dividends and donations",Financial performance,C,"ANZSIC06 groups J541, J542, J551, J552, J561, J562, and J570"
2021,Level 3,JJ11,Information Media Services,Dollars (millions),H06,"Government funding, grants and subsidies",Financial performance,C,"ANZSIC06 groups J541, J542, J551, J552, J561, J562, and J570"
2021,Level 3,JJ11,Information Media Services,Dollars (millions),H07,Non-operating income,Financial performance,C,"ANZSIC06 groups J541, J542, J551, J552, J561, J562, and J570"
2021,Level 3,JJ11,Information Media Services,Dollars (millions),H08,Total expenditure,Financial performance,"4,746","ANZSIC06 groups J541, J542, J551, J552, J561, J562, and J570"
2021,Level 3,JJ11,Information Media Services,Dollars (millions),H09,Interest and donations,Financial performance,33,"ANZSIC06 groups J541, J542, J551, J552, J561, J562, and J570"
2021,Level 3,JJ11,Information Media Services,Dollars (millions),H10,Indirect taxes,Financial performance,10,"ANZSIC06 groups J541, J542, J551, J552, J561, J562, and J570"
2021,Level 3,JJ11,Information Media Services,Dollars (millions),H11,Depreciation,Financial performance,341,"ANZSIC06 groups J541, J542, J551, J552, J561, J562, and J570"
2021,Level 3,JJ11,Information Media Services,Dollars (millions),H12,Salaries and wages paid,Financial performance,"1,134","ANZSIC06 groups J541, J542, J551, J552, J561, J562, and J570"
2021,Level 3,JJ11,Information Media Services,Dollars (millions),H13,Redundancy and severance,Financial performance,8,"ANZSIC06 groups J541, J542, J551, J552, J561, J562, and J570"
2021,Level 3,JJ11,Information Media Services,Dollars (millions),H19,Purchases and other operating expenses,Financial performance,"3,153","ANZSIC06 groups J541, J542, J551, J552, J561, J562, and J570"
2021,Level 3,JJ11,Information Media Services,Dollars (millions),H20,Non-operating expenses,Financial performance,75,"ANZSIC06 groups J541, J542, J551, J552, J561, J562, and J570"
2021,Level 3,JJ11,Information Media Services,Dollars (millions),H21,Opening stocks,Financial performance,171,"ANZSIC06 groups J541, J542, J551, J552, J561, J562, and J570"
2021,Level 3,JJ11,Information Media Services,Dollars (millions),H22,Closing stocks,Financial performance,325,"ANZSIC06 groups J541, J542, J551, J552, J561, J562, and J570"
2021,Level 3,JJ11,Information Media Services,Dollars (millions),H23,Surplus before income tax,Financial performance,521,"ANZSIC06 groups J541, J542, J551, J552, J561, J562, and J570"
2021,Level 3,JJ11,Information Media Services,Dollars (millions),H24,Total assets,Financial position,"6,038","ANZSIC06 groups J541, J542, J551, J552, J561, J562, and J570"
2021,Level 3,JJ11,Information Media Services,Dollars (millions),H25,Current assets,Financial position,"3,353","ANZSIC06 groups J541, J542, J551, J552, J561, J562, and J570"
2021,Level 3,JJ11,Information Media Services,Dollars (millions),H26,Fixed tangible assets,Financial position,928,"ANZSIC06 groups J541, J542, J551, J552, J561, J562, and J570"
2021,Level 3,JJ11,Information Media Services,Dollars (millions),H27,Additions to fixed assets,Financial position,200,"ANZSIC06 groups J541, J542, J551, J552, J561, J562, and J570"
2021,Level 3,JJ11,Information Media Services,Dollars (millions),H28,Disposals of fixed assets,Financial position,55,"ANZSIC06 groups J541, J542, J551, J552, J561, J562, and J570"
2021,Level 3,JJ11,Information Media Services,Dollars (millions),H29,Other assets,Financial position,"1,757","ANZSIC06 groups J541, J542, J551, J552, J561, J562, and J570"
2021,Level 3,JJ11,Information Media Services,Dollars (millions),H30,Total equity and liabilities,Financial position,"6,038","ANZSIC06 groups J541, J542, J551, J552, J561, J562, and J570"
2021,Level 3,JJ11,Information Media Services,Dollars (millions),H31,Shareholders funds or owners equity,Financial position,"2,740","ANZSIC06 groups J541, J542, J551, J552, J561, J562, and J570"
2021,Level 3,JJ11,Information Media Services,Dollars (millions),H32,Current liabilities,Financial position,"2,531","ANZSIC06 groups J541, J542, J551, J552, J561, J562, and J570"
2021,Level 3,JJ11,Information Media Services,Dollars (millions),H33,Other liabilities,Financial position,767,"ANZSIC06 groups J541, J542, J551, J552, J561, J562, and J570"
2021,Level 3,JJ11,Information Media Services,Dollars,H34,Total income per employee count,Financial ratios,"379,100","ANZSIC06 groups J541, J542, J551, J552, J561, J562, and J570"
2021,Level 3,JJ11,Information Media Services,Dollars,H35,Surplus per employee count,Financial ratios,"38,600","ANZSIC06 groups J541, J542, J551, J552, J561, J562, and J570"
2021,Level 3,JJ11,Information Media Services,Percentage,H36,Current ratio,Financial ratios,132,"ANZSIC06 groups J541, J542, J551, J552, J561, J562, and J570"
2021,Level 3,JJ11,Information Media Services,Percentage,H37,Quick ratio,Financial ratios,120,"ANZSIC06 groups J541, J542, J551, J552, J561, J562, and J570"
2021,Level 3,JJ11,Information Media Services,Percentage,H39,Return on equity,Financial ratios,19,"ANZSIC06 groups J541, J542, J551, J552, J561, J562, and J570"
2021,Level 3,JJ11,Information Media Services,Percentage,H40,Return on total assets,Financial ratios,9,"ANZSIC06 groups J541, J542, J551, J552, J561, J562, and J570"
2021,Level 3,JJ11,Information Media Services,Percentage,H41,Liabilities structure,Financial ratios,45,"ANZSIC06 groups J541, J542, J551, J552, J561, J562, and J570"
2021,Level 3,JJ12,"Telecommunications, Internet and Library Services",Dollars (millions),H01,Total income,Financial performance,"9,005","ANZSIC06 groups J580, J591, J592, J601, and J602"
2021,Level 3,JJ12,"Telecommunications, Internet and Library Services",Dollars (millions),H04,Sales of goods and services,Financial performance,"8,821","ANZSIC06 groups J580, J591, J592, J601, and J602"
2021,Level 3,JJ12,"Telecommunications, Internet and Library Services",Dollars (millions),H05,"Interest, dividends and donations",Financial performance,C,"ANZSIC06 groups J580, J591, J592, J601, and J602"
2021,Level 3,JJ12,"Telecommunications, Internet and Library Services",Dollars (millions),H06,"Government funding, grants and subsidies",Financial performance,C,"ANZSIC06 groups J580, J591, J592, J601, and J602"
2021,Level 3,JJ12,"Telecommunications, Internet and Library Services",Dollars (millions),H07,Non-operating income,Financial performance,C,"ANZSIC06 groups J580, J591, J592, J601, and J602"
2021,Level 3,JJ12,"Telecommunications, Internet and Library Services",Dollars (millions),H08,Total expenditure,Financial performance,"8,043","ANZSIC06 groups J580, J591, J592, J601, and J602"
2021,Level 3,JJ12,"Telecommunications, Internet and Library Services",Dollars (millions),H09,Interest and donations,Financial performance,335,"ANZSIC06 groups J580, J591, J592, J601, and J602"
2021,Level 3,JJ12,"Telecommunications, Internet and Library Services",Dollars (millions),H10,Indirect taxes,Financial performance,30,"ANZSIC06 groups J580, J591, J592, J601, and J602"
2021,Level 3,JJ12,"Telecommunications, Internet and Library Services",Dollars (millions),H11,Depreciation,Financial performance,"1,516","ANZSIC06 groups J580, J591, J592, J601, and J602"
2021,Level 3,JJ12,"Telecommunications, Internet and Library Services",Dollars (millions),H12,Salaries and wages paid,Financial performance,"1,288","ANZSIC06 groups J580, J591, J592, J601, and J602"
2021,Level 3,JJ12,"Telecommunications, Internet and Library Services",Dollars (millions),H13,Redundancy and severance,Financial performance,21,"ANZSIC06 groups J580, J591, J592, J601, and J602"
2021,Level 3,JJ12,"Telecommunications, Internet and Library Services",Dollars (millions),H19,Purchases and other operating expenses,Financial performance,"4,826","ANZSIC06 groups J580, J591, J592, J601, and J602"
2021,Level 3,JJ12,"Telecommunications, Internet and Library Services",Dollars (millions),H20,Non-operating expenses,Financial performance,47,"ANZSIC06 groups J580, J591, J592, J601, and J602"
2021,Level 3,JJ12,"Telecommunications, Internet and Library Services",Dollars (millions),H21,Opening stocks,Financial performance,154,"ANZSIC06 groups J580, J591, J592, J601, and J602"
2021,Level 3,JJ12,"Telecommunications, Internet and Library Services",Dollars (millions),H22,Closing stocks,Financial performance,128,"ANZSIC06 groups J580, J591, J592, J601, and J602"
2021,Level 3,JJ12,"Telecommunications, Internet and Library Services",Dollars (millions),H23,Surplus before income tax,Financial performance,937,"ANZSIC06 groups J580, J591, J592, J601, and J602"
2021,Level 3,JJ12,"Telecommunications, Internet and Library Services",Dollars (millions),H24,Total assets,Financial position,"17,840","ANZSIC06 groups J580, J591, J592, J601, and J602"
2021,Level 3,JJ12,"Telecommunications, Internet and Library Services",Dollars (millions),H25,Current assets,Financial position,"3,847","ANZSIC06 groups J580, J591, J592, J601, and J602"
2021,Level 3,JJ12,"Telecommunications, Internet and Library Services",Dollars (millions),H26,Fixed tangible assets,Financial position,"9,115","ANZSIC06 groups J580, J591, J592, J601, and J602"
2021,Level 3,JJ12,"Telecommunications, Internet and Library Services",Dollars (millions),H27,Additions to fixed assets,Financial position,"1,348","ANZSIC06 groups J580, J591, J592, J601, and J602"
2021,Level 3,JJ12,"Telecommunications, Internet and Library Services",Dollars (millions),H28,Disposals of fixed assets,Financial position,87,"ANZSIC06 groups J580, J591, J592, J601, and J602"
2021,Level 3,JJ12,"Telecommunications, Internet and Library Services",Dollars (millions),H29,Other assets,Financial position,"4,878","ANZSIC06 groups J580, J591, J592, J601, and J602"
2021,Level 3,JJ12,"Telecommunications, Internet and Library Services",Dollars (millions),H30,Total equity and liabilities,Financial position,"17,840","ANZSIC06 groups J580, J591, J592, J601, and J602"
2021,Level 3,JJ12,"Telecommunications, Internet and Library Services",Dollars (millions),H31,Shareholders funds or owners equity,Financial position,"6,751","ANZSIC06 groups J580, J591, J592, J601, and J602"
2021,Level 3,JJ12,"Telecommunications, Internet and Library Services",Dollars (millions),H32,Current liabilities,Financial position,"4,302","ANZSIC06 groups J580, J591, J592, J601, and J602"
2021,Level 3,JJ12,"Telecommunications, Internet and Library Services",Dollars (millions),H33,Other liabilities,Financial position,"6,787","ANZSIC06 groups J580, J591, J592, J601, and J602"
2021,Level 3,JJ12,"Telecommunications, Internet and Library Services",Dollars,H34,Total income per employee count,Financial ratios,"574,400","ANZSIC06 groups J580, J591, J592, J601, and J602"
2021,Level 3,JJ12,"Telecommunications, Internet and Library Services",Dollars,H35,Surplus per employee count,Financial ratios,"59,700","ANZSIC06 groups J580, J591, J592, J601, and J602"
2021,Level 3,JJ12,"Telecommunications, Internet and Library Services",Percentage,H36,Current ratio,Financial ratios,89,"ANZSIC06 groups J580, J591, J592, J601, and J602"
2021,Level 3,JJ12,"Telecommunications, Internet and Library Services",Percentage,H37,Quick ratio,Financial ratios,86,"ANZSIC06 groups J580, J591, J592, J601, and J602"
2021,Level 3,JJ12,"Telecommunications, Internet and Library Services",Percentage,H39,Return on equity,Financial ratios,14,"ANZSIC06 groups J580, J591, J592, J601, and J602"
2021,Level 3,JJ12,"Telecommunications, Internet and Library Services",Percentage,H40,Return on total assets,Financial ratios,5,"ANZSIC06 groups J580, J591, J592, J601, and J602"
2021,Level 3,JJ12,"Telecommunications, Internet and Library Services",Percentage,H41,Liabilities structure,Financial ratios,38,"ANZSIC06 groups J580, J591, J592, J601, and J602"
2021,Level 1,KK,Financial and Insurance Services,Dollars (millions),H01,Total income,Financial performance,"77,676",ANZSIC06 division K
2021,Level 1,KK,Financial and Insurance Services,Dollars (millions),H04,Sales of goods and services,Financial performance,"22,405",ANZSIC06 division K
2021,Level 1,KK,Financial and Insurance Services,Dollars (millions),H05,"Interest, dividends and donations",Financial performance,"39,856",ANZSIC06 division K
2021,Level 1,KK,Financial and Insurance Services,Dollars (millions),H06,"Government funding, grants and subsidies",Financial performance,111,ANZSIC06 division K
2021,Level 1,KK,Financial and Insurance Services,Dollars (millions),H07,Non-operating income,Financial performance,"15,302",ANZSIC06 division K
2021,Level 1,KK,Financial and Insurance Services,Dollars (millions),H08,Total expenditure,Financial performance,"44,121",ANZSIC06 division K
2021,Level 1,KK,Financial and Insurance Services,Dollars (millions),H09,Interest and donations,Financial performance,"13,051",ANZSIC06 division K
2021,Level 1,KK,Financial and Insurance Services,Dollars (millions),H10,Indirect taxes,Financial performance,110,ANZSIC06 division K
2021,Level 1,KK,Financial and Insurance Services,Dollars (millions),H11,Depreciation,Financial performance,"1,301",ANZSIC06 division K
2021,Level 1,KK,Financial and Insurance Services,Dollars (millions),H12,Salaries and wages paid,Financial performance,"7,358",ANZSIC06 division K
2021,Level 1,KK,Financial and Insurance Services,Dollars (millions),H13,Redundancy and severance,Financial performance,38,ANZSIC06 division K
2021,Level 1,KK,Financial and Insurance Services,Dollars (millions),H14,Salaries and wages to self employed commission agents,Financial performance,518,ANZSIC06 division K
2021,Level 1,KK,Financial and Insurance Services,Dollars (millions),H19,Purchases and other operating expenses,Financial performance,"16,338",ANZSIC06 division K
2021,Level 1,KK,Financial and Insurance Services,Dollars (millions),H20,Non-operating expenses,Financial performance,"5,445",ANZSIC06 division K
2021,Level 1,KK,Financial and Insurance Services,Dollars (millions),H21,Opening stocks,Financial performance,144,ANZSIC06 division K
2021,Level 1,KK,Financial and Insurance Services,Dollars (millions),H22,Closing stocks,Financial performance,156,ANZSIC06 division K
2021,Level 1,KK,Financial and Insurance Services,Dollars (millions),H23,Surplus before income tax,Financial performance,"33,567",ANZSIC06 division K
2021,Level 1,KK,Financial and Insurance Services,Dollars (millions),H24,Total assets,Financial position,"1,384,037",ANZSIC06 division K
2021,Level 1,KK,Financial and Insurance Services,Dollars (millions),H25,Current assets,Financial position,"406,305",ANZSIC06 division K
2021,Level 1,KK,Financial and Insurance Services,Dollars (millions),H26,Fixed tangible assets,Financial position,"25,831",ANZSIC06 division K
2021,Level 1,KK,Financial and Insurance Services,Dollars (millions),H27,Additions to fixed assets,Financial position,"5,154",ANZSIC06 division K
2021,Level 1,KK,Financial and Insurance Services,Dollars (millions),H28,Disposals of fixed assets,Financial position,"2,670",ANZSIC06 division K
2021,Level 1,KK,Financial and Insurance Services,Dollars (millions),H29,Other assets,Financial position,"951,902",ANZSIC06 division K
2021,Level 1,KK,Financial and Insurance Services,Dollars (millions),H30,Total equity and liabilities,Financial position,"1,384,038",ANZSIC06 division K
2021,Level 1,KK,Financial and Insurance Services,Dollars (millions),H31,Shareholders funds or owners equity,Financial position,"315,822",ANZSIC06 division K
2021,Level 1,KK,Financial and Insurance Services,Dollars (millions),H32,Current liabilities,Financial position,"635,074",ANZSIC06 division K
2021,Level 1,KK,Financial and Insurance Services,Dollars (millions),H33,Other liabilities,Financial position,"433,142",ANZSIC06 division K
2021,Level 1,KK,Financial and Insurance Services,Dollars,H34,Total income per employee count,Financial ratios,"1,239,000",ANZSIC06 division K
2021,Level 1,KK,Financial and Insurance Services,Dollars,H35,Surplus per employee count,Financial ratios,"535,400",ANZSIC06 division K
2021,Level 1,KK,Financial and Insurance Services,Percentage,H36,Current ratio,Financial ratios,64,ANZSIC06 division K
2021,Level 1,KK,Financial and Insurance Services,Percentage,H37,Quick ratio,Financial ratios,64,ANZSIC06 division K
2021,Level 1,KK,Financial and Insurance Services,Percentage,H39,Return on equity,Financial ratios,11,ANZSIC06 division K
2021,Level 1,KK,Financial and Insurance Services,Percentage,H40,Return on total assets,Financial ratios,2,ANZSIC06 division K
2021,Level 1,KK,Financial and Insurance Services,Percentage,H41,Liabilities structure,Financial ratios,23,ANZSIC06 division K
2021,Level 3,KK11,Finance,Dollars (millions),H01,Total income,Financial performance,"58,216","ANZSIC06 groups K621, K622, K623, and K624"
2021,Level 3,KK11,Finance,Dollars (millions),H04,Sales of goods and services,Financial performance,"5,309","ANZSIC06 groups K621, K622, K623, and K624"
2021,Level 3,KK11,Finance,Dollars (millions),H05,"Interest, dividends and donations",Financial performance,"39,137","ANZSIC06 groups K621, K622, K623, and K624"
2021,Level 3,KK11,Finance,Dollars (millions),H06,"Government funding, grants and subsidies",Financial performance,48,"ANZSIC06 groups K621, K622, K623, and K624"
2021,Level 3,KK11,Finance,Dollars (millions),H07,Non-operating income,Financial performance,"13,722","ANZSIC06 groups K621, K622, K623, and K624"
2021,Level 3,KK11,Finance,Dollars (millions),H08,Total expenditure,Financial performance,"28,059","ANZSIC06 groups K621, K622, K623, and K624"
2021,Level 3,KK11,Finance,Dollars (millions),H09,Interest and donations,Financial performance,"12,893","ANZSIC06 groups K621, K622, K623, and K624"
2021,Level 3,KK11,Finance,Dollars (millions),H10,Indirect taxes,Financial performance,C,"ANZSIC06 groups K621, K622, K623, and K624"
2021,Level 3,KK11,Finance,Dollars (millions),H11,Depreciation,Financial performance,905,"ANZSIC06 groups K621, K622, K623, and K624"
2021,Level 3,KK11,Finance,Dollars (millions),H12,Salaries and wages paid,Financial performance,"3,853","ANZSIC06 groups K621, K622, K623, and K624"
2021,Level 3,KK11,Finance,Dollars (millions),H13,Redundancy and severance,Financial performance,18,"ANZSIC06 groups K621, K622, K623, and K624"
2021,Level 3,KK11,Finance,Dollars (millions),H14,Salaries and wages to self employed commission agents,Financial performance,C,"ANZSIC06 groups K621, K622, K623, and K624"
2021,Level 3,KK11,Finance,Dollars (millions),H19,Purchases and other operating expenses,Financial performance,"5,432","ANZSIC06 groups K621, K622, K623, and K624"
2021,Level 3,KK11,Finance,Dollars (millions),H20,Non-operating expenses,Financial performance,"4,759","ANZSIC06 groups K621, K622, K623, and K624"
2021,Level 3,KK11,Finance,Dollars (millions),H21,Opening stocks,Financial performance,99,"ANZSIC06 groups K621, K622, K623, and K624"
2021,Level 3,KK11,Finance,Dollars (millions),H22,Closing stocks,Financial performance,99,"ANZSIC06 groups K621, K622, K623, and K624"
2021,Level 3,KK11,Finance,Dollars (millions),H23,Surplus before income tax,Financial performance,"30,157","ANZSIC06 groups K621, K622, K623, and K624"
2021,Level 3,KK11,Finance,Dollars (millions),H24,Total assets,Financial position,"1,334,162","ANZSIC06 groups K621, K622, K623, and K624"
2021,Level 3,KK11,Finance,Dollars (millions),H25,Current assets,Financial position,"381,201","ANZSIC06 groups K621, K622, K623, and K624"
2021,Level 3,KK11,Finance,Dollars (millions),H26,Fixed tangible assets,Financial position,"24,763","ANZSIC06 groups K621, K622, K623, and K624"
2021,Level 3,KK11,Finance,Dollars (millions),H27,Additions to fixed assets,Financial position,"4,883","ANZSIC06 groups K621, K622, K623, and K624"
2021,Level 3,KK11,Finance,Dollars (millions),H28,Disposals of fixed assets,Financial position,"2,518","ANZSIC06 groups K621, K622, K623, and K624"
2021,Level 3,KK11,Finance,Dollars (millions),H29,Other assets,Financial position,"928,198","ANZSIC06 groups K621, K622, K623, and K624"
2021,Level 3,KK11,Finance,Dollars (millions),H30,Total equity and liabilities,Financial position,"1,334,162","ANZSIC06 groups K621, K622, K623, and K624"
2021,Level 3,KK11,Finance,Dollars (millions),H31,Shareholders funds or owners equity,Financial position,"300,741","ANZSIC06 groups K621, K622, K623, and K624"
2021,Level 3,KK11,Finance,Dollars (millions),H32,Current liabilities,Financial position,"613,741","ANZSIC06 groups K621, K622, K623, and K624"
2021,Level 3,KK11,Finance,Dollars (millions),H33,Other liabilities,Financial position,"419,680","ANZSIC06 groups K621, K622, K623, and K624"
2021,Level 3,KK11,Finance,Dollars,H34,Total income per employee count,Financial ratios,"1,623,700","ANZSIC06 groups K621, K622, K623, and K624"
2021,Level 3,KK11,Finance,Dollars,H35,Surplus per employee count,Financial ratios,"841,100","ANZSIC06 groups K621, K622, K623, and K624"
2021,Level 3,KK11,Finance,Percentage,H36,Current ratio,Financial ratios,62,"ANZSIC06 groups K621, K622, K623, and K624"
2021,Level 3,KK11,Finance,Percentage,H37,Quick ratio,Financial ratios,62,"ANZSIC06 groups K621, K622, K623, and K624"
2021,Level 3,KK11,Finance,Percentage,H39,Return on equity,Financial ratios,10,"ANZSIC06 groups K621, K622, K623, and K624"
2021,Level 3,KK11,Finance,Percentage,H40,Return on total assets,Financial ratios,2,"ANZSIC06 groups K621, K622, K623, and K624"
2021,Level 3,KK11,Finance,Percentage,H41,Liabilities structure,Financial ratios,23,"ANZSIC06 groups K621, K622, K623, and K624"
2021,Level 4,KK111,Banking and Financing,Dollars (millions),H01,Total income,Financial performance,"27,036","ANZSIC06 groups K621, K622, and K623"
2021,Level 4,KK111,Banking and Financing,Dollars (millions),H04,Sales of goods and services,Financial performance,"2,914","ANZSIC06 groups K621, K622, and K623"
2021,Level 4,KK111,Banking and Financing,Dollars (millions),H05,"Interest, dividends and donations",Financial performance,"22,420","ANZSIC06 groups K621, K622, and K623"
2021,Level 4,KK111,Banking and Financing,Dollars (millions),H06,"Government funding, grants and subsidies",Financial performance,5,"ANZSIC06 groups K621, K622, and K623"
2021,Level 4,KK111,Banking and Financing,Dollars (millions),H07,Non-operating income,Financial performance,"1,697","ANZSIC06 groups K621, K622, and K623"
2021,Level 4,KK111,Banking and Financing,Dollars (millions),H08,Total expenditure,Financial performance,"17,707","ANZSIC06 groups K621, K622, and K623"
2021,Level 4,KK111,Banking and Financing,Dollars (millions),H09,Interest and donations,Financial performance,"9,127","ANZSIC06 groups K621, K622, and K623"
2021,Level 4,KK111,Banking and Financing,Dollars (millions),H10,Indirect taxes,Financial performance,C,"ANZSIC06 groups K621, K622, and K623"
2021,Level 4,KK111,Banking and Financing,Dollars (millions),H11,Depreciation,Financial performance,762,"ANZSIC06 groups K621, K622, and K623"
2021,Level 4,KK111,Banking and Financing,Dollars (millions),H12,Salaries and wages paid,Financial performance,"3,429","ANZSIC06 groups K621, K622, and K623"
2021,Level 4,KK111,Banking and Financing,Dollars (millions),H13,Redundancy and severance,Financial performance,17,"ANZSIC06 groups K621, K622, and K623"
2021,Level 4,KK111,Banking and Financing,Dollars (millions),H14,Salaries and wages to self employed commission agents,Financial performance,C,"ANZSIC06 groups K621, K622, and K623"
2021,Level 4,KK111,Banking and Financing,Dollars (millions),H19,Purchases and other operating expenses,Financial performance,"3,034","ANZSIC06 groups K621, K622, and K623"
2021,Level 4,KK111,Banking and Financing,Dollars (millions),H20,Non-operating expenses,Financial performance,"1,190","ANZSIC06 groups K621, K622, and K623"
2021,Level 4,KK111,Banking and Financing,Dollars (millions),H21,Opening stocks,Financial performance,4,"ANZSIC06 groups K621, K622, and K623"
2021,Level 4,KK111,Banking and Financing,Dollars (millions),H22,Closing stocks,Financial performance,7,"ANZSIC06 groups K621, K622, and K623"
2021,Level 4,KK111,Banking and Financing,Dollars (millions),H23,Surplus before income tax,Financial performance,"9,331","ANZSIC06 groups K621, K622, and K623"
2021,Level 4,KK111,Banking and Financing,Dollars (millions),H24,Total assets,Financial position,"923,774","ANZSIC06 groups K621, K622, and K623"
2021,Level 4,KK111,Banking and Financing,Dollars (millions),H25,Current assets,Financial position,"290,500","ANZSIC06 groups K621, K622, and K623"
2021,Level 4,KK111,Banking and Financing,Dollars (millions),H26,Fixed tangible assets,Financial position,"1,162","ANZSIC06 groups K621, K622, and K623"
2021,Level 4,KK111,Banking and Financing,Dollars (millions),H27,Additions to fixed assets,Financial position,375,"ANZSIC06 groups K621, K622, and K623"
2021,Level 4,KK111,Banking and Financing,Dollars (millions),H28,Disposals of fixed assets,Financial position,235,"ANZSIC06 groups K621, K622, and K623"
2021,Level 4,KK111,Banking and Financing,Dollars (millions),H29,Other assets,Financial position,"632,112","ANZSIC06 groups K621, K622, and K623"
2021,Level 4,KK111,Banking and Financing,Dollars (millions),H30,Total equity and liabilities,Financial position,"923,774","ANZSIC06 groups K621, K622, and K623"
2021,Level 4,KK111,Banking and Financing,Dollars (millions),H31,Shareholders funds or owners equity,Financial position,"63,486","ANZSIC06 groups K621, K622, and K623"
2021,Level 4,KK111,Banking and Financing,Dollars (millions),H32,Current liabilities,Financial position,"549,962","ANZSIC06 groups K621, K622, and K623"
2021,Level 4,KK111,Banking and Financing,Dollars (millions),H33,Other liabilities,Financial position,"310,327","ANZSIC06 groups K621, K622, and K623"
2021,Level 4,KK111,Banking and Financing,Dollars,H34,Total income per employee count,Financial ratios,"851,500","ANZSIC06 groups K621, K622, and K623"
2021,Level 4,KK111,Banking and Financing,Dollars,H35,Surplus per employee count,Financial ratios,"293,900","ANZSIC06 groups K621, K622, and K623"
2021,Level 4,KK111,Banking and Financing,Percentage,H36,Current ratio,Financial ratios,53,"ANZSIC06 groups K621, K622, and K623"
2021,Level 4,KK111,Banking and Financing,Percentage,H37,Quick ratio,Financial ratios,53,"ANZSIC06 groups K621, K622, and K623"
2021,Level 4,KK111,Banking and Financing,Percentage,H39,Return on equity,Financial ratios,15,"ANZSIC06 groups K621, K622, and K623"
2021,Level 4,KK111,Banking and Financing,Percentage,H40,Return on total assets,Financial ratios,1,"ANZSIC06 groups K621, K622, and K623"
2021,Level 4,KK111,Banking and Financing,Percentage,H41,Liabilities structure,Financial ratios,7,"ANZSIC06 groups K621, K622, and K623"
2021,Level 4,KK112,Financial Asset Investing,Dollars (millions),H01,Total income,Financial performance,"31,180",ANZSIC06 group K624
2021,Level 4,KK112,Financial Asset Investing,Dollars (millions),H04,Sales of goods and services,Financial performance,"2,395",ANZSIC06 group K624
2021,Level 4,KK112,Financial Asset Investing,Dollars (millions),H05,"Interest, dividends and donations",Financial performance,"16,718",ANZSIC06 group K624
2021,Level 4,KK112,Financial Asset Investing,Dollars (millions),H06,"Government funding, grants and subsidies",Financial performance,43,ANZSIC06 group K624
2021,Level 4,KK112,Financial Asset Investing,Dollars (millions),H07,Non-operating income,Financial performance,"12,025",ANZSIC06 group K624
2021,Level 4,KK112,Financial Asset Investing,Dollars (millions),H08,Total expenditure,Financial performance,"10,352",ANZSIC06 group K624
2021,Level 4,KK112,Financial Asset Investing,Dollars (millions),H09,Interest and donations,Financial performance,"3,767",ANZSIC06 group K624
2021,Level 4,KK112,Financial Asset Investing,Dollars (millions),H10,Indirect taxes,Financial performance,49,ANZSIC06 group K624
2021,Level 4,KK112,Financial Asset Investing,Dollars (millions),H11,Depreciation,Financial performance,143,ANZSIC06 group K624
2021,Level 4,KK112,Financial Asset Investing,Dollars (millions),H12,Salaries and wages paid,Financial performance,424,ANZSIC06 group K624
2021,Level 4,KK112,Financial Asset Investing,Dollars (millions),H13,Redundancy and severance,Financial performance,1,ANZSIC06 group K624
2021,Level 4,KK112,Financial Asset Investing,Dollars (millions),H14,Salaries and wages to self employed commission agents,Financial performance,2,ANZSIC06 group K624
