Year,Industry_aggregation_NZSIOC,Industry_code_NZSIOC,Industry_name_NZSIOC,Units,Variable_code,Variable_name,Variable_category,Value,Industry_code_ANZSIC06
2016,Level 3,MN21,Administrative and Support Services,Dollars (millions),H12,Salaries and wages paid,Financial performance,"3,608",ANZSIC06 division N
2016,Level 3,MN21,Administrative and Support Services,Dollars (millions),H13,Redundancy and severance,Financial performance,8,ANZSIC06 division N
2016,Level 3,MN21,Administrative and Support Services,Dollars (millions),H19,Purchases and other operating expenses,Financial performance,"5,040",ANZSIC06 division N
2016,Level 3,MN21,Administrative and Support Services,Dollars (millions),H20,Non-operating expenses,Financial performance,247,ANZSIC06 division N
2016,Level 3,MN21,Administrative and Support Services,Dollars (millions),H21,Opening stocks,Financial performance,126,ANZSIC06 division N
2016,Level 3,MN21,Administrative and Support Services,Dollars (millions),H22,Closing stocks,Financial performance,139,ANZSIC06 division N
2016,Level 3,MN21,Administrative and Support Services,Dollars (millions),H23,Surplus before income tax,Financial performance,765,ANZSIC06 division N
2016,Level 3,MN21,Administrative and Support Services,Dollars (millions),H24,Total assets,Financial position,"8,313",ANZSIC06 division N
2016,Level 3,MN21,Administrative and Support Services,Dollars (millions),H25,Current assets,Financial position,"3,407",ANZSIC06 division N
2016,Level 3,MN21,Administrative and Support Services,Dollars (millions),H26,Fixed tangible assets,Financial position,"2,324",ANZSIC06 division N
2016,Level 3,MN21,Administrative and Support Services,Dollars (millions),H27,Additions to fixed assets,Financial position,654,ANZSIC06 division N
2016,Level 3,MN21,Administrative and Support Services,Dollars (millions),H28,Disposals of fixed assets,Financial position,215,ANZSIC06 division N
2016,Level 3,MN21,Administrative and Support Services,Dollars (millions),H29,Other assets,Financial position,"2,581",ANZSIC06 division N
2016,Level 3,MN21,Administrative and Support Services,Dollars (millions),H30,Total equity and liabilities,Financial position,"8,313",ANZSIC06 division N
2016,Level 3,MN21,Administrative and Support Services,Dollars (millions),H31,Shareholders funds or owners equity,Financial position,"3,556",ANZSIC06 division N
2016,Level 3,MN21,Administrative and Support Services,Dollars (millions),H32,Current liabilities,Financial position,"3,119",ANZSIC06 division N
2016,Level 3,MN21,Administrative and Support Services,Dollars (millions),H33,Other liabilities,Financial position,"1,638",ANZSIC06 division N
2016,Level 3,MN21,Administrative and Support Services,Dollars,H34,Total income per employee count,Financial ratios,"96,000",ANZSIC06 division N
2016,Level 3,MN21,Administrative and Support Services,Dollars,H35,Surplus per employee count,Financial ratios,"7,300",ANZSIC06 division N
2016,Level 3,MN21,Administrative and Support Services,Percentage,H36,Current ratio,Financial ratios,109,ANZSIC06 division N
2016,Level 3,MN21,Administrative and Support Services,Percentage,H37,Quick ratio,Financial ratios,105,ANZSIC06 division N
2016,Level 3,MN21,Administrative and Support Services,Percentage,H39,Return on equity,Financial ratios,22,ANZSIC06 division N
2016,Level 3,MN21,Administrative and Support Services,Percentage,H40,Return on total assets,Financial ratios,9,ANZSIC06 division N
2016,Level 3,MN21,Administrative and Support Services,Percentage,H41,Liabilities structure,Financial ratios,43,ANZSIC06 division N
2016,Level 4,MN211,Travel Agency and Tour Arrangement Services,Dollars (millions),H01,Total income,Financial performance,856,ANZSIC06 group N722
2016,Level 4,MN211,Travel Agency and Tour Arrangement Services,Dollars (millions),H04,Sales of goods and services,Financial performance,827,ANZSIC06 group N722
2016,Level 4,MN211,Travel Agency and Tour Arrangement Services,Dollars (millions),H05,"Interest, dividends and donations",Financial performance,15,ANZSIC06 group N722
2016,Level 4,MN211,Travel Agency and Tour Arrangement Services,Dollars (millions),H06,"Government funding, grants and subsidies",Financial performance,1,ANZSIC06 group N722
2016,Level 4,MN211,Travel Agency and Tour Arrangement Services,Dollars (millions),H07,Non-operating income,Financial performance,12,ANZSIC06 group N722
2016,Level 4,MN211,Travel Agency and Tour Arrangement Services,Dollars (millions),H08,Total expenditure,Financial performance,753,ANZSIC06 group N722
2016,Level 4,MN211,Travel Agency and Tour Arrangement Services,Dollars (millions),H09,Interest and donations,Financial performance,5,ANZSIC06 group N722
2016,Level 4,MN211,Travel Agency and Tour Arrangement Services,Dollars (millions),H10,Indirect taxes,Financial performance,3,ANZSIC06 group N722
2016,Level 4,MN211,Travel Agency and Tour Arrangement Services,Dollars (millions),H11,Depreciation,Financial performance,24,ANZSIC06 group N722
2016,Level 4,MN211,Travel Agency and Tour Arrangement Services,Dollars (millions),H12,Salaries and wages paid,Financial performance,339,ANZSIC06 group N722
2016,Level 4,MN211,Travel Agency and Tour Arrangement Services,Dollars (millions),H13,Redundancy and severance,Financial performance,0,ANZSIC06 group N722
2016,Level 4,MN211,Travel Agency and Tour Arrangement Services,Dollars (millions),H19,Purchases and other operating expenses,Financial performance,378,ANZSIC06 group N722
2016,Level 4,MN211,Travel Agency and Tour Arrangement Services,Dollars (millions),H20,Non-operating expenses,Financial performance,4,ANZSIC06 group N722
2016,Level 4,MN211,Travel Agency and Tour Arrangement Services,Dollars (millions),H21,Opening stocks,Financial performance,3,ANZSIC06 group N722
2016,Level 4,MN211,Travel Agency and Tour Arrangement Services,Dollars (millions),H22,Closing stocks,Financial performance,3,ANZSIC06 group N722
2016,Level 4,MN211,Travel Agency and Tour Arrangement Services,Dollars (millions),H23,Surplus before income tax,Financial performance,103,ANZSIC06 group N722
2016,Level 4,MN211,Travel Agency and Tour Arrangement Services,Dollars (millions),H24,Total assets,Financial position,818,ANZSIC06 group N722
2016,Level 4,MN211,Travel Agency and Tour Arrangement Services,Dollars (millions),H25,Current assets,Financial position,633,ANZSIC06 group N722
2016,Level 4,MN211,Travel Agency and Tour Arrangement Services,Dollars (millions),H26,Fixed tangible assets,Financial position,78,ANZSIC06 group N722
2016,Level 4,MN211,Travel Agency and Tour Arrangement Services,Dollars (millions),H27,Additions to fixed assets,Financial position,21,ANZSIC06 group N722
2016,Level 4,MN211,Travel Agency and Tour Arrangement Services,Dollars (millions),H28,Disposals of fixed assets,Financial position,20,ANZSIC06 group N722
2016,Level 4,MN211,Travel Agency and Tour Arrangement Services,Dollars (millions),H29,Other assets,Financial position,107,ANZSIC06 group N722
2016,Level 4,MN211,Travel Agency and Tour Arrangement Services,Dollars (millions),H30,Total equity and liabilities,Financial position,818,ANZSIC06 group N722
2016,Level 4,MN211,Travel Agency and Tour Arrangement Services,Dollars (millions),H31,Shareholders funds or owners equity,Financial position,225,ANZSIC06 group N722
2016,Level 4,MN211,Travel Agency and Tour Arrangement Services,Dollars (millions),H32,Current liabilities,Financial position,530,ANZSIC06 group N722
2016,Level 4,MN211,Travel Agency and Tour Arrangement Services,Dollars (millions),H33,Other liabilities,Financial position,63,ANZSIC06 group N722
2016,Level 4,MN211,Travel Agency and Tour Arrangement Services,Dollars,H34,Total income per employee count,Financial ratios,"135,800",ANZSIC06 group N722
2016,Level 4,MN211,Travel Agency and Tour Arrangement Services,Dollars,H35,Surplus per employee count,Financial ratios,"16,300",ANZSIC06 group N722
2016,Level 4,MN211,Travel Agency and Tour Arrangement Services,Percentage,H36,Current ratio,Financial ratios,119,ANZSIC06 group N722
2016,Level 4,MN211,Travel Agency and Tour Arrangement Services,Percentage,H37,Quick ratio,Financial ratios,119,ANZSIC06 group N722
2016,Level 4,MN211,Travel Agency and Tour Arrangement Services,Percentage,H39,Return on equity,Financial ratios,46,ANZSIC06 group N722
2016,Level 4,MN211,Travel Agency and Tour Arrangement Services,Percentage,H40,Return on total assets,Financial ratios,13,ANZSIC06 group N722
2016,Level 4,MN211,Travel Agency and Tour Arrangement Services,Percentage,H41,Liabilities structure,Financial ratios,27,ANZSIC06 group N722
2016,Level 4,MN212,Employment and Other Administrative Services,Dollars (millions),H01,Total income,Financial performance,"5,920",ANZSIC06 groups N721 and N729
2016,Level 4,MN212,Employment and Other Administrative Services,Dollars (millions),H04,Sales of goods and services,Financial performance,"5,621",ANZSIC06 groups N721 and N729
2016,Level 4,MN212,Employment and Other Administrative Services,Dollars (millions),H05,"Interest, dividends and donations",Financial performance,187,ANZSIC06 groups N721 and N729
2016,Level 4,MN212,Employment and Other Administrative Services,Dollars (millions),H06,"Government funding, grants and subsidies",Financial performance,48,ANZSIC06 groups N721 and N729
2016,Level 4,MN212,Employment and Other Administrative Services,Dollars (millions),H07,Non-operating income,Financial performance,65,ANZSIC06 groups N721 and N729
2016,Level 4,MN212,Employment and Other Administrative Services,Dollars (millions),H08,Total expenditure,Financial performance,"5,533",ANZSIC06 groups N721 and N729
2016,Level 4,MN212,Employment and Other Administrative Services,Dollars (millions),H09,Interest and donations,Financial performance,75,ANZSIC06 groups N721 and N729
2016,Level 4,MN212,Employment and Other Administrative Services,Dollars (millions),H10,Indirect taxes,Financial performance,16,ANZSIC06 groups N721 and N729
2016,Level 4,MN212,Employment and Other Administrative Services,Dollars (millions),H11,Depreciation,Financial performance,118,ANZSIC06 groups N721 and N729
2016,Level 4,MN212,Employment and Other Administrative Services,Dollars (millions),H12,Salaries and wages paid,Financial performance,"2,131",ANZSIC06 groups N721 and N729
2016,Level 4,MN212,Employment and Other Administrative Services,Dollars (millions),H13,Redundancy and severance,Financial performance,7,ANZSIC06 groups N721 and N729
2016,Level 4,MN212,Employment and Other Administrative Services,Dollars (millions),H19,Purchases and other operating expenses,Financial performance,"2,979",ANZSIC06 groups N721 and N729
2016,Level 4,MN212,Employment and Other Administrative Services,Dollars (millions),H20,Non-operating expenses,Financial performance,213,ANZSIC06 groups N721 and N729
2016,Level 4,MN212,Employment and Other Administrative Services,Dollars (millions),H21,Opening stocks,Financial performance,53,ANZSIC06 groups N721 and N729
2016,Level 4,MN212,Employment and Other Administrative Services,Dollars (millions),H22,Closing stocks,Financial performance,48,ANZSIC06 groups N721 and N729
2016,Level 4,MN212,Employment and Other Administrative Services,Dollars (millions),H23,Surplus before income tax,Financial performance,383,ANZSIC06 groups N721 and N729
2016,Level 4,MN212,Employment and Other Administrative Services,Dollars (millions),H24,Total assets,Financial position,"5,332",ANZSIC06 groups N721 and N729
2016,Level 4,MN212,Employment and Other Administrative Services,Dollars (millions),H25,Current assets,Financial position,"2,015",ANZSIC06 groups N721 and N729
2016,Level 4,MN212,Employment and Other Administrative Services,Dollars (millions),H26,Fixed tangible assets,Financial position,"1,292",ANZSIC06 groups N721 and N729
2016,Level 4,MN212,Employment and Other Administrative Services,Dollars (millions),H27,Additions to fixed assets,Financial position,330,ANZSIC06 groups N721 and N729
2016,Level 4,MN212,Employment and Other Administrative Services,Dollars (millions),H28,Disposals of fixed assets,Financial position,121,ANZSIC06 groups N721 and N729
2016,Level 4,MN212,Employment and Other Administrative Services,Dollars (millions),H29,Other assets,Financial position,"2,026",ANZSIC06 groups N721 and N729
2016,Level 4,MN212,Employment and Other Administrative Services,Dollars (millions),H30,Total equity and liabilities,Financial position,"5,332",ANZSIC06 groups N721 and N729
2016,Level 4,MN212,Employment and Other Administrative Services,Dollars (millions),H31,Shareholders funds or owners equity,Financial position,"2,583",ANZSIC06 groups N721 and N729
2016,Level 4,MN212,Employment and Other Administrative Services,Dollars (millions),H32,Current liabilities,Financial position,"1,783",ANZSIC06 groups N721 and N729
2016,Level 4,MN212,Employment and Other Administrative Services,Dollars (millions),H33,Other liabilities,Financial position,966,ANZSIC06 groups N721 and N729
2016,Level 4,MN212,Employment and Other Administrative Services,Dollars,H34,Total income per employee count,Financial ratios,"94,900",ANZSIC06 groups N721 and N729
2016,Level 4,MN212,Employment and Other Administrative Services,Dollars,H35,Surplus per employee count,Financial ratios,"6,100",ANZSIC06 groups N721 and N729
2016,Level 4,MN212,Employment and Other Administrative Services,Percentage,H36,Current ratio,Financial ratios,113,ANZSIC06 groups N721 and N729
2016,Level 4,MN212,Employment and Other Administrative Services,Percentage,H37,Quick ratio,Financial ratios,110,ANZSIC06 groups N721 and N729
2016,Level 4,MN212,Employment and Other Administrative Services,Percentage,H39,Return on equity,Financial ratios,15,ANZSIC06 groups N721 and N729
2016,Level 4,MN212,Employment and Other Administrative Services,Percentage,H40,Return on total assets,Financial ratios,7,ANZSIC06 groups N721 and N729
2016,Level 4,MN212,Employment and Other Administrative Services,Percentage,H41,Liabilities structure,Financial ratios,48,ANZSIC06 groups N721 and N729
2016,Level 4,MN213,"Building Cleaning, Pest Control and Other Support Services",Dollars (millions),H01,Total income,Financial performance,"3,260",ANZSIC06 groups N731 and N732
2016,Level 4,MN213,"Building Cleaning, Pest Control and Other Support Services",Dollars (millions),H04,Sales of goods and services,Financial performance,"3,231",ANZSIC06 groups N731 and N732
2016,Level 4,MN213,"Building Cleaning, Pest Control and Other Support Services",Dollars (millions),H05,"Interest, dividends and donations",Financial performance,15,ANZSIC06 groups N731 and N732
2016,Level 4,MN213,"Building Cleaning, Pest Control and Other Support Services",Dollars (millions),H06,"Government funding, grants and subsidies",Financial performance,1,ANZSIC06 groups N731 and N732
2016,Level 4,MN213,"Building Cleaning, Pest Control and Other Support Services",Dollars (millions),H07,Non-operating income,Financial performance,14,ANZSIC06 groups N731 and N732
2016,Level 4,MN213,"Building Cleaning, Pest Control and Other Support Services",Dollars (millions),H08,Total expenditure,Financial performance,"2,998",ANZSIC06 groups N731 and N732
2016,Level 4,MN213,"Building Cleaning, Pest Control and Other Support Services",Dollars (millions),H09,Interest and donations,Financial performance,36,ANZSIC06 groups N731 and N732
2016,Level 4,MN213,"Building Cleaning, Pest Control and Other Support Services",Dollars (millions),H10,Indirect taxes,Financial performance,10,ANZSIC06 groups N731 and N732
2016,Level 4,MN213,"Building Cleaning, Pest Control and Other Support Services",Dollars (millions),H11,Depreciation,Financial performance,101,ANZSIC06 groups N731 and N732
2016,Level 4,MN213,"Building Cleaning, Pest Control and Other Support Services",Dollars (millions),H12,Salaries and wages paid,Financial performance,"1,138",ANZSIC06 groups N731 and N732
2016,Level 4,MN213,"Building Cleaning, Pest Control and Other Support Services",Dollars (millions),H13,Redundancy and severance,Financial performance,1,ANZSIC06 groups N731 and N732
2016,Level 4,MN213,"Building Cleaning, Pest Control and Other Support Services",Dollars (millions),H19,Purchases and other operating expenses,Financial performance,"1,683",ANZSIC06 groups N731 and N732
2016,Level 4,MN213,"Building Cleaning, Pest Control and Other Support Services",Dollars (millions),H20,Non-operating expenses,Financial performance,31,ANZSIC06 groups N731 and N732
2016,Level 4,MN213,"Building Cleaning, Pest Control and Other Support Services",Dollars (millions),H21,Opening stocks,Financial performance,70,ANZSIC06 groups N731 and N732
2016,Level 4,MN213,"Building Cleaning, Pest Control and Other Support Services",Dollars (millions),H22,Closing stocks,Financial performance,88,ANZSIC06 groups N731 and N732
2016,Level 4,MN213,"Building Cleaning, Pest Control and Other Support Services",Dollars (millions),H23,Surplus before income tax,Financial performance,280,ANZSIC06 groups N731 and N732
2016,Level 4,MN213,"Building Cleaning, Pest Control and Other Support Services",Dollars (millions),H24,Total assets,Financial position,"2,162",ANZSIC06 groups N731 and N732
2016,Level 4,MN213,"Building Cleaning, Pest Control and Other Support Services",Dollars (millions),H25,Current assets,Financial position,759,ANZSIC06 groups N731 and N732
2016,Level 4,MN213,"Building Cleaning, Pest Control and Other Support Services",Dollars (millions),H26,Fixed tangible assets,Financial position,954,ANZSIC06 groups N731 and N732
2016,Level 4,MN213,"Building Cleaning, Pest Control and Other Support Services",Dollars (millions),H27,Additions to fixed assets,Financial position,303,ANZSIC06 groups N731 and N732
2016,Level 4,MN213,"Building Cleaning, Pest Control and Other Support Services",Dollars (millions),H28,Disposals of fixed assets,Financial position,75,ANZSIC06 groups N731 and N732
2016,Level 4,MN213,"Building Cleaning, Pest Control and Other Support Services",Dollars (millions),H29,Other assets,Financial position,449,ANZSIC06 groups N731 and N732
2016,Level 4,MN213,"Building Cleaning, Pest Control and Other Support Services",Dollars (millions),H30,Total equity and liabilities,Financial position,"2,162",ANZSIC06 groups N731 and N732
2016,Level 4,MN213,"Building Cleaning, Pest Control and Other Support Services",Dollars (millions),H31,Shareholders funds or owners equity,Financial position,748,ANZSIC06 groups N731 and N732
2016,Level 4,MN213,"Building Cleaning, Pest Control and Other Support Services",Dollars (millions),H32,Current liabilities,Financial position,805,ANZSIC06 groups N731 and N732
2016,Level 4,MN213,"Building Cleaning, Pest Control and Other Support Services",Dollars (millions),H33,Other liabilities,Financial position,609,ANZSIC06 groups N731 and N732
2016,Level 4,MN213,"Building Cleaning, Pest Control and Other Support Services",Dollars,H34,Total income per employee count,Financial ratios,"90,900",ANZSIC06 groups N731 and N732
2016,Level 4,MN213,"Building Cleaning, Pest Control and Other Support Services",Dollars,H35,Surplus per employee count,Financial ratios,"7,800",ANZSIC06 groups N731 and N732
2016,Level 4,MN213,"Building Cleaning, Pest Control and Other Support Services",Percentage,H36,Current ratio,Financial ratios,94,ANZSIC06 groups N731 and N732
2016,Level 4,MN213,"Building Cleaning, Pest Control and Other Support Services",Percentage,H37,Quick ratio,Financial ratios,83,ANZSIC06 groups N731 and N732
2016,Level 4,MN213,"Building Cleaning, Pest Control and Other Support Services",Percentage,H39,Return on equity,Financial ratios,37,ANZSIC06 groups N731 and N732
2016,Level 4,MN213,"Building Cleaning, Pest Control and Other Support Services",Percentage,H40,Return on total assets,Financial ratios,13,ANZSIC06 groups N731 and N732
2016,Level 4,MN213,"Building Cleaning, Pest Control and Other Support Services",Percentage,H41,Liabilities structure,Financial ratios,35,ANZSIC06 groups N731 and N732
2016,Level 1,OO,"Public Order, Safety and Regulatory Services",Dollars (millions),H01,Total income,Financial performance,"1,270","ANZSIC06 division O (excluding classes O751, O752, O753, O754, O755, O760, and O7711)"
2016,Level 1,OO,"Public Order, Safety and Regulatory Services",Dollars (millions),H04,Sales of goods and services,Financial performance,"1,248","ANZSIC06 division O (excluding classes O751, O752, O753, O754, O755, O760, and O7711)"
2016,Level 1,OO,"Public Order, Safety and Regulatory Services",Dollars (millions),H05,"Interest, dividends and donations",Financial performance,C,"ANZSIC06 division O (excluding classes O751, O752, O753, O754, O755, O760, and O7711)"
2016,Level 1,OO,"Public Order, Safety and Regulatory Services",Dollars (millions),H06,"Government funding, grants and subsidies",Financial performance,0,"ANZSIC06 division O (excluding classes O751, O752, O753, O754, O755, O760, and O7711)"
2016,Level 1,OO,"Public Order, Safety and Regulatory Services",Dollars (millions),H07,Non-operating income,Financial performance,C,"ANZSIC06 division O (excluding classes O751, O752, O753, O754, O755, O760, and O7711)"
2016,Level 1,OO,"Public Order, Safety and Regulatory Services",Dollars (millions),H08,Total expenditure,Financial performance,"1,191","ANZSIC06 division O (excluding classes O751, O752, O753, O754, O755, O760, and O7711)"
2016,Level 1,OO,"Public Order, Safety and Regulatory Services",Dollars (millions),H09,Interest and donations,Financial performance,37,"ANZSIC06 division O (excluding classes O751, O752, O753, O754, O755, O760, and O7711)"
2016,Level 1,OO,"Public Order, Safety and Regulatory Services",Dollars (millions),H10,Indirect taxes,Financial performance,5,"ANZSIC06 division O (excluding classes O751, O752, O753, O754, O755, O760, and O7711)"
2016,Level 1,OO,"Public Order, Safety and Regulatory Services",Dollars (millions),H11,Depreciation,Financial performance,39,"ANZSIC06 division O (excluding classes O751, O752, O753, O754, O755, O760, and O7711)"
2016,Level 1,OO,"Public Order, Safety and Regulatory Services",Dollars (millions),H12,Salaries and wages paid,Financial performance,597,"ANZSIC06 division O (excluding classes O751, O752, O753, O754, O755, O760, and O7711)"
2016,Level 1,OO,"Public Order, Safety and Regulatory Services",Dollars (millions),H13,Redundancy and severance,Financial performance,C,"ANZSIC06 division O (excluding classes O751, O752, O753, O754, O755, O760, and O7711)"
2016,Level 1,OO,"Public Order, Safety and Regulatory Services",Dollars (millions),H19,Purchases and other operating expenses,Financial performance,512,"ANZSIC06 division O (excluding classes O751, O752, O753, O754, O755, O760, and O7711)"
2016,Level 1,OO,"Public Order, Safety and Regulatory Services",Dollars (millions),H20,Non-operating expenses,Financial performance,2,"ANZSIC06 division O (excluding classes O751, O752, O753, O754, O755, O760, and O7711)"
2016,Level 1,OO,"Public Order, Safety and Regulatory Services",Dollars (millions),H21,Opening stocks,Financial performance,16,"ANZSIC06 division O (excluding classes O751, O752, O753, O754, O755, O760, and O7711)"
2016,Level 1,OO,"Public Order, Safety and Regulatory Services",Dollars (millions),H22,Closing stocks,Financial performance,17,"ANZSIC06 division O (excluding classes O751, O752, O753, O754, O755, O760, and O7711)"
2016,Level 1,OO,"Public Order, Safety and Regulatory Services",Dollars (millions),H23,Surplus before income tax,Financial performance,79,"ANZSIC06 division O (excluding classes O751, O752, O753, O754, O755, O760, and O7711)"
2016,Level 1,OO,"Public Order, Safety and Regulatory Services",Dollars (millions),H24,Total assets,Financial position,"1,305","ANZSIC06 division O (excluding classes O751, O752, O753, O754, O755, O760, and O7711)"
2016,Level 1,OO,"Public Order, Safety and Regulatory Services",Dollars (millions),H25,Current assets,Financial position,346,"ANZSIC06 division O (excluding classes O751, O752, O753, O754, O755, O760, and O7711)"
2016,Level 1,OO,"Public Order, Safety and Regulatory Services",Dollars (millions),H26,Fixed tangible assets,Financial position,158,"ANZSIC06 division O (excluding classes O751, O752, O753, O754, O755, O760, and O7711)"
2016,Level 1,OO,"Public Order, Safety and Regulatory Services",Dollars (millions),H27,Additions to fixed assets,Financial position,36,"ANZSIC06 division O (excluding classes O751, O752, O753, O754, O755, O760, and O7711)"
2016,Level 1,OO,"Public Order, Safety and Regulatory Services",Dollars (millions),H28,Disposals of fixed assets,Financial position,9,"ANZSIC06 division O (excluding classes O751, O752, O753, O754, O755, O760, and O7711)"
2016,Level 1,OO,"Public Order, Safety and Regulatory Services",Dollars (millions),H29,Other assets,Financial position,801,"ANZSIC06 division O (excluding classes O751, O752, O753, O754, O755, O760, and O7711)"
2016,Level 1,OO,"Public Order, Safety and Regulatory Services",Dollars (millions),H30,Total equity and liabilities,Financial position,"1,305","ANZSIC06 division O (excluding classes O751, O752, O753, O754, O755, O760, and O7711)"
2016,Level 1,OO,"Public Order, Safety and Regulatory Services",Dollars (millions),H31,Shareholders funds or owners equity,Financial position,430,"ANZSIC06 division O (excluding classes O751, O752, O753, O754, O755, O760, and O7711)"
2016,Level 1,OO,"Public Order, Safety and Regulatory Services",Dollars (millions),H32,Current liabilities,Financial position,278,"ANZSIC06 division O (excluding classes O751, O752, O753, O754, O755, O760, and O7711)"
2016,Level 1,OO,"Public Order, Safety and Regulatory Services",Dollars (millions),H33,Other liabilities,Financial position,597,"ANZSIC06 division O (excluding classes O751, O752, O753, O754, O755, O760, and O7711)"
2016,Level 1,OO,"Public Order, Safety and Regulatory Services",Percentage,H36,Current ratio,Financial ratios,124,"ANZSIC06 division O (excluding classes O751, O752, O753, O754, O755, O760, and O7711)"
2016,Level 1,OO,"Public Order, Safety and Regulatory Services",Percentage,H37,Quick ratio,Financial ratios,118,"ANZSIC06 division O (excluding classes O751, O752, O753, O754, O755, O760, and O7711)"
2016,Level 1,OO,"Public Order, Safety and Regulatory Services",Percentage,H39,Return on equity,Financial ratios,18,"ANZSIC06 division O (excluding classes O751, O752, O753, O754, O755, O760, and O7711)"
2016,Level 1,OO,"Public Order, Safety and Regulatory Services",Percentage,H40,Return on total assets,Financial ratios,6,"ANZSIC06 division O (excluding classes O751, O752, O753, O754, O755, O760, and O7711)"
2016,Level 1,OO,"Public Order, Safety and Regulatory Services",Percentage,H41,Liabilities structure,Financial ratios,33,"ANZSIC06 division O (excluding classes O751, O752, O753, O754, O755, O760, and O7711)"
2016,Level 3,OO21,"Public Order, Safety and Regulatory Services",Dollars (millions),H01,Total income,Financial performance,"1,270",ANZSIC06 groups O771 and O772 (excluding class O7711)
2016,Level 3,OO21,"Public Order, Safety and Regulatory Services",Dollars (millions),H04,Sales of goods and services,Financial performance,"1,248",ANZSIC06 groups O771 and O772 (excluding class O7711)
2016,Level 3,OO21,"Public Order, Safety and Regulatory Services",Dollars (millions),H05,"Interest, dividends and donations",Financial performance,C,ANZSIC06 groups O771 and O772 (excluding class O7711)
2016,Level 3,OO21,"Public Order, Safety and Regulatory Services",Dollars (millions),H06,"Government funding, grants and subsidies",Financial performance,0,ANZSIC06 groups O771 and O772 (excluding class O7711)
2016,Level 3,OO21,"Public Order, Safety and Regulatory Services",Dollars (millions),H07,Non-operating income,Financial performance,C,ANZSIC06 groups O771 and O772 (excluding class O7711)
2016,Level 3,OO21,"Public Order, Safety and Regulatory Services",Dollars (millions),H08,Total expenditure,Financial performance,"1,191",ANZSIC06 groups O771 and O772 (excluding class O7711)
2016,Level 3,OO21,"Public Order, Safety and Regulatory Services",Dollars (millions),H09,Interest and donations,Financial performance,37,ANZSIC06 groups O771 and O772 (excluding class O7711)
2016,Level 3,OO21,"Public Order, Safety and Regulatory Services",Dollars (millions),H10,Indirect taxes,Financial performance,5,ANZSIC06 groups O771 and O772 (excluding class O7711)
2016,Level 3,OO21,"Public Order, Safety and Regulatory Services",Dollars (millions),H11,Depreciation,Financial performance,39,ANZSIC06 groups O771 and O772 (excluding class O7711)
2016,Level 3,OO21,"Public Order, Safety and Regulatory Services",Dollars (millions),H12,Salaries and wages paid,Financial performance,597,ANZSIC06 groups O771 and O772 (excluding class O7711)
2016,Level 3,OO21,"Public Order, Safety and Regulatory Services",Dollars (millions),H13,Redundancy and severance,Financial performance,C,ANZSIC06 groups O771 and O772 (excluding class O7711)
2016,Level 3,OO21,"Public Order, Safety and Regulatory Services",Dollars (millions),H19,Purchases and other operating expenses,Financial performance,512,ANZSIC06 groups O771 and O772 (excluding class O7711)
2016,Level 3,OO21,"Public Order, Safety and Regulatory Services",Dollars (millions),H20,Non-operating expenses,Financial performance,2,ANZSIC06 groups O771 and O772 (excluding class O7711)
2016,Level 3,OO21,"Public Order, Safety and Regulatory Services",Dollars (millions),H21,Opening stocks,Financial performance,16,ANZSIC06 groups O771 and O772 (excluding class O7711)
2016,Level 3,OO21,"Public Order, Safety and Regulatory Services",Dollars (millions),H22,Closing stocks,Financial performance,17,ANZSIC06 groups O771 and O772 (excluding class O7711)
2016,Level 3,OO21,"Public Order, Safety and Regulatory Services",Dollars (millions),H23,Surplus before income tax,Financial performance,79,ANZSIC06 groups O771 and O772 (excluding class O7711)
2016,Level 3,OO21,"Public Order, Safety and Regulatory Services",Dollars (millions),H24,Total assets,Financial position,"1,305",ANZSIC06 groups O771 and O772 (excluding class O7711)
2016,Level 3,OO21,"Public Order, Safety and Regulatory Services",Dollars (millions),H25,Current assets,Financial position,346,ANZSIC06 groups O771 and O772 (excluding class O7711)
2016,Level 3,OO21,"Public Order, Safety and Regulatory Services",Dollars (millions),H26,Fixed tangible assets,Financial position,158,ANZSIC06 groups O771 and O772 (excluding class O7711)
2016,Level 3,OO21,"Public Order, Safety and Regulatory Services",Dollars (millions),H27,Additions to fixed assets,Financial position,36,ANZSIC06 groups O771 and O772 (excluding class O7711)
2016,Level 3,OO21,"Public Order, Safety and Regulatory Services",Dollars (millions),H28,Disposals of fixed assets,Financial position,9,ANZSIC06 groups O771 and O772 (excluding class O7711)
2016,Level 3,OO21,"Public Order, Safety and Regulatory Services",Dollars (millions),H29,Other assets,Financial position,801,ANZSIC06 groups O771 and O772 (excluding class O7711)
2016,Level 3,OO21,"Public Order, Safety and Regulatory Services",Dollars (millions),H30,Total equity and liabilities,Financial position,"1,305",ANZSIC06 groups O771 and O772 (excluding class O7711)
2016,Level 3,OO21,"Public Order, Safety and Regulatory Services",Dollars (millions),H31,Shareholders funds or owners equity,Financial position,430,ANZSIC06 groups O771 and O772 (excluding class O7711)
2016,Level 3,OO21,"Public Order, Safety and Regulatory Services",Dollars (millions),H32,Current liabilities,Financial position,278,ANZSIC06 groups O771 and O772 (excluding class O7711)
2016,Level 3,OO21,"Public Order, Safety and Regulatory Services",Dollars (millions),H33,Other liabilities,Financial position,597,ANZSIC06 groups O771 and O772 (excluding class O7711)
2016,Level 3,OO21,"Public Order, Safety and Regulatory Services",Percentage,H36,Current ratio,Financial ratios,124,ANZSIC06 groups O771 and O772 (excluding class O7711)
2016,Level 3,OO21,"Public Order, Safety and Regulatory Services",Percentage,H37,Quick ratio,Financial ratios,118,ANZSIC06 groups O771 and O772 (excluding class O7711)
2016,Level 3,OO21,"Public Order, Safety and Regulatory Services",Percentage,H39,Return on equity,Financial ratios,18,ANZSIC06 groups O771 and O772 (excluding class O7711)
2016,Level 3,OO21,"Public Order, Safety and Regulatory Services",Percentage,H40,Return on total assets,Financial ratios,6,ANZSIC06 groups O771 and O772 (excluding class O7711)
2016,Level 3,OO21,"Public Order, Safety and Regulatory Services",Percentage,H41,Liabilities structure,Financial ratios,33,ANZSIC06 groups O771 and O772 (excluding class O7711)
2016,Level 4,OO213,"Public Order, Safety and Regulatory Services",Dollars (millions),H01,Total income,Financial performance,"1,270",ANZSIC06 groups O771 and O772 (excluding class O7711)
2016,Level 4,OO213,"Public Order, Safety and Regulatory Services",Dollars (millions),H04,Sales of goods and services,Financial performance,"1,248",ANZSIC06 groups O771 and O772 (excluding class O7711)
2016,Level 4,OO213,"Public Order, Safety and Regulatory Services",Dollars (millions),H05,"Interest, dividends and donations",Financial performance,C,ANZSIC06 groups O771 and O772 (excluding class O7711)
2016,Level 4,OO213,"Public Order, Safety and Regulatory Services",Dollars (millions),H06,"Government funding, grants and subsidies",Financial performance,0,ANZSIC06 groups O771 and O772 (excluding class O7711)
2016,Level 4,OO213,"Public Order, Safety and Regulatory Services",Dollars (millions),H07,Non-operating income,Financial performance,C,ANZSIC06 groups O771 and O772 (excluding class O7711)
2016,Level 4,OO213,"Public Order, Safety and Regulatory Services",Dollars (millions),H08,Total expenditure,Financial performance,"1,191",ANZSIC06 groups O771 and O772 (excluding class O7711)
2016,Level 4,OO213,"Public Order, Safety and Regulatory Services",Dollars (millions),H09,Interest and donations,Financial performance,37,ANZSIC06 groups O771 and O772 (excluding class O7711)
2016,Level 4,OO213,"Public Order, Safety and Regulatory Services",Dollars (millions),H10,Indirect taxes,Financial performance,5,ANZSIC06 groups O771 and O772 (excluding class O7711)
2016,Level 4,OO213,"Public Order, Safety and Regulatory Services",Dollars (millions),H11,Depreciation,Financial performance,39,ANZSIC06 groups O771 and O772 (excluding class O7711)
2016,Level 4,OO213,"Public Order, Safety and Regulatory Services",Dollars (millions),H12,Salaries and wages paid,Financial performance,597,ANZSIC06 groups O771 and O772 (excluding class O7711)
2016,Level 4,OO213,"Public Order, Safety and Regulatory Services",Dollars (millions),H13,Redundancy and severance,Financial performance,C,ANZSIC06 groups O771 and O772 (excluding class O7711)
2016,Level 4,OO213,"Public Order, Safety and Regulatory Services",Dollars (millions),H19,Purchases and other operating expenses,Financial performance,512,ANZSIC06 groups O771 and O772 (excluding class O7711)
2016,Level 4,OO213,"Public Order, Safety and Regulatory Services",Dollars (millions),H20,Non-operating expenses,Financial performance,2,ANZSIC06 groups O771 and O772 (excluding class O7711)
2016,Level 4,OO213,"Public Order, Safety and Regulatory Services",Dollars (millions),H21,Opening stocks,Financial performance,16,ANZSIC06 groups O771 and O772 (excluding class O7711)
2016,Level 4,OO213,"Public Order, Safety and Regulatory Services",Dollars (millions),H22,Closing stocks,Financial performance,17,ANZSIC06 groups O771 and O772 (excluding class O7711)
