Year,Industry_aggregation_NZSIOC,Industry_code_NZSIOC,Industry_name_NZSIOC,Units,Variable_code,Variable_name,Variable_category,Value,Industry_code_ANZSIC06
2020,Level 4,LL123,Real Estate Services,Dollars (millions),H21,Opening stocks,Financial performance,42,ANZSIC06 group L672
2020,Level 4,LL123,Real Estate Services,Dollars (millions),H22,Closing stocks,Financial performance,39,ANZSIC06 group L672
2020,Level 4,LL123,Real Estate Services,Dollars (millions),H23,Surplus before income tax,Financial performance,"1,108",ANZSIC06 group L672
2020,Level 4,LL123,Real Estate Services,Dollars (millions),H24,Total assets,Financial position,"4,707",ANZSIC06 group L672
2020,Level 4,LL123,Real Estate Services,Dollars (millions),H25,Current assets,Financial position,"1,648",ANZSIC06 group L672
2020,Level 4,LL123,Real Estate Services,Dollars (millions),H26,Fixed tangible assets,Financial position,"1,851",ANZSIC06 group L672
2020,Level 4,LL123,Real Estate Services,Dollars (millions),H27,Additions to fixed assets,Financial position,422,ANZSIC06 group L672
2020,Level 4,LL123,Real Estate Services,Dollars (millions),H28,Disposals of fixed assets,Financial position,212,ANZSIC06 group L672
2020,Level 4,LL123,Real Estate Services,Dollars (millions),H29,Other assets,Financial position,"1,208",ANZSIC06 group L672
2020,Level 4,LL123,Real Estate Services,Dollars (millions),H30,Total equity and liabilities,Financial position,"4,707",ANZSIC06 group L672
2020,Level 4,LL123,Real Estate Services,Dollars (millions),H31,Shareholders funds or owners equity,Financial position,"2,131",ANZSIC06 group L672
2020,Level 4,LL123,Real Estate Services,Dollars (millions),H32,Current liabilities,Financial position,"1,462",ANZSIC06 group L672
2020,Level 4,LL123,Real Estate Services,Dollars (millions),H33,Other liabilities,Financial position,"1,115",ANZSIC06 group L672
2020,Level 4,LL123,Real Estate Services,Dollars,H34,Total income per employee count,Financial ratios,"454,400",ANZSIC06 group L672
2020,Level 4,LL123,Real Estate Services,Dollars,H35,Surplus per employee count,Financial ratios,"97,700",ANZSIC06 group L672
2020,Level 4,LL123,Real Estate Services,Percentage,H36,Current ratio,Financial ratios,113,ANZSIC06 group L672
2020,Level 4,LL123,Real Estate Services,Percentage,H37,Quick ratio,Financial ratios,110,ANZSIC06 group L672
2020,Level 4,LL123,Real Estate Services,Percentage,H39,Return on equity,Financial ratios,52,ANZSIC06 group L672
2020,Level 4,LL123,Real Estate Services,Percentage,H40,Return on total assets,Financial ratios,24,ANZSIC06 group L672
2020,Level 4,LL123,Real Estate Services,Percentage,H41,Liabilities structure,Financial ratios,45,ANZSIC06 group L672
2020,Level 1,MN,"Professional, Scientific, Technical, Administrative and Support Services",Dollars (millions),H01,Total income,Financial performance,"60,036",ANZSIC06 divisions M and N
2020,Level 1,MN,"Professional, Scientific, Technical, Administrative and Support Services",Dollars (millions),H04,Sales of goods and services,Financial performance,"55,092",ANZSIC06 divisions M and N
2020,Level 1,MN,"Professional, Scientific, Technical, Administrative and Support Services",Dollars (millions),H05,"Interest, dividends and donations",Financial performance,"3,451",ANZSIC06 divisions M and N
2020,Level 1,MN,"Professional, Scientific, Technical, Administrative and Support Services",Dollars (millions),H06,"Government funding, grants and subsidies",Financial performance,457,ANZSIC06 divisions M and N
2020,Level 1,MN,"Professional, Scientific, Technical, Administrative and Support Services",Dollars (millions),H07,Non-operating income,Financial performance,"1,036",ANZSIC06 divisions M and N
2020,Level 1,MN,"Professional, Scientific, Technical, Administrative and Support Services",Dollars (millions),H08,Total expenditure,Financial performance,"51,142",ANZSIC06 divisions M and N
2020,Level 1,MN,"Professional, Scientific, Technical, Administrative and Support Services",Dollars (millions),H09,Interest and donations,Financial performance,997,ANZSIC06 divisions M and N
2020,Level 1,MN,"Professional, Scientific, Technical, Administrative and Support Services",Dollars (millions),H10,Indirect taxes,Financial performance,150,ANZSIC06 divisions M and N
2020,Level 1,MN,"Professional, Scientific, Technical, Administrative and Support Services",Dollars (millions),H11,Depreciation,Financial performance,"1,770",ANZSIC06 divisions M and N
2020,Level 1,MN,"Professional, Scientific, Technical, Administrative and Support Services",Dollars (millions),H12,Salaries and wages paid,Financial performance,"21,301",ANZSIC06 divisions M and N
2020,Level 1,MN,"Professional, Scientific, Technical, Administrative and Support Services",Dollars (millions),H13,Redundancy and severance,Financial performance,44,ANZSIC06 divisions M and N
2020,Level 1,MN,"Professional, Scientific, Technical, Administrative and Support Services",Dollars (millions),H19,Purchases and other operating expenses,Financial performance,"26,185",ANZSIC06 divisions M and N
2020,Level 1,MN,"Professional, Scientific, Technical, Administrative and Support Services",Dollars (millions),H20,Non-operating expenses,Financial performance,741,ANZSIC06 divisions M and N
2020,Level 1,MN,"Professional, Scientific, Technical, Administrative and Support Services",Dollars (millions),H21,Opening stocks,Financial performance,974,ANZSIC06 divisions M and N
2020,Level 1,MN,"Professional, Scientific, Technical, Administrative and Support Services",Dollars (millions),H22,Closing stocks,Financial performance,"1,081",ANZSIC06 divisions M and N
2020,Level 1,MN,"Professional, Scientific, Technical, Administrative and Support Services",Dollars (millions),H23,Surplus before income tax,Financial performance,"9,000",ANZSIC06 divisions M and N
2020,Level 1,MN,"Professional, Scientific, Technical, Administrative and Support Services",Dollars (millions),H24,Total assets,Financial position,"87,299",ANZSIC06 divisions M and N
2020,Level 1,MN,"Professional, Scientific, Technical, Administrative and Support Services",Dollars (millions),H25,Current assets,Financial position,"44,041",ANZSIC06 divisions M and N
2020,Level 1,MN,"Professional, Scientific, Technical, Administrative and Support Services",Dollars (millions),H26,Fixed tangible assets,Financial position,"9,539",ANZSIC06 divisions M and N
2020,Level 1,MN,"Professional, Scientific, Technical, Administrative and Support Services",Dollars (millions),H27,Additions to fixed assets,Financial position,"2,779",ANZSIC06 divisions M and N
2020,Level 1,MN,"Professional, Scientific, Technical, Administrative and Support Services",Dollars (millions),H28,Disposals of fixed assets,Financial position,"1,222",ANZSIC06 divisions M and N
2020,Level 1,MN,"Professional, Scientific, Technical, Administrative and Support Services",Dollars (millions),H29,Other assets,Financial position,"33,720",ANZSIC06 divisions M and N
2020,Level 1,MN,"Professional, Scientific, Technical, Administrative and Support Services",Dollars (millions),H30,Total equity and liabilities,Financial position,"87,299",ANZSIC06 divisions M and N
2020,Level 1,MN,"Professional, Scientific, Technical, Administrative and Support Services",Dollars (millions),H31,Shareholders funds or owners equity,Financial position,"26,374",ANZSIC06 divisions M and N
2020,Level 1,MN,"Professional, Scientific, Technical, Administrative and Support Services",Dollars (millions),H32,Current liabilities,Financial position,"41,342",ANZSIC06 divisions M and N
2020,Level 1,MN,"Professional, Scientific, Technical, Administrative and Support Services",Dollars (millions),H33,Other liabilities,Financial position,"19,583",ANZSIC06 divisions M and N
2020,Level 1,MN,"Professional, Scientific, Technical, Administrative and Support Services",Dollars,H34,Total income per employee count,Financial ratios,"210,700",ANZSIC06 divisions M and N
2020,Level 1,MN,"Professional, Scientific, Technical, Administrative and Support Services",Dollars,H35,Surplus per employee count,Financial ratios,"31,600",ANZSIC06 divisions M and N
2020,Level 1,MN,"Professional, Scientific, Technical, Administrative and Support Services",Percentage,H36,Current ratio,Financial ratios,107,ANZSIC06 divisions M and N
2020,Level 1,MN,"Professional, Scientific, Technical, Administrative and Support Services",Percentage,H37,Quick ratio,Financial ratios,104,ANZSIC06 divisions M and N
2020,Level 1,MN,"Professional, Scientific, Technical, Administrative and Support Services",Percentage,H39,Return on equity,Financial ratios,34,ANZSIC06 divisions M and N
2020,Level 1,MN,"Professional, Scientific, Technical, Administrative and Support Services",Percentage,H40,Return on total assets,Financial ratios,10,ANZSIC06 divisions M and N
2020,Level 1,MN,"Professional, Scientific, Technical, Administrative and Support Services",Percentage,H41,Liabilities structure,Financial ratios,30,ANZSIC06 divisions M and N
2020,Level 3,MN11,"Professional, Scientific and Technical Services",Dollars (millions),H01,Total income,Financial performance,"46,765",ANZSIC06 division M
2020,Level 3,MN11,"Professional, Scientific and Technical Services",Dollars (millions),H04,Sales of goods and services,Financial performance,"42,350",ANZSIC06 division M
2020,Level 3,MN11,"Professional, Scientific and Technical Services",Dollars (millions),H05,"Interest, dividends and donations",Financial performance,"3,245",ANZSIC06 division M
2020,Level 3,MN11,"Professional, Scientific and Technical Services",Dollars (millions),H06,"Government funding, grants and subsidies",Financial performance,283,ANZSIC06 division M
2020,Level 3,MN11,"Professional, Scientific and Technical Services",Dollars (millions),H07,Non-operating income,Financial performance,887,ANZSIC06 division M
2020,Level 3,MN11,"Professional, Scientific and Technical Services",Dollars (millions),H08,Total expenditure,Financial performance,"38,775",ANZSIC06 division M
2020,Level 3,MN11,"Professional, Scientific and Technical Services",Dollars (millions),H09,Interest and donations,Financial performance,863,ANZSIC06 division M
2020,Level 3,MN11,"Professional, Scientific and Technical Services",Dollars (millions),H10,Indirect taxes,Financial performance,114,ANZSIC06 division M
2020,Level 3,MN11,"Professional, Scientific and Technical Services",Dollars (millions),H11,Depreciation,Financial performance,"1,368",ANZSIC06 division M
2020,Level 3,MN11,"Professional, Scientific and Technical Services",Dollars (millions),H12,Salaries and wages paid,Financial performance,"16,552",ANZSIC06 division M
2020,Level 3,MN11,"Professional, Scientific and Technical Services",Dollars (millions),H13,Redundancy and severance,Financial performance,39,ANZSIC06 division M
2020,Level 3,MN11,"Professional, Scientific and Technical Services",Dollars (millions),H19,Purchases and other operating expenses,Financial performance,"19,310",ANZSIC06 division M
2020,Level 3,MN11,"Professional, Scientific and Technical Services",Dollars (millions),H20,Non-operating expenses,Financial performance,567,ANZSIC06 division M
2020,Level 3,MN11,"Professional, Scientific and Technical Services",Dollars (millions),H21,Opening stocks,Financial performance,781,ANZSIC06 division M
2020,Level 3,MN11,"Professional, Scientific and Technical Services",Dollars (millions),H22,Closing stocks,Financial performance,900,ANZSIC06 division M
2020,Level 3,MN11,"Professional, Scientific and Technical Services",Dollars (millions),H23,Surplus before income tax,Financial performance,"8,109",ANZSIC06 division M
2020,Level 3,MN11,"Professional, Scientific and Technical Services",Dollars (millions),H24,Total assets,Financial position,"74,971",ANZSIC06 division M
2020,Level 3,MN11,"Professional, Scientific and Technical Services",Dollars (millions),H25,Current assets,Financial position,"38,689",ANZSIC06 division M
2020,Level 3,MN11,"Professional, Scientific and Technical Services",Dollars (millions),H26,Fixed tangible assets,Financial position,"6,159",ANZSIC06 division M
2020,Level 3,MN11,"Professional, Scientific and Technical Services",Dollars (millions),H27,Additions to fixed assets,Financial position,"1,876",ANZSIC06 division M
2020,Level 3,MN11,"Professional, Scientific and Technical Services",Dollars (millions),H28,Disposals of fixed assets,Financial position,832,ANZSIC06 division M
2020,Level 3,MN11,"Professional, Scientific and Technical Services",Dollars (millions),H29,Other assets,Financial position,"30,122",ANZSIC06 division M
2020,Level 3,MN11,"Professional, Scientific and Technical Services",Dollars (millions),H30,Total equity and liabilities,Financial position,"74,971",ANZSIC06 division M
2020,Level 3,MN11,"Professional, Scientific and Technical Services",Dollars (millions),H31,Shareholders funds or owners equity,Financial position,"21,045",ANZSIC06 division M
2020,Level 3,MN11,"Professional, Scientific and Technical Services",Dollars (millions),H32,Current liabilities,Financial position,"36,974",ANZSIC06 division M
2020,Level 3,MN11,"Professional, Scientific and Technical Services",Dollars (millions),H33,Other liabilities,Financial position,"16,951",ANZSIC06 division M
2020,Level 3,MN11,"Professional, Scientific and Technical Services",Dollars,H34,Total income per employee count,Financial ratios,"289,800",ANZSIC06 division M
2020,Level 3,MN11,"Professional, Scientific and Technical Services",Dollars,H35,Surplus per employee count,Financial ratios,"50,200",ANZSIC06 division M
2020,Level 3,MN11,"Professional, Scientific and Technical Services",Percentage,H36,Current ratio,Financial ratios,105,ANZSIC06 division M
2020,Level 3,MN11,"Professional, Scientific and Technical Services",Percentage,H37,Quick ratio,Financial ratios,102,ANZSIC06 division M
2020,Level 3,MN11,"Professional, Scientific and Technical Services",Percentage,H39,Return on equity,Financial ratios,39,ANZSIC06 division M
2020,Level 3,MN11,"Professional, Scientific and Technical Services",Percentage,H40,Return on total assets,Financial ratios,11,ANZSIC06 division M
2020,Level 3,MN11,"Professional, Scientific and Technical Services",Percentage,H41,Liabilities structure,Financial ratios,28,ANZSIC06 division M
2020,Level 4,MN111,"Scientific, Architectural and Engineering Services",Dollars (millions),H01,Total income,Financial performance,"11,365",ANZSIC06 groups M691 and M692
2020,Level 4,MN111,"Scientific, Architectural and Engineering Services",Dollars (millions),H04,Sales of goods and services,Financial performance,"11,117",ANZSIC06 groups M691 and M692
2020,Level 4,MN111,"Scientific, Architectural and Engineering Services",Dollars (millions),H05,"Interest, dividends and donations",Financial performance,121,ANZSIC06 groups M691 and M692
2020,Level 4,MN111,"Scientific, Architectural and Engineering Services",Dollars (millions),H06,"Government funding, grants and subsidies",Financial performance,88,ANZSIC06 groups M691 and M692
2020,Level 4,MN111,"Scientific, Architectural and Engineering Services",Dollars (millions),H07,Non-operating income,Financial performance,39,ANZSIC06 groups M691 and M692
2020,Level 4,MN111,"Scientific, Architectural and Engineering Services",Dollars (millions),H08,Total expenditure,Financial performance,"10,058",ANZSIC06 groups M691 and M692
2020,Level 4,MN111,"Scientific, Architectural and Engineering Services",Dollars (millions),H09,Interest and donations,Financial performance,115,ANZSIC06 groups M691 and M692
2020,Level 4,MN111,"Scientific, Architectural and Engineering Services",Dollars (millions),H10,Indirect taxes,Financial performance,32,ANZSIC06 groups M691 and M692
2020,Level 4,MN111,"Scientific, Architectural and Engineering Services",Dollars (millions),H11,Depreciation,Financial performance,303,ANZSIC06 groups M691 and M692
2020,Level 4,MN111,"Scientific, Architectural and Engineering Services",Dollars (millions),H12,Salaries and wages paid,Financial performance,"4,459",ANZSIC06 groups M691 and M692
2020,Level 4,MN111,"Scientific, Architectural and Engineering Services",Dollars (millions),H13,Redundancy and severance,Financial performance,5,ANZSIC06 groups M691 and M692
2020,Level 4,MN111,"Scientific, Architectural and Engineering Services",Dollars (millions),H19,Purchases and other operating expenses,Financial performance,"5,076",ANZSIC06 groups M691 and M692
2020,Level 4,MN111,"Scientific, Architectural and Engineering Services",Dollars (millions),H20,Non-operating expenses,Financial performance,72,ANZSIC06 groups M691 and M692
2020,Level 4,MN111,"Scientific, Architectural and Engineering Services",Dollars (millions),H21,Opening stocks,Financial performance,313,ANZSIC06 groups M691 and M692
2020,Level 4,MN111,"Scientific, Architectural and Engineering Services",Dollars (millions),H22,Closing stocks,Financial performance,339,ANZSIC06 groups M691 and M692
2020,Level 4,MN111,"Scientific, Architectural and Engineering Services",Dollars (millions),H23,Surplus before income tax,Financial performance,"1,334",ANZSIC06 groups M691 and M692
2020,Level 4,MN111,"Scientific, Architectural and Engineering Services",Dollars (millions),H24,Total assets,Financial position,"7,546",ANZSIC06 groups M691 and M692
2020,Level 4,MN111,"Scientific, Architectural and Engineering Services",Dollars (millions),H25,Current assets,Financial position,"4,188",ANZSIC06 groups M691 and M692
2020,Level 4,MN111,"Scientific, Architectural and Engineering Services",Dollars (millions),H26,Fixed tangible assets,Financial position,"1,217",ANZSIC06 groups M691 and M692
2020,Level 4,MN111,"Scientific, Architectural and Engineering Services",Dollars (millions),H27,Additions to fixed assets,Financial position,389,ANZSIC06 groups M691 and M692
2020,Level 4,MN111,"Scientific, Architectural and Engineering Services",Dollars (millions),H28,Disposals of fixed assets,Financial position,141,ANZSIC06 groups M691 and M692
2020,Level 4,MN111,"Scientific, Architectural and Engineering Services",Dollars (millions),H29,Other assets,Financial position,"2,141",ANZSIC06 groups M691 and M692
2020,Level 4,MN111,"Scientific, Architectural and Engineering Services",Dollars (millions),H30,Total equity and liabilities,Financial position,"7,546",ANZSIC06 groups M691 and M692
2020,Level 4,MN111,"Scientific, Architectural and Engineering Services",Dollars (millions),H31,Shareholders funds or owners equity,Financial position,"2,694",ANZSIC06 groups M691 and M692
2020,Level 4,MN111,"Scientific, Architectural and Engineering Services",Dollars (millions),H32,Current liabilities,Financial position,"2,918",ANZSIC06 groups M691 and M692
2020,Level 4,MN111,"Scientific, Architectural and Engineering Services",Dollars (millions),H33,Other liabilities,Financial position,"1,934",ANZSIC06 groups M691 and M692
2020,Level 4,MN111,"Scientific, Architectural and Engineering Services",Dollars,H34,Total income per employee count,Financial ratios,"250,600",ANZSIC06 groups M691 and M692
2020,Level 4,MN111,"Scientific, Architectural and Engineering Services",Dollars,H35,Surplus per employee count,Financial ratios,"29,400",ANZSIC06 groups M691 and M692
2020,Level 4,MN111,"Scientific, Architectural and Engineering Services",Percentage,H36,Current ratio,Financial ratios,143,ANZSIC06 groups M691 and M692
2020,Level 4,MN111,"Scientific, Architectural and Engineering Services",Percentage,H37,Quick ratio,Financial ratios,132,ANZSIC06 groups M691 and M692
2020,Level 4,MN111,"Scientific, Architectural and Engineering Services",Percentage,H39,Return on equity,Financial ratios,50,ANZSIC06 groups M691 and M692
2020,Level 4,MN111,"Scientific, Architectural and Engineering Services",Percentage,H40,Return on total assets,Financial ratios,18,ANZSIC06 groups M691 and M692
2020,Level 4,MN111,"Scientific, Architectural and Engineering Services",Percentage,H41,Liabilities structure,Financial ratios,36,ANZSIC06 groups M691 and M692
2020,Level 4,MN112,Legal and Accounting Services,Dollars (millions),H01,Total income,Financial performance,"7,331",ANZSIC06 group M693
2020,Level 4,MN112,Legal and Accounting Services,Dollars (millions),H04,Sales of goods and services,Financial performance,"7,269",ANZSIC06 group M693
2020,Level 4,MN112,Legal and Accounting Services,Dollars (millions),H05,"Interest, dividends and donations",Financial performance,20,ANZSIC06 group M693
2020,Level 4,MN112,Legal and Accounting Services,Dollars (millions),H06,"Government funding, grants and subsidies",Financial performance,12,ANZSIC06 group M693
2020,Level 4,MN112,Legal and Accounting Services,Dollars (millions),H07,Non-operating income,Financial performance,29,ANZSIC06 group M693
2020,Level 4,MN112,Legal and Accounting Services,Dollars (millions),H08,Total expenditure,Financial performance,"5,327",ANZSIC06 group M693
2020,Level 4,MN112,Legal and Accounting Services,Dollars (millions),H09,Interest and donations,Financial performance,86,ANZSIC06 group M693
2020,Level 4,MN112,Legal and Accounting Services,Dollars (millions),H10,Indirect taxes,Financial performance,17,ANZSIC06 group M693
2020,Level 4,MN112,Legal and Accounting Services,Dollars (millions),H11,Depreciation,Financial performance,155,ANZSIC06 group M693
2020,Level 4,MN112,Legal and Accounting Services,Dollars (millions),H12,Salaries and wages paid,Financial performance,"2,913",ANZSIC06 group M693
2020,Level 4,MN112,Legal and Accounting Services,Dollars (millions),H13,Redundancy and severance,Financial performance,2,ANZSIC06 group M693
2020,Level 4,MN112,Legal and Accounting Services,Dollars (millions),H19,Purchases and other operating expenses,Financial performance,"2,091",ANZSIC06 group M693
2020,Level 4,MN112,Legal and Accounting Services,Dollars (millions),H20,Non-operating expenses,Financial performance,64,ANZSIC06 group M693
2020,Level 4,MN112,Legal and Accounting Services,Dollars (millions),H21,Opening stocks,Financial performance,109,ANZSIC06 group M693
2020,Level 4,MN112,Legal and Accounting Services,Dollars (millions),H22,Closing stocks,Financial performance,114,ANZSIC06 group M693
2020,Level 4,MN112,Legal and Accounting Services,Dollars (millions),H23,Surplus before income tax,Financial performance,"2,010",ANZSIC06 group M693
2020,Level 4,MN112,Legal and Accounting Services,Dollars (millions),H24,Total assets,Financial position,"3,991",ANZSIC06 group M693
2020,Level 4,MN112,Legal and Accounting Services,Dollars (millions),H25,Current assets,Financial position,"2,204",ANZSIC06 group M693
2020,Level 4,MN112,Legal and Accounting Services,Dollars (millions),H26,Fixed tangible assets,Financial position,683,ANZSIC06 group M693
2020,Level 4,MN112,Legal and Accounting Services,Dollars (millions),H27,Additions to fixed assets,Financial position,201,ANZSIC06 group M693
2020,Level 4,MN112,Legal and Accounting Services,Dollars (millions),H28,Disposals of fixed assets,Financial position,122,ANZSIC06 group M693
2020,Level 4,MN112,Legal and Accounting Services,Dollars (millions),H29,Other assets,Financial position,"1,105",ANZSIC06 group M693
2020,Level 4,MN112,Legal and Accounting Services,Dollars (millions),H30,Total equity and liabilities,Financial position,"3,991",ANZSIC06 group M693
2020,Level 4,MN112,Legal and Accounting Services,Dollars (millions),H31,Shareholders funds or owners equity,Financial position,"1,479",ANZSIC06 group M693
2020,Level 4,MN112,Legal and Accounting Services,Dollars (millions),H32,Current liabilities,Financial position,"1,603",ANZSIC06 group M693
2020,Level 4,MN112,Legal and Accounting Services,Dollars (millions),H33,Other liabilities,Financial position,909,ANZSIC06 group M693
2020,Level 4,MN112,Legal and Accounting Services,Dollars,H34,Total income per employee count,Financial ratios,"210,400",ANZSIC06 group M693
2020,Level 4,MN112,Legal and Accounting Services,Dollars,H35,Surplus per employee count,Financial ratios,"57,700",ANZSIC06 group M693
2020,Level 4,MN112,Legal and Accounting Services,Percentage,H36,Current ratio,Financial ratios,137,ANZSIC06 group M693
2020,Level 4,MN112,Legal and Accounting Services,Percentage,H37,Quick ratio,Financial ratios,130,ANZSIC06 group M693
2020,Level 4,MN112,Legal and Accounting Services,Percentage,H39,Return on equity,Financial ratios,136,ANZSIC06 group M693
2020,Level 4,MN112,Legal and Accounting Services,Percentage,H40,Return on total assets,Financial ratios,50,ANZSIC06 group M693
2020,Level 4,MN112,Legal and Accounting Services,Percentage,H41,Liabilities structure,Financial ratios,37,ANZSIC06 group M693
2020,Level 4,MN113,"Advertising, Market Research and Management Services",Dollars (millions),H01,Total income,Financial performance,"15,140","ANZSIC06 groups M694, M695, and M696"
2020,Level 4,MN113,"Advertising, Market Research and Management Services",Dollars (millions),H04,Sales of goods and services,Financial performance,"11,350","ANZSIC06 groups M694, M695, and M696"
2020,Level 4,MN113,"Advertising, Market Research and Management Services",Dollars (millions),H05,"Interest, dividends and donations",Financial performance,"3,026","ANZSIC06 groups M694, M695, and M696"
2020,Level 4,MN113,"Advertising, Market Research and Management Services",Dollars (millions),H06,"Government funding, grants and subsidies",Financial performance,86,"ANZSIC06 groups M694, M695, and M696"
2020,Level 4,MN113,"Advertising, Market Research and Management Services",Dollars (millions),H07,Non-operating income,Financial performance,678,"ANZSIC06 groups M694, M695, and M696"
2020,Level 4,MN113,"Advertising, Market Research and Management Services",Dollars (millions),H08,Total expenditure,Financial performance,"11,704","ANZSIC06 groups M694, M695, and M696"
2020,Level 4,MN113,"Advertising, Market Research and Management Services",Dollars (millions),H09,Interest and donations,Financial performance,585,"ANZSIC06 groups M694, M695, and M696"
2020,Level 4,MN113,"Advertising, Market Research and Management Services",Dollars (millions),H10,Indirect taxes,Financial performance,35,"ANZSIC06 groups M694, M695, and M696"
2020,Level 4,MN113,"Advertising, Market Research and Management Services",Dollars (millions),H11,Depreciation,Financial performance,452,"ANZSIC06 groups M694, M695, and M696"
2020,Level 4,MN113,"Advertising, Market Research and Management Services",Dollars (millions),H12,Salaries and wages paid,Financial performance,"4,312","ANZSIC06 groups M694, M695, and M696"
2020,Level 4,MN113,"Advertising, Market Research and Management Services",Dollars (millions),H13,Redundancy and severance,Financial performance,19,"ANZSIC06 groups M694, M695, and M696"
2020,Level 4,MN113,"Advertising, Market Research and Management Services",Dollars (millions),H19,Purchases and other operating expenses,Financial performance,"6,094","ANZSIC06 groups M694, M695, and M696"
2020,Level 4,MN113,"Advertising, Market Research and Management Services",Dollars (millions),H20,Non-operating expenses,Financial performance,226,"ANZSIC06 groups M694, M695, and M696"
2020,Level 4,MN113,"Advertising, Market Research and Management Services",Dollars (millions),H21,Opening stocks,Financial performance,186,"ANZSIC06 groups M694, M695, and M696"
2020,Level 4,MN113,"Advertising, Market Research and Management Services",Dollars (millions),H22,Closing stocks,Financial performance,252,"ANZSIC06 groups M694, M695, and M696"
2020,Level 4,MN113,"Advertising, Market Research and Management Services",Dollars (millions),H23,Surplus before income tax,Financial performance,"3,501","ANZSIC06 groups M694, M695, and M696"
2020,Level 4,MN113,"Advertising, Market Research and Management Services",Dollars (millions),H24,Total assets,Financial position,"54,016","ANZSIC06 groups M694, M695, and M696"
2020,Level 4,MN113,"Advertising, Market Research and Management Services",Dollars (millions),H25,Current assets,Financial position,"26,894","ANZSIC06 groups M694, M695, and M696"
2020,Level 4,MN113,"Advertising, Market Research and Management Services",Dollars (millions),H26,Fixed tangible assets,Financial position,"3,164","ANZSIC06 groups M694, M695, and M696"
2020,Level 4,MN113,"Advertising, Market Research and Management Services",Dollars (millions),H27,Additions to fixed assets,Financial position,905,"ANZSIC06 groups M694, M695, and M696"
2020,Level 4,MN113,"Advertising, Market Research and Management Services",Dollars (millions),H28,Disposals of fixed assets,Financial position,475,"ANZSIC06 groups M694, M695, and M696"
2020,Level 4,MN113,"Advertising, Market Research and Management Services",Dollars (millions),H29,Other assets,Financial position,"23,957","ANZSIC06 groups M694, M695, and M696"
2020,Level 4,MN113,"Advertising, Market Research and Management Services",Dollars (millions),H30,Total equity and liabilities,Financial position,"54,016","ANZSIC06 groups M694, M695, and M696"
2020,Level 4,MN113,"Advertising, Market Research and Management Services",Dollars (millions),H31,Shareholders funds or owners equity,Financial position,"13,002","ANZSIC06 groups M694, M695, and M696"
2020,Level 4,MN113,"Advertising, Market Research and Management Services",Dollars (millions),H32,Current liabilities,Financial position,"28,794","ANZSIC06 groups M694, M695, and M696"
2020,Level 4,MN113,"Advertising, Market Research and Management Services",Dollars (millions),H33,Other liabilities,Financial position,"12,221","ANZSIC06 groups M694, M695, and M696"
2020,Level 4,MN113,"Advertising, Market Research and Management Services",Dollars,H34,Total income per employee count,Financial ratios,"411,000","ANZSIC06 groups M694, M695, and M696"
2020,Level 4,MN113,"Advertising, Market Research and Management Services",Dollars,H35,Surplus per employee count,Financial ratios,"95,000","ANZSIC06 groups M694, M695, and M696"
2020,Level 4,MN113,"Advertising, Market Research and Management Services",Percentage,H36,Current ratio,Financial ratios,93,"ANZSIC06 groups M694, M695, and M696"
2020,Level 4,MN113,"Advertising, Market Research and Management Services",Percentage,H37,Quick ratio,Financial ratios,93,"ANZSIC06 groups M694, M695, and M696"
2020,Level 4,MN113,"Advertising, Market Research and Management Services",Percentage,H39,Return on equity,Financial ratios,27,"ANZSIC06 groups M694, M695, and M696"
2020,Level 4,MN113,"Advertising, Market Research and Management Services",Percentage,H40,Return on total assets,Financial ratios,6,"ANZSIC06 groups M694, M695, and M696"
2020,Level 4,MN113,"Advertising, Market Research and Management Services",Percentage,H41,Liabilities structure,Financial ratios,24,"ANZSIC06 groups M694, M695, and M696"
2020,Level 4,MN114,Veterinary and Other Professional Services,Dollars (millions),H01,Total income,Financial performance,"1,809",ANZSIC06 groups M697 and M699
2020,Level 4,MN114,Veterinary and Other Professional Services,Dollars (millions),H04,Sales of goods and services,Financial performance,"1,782",ANZSIC06 groups M697 and M699
2020,Level 4,MN114,Veterinary and Other Professional Services,Dollars (millions),H05,"Interest, dividends and donations",Financial performance,8,ANZSIC06 groups M697 and M699
2020,Level 4,MN114,Veterinary and Other Professional Services,Dollars (millions),H06,"Government funding, grants and subsidies",Financial performance,12,ANZSIC06 groups M697 and M699
2020,Level 4,MN114,Veterinary and Other Professional Services,Dollars (millions),H07,Non-operating income,Financial performance,6,ANZSIC06 groups M697 and M699
2020,Level 4,MN114,Veterinary and Other Professional Services,Dollars (millions),H08,Total expenditure,Financial performance,"1,612",ANZSIC06 groups M697 and M699
2020,Level 4,MN114,Veterinary and Other Professional Services,Dollars (millions),H09,Interest and donations,Financial performance,18,ANZSIC06 groups M697 and M699
2020,Level 4,MN114,Veterinary and Other Professional Services,Dollars (millions),H10,Indirect taxes,Financial performance,6,ANZSIC06 groups M697 and M699
2020,Level 4,MN114,Veterinary and Other Professional Services,Dollars (millions),H11,Depreciation,Financial performance,54,ANZSIC06 groups M697 and M699
2020,Level 4,MN114,Veterinary and Other Professional Services,Dollars (millions),H12,Salaries and wages paid,Financial performance,575,ANZSIC06 groups M697 and M699
2020,Level 4,MN114,Veterinary and Other Professional Services,Dollars (millions),H13,Redundancy and severance,Financial performance,0,ANZSIC06 groups M697 and M699
2020,Level 4,MN114,Veterinary and Other Professional Services,Dollars (millions),H19,Purchases and other operating expenses,Financial performance,951,ANZSIC06 groups M697 and M699
2020,Level 4,MN114,Veterinary and Other Professional Services,Dollars (millions),H20,Non-operating expenses,Financial performance,8,ANZSIC06 groups M697 and M699
2020,Level 4,MN114,Veterinary and Other Professional Services,Dollars (millions),H21,Opening stocks,Financial performance,95,ANZSIC06 groups M697 and M699
2020,Level 4,MN114,Veterinary and Other Professional Services,Dollars (millions),H22,Closing stocks,Financial performance,100,ANZSIC06 groups M697 and M699
