Year,Industry_aggregation_NZSIOC,Industry_code_NZSIOC,Industry_name_NZSIOC,Units,Variable_code,Variable_name,Variable_category,Value,Industry_code_ANZSIC06
2020,Level 4,FF113,Motor Vehicle and Motor Vehicle Parts Wholesaling,Dollars (millions),H24,Total assets,Financial position,"5,734",ANZSIC06 group F350
2020,Level 4,FF113,Motor Vehicle and Motor Vehicle Parts Wholesaling,Dollars (millions),H25,Current assets,Financial position,"4,553",ANZSIC06 group F350
2020,Level 4,FF113,Motor Vehicle and Motor Vehicle Parts Wholesaling,Dollars (millions),H26,Fixed tangible assets,Financial position,457,ANZSIC06 group F350
2020,Level 4,FF113,Motor Vehicle and Motor Vehicle Parts Wholesaling,Dollars (millions),H27,Additions to fixed assets,Financial position,106,ANZSIC06 group F350
2020,Level 4,FF113,Motor Vehicle and Motor Vehicle Parts Wholesaling,Dollars (millions),H28,Disposals of fixed assets,Financial position,52,ANZSIC06 group F350
2020,Level 4,FF113,Motor Vehicle and Motor Vehicle Parts Wholesaling,Dollars (millions),H29,Other assets,Financial position,724,ANZSIC06 group F350
2020,Level 4,FF113,Motor Vehicle and Motor Vehicle Parts Wholesaling,Dollars (millions),H30,Total equity and liabilities,Financial position,"5,734",ANZSIC06 group F350
2020,Level 4,FF113,Motor Vehicle and Motor Vehicle Parts Wholesaling,Dollars (millions),H31,Shareholders funds or owners equity,Financial position,"1,893",ANZSIC06 group F350
2020,Level 4,FF113,Motor Vehicle and Motor Vehicle Parts Wholesaling,Dollars (millions),H32,Current liabilities,Financial position,"2,942",ANZSIC06 group F350
2020,Level 4,FF113,Motor Vehicle and Motor Vehicle Parts Wholesaling,Dollars (millions),H33,Other liabilities,Financial position,899,ANZSIC06 group F350
2020,Level 4,FF113,Motor Vehicle and Motor Vehicle Parts Wholesaling,Dollars,H34,Total income per employee count,Financial ratios,"1,179,700",ANZSIC06 group F350
2020,Level 4,FF113,Motor Vehicle and Motor Vehicle Parts Wholesaling,Dollars,H35,Surplus per employee count,Financial ratios,"29,700",ANZSIC06 group F350
2020,Level 4,FF113,Motor Vehicle and Motor Vehicle Parts Wholesaling,Percentage,H36,Current ratio,Financial ratios,155,ANZSIC06 group F350
2020,Level 4,FF113,Motor Vehicle and Motor Vehicle Parts Wholesaling,Percentage,H37,Quick ratio,Financial ratios,64,ANZSIC06 group F350
2020,Level 4,FF113,Motor Vehicle and Motor Vehicle Parts Wholesaling,Percentage,H38,Margin on sales of goods for resale,Financial ratios,15,ANZSIC06 group F350
2020,Level 4,FF113,Motor Vehicle and Motor Vehicle Parts Wholesaling,Percentage,H39,Return on equity,Financial ratios,14,ANZSIC06 group F350
2020,Level 4,FF113,Motor Vehicle and Motor Vehicle Parts Wholesaling,Percentage,H40,Return on total assets,Financial ratios,5,ANZSIC06 group F350
2020,Level 4,FF113,Motor Vehicle and Motor Vehicle Parts Wholesaling,Percentage,H41,Liabilities structure,Financial ratios,33,ANZSIC06 group F350
2020,Level 4,FF114,"Grocery, Liquor and Tobacco Product Wholesaling",Dollars (millions),H01,Total income,Financial performance,"36,777",ANZSIC06 group F360
2020,Level 4,FF114,"Grocery, Liquor and Tobacco Product Wholesaling",Dollars (millions),H02,Sales of goods not further processed,Financial performance,"33,427",ANZSIC06 group F360
2020,Level 4,FF114,"Grocery, Liquor and Tobacco Product Wholesaling",Dollars (millions),H03,Sales of other goods and services,Financial performance,"3,049",ANZSIC06 group F360
2020,Level 4,FF114,"Grocery, Liquor and Tobacco Product Wholesaling",Dollars (millions),H05,"Interest, dividends and donations",Financial performance,91,ANZSIC06 group F360
2020,Level 4,FF114,"Grocery, Liquor and Tobacco Product Wholesaling",Dollars (millions),H06,"Government funding, grants and subsidies",Financial performance,20,ANZSIC06 group F360
2020,Level 4,FF114,"Grocery, Liquor and Tobacco Product Wholesaling",Dollars (millions),H07,Non-operating income,Financial performance,191,ANZSIC06 group F360
2020,Level 4,FF114,"Grocery, Liquor and Tobacco Product Wholesaling",Dollars (millions),H08,Total expenditure,Financial performance,"36,277",ANZSIC06 group F360
2020,Level 4,FF114,"Grocery, Liquor and Tobacco Product Wholesaling",Dollars (millions),H09,Interest and donations,Financial performance,105,ANZSIC06 group F360
2020,Level 4,FF114,"Grocery, Liquor and Tobacco Product Wholesaling",Dollars (millions),H10,Indirect taxes,Financial performance,118,ANZSIC06 group F360
2020,Level 4,FF114,"Grocery, Liquor and Tobacco Product Wholesaling",Dollars (millions),H11,Depreciation,Financial performance,292,ANZSIC06 group F360
2020,Level 4,FF114,"Grocery, Liquor and Tobacco Product Wholesaling",Dollars (millions),H12,Salaries and wages paid,Financial performance,"1,639",ANZSIC06 group F360
2020,Level 4,FF114,"Grocery, Liquor and Tobacco Product Wholesaling",Dollars (millions),H13,Redundancy and severance,Financial performance,2,ANZSIC06 group F360
2020,Level 4,FF114,"Grocery, Liquor and Tobacco Product Wholesaling",Dollars (millions),H17,Purchases of goods bought for resale,Financial performance,"29,894",ANZSIC06 group F360
2020,Level 4,FF114,"Grocery, Liquor and Tobacco Product Wholesaling",Dollars (millions),H18,Other Purchases and operating expenses,Financial performance,"4,162",ANZSIC06 group F360
2020,Level 4,FF114,"Grocery, Liquor and Tobacco Product Wholesaling",Dollars (millions),H20,Non-operating expenses,Financial performance,69,ANZSIC06 group F360
2020,Level 4,FF114,"Grocery, Liquor and Tobacco Product Wholesaling",Dollars (millions),H21,Opening stocks,Financial performance,"2,412",ANZSIC06 group F360
2020,Level 4,FF114,"Grocery, Liquor and Tobacco Product Wholesaling",Dollars (millions),H22,Closing stocks,Financial performance,"2,757",ANZSIC06 group F360
2020,Level 4,FF114,"Grocery, Liquor and Tobacco Product Wholesaling",Dollars (millions),H23,Surplus before income tax,Financial performance,845,ANZSIC06 group F360
2020,Level 4,FF114,"Grocery, Liquor and Tobacco Product Wholesaling",Dollars (millions),H24,Total assets,Financial position,"14,170",ANZSIC06 group F360
2020,Level 4,FF114,"Grocery, Liquor and Tobacco Product Wholesaling",Dollars (millions),H25,Current assets,Financial position,"9,354",ANZSIC06 group F360
2020,Level 4,FF114,"Grocery, Liquor and Tobacco Product Wholesaling",Dollars (millions),H26,Fixed tangible assets,Financial position,"1,728",ANZSIC06 group F360
2020,Level 4,FF114,"Grocery, Liquor and Tobacco Product Wholesaling",Dollars (millions),H27,Additions to fixed assets,Financial position,370,ANZSIC06 group F360
2020,Level 4,FF114,"Grocery, Liquor and Tobacco Product Wholesaling",Dollars (millions),H28,Disposals of fixed assets,Financial position,160,ANZSIC06 group F360
2020,Level 4,FF114,"Grocery, Liquor and Tobacco Product Wholesaling",Dollars (millions),H29,Other assets,Financial position,"3,088",ANZSIC06 group F360
2020,Level 4,FF114,"Grocery, Liquor and Tobacco Product Wholesaling",Dollars (millions),H30,Total equity and liabilities,Financial position,"14,170",ANZSIC06 group F360
2020,Level 4,FF114,"Grocery, Liquor and Tobacco Product Wholesaling",Dollars (millions),H31,Shareholders funds or owners equity,Financial position,"4,195",ANZSIC06 group F360
2020,Level 4,FF114,"Grocery, Liquor and Tobacco Product Wholesaling",Dollars (millions),H32,Current liabilities,Financial position,"8,109",ANZSIC06 group F360
2020,Level 4,FF114,"Grocery, Liquor and Tobacco Product Wholesaling",Dollars (millions),H33,Other liabilities,Financial position,"1,866",ANZSIC06 group F360
2020,Level 4,FF114,"Grocery, Liquor and Tobacco Product Wholesaling",Dollars,H34,Total income per employee count,Financial ratios,"1,467,900",ANZSIC06 group F360
2020,Level 4,FF114,"Grocery, Liquor and Tobacco Product Wholesaling",Dollars,H35,Surplus per employee count,Financial ratios,"33,700",ANZSIC06 group F360
2020,Level 4,FF114,"Grocery, Liquor and Tobacco Product Wholesaling",Percentage,H36,Current ratio,Financial ratios,115,ANZSIC06 group F360
2020,Level 4,FF114,"Grocery, Liquor and Tobacco Product Wholesaling",Percentage,H37,Quick ratio,Financial ratios,81,ANZSIC06 group F360
2020,Level 4,FF114,"Grocery, Liquor and Tobacco Product Wholesaling",Percentage,H38,Margin on sales of goods for resale,Financial ratios,11,ANZSIC06 group F360
2020,Level 4,FF114,"Grocery, Liquor and Tobacco Product Wholesaling",Percentage,H39,Return on equity,Financial ratios,20,ANZSIC06 group F360
2020,Level 4,FF114,"Grocery, Liquor and Tobacco Product Wholesaling",Percentage,H40,Return on total assets,Financial ratios,6,ANZSIC06 group F360
2020,Level 4,FF114,"Grocery, Liquor and Tobacco Product Wholesaling",Percentage,H41,Liabilities structure,Financial ratios,30,ANZSIC06 group F360
2020,Level 4,FF115,Other Goods Wholesaling,Dollars (millions),H01,Total income,Financial performance,"17,311","ANZSIC06 groups F371, F372, and F373"
2020,Level 4,FF115,Other Goods Wholesaling,Dollars (millions),H02,Sales of goods not further processed,Financial performance,"15,755","ANZSIC06 groups F371, F372, and F373"
2020,Level 4,FF115,Other Goods Wholesaling,Dollars (millions),H03,Sales of other goods and services,Financial performance,"1,435","ANZSIC06 groups F371, F372, and F373"
2020,Level 4,FF115,Other Goods Wholesaling,Dollars (millions),H05,"Interest, dividends and donations",Financial performance,44,"ANZSIC06 groups F371, F372, and F373"
2020,Level 4,FF115,Other Goods Wholesaling,Dollars (millions),H06,"Government funding, grants and subsidies",Financial performance,31,"ANZSIC06 groups F371, F372, and F373"
2020,Level 4,FF115,Other Goods Wholesaling,Dollars (millions),H07,Non-operating income,Financial performance,47,"ANZSIC06 groups F371, F372, and F373"
2020,Level 4,FF115,Other Goods Wholesaling,Dollars (millions),H08,Total expenditure,Financial performance,"16,362","ANZSIC06 groups F371, F372, and F373"
2020,Level 4,FF115,Other Goods Wholesaling,Dollars (millions),H09,Interest and donations,Financial performance,110,"ANZSIC06 groups F371, F372, and F373"
2020,Level 4,FF115,Other Goods Wholesaling,Dollars (millions),H10,Indirect taxes,Financial performance,30,"ANZSIC06 groups F371, F372, and F373"
2020,Level 4,FF115,Other Goods Wholesaling,Dollars (millions),H11,Depreciation,Financial performance,200,"ANZSIC06 groups F371, F372, and F373"
2020,Level 4,FF115,Other Goods Wholesaling,Dollars (millions),H12,Salaries and wages paid,Financial performance,"1,739","ANZSIC06 groups F371, F372, and F373"
2020,Level 4,FF115,Other Goods Wholesaling,Dollars (millions),H13,Redundancy and severance,Financial performance,7,"ANZSIC06 groups F371, F372, and F373"
2020,Level 4,FF115,Other Goods Wholesaling,Dollars (millions),H17,Purchases of goods bought for resale,Financial performance,"11,238","ANZSIC06 groups F371, F372, and F373"
2020,Level 4,FF115,Other Goods Wholesaling,Dollars (millions),H18,Other Purchases and operating expenses,Financial performance,"2,949","ANZSIC06 groups F371, F372, and F373"
2020,Level 4,FF115,Other Goods Wholesaling,Dollars (millions),H20,Non-operating expenses,Financial performance,98,"ANZSIC06 groups F371, F372, and F373"
2020,Level 4,FF115,Other Goods Wholesaling,Dollars (millions),H21,Opening stocks,Financial performance,"2,595","ANZSIC06 groups F371, F372, and F373"
2020,Level 4,FF115,Other Goods Wholesaling,Dollars (millions),H22,Closing stocks,Financial performance,"2,696","ANZSIC06 groups F371, F372, and F373"
2020,Level 4,FF115,Other Goods Wholesaling,Dollars (millions),H23,Surplus before income tax,Financial performance,"1,050","ANZSIC06 groups F371, F372, and F373"
2020,Level 4,FF115,Other Goods Wholesaling,Dollars (millions),H24,Total assets,Financial position,"11,529","ANZSIC06 groups F371, F372, and F373"
2020,Level 4,FF115,Other Goods Wholesaling,Dollars (millions),H25,Current assets,Financial position,"8,362","ANZSIC06 groups F371, F372, and F373"
2020,Level 4,FF115,Other Goods Wholesaling,Dollars (millions),H26,Fixed tangible assets,Financial position,961,"ANZSIC06 groups F371, F372, and F373"
2020,Level 4,FF115,Other Goods Wholesaling,Dollars (millions),H27,Additions to fixed assets,Financial position,293,"ANZSIC06 groups F371, F372, and F373"
2020,Level 4,FF115,Other Goods Wholesaling,Dollars (millions),H28,Disposals of fixed assets,Financial position,107,"ANZSIC06 groups F371, F372, and F373"
2020,Level 4,FF115,Other Goods Wholesaling,Dollars (millions),H29,Other assets,Financial position,"2,206","ANZSIC06 groups F371, F372, and F373"
2020,Level 4,FF115,Other Goods Wholesaling,Dollars (millions),H30,Total equity and liabilities,Financial position,"11,529","ANZSIC06 groups F371, F372, and F373"
2020,Level 4,FF115,Other Goods Wholesaling,Dollars (millions),H31,Shareholders funds or owners equity,Financial position,"4,757","ANZSIC06 groups F371, F372, and F373"
2020,Level 4,FF115,Other Goods Wholesaling,Dollars (millions),H32,Current liabilities,Financial position,"4,857","ANZSIC06 groups F371, F372, and F373"
2020,Level 4,FF115,Other Goods Wholesaling,Dollars (millions),H33,Other liabilities,Financial position,"1,915","ANZSIC06 groups F371, F372, and F373"
2020,Level 4,FF115,Other Goods Wholesaling,Dollars,H34,Total income per employee count,Financial ratios,"732,600","ANZSIC06 groups F371, F372, and F373"
2020,Level 4,FF115,Other Goods Wholesaling,Dollars,H35,Surplus per employee count,Financial ratios,"44,400","ANZSIC06 groups F371, F372, and F373"
2020,Level 4,FF115,Other Goods Wholesaling,Percentage,H36,Current ratio,Financial ratios,172,"ANZSIC06 groups F371, F372, and F373"
2020,Level 4,FF115,Other Goods Wholesaling,Percentage,H37,Quick ratio,Financial ratios,117,"ANZSIC06 groups F371, F372, and F373"
2020,Level 4,FF115,Other Goods Wholesaling,Percentage,H38,Margin on sales of goods for resale,Financial ratios,29,"ANZSIC06 groups F371, F372, and F373"
2020,Level 4,FF115,Other Goods Wholesaling,Percentage,H39,Return on equity,Financial ratios,22,"ANZSIC06 groups F371, F372, and F373"
2020,Level 4,FF115,Other Goods Wholesaling,Percentage,H40,Return on total assets,Financial ratios,9,"ANZSIC06 groups F371, F372, and F373"
2020,Level 4,FF115,Other Goods Wholesaling,Percentage,H41,Liabilities structure,Financial ratios,41,"ANZSIC06 groups F371, F372, and F373"
2020,Level 4,FF116,Commission Based Wholesaling,Dollars (millions),H01,Total income,Financial performance,"1,060",ANZSIC06 Group F380
2020,Level 4,FF116,Commission Based Wholesaling,Dollars (millions),H02,Sales of goods not further processed,Financial performance,141,ANZSIC06 Group F380
2020,Level 4,FF116,Commission Based Wholesaling,Dollars (millions),H03,Sales of other goods and services,Financial performance,886,ANZSIC06 Group F380
2020,Level 4,FF116,Commission Based Wholesaling,Dollars (millions),H05,"Interest, dividends and donations",Financial performance,16,ANZSIC06 Group F380
2020,Level 4,FF116,Commission Based Wholesaling,Dollars (millions),H06,"Government funding, grants and subsidies",Financial performance,8,ANZSIC06 Group F380
2020,Level 4,FF116,Commission Based Wholesaling,Dollars (millions),H07,Non-operating income,Financial performance,10,ANZSIC06 Group F380
2020,Level 4,FF116,Commission Based Wholesaling,Dollars (millions),H08,Total expenditure,Financial performance,828,ANZSIC06 Group F380
2020,Level 4,FF116,Commission Based Wholesaling,Dollars (millions),H09,Interest and donations,Financial performance,14,ANZSIC06 Group F380
2020,Level 4,FF116,Commission Based Wholesaling,Dollars (millions),H10,Indirect taxes,Financial performance,7,ANZSIC06 Group F380
2020,Level 4,FF116,Commission Based Wholesaling,Dollars (millions),H11,Depreciation,Financial performance,57,ANZSIC06 Group F380
2020,Level 4,FF116,Commission Based Wholesaling,Dollars (millions),H12,Salaries and wages paid,Financial performance,265,ANZSIC06 Group F380
2020,Level 4,FF116,Commission Based Wholesaling,Dollars (millions),H13,Redundancy and severance,Financial performance,0,ANZSIC06 Group F380
2020,Level 4,FF116,Commission Based Wholesaling,Dollars (millions),H17,Purchases of goods bought for resale,Financial performance,81,ANZSIC06 Group F380
2020,Level 4,FF116,Commission Based Wholesaling,Dollars (millions),H18,Other Purchases and operating expenses,Financial performance,384,ANZSIC06 Group F380
2020,Level 4,FF116,Commission Based Wholesaling,Dollars (millions),H20,Non-operating expenses,Financial performance,20,ANZSIC06 Group F380
2020,Level 4,FF116,Commission Based Wholesaling,Dollars (millions),H21,Opening stocks,Financial performance,80,ANZSIC06 Group F380
2020,Level 4,FF116,Commission Based Wholesaling,Dollars (millions),H22,Closing stocks,Financial performance,74,ANZSIC06 Group F380
2020,Level 4,FF116,Commission Based Wholesaling,Dollars (millions),H23,Surplus before income tax,Financial performance,226,ANZSIC06 Group F380
2020,Level 4,FF116,Commission Based Wholesaling,Dollars (millions),H24,Total assets,Financial position,"1,191",ANZSIC06 Group F380
2020,Level 4,FF116,Commission Based Wholesaling,Dollars (millions),H25,Current assets,Financial position,794,ANZSIC06 Group F380
2020,Level 4,FF116,Commission Based Wholesaling,Dollars (millions),H26,Fixed tangible assets,Financial position,179,ANZSIC06 Group F380
2020,Level 4,FF116,Commission Based Wholesaling,Dollars (millions),H27,Additions to fixed assets,Financial position,50,ANZSIC06 Group F380
2020,Level 4,FF116,Commission Based Wholesaling,Dollars (millions),H28,Disposals of fixed assets,Financial position,20,ANZSIC06 Group F380
2020,Level 4,FF116,Commission Based Wholesaling,Dollars (millions),H29,Other assets,Financial position,217,ANZSIC06 Group F380
2020,Level 4,FF116,Commission Based Wholesaling,Dollars (millions),H30,Total equity and liabilities,Financial position,"1,191",ANZSIC06 Group F380
2020,Level 4,FF116,Commission Based Wholesaling,Dollars (millions),H31,Shareholders funds or owners equity,Financial position,411,ANZSIC06 Group F380
2020,Level 4,FF116,Commission Based Wholesaling,Dollars (millions),H32,Current liabilities,Financial position,593,ANZSIC06 Group F380
2020,Level 4,FF116,Commission Based Wholesaling,Dollars (millions),H33,Other liabilities,Financial position,186,ANZSIC06 Group F380
2020,Level 4,FF116,Commission Based Wholesaling,Dollars,H34,Total income per employee count,Financial ratios,"272,000",ANZSIC06 Group F380
2020,Level 4,FF116,Commission Based Wholesaling,Dollars,H35,Surplus per employee count,Financial ratios,"58,000",ANZSIC06 Group F380
2020,Level 4,FF116,Commission Based Wholesaling,Percentage,H36,Current ratio,Financial ratios,134,ANZSIC06 Group F380
2020,Level 4,FF116,Commission Based Wholesaling,Percentage,H37,Quick ratio,Financial ratios,121,ANZSIC06 Group F380
2020,Level 4,FF116,Commission Based Wholesaling,Percentage,H38,Margin on sales of goods for resale,Financial ratios,43,ANZSIC06 Group F380
2020,Level 4,FF116,Commission Based Wholesaling,Percentage,H39,Return on equity,Financial ratios,55,ANZSIC06 Group F380
2020,Level 4,FF116,Commission Based Wholesaling,Percentage,H40,Return on total assets,Financial ratios,19,ANZSIC06 Group F380
2020,Level 4,FF116,Commission Based Wholesaling,Percentage,H41,Liabilities structure,Financial ratios,35,ANZSIC06 Group F380
2020,Level 1,GH,Retail Trade and Accommodation,Dollars (millions),H01,Total income,Financial performance,"96,247",ANZSIC06 divisions G and H
2020,Level 1,GH,Retail Trade and Accommodation,Dollars (millions),H02,Sales of goods not further processed,Financial performance,"79,202",ANZSIC06 divisions G and H
2020,Level 1,GH,Retail Trade and Accommodation,Dollars (millions),H03,Sales of other goods and services,Financial performance,"15,945",ANZSIC06 divisions G and H
2020,Level 1,GH,Retail Trade and Accommodation,Dollars (millions),H05,"Interest, dividends and donations",Financial performance,310,ANZSIC06 divisions G and H
2020,Level 1,GH,Retail Trade and Accommodation,Dollars (millions),H06,"Government funding, grants and subsidies",Financial performance,445,ANZSIC06 divisions G and H
2020,Level 1,GH,Retail Trade and Accommodation,Dollars (millions),H07,Non-operating income,Financial performance,346,ANZSIC06 divisions G and H
2020,Level 1,GH,Retail Trade and Accommodation,Dollars (millions),H08,Total expenditure,Financial performance,"91,919",ANZSIC06 divisions G and H
2020,Level 1,GH,Retail Trade and Accommodation,Dollars (millions),H09,Interest and donations,Financial performance,885,ANZSIC06 divisions G and H
2020,Level 1,GH,Retail Trade and Accommodation,Dollars (millions),H10,Indirect taxes,Financial performance,333,ANZSIC06 divisions G and H
2020,Level 1,GH,Retail Trade and Accommodation,Dollars (millions),H11,Depreciation,Financial performance,"2,393",ANZSIC06 divisions G and H
2020,Level 1,GH,Retail Trade and Accommodation,Dollars (millions),H12,Salaries and wages paid,Financial performance,"14,571",ANZSIC06 divisions G and H
2020,Level 1,GH,Retail Trade and Accommodation,Dollars (millions),H13,Redundancy and severance,Financial performance,28,ANZSIC06 divisions G and H
2020,Level 1,GH,Retail Trade and Accommodation,Dollars (millions),H17,Purchases of goods bought for resale,Financial performance,"57,308",ANZSIC06 divisions G and H
2020,Level 1,GH,Retail Trade and Accommodation,Dollars (millions),H18,Other Purchases and operating expenses,Financial performance,"16,030",ANZSIC06 divisions G and H
2020,Level 1,GH,Retail Trade and Accommodation,Dollars (millions),H20,Non-operating expenses,Financial performance,398,ANZSIC06 divisions G and H
2020,Level 1,GH,Retail Trade and Accommodation,Dollars (millions),H21,Opening stocks,Financial performance,"8,865",ANZSIC06 divisions G and H
2020,Level 1,GH,Retail Trade and Accommodation,Dollars (millions),H22,Closing stocks,Financial performance,"8,853",ANZSIC06 divisions G and H
2020,Level 1,GH,Retail Trade and Accommodation,Dollars (millions),H23,Surplus before income tax,Financial performance,"4,317",ANZSIC06 divisions G and H
2020,Level 1,GH,Retail Trade and Accommodation,Dollars (millions),H24,Total assets,Financial position,"59,728",ANZSIC06 divisions G and H
2020,Level 1,GH,Retail Trade and Accommodation,Dollars (millions),H25,Current assets,Financial position,"23,998",ANZSIC06 divisions G and H
2020,Level 1,GH,Retail Trade and Accommodation,Dollars (millions),H26,Fixed tangible assets,Financial position,"18,295",ANZSIC06 divisions G and H
2020,Level 1,GH,Retail Trade and Accommodation,Dollars (millions),H27,Additions to fixed assets,Financial position,"3,571",ANZSIC06 divisions G and H
2020,Level 1,GH,Retail Trade and Accommodation,Dollars (millions),H28,Disposals of fixed assets,Financial position,"1,610",ANZSIC06 divisions G and H
2020,Level 1,GH,Retail Trade and Accommodation,Dollars (millions),H29,Other assets,Financial position,"17,434",ANZSIC06 divisions G and H
2020,Level 1,GH,Retail Trade and Accommodation,Dollars (millions),H30,Total equity and liabilities,Financial position,"59,728",ANZSIC06 divisions G and H
2020,Level 1,GH,Retail Trade and Accommodation,Dollars (millions),H31,Shareholders funds or owners equity,Financial position,"18,874",ANZSIC06 divisions G and H
2020,Level 1,GH,Retail Trade and Accommodation,Dollars (millions),H32,Current liabilities,Financial position,"23,674",ANZSIC06 divisions G and H
2020,Level 1,GH,Retail Trade and Accommodation,Dollars (millions),H33,Other liabilities,Financial position,"17,179",ANZSIC06 divisions G and H
2020,Level 1,GH,Retail Trade and Accommodation,Dollars,H34,Total income per employee count,Financial ratios,"250,900",ANZSIC06 divisions G and H
2020,Level 1,GH,Retail Trade and Accommodation,Dollars,H35,Surplus per employee count,Financial ratios,"11,300",ANZSIC06 divisions G and H
2020,Level 1,GH,Retail Trade and Accommodation,Percentage,H36,Current ratio,Financial ratios,101,ANZSIC06 divisions G and H
2020,Level 1,GH,Retail Trade and Accommodation,Percentage,H37,Quick ratio,Financial ratios,64,ANZSIC06 divisions G and H
2020,Level 1,GH,Retail Trade and Accommodation,Percentage,H38,Margin on sales of goods for resale,Financial ratios,28,ANZSIC06 divisions G and H
2020,Level 1,GH,Retail Trade and Accommodation,Percentage,H39,Return on equity,Financial ratios,23,ANZSIC06 divisions G and H
2020,Level 1,GH,Retail Trade and Accommodation,Percentage,H40,Return on total assets,Financial ratios,7,ANZSIC06 divisions G and H
2020,Level 1,GH,Retail Trade and Accommodation,Percentage,H41,Liabilities structure,Financial ratios,32,ANZSIC06 divisions G and H
2020,Level 3,GH11,Motor Vehicle and Motor Vehicle Parts and Fuel Retailing,Dollars (millions),H01,Total income,Financial performance,"18,925","ANZSIC06 groups G391, G392, and G400"
2020,Level 3,GH11,Motor Vehicle and Motor Vehicle Parts and Fuel Retailing,Dollars (millions),H02,Sales of goods not further processed,Financial performance,"18,025","ANZSIC06 groups G391, G392, and G400"
2020,Level 3,GH11,Motor Vehicle and Motor Vehicle Parts and Fuel Retailing,Dollars (millions),H03,Sales of other goods and services,Financial performance,813,"ANZSIC06 groups G391, G392, and G400"
2020,Level 3,GH11,Motor Vehicle and Motor Vehicle Parts and Fuel Retailing,Dollars (millions),H05,"Interest, dividends and donations",Financial performance,39,"ANZSIC06 groups G391, G392, and G400"
2020,Level 3,GH11,Motor Vehicle and Motor Vehicle Parts and Fuel Retailing,Dollars (millions),H06,"Government funding, grants and subsidies",Financial performance,16,"ANZSIC06 groups G391, G392, and G400"
2020,Level 3,GH11,Motor Vehicle and Motor Vehicle Parts and Fuel Retailing,Dollars (millions),H07,Non-operating income,Financial performance,33,"ANZSIC06 groups G391, G392, and G400"
2020,Level 3,GH11,Motor Vehicle and Motor Vehicle Parts and Fuel Retailing,Dollars (millions),H08,Total expenditure,Financial performance,"18,484","ANZSIC06 groups G391, G392, and G400"
2020,Level 3,GH11,Motor Vehicle and Motor Vehicle Parts and Fuel Retailing,Dollars (millions),H09,Interest and donations,Financial performance,118,"ANZSIC06 groups G391, G392, and G400"
2020,Level 3,GH11,Motor Vehicle and Motor Vehicle Parts and Fuel Retailing,Dollars (millions),H10,Indirect taxes,Financial performance,45,"ANZSIC06 groups G391, G392, and G400"
2020,Level 3,GH11,Motor Vehicle and Motor Vehicle Parts and Fuel Retailing,Dollars (millions),H11,Depreciation,Financial performance,187,"ANZSIC06 groups G391, G392, and G400"
2020,Level 3,GH11,Motor Vehicle and Motor Vehicle Parts and Fuel Retailing,Dollars (millions),H12,Salaries and wages paid,Financial performance,"1,517","ANZSIC06 groups G391, G392, and G400"
2020,Level 3,GH11,Motor Vehicle and Motor Vehicle Parts and Fuel Retailing,Dollars (millions),H13,Redundancy and severance,Financial performance,1,"ANZSIC06 groups G391, G392, and G400"
2020,Level 3,GH11,Motor Vehicle and Motor Vehicle Parts and Fuel Retailing,Dollars (millions),H17,Purchases of goods bought for resale,Financial performance,"15,343","ANZSIC06 groups G391, G392, and G400"
2020,Level 3,GH11,Motor Vehicle and Motor Vehicle Parts and Fuel Retailing,Dollars (millions),H18,Other Purchases and operating expenses,Financial performance,"1,251","ANZSIC06 groups G391, G392, and G400"
2020,Level 3,GH11,Motor Vehicle and Motor Vehicle Parts and Fuel Retailing,Dollars (millions),H20,Non-operating expenses,Financial performance,23,"ANZSIC06 groups G391, G392, and G400"
2020,Level 3,GH11,Motor Vehicle and Motor Vehicle Parts and Fuel Retailing,Dollars (millions),H21,Opening stocks,Financial performance,"2,265","ANZSIC06 groups G391, G392, and G400"
2020,Level 3,GH11,Motor Vehicle and Motor Vehicle Parts and Fuel Retailing,Dollars (millions),H22,Closing stocks,Financial performance,"2,294","ANZSIC06 groups G391, G392, and G400"
2020,Level 3,GH11,Motor Vehicle and Motor Vehicle Parts and Fuel Retailing,Dollars (millions),H23,Surplus before income tax,Financial performance,470,"ANZSIC06 groups G391, G392, and G400"
2020,Level 3,GH11,Motor Vehicle and Motor Vehicle Parts and Fuel Retailing,Dollars (millions),H24,Total assets,Financial position,"6,448","ANZSIC06 groups G391, G392, and G400"
2020,Level 3,GH11,Motor Vehicle and Motor Vehicle Parts and Fuel Retailing,Dollars (millions),H25,Current assets,Financial position,"3,876","ANZSIC06 groups G391, G392, and G400"
2020,Level 3,GH11,Motor Vehicle and Motor Vehicle Parts and Fuel Retailing,Dollars (millions),H26,Fixed tangible assets,Financial position,"1,402","ANZSIC06 groups G391, G392, and G400"
2020,Level 3,GH11,Motor Vehicle and Motor Vehicle Parts and Fuel Retailing,Dollars (millions),H27,Additions to fixed assets,Financial position,328,"ANZSIC06 groups G391, G392, and G400"
2020,Level 3,GH11,Motor Vehicle and Motor Vehicle Parts and Fuel Retailing,Dollars (millions),H28,Disposals of fixed assets,Financial position,147,"ANZSIC06 groups G391, G392, and G400"
2020,Level 3,GH11,Motor Vehicle and Motor Vehicle Parts and Fuel Retailing,Dollars (millions),H29,Other assets,Financial position,"1,170","ANZSIC06 groups G391, G392, and G400"
2020,Level 3,GH11,Motor Vehicle and Motor Vehicle Parts and Fuel Retailing,Dollars (millions),H30,Total equity and liabilities,Financial position,"6,448","ANZSIC06 groups G391, G392, and G400"
2020,Level 3,GH11,Motor Vehicle and Motor Vehicle Parts and Fuel Retailing,Dollars (millions),H31,Shareholders funds or owners equity,Financial position,"2,212","ANZSIC06 groups G391, G392, and G400"
2020,Level 3,GH11,Motor Vehicle and Motor Vehicle Parts and Fuel Retailing,Dollars (millions),H32,Current liabilities,Financial position,"2,874","ANZSIC06 groups G391, G392, and G400"
2020,Level 3,GH11,Motor Vehicle and Motor Vehicle Parts and Fuel Retailing,Dollars (millions),H33,Other liabilities,Financial position,"1,362","ANZSIC06 groups G391, G392, and G400"
2020,Level 3,GH11,Motor Vehicle and Motor Vehicle Parts and Fuel Retailing,Dollars,H34,Total income per employee count,Financial ratios,"665,800","ANZSIC06 groups G391, G392, and G400"
2020,Level 3,GH11,Motor Vehicle and Motor Vehicle Parts and Fuel Retailing,Dollars,H35,Surplus per employee count,Financial ratios,"16,600","ANZSIC06 groups G391, G392, and G400"
2020,Level 3,GH11,Motor Vehicle and Motor Vehicle Parts and Fuel Retailing,Percentage,H36,Current ratio,Financial ratios,135,"ANZSIC06 groups G391, G392, and G400"
2020,Level 3,GH11,Motor Vehicle and Motor Vehicle Parts and Fuel Retailing,Percentage,H37,Quick ratio,Financial ratios,55,"ANZSIC06 groups G391, G392, and G400"
2020,Level 3,GH11,Motor Vehicle and Motor Vehicle Parts and Fuel Retailing,Percentage,H38,Margin on sales of goods for resale,Financial ratios,15,"ANZSIC06 groups G391, G392, and G400"
2020,Level 3,GH11,Motor Vehicle and Motor Vehicle Parts and Fuel Retailing,Percentage,H39,Return on equity,Financial ratios,21,"ANZSIC06 groups G391, G392, and G400"
2020,Level 3,GH11,Motor Vehicle and Motor Vehicle Parts and Fuel Retailing,Percentage,H40,Return on total assets,Financial ratios,7,"ANZSIC06 groups G391, G392, and G400"
2020,Level 3,GH11,Motor Vehicle and Motor Vehicle Parts and Fuel Retailing,Percentage,H41,Liabilities structure,Financial ratios,34,"ANZSIC06 groups G391, G392, and G400"
2020,Level 3,GH12,"Supermarket, Grocery Stores and Specialised Food Retailing",Dollars (millions),H01,Total income,Financial performance,"25,588",ANZSIC06 groups G411 and G412
2020,Level 3,GH12,"Supermarket, Grocery Stores and Specialised Food Retailing",Dollars (millions),H02,Sales of goods not further processed,Financial performance,"24,751",ANZSIC06 groups G411 and G412
