Year,Industry_aggregation_NZSIOC,Industry_code_NZSIOC,Industry_name_NZSIOC,Units,Variable_code,Variable_name,Variable_category,Value,Industry_code_ANZSIC06
2021,Level 3,CC91,Furniture and Other Manufacturing,Percentage,H38,Margin on sales of goods for resale,Financial ratios,33,ANZSIC06 groups C251 and C259
2021,Level 3,CC91,Furniture and Other Manufacturing,Percentage,H39,Return on equity,Financial ratios,43,ANZSIC06 groups C251 and C259
2021,Level 3,CC91,Furniture and Other Manufacturing,Percentage,H40,Return on total assets,Financial ratios,16,ANZSIC06 groups C251 and C259
2021,Level 3,CC91,Furniture and Other Manufacturing,Percentage,H41,Liabilities structure,Financial ratios,37,ANZSIC06 groups C251 and C259
2021,Level 4,CC911,Furniture Manufacturing,Dollars (millions),H01,Total income,Financial performance,"1,437",ANZSIC06 group C251
2021,Level 4,CC911,Furniture Manufacturing,Dollars (millions),H02,Sales of goods not further processed,Financial performance,77,ANZSIC06 group C251
2021,Level 4,CC911,Furniture Manufacturing,Dollars (millions),H03,Sales of other goods and services,Financial performance,"1,299",ANZSIC06 group C251
2021,Level 4,CC911,Furniture Manufacturing,Dollars (millions),H05,"Interest, dividends and donations",Financial performance,2,ANZSIC06 group C251
2021,Level 4,CC911,Furniture Manufacturing,Dollars (millions),H06,"Government funding, grants and subsidies",Financial performance,52,ANZSIC06 group C251
2021,Level 4,CC911,Furniture Manufacturing,Dollars (millions),H07,Non-operating income,Financial performance,5,ANZSIC06 group C251
2021,Level 4,CC911,Furniture Manufacturing,Dollars (millions),H08,Total expenditure,Financial performance,"1,296",ANZSIC06 group C251
2021,Level 4,CC911,Furniture Manufacturing,Dollars (millions),H09,Interest and donations,Financial performance,12,ANZSIC06 group C251
2021,Level 4,CC911,Furniture Manufacturing,Dollars (millions),H10,Indirect taxes,Financial performance,5,ANZSIC06 group C251
2021,Level 4,CC911,Furniture Manufacturing,Dollars (millions),H11,Depreciation,Financial performance,29,ANZSIC06 group C251
2021,Level 4,CC911,Furniture Manufacturing,Dollars (millions),H12,Salaries and wages paid,Financial performance,358,ANZSIC06 group C251
2021,Level 4,CC911,Furniture Manufacturing,Dollars (millions),H13,Redundancy and severance,Financial performance,C,ANZSIC06 group C251
2021,Level 4,CC911,Furniture Manufacturing,Dollars (millions),H17,Purchases of goods bought for resale,Financial performance,46,ANZSIC06 group C251
2021,Level 4,CC911,Furniture Manufacturing,Dollars (millions),H18,Other Purchases and operating expenses,Financial performance,840,ANZSIC06 group C251
2021,Level 4,CC911,Furniture Manufacturing,Dollars (millions),H20,Non-operating expenses,Financial performance,7,ANZSIC06 group C251
2021,Level 4,CC911,Furniture Manufacturing,Dollars (millions),H21,Opening stocks,Financial performance,123,ANZSIC06 group C251
2021,Level 4,CC911,Furniture Manufacturing,Dollars (millions),H22,Closing stocks,Financial performance,131,ANZSIC06 group C251
2021,Level 4,CC911,Furniture Manufacturing,Dollars (millions),H23,Surplus before income tax,Financial performance,148,ANZSIC06 group C251
2021,Level 4,CC911,Furniture Manufacturing,Dollars (millions),H24,Total assets,Financial position,889,ANZSIC06 group C251
2021,Level 4,CC911,Furniture Manufacturing,Dollars (millions),H25,Current assets,Financial position,535,ANZSIC06 group C251
2021,Level 4,CC911,Furniture Manufacturing,Dollars (millions),H26,Fixed tangible assets,Financial position,199,ANZSIC06 group C251
2021,Level 4,CC911,Furniture Manufacturing,Dollars (millions),H27,Additions to fixed assets,Financial position,37,ANZSIC06 group C251
2021,Level 4,CC911,Furniture Manufacturing,Dollars (millions),H28,Disposals of fixed assets,Financial position,26,ANZSIC06 group C251
2021,Level 4,CC911,Furniture Manufacturing,Dollars (millions),H29,Other assets,Financial position,155,ANZSIC06 group C251
2021,Level 4,CC911,Furniture Manufacturing,Dollars (millions),H30,Total equity and liabilities,Financial position,889,ANZSIC06 group C251
2021,Level 4,CC911,Furniture Manufacturing,Dollars (millions),H31,Shareholders funds or owners equity,Financial position,342,ANZSIC06 group C251
2021,Level 4,CC911,Furniture Manufacturing,Dollars (millions),H32,Current liabilities,Financial position,368,ANZSIC06 group C251
2021,Level 4,CC911,Furniture Manufacturing,Dollars (millions),H33,Other liabilities,Financial position,179,ANZSIC06 group C251
2021,Level 4,CC911,Furniture Manufacturing,Dollars,H34,Total income per employee count,Financial ratios,"246,500",ANZSIC06 group C251
2021,Level 4,CC911,Furniture Manufacturing,Dollars,H35,Surplus per employee count,Financial ratios,"25,500",ANZSIC06 group C251
2021,Level 4,CC911,Furniture Manufacturing,Percentage,H36,Current ratio,Financial ratios,145,ANZSIC06 group C251
2021,Level 4,CC911,Furniture Manufacturing,Percentage,H37,Quick ratio,Financial ratios,110,ANZSIC06 group C251
2021,Level 4,CC911,Furniture Manufacturing,Percentage,H38,Margin on sales of goods for resale,Financial ratios,41,ANZSIC06 group C251
2021,Level 4,CC911,Furniture Manufacturing,Percentage,H39,Return on equity,Financial ratios,43,ANZSIC06 group C251
2021,Level 4,CC911,Furniture Manufacturing,Percentage,H40,Return on total assets,Financial ratios,17,ANZSIC06 group C251
2021,Level 4,CC911,Furniture Manufacturing,Percentage,H41,Liabilities structure,Financial ratios,38,ANZSIC06 group C251
2021,Level 4,CC912,Other Manufacturing,Dollars (millions),H01,Total income,Financial performance,975,ANZSIC06 group C259
2021,Level 4,CC912,Other Manufacturing,Dollars (millions),H02,Sales of goods not further processed,Financial performance,112,ANZSIC06 group C259
2021,Level 4,CC912,Other Manufacturing,Dollars (millions),H03,Sales of other goods and services,Financial performance,830,ANZSIC06 group C259
2021,Level 4,CC912,Other Manufacturing,Dollars (millions),H05,"Interest, dividends and donations",Financial performance,2,ANZSIC06 group C259
2021,Level 4,CC912,Other Manufacturing,Dollars (millions),H06,"Government funding, grants and subsidies",Financial performance,28,ANZSIC06 group C259
2021,Level 4,CC912,Other Manufacturing,Dollars (millions),H07,Non-operating income,Financial performance,3,ANZSIC06 group C259
2021,Level 4,CC912,Other Manufacturing,Dollars (millions),H08,Total expenditure,Financial performance,887,ANZSIC06 group C259
2021,Level 4,CC912,Other Manufacturing,Dollars (millions),H09,Interest and donations,Financial performance,9,ANZSIC06 group C259
2021,Level 4,CC912,Other Manufacturing,Dollars (millions),H10,Indirect taxes,Financial performance,2,ANZSIC06 group C259
2021,Level 4,CC912,Other Manufacturing,Dollars (millions),H11,Depreciation,Financial performance,20,ANZSIC06 group C259
2021,Level 4,CC912,Other Manufacturing,Dollars (millions),H12,Salaries and wages paid,Financial performance,194,ANZSIC06 group C259
2021,Level 4,CC912,Other Manufacturing,Dollars (millions),H13,Redundancy and severance,Financial performance,C,ANZSIC06 group C259
2021,Level 4,CC912,Other Manufacturing,Dollars (millions),H17,Purchases of goods bought for resale,Financial performance,82,ANZSIC06 group C259
2021,Level 4,CC912,Other Manufacturing,Dollars (millions),H18,Other Purchases and operating expenses,Financial performance,575,ANZSIC06 group C259
2021,Level 4,CC912,Other Manufacturing,Dollars (millions),H20,Non-operating expenses,Financial performance,4,ANZSIC06 group C259
2021,Level 4,CC912,Other Manufacturing,Dollars (millions),H21,Opening stocks,Financial performance,135,ANZSIC06 group C259
2021,Level 4,CC912,Other Manufacturing,Dollars (millions),H22,Closing stocks,Financial performance,147,ANZSIC06 group C259
2021,Level 4,CC912,Other Manufacturing,Dollars (millions),H23,Surplus before income tax,Financial performance,101,ANZSIC06 group C259
2021,Level 4,CC912,Other Manufacturing,Dollars (millions),H24,Total assets,Financial position,687,ANZSIC06 group C259
2021,Level 4,CC912,Other Manufacturing,Dollars (millions),H25,Current assets,Financial position,411,ANZSIC06 group C259
2021,Level 4,CC912,Other Manufacturing,Dollars (millions),H26,Fixed tangible assets,Financial position,156,ANZSIC06 group C259
2021,Level 4,CC912,Other Manufacturing,Dollars (millions),H27,Additions to fixed assets,Financial position,28,ANZSIC06 group C259
2021,Level 4,CC912,Other Manufacturing,Dollars (millions),H28,Disposals of fixed assets,Financial position,17,ANZSIC06 group C259
2021,Level 4,CC912,Other Manufacturing,Dollars (millions),H29,Other assets,Financial position,119,ANZSIC06 group C259
2021,Level 4,CC912,Other Manufacturing,Dollars (millions),H30,Total equity and liabilities,Financial position,687,ANZSIC06 group C259
2021,Level 4,CC912,Other Manufacturing,Dollars (millions),H31,Shareholders funds or owners equity,Financial position,234,ANZSIC06 group C259
2021,Level 4,CC912,Other Manufacturing,Dollars (millions),H32,Current liabilities,Financial position,295,ANZSIC06 group C259
2021,Level 4,CC912,Other Manufacturing,Dollars (millions),H33,Other liabilities,Financial position,158,ANZSIC06 group C259
2021,Level 4,CC912,Other Manufacturing,Dollars,H34,Total income per employee count,Financial ratios,"309,500",ANZSIC06 group C259
2021,Level 4,CC912,Other Manufacturing,Dollars,H35,Surplus per employee count,Financial ratios,"32,000",ANZSIC06 group C259
2021,Level 4,CC912,Other Manufacturing,Percentage,H36,Current ratio,Financial ratios,139,ANZSIC06 group C259
2021,Level 4,CC912,Other Manufacturing,Percentage,H37,Quick ratio,Financial ratios,90,ANZSIC06 group C259
2021,Level 4,CC912,Other Manufacturing,Percentage,H38,Margin on sales of goods for resale,Financial ratios,27,ANZSIC06 group C259
2021,Level 4,CC912,Other Manufacturing,Percentage,H39,Return on equity,Financial ratios,43,ANZSIC06 group C259
2021,Level 4,CC912,Other Manufacturing,Percentage,H40,Return on total assets,Financial ratios,15,ANZSIC06 group C259
2021,Level 4,CC912,Other Manufacturing,Percentage,H41,Liabilities structure,Financial ratios,34,ANZSIC06 group C259
2021,Level 1,DD,"Electricity, Gas, Water and Waste Services",Dollars (millions),H01,Total income,Financial performance,"24,936",ANZSIC06 division D
2021,Level 1,DD,"Electricity, Gas, Water and Waste Services",Dollars (millions),H04,Sales of goods and services,Financial performance,"22,784",ANZSIC06 division D
2021,Level 1,DD,"Electricity, Gas, Water and Waste Services",Dollars (millions),H05,"Interest, dividends and donations",Financial performance,269,ANZSIC06 division D
2021,Level 1,DD,"Electricity, Gas, Water and Waste Services",Dollars (millions),H06,"Government funding, grants and subsidies",Financial performance,55,ANZSIC06 division D
2021,Level 1,DD,"Electricity, Gas, Water and Waste Services",Dollars (millions),H07,Non-operating income,Financial performance,"1,829",ANZSIC06 division D
2021,Level 1,DD,"Electricity, Gas, Water and Waste Services",Dollars (millions),H08,Total expenditure,Financial performance,"21,150",ANZSIC06 division D
2021,Level 1,DD,"Electricity, Gas, Water and Waste Services",Dollars (millions),H09,Interest and donations,Financial performance,881,ANZSIC06 division D
2021,Level 1,DD,"Electricity, Gas, Water and Waste Services",Dollars (millions),H10,Indirect taxes,Financial performance,106,ANZSIC06 division D
2021,Level 1,DD,"Electricity, Gas, Water and Waste Services",Dollars (millions),H11,Depreciation,Financial performance,"2,620",ANZSIC06 division D
2021,Level 1,DD,"Electricity, Gas, Water and Waste Services",Dollars (millions),H12,Salaries and wages paid,Financial performance,"1,739",ANZSIC06 division D
2021,Level 1,DD,"Electricity, Gas, Water and Waste Services",Dollars (millions),H13,Redundancy and severance,Financial performance,4,ANZSIC06 division D
2021,Level 1,DD,"Electricity, Gas, Water and Waste Services",Dollars (millions),H19,Purchases and other operating expenses,Financial performance,"15,031",ANZSIC06 division D
2021,Level 1,DD,"Electricity, Gas, Water and Waste Services",Dollars (millions),H20,Non-operating expenses,Financial performance,772,ANZSIC06 division D
2021,Level 1,DD,"Electricity, Gas, Water and Waste Services",Dollars (millions),H21,Opening stocks,Financial performance,361,ANZSIC06 division D
2021,Level 1,DD,"Electricity, Gas, Water and Waste Services",Dollars (millions),H22,Closing stocks,Financial performance,370,ANZSIC06 division D
2021,Level 1,DD,"Electricity, Gas, Water and Waste Services",Dollars (millions),H23,Surplus before income tax,Financial performance,"3,795",ANZSIC06 division D
2021,Level 1,DD,"Electricity, Gas, Water and Waste Services",Dollars (millions),H24,Total assets,Financial position,"81,502",ANZSIC06 division D
2021,Level 1,DD,"Electricity, Gas, Water and Waste Services",Dollars (millions),H25,Current assets,Financial position,"7,040",ANZSIC06 division D
2021,Level 1,DD,"Electricity, Gas, Water and Waste Services",Dollars (millions),H26,Fixed tangible assets,Financial position,"64,005",ANZSIC06 division D
2021,Level 1,DD,"Electricity, Gas, Water and Waste Services",Dollars (millions),H27,Additions to fixed assets,Financial position,"3,612",ANZSIC06 division D
2021,Level 1,DD,"Electricity, Gas, Water and Waste Services",Dollars (millions),H28,Disposals of fixed assets,Financial position,401,ANZSIC06 division D
2021,Level 1,DD,"Electricity, Gas, Water and Waste Services",Dollars (millions),H29,Other assets,Financial position,"10,457",ANZSIC06 division D
2021,Level 1,DD,"Electricity, Gas, Water and Waste Services",Dollars (millions),H30,Total equity and liabilities,Financial position,"81,502",ANZSIC06 division D
2021,Level 1,DD,"Electricity, Gas, Water and Waste Services",Dollars (millions),H31,Shareholders funds or owners equity,Financial position,"40,535",ANZSIC06 division D
2021,Level 1,DD,"Electricity, Gas, Water and Waste Services",Dollars (millions),H32,Current liabilities,Financial position,"8,574",ANZSIC06 division D
2021,Level 1,DD,"Electricity, Gas, Water and Waste Services",Dollars (millions),H33,Other liabilities,Financial position,"32,393",ANZSIC06 division D
2021,Level 1,DD,"Electricity, Gas, Water and Waste Services",Dollars,H34,Total income per employee count,Financial ratios,"1,211,500",ANZSIC06 division D
2021,Level 1,DD,"Electricity, Gas, Water and Waste Services",Dollars,H35,Surplus per employee count,Financial ratios,"184,400",ANZSIC06 division D
2021,Level 1,DD,"Electricity, Gas, Water and Waste Services",Percentage,H36,Current ratio,Financial ratios,82,ANZSIC06 division D
2021,Level 1,DD,"Electricity, Gas, Water and Waste Services",Percentage,H37,Quick ratio,Financial ratios,78,ANZSIC06 division D
2021,Level 1,DD,"Electricity, Gas, Water and Waste Services",Percentage,H39,Return on equity,Financial ratios,9,ANZSIC06 division D
2021,Level 1,DD,"Electricity, Gas, Water and Waste Services",Percentage,H40,Return on total assets,Financial ratios,5,ANZSIC06 division D
2021,Level 1,DD,"Electricity, Gas, Water and Waste Services",Percentage,H41,Liabilities structure,Financial ratios,50,ANZSIC06 division D
2021,Level 3,DD11,Electricity and Gas Supply,Dollars (millions),H01,Total income,Financial performance,"20,693","ANZSIC06 groups D261, D262, D263, D264, and D270"
2021,Level 3,DD11,Electricity and Gas Supply,Dollars (millions),H04,Sales of goods and services,Financial performance,"19,595","ANZSIC06 groups D261, D262, D263, D264, and D270"
2021,Level 3,DD11,Electricity and Gas Supply,Dollars (millions),H05,"Interest, dividends and donations",Financial performance,C,"ANZSIC06 groups D261, D262, D263, D264, and D270"
2021,Level 3,DD11,Electricity and Gas Supply,Dollars (millions),H06,"Government funding, grants and subsidies",Financial performance,C,"ANZSIC06 groups D261, D262, D263, D264, and D270"
2021,Level 3,DD11,Electricity and Gas Supply,Dollars (millions),H07,Non-operating income,Financial performance,844,"ANZSIC06 groups D261, D262, D263, D264, and D270"
2021,Level 3,DD11,Electricity and Gas Supply,Dollars (millions),H08,Total expenditure,Financial performance,"18,339","ANZSIC06 groups D261, D262, D263, D264, and D270"
2021,Level 3,DD11,Electricity and Gas Supply,Dollars (millions),H09,Interest and donations,Financial performance,772,"ANZSIC06 groups D261, D262, D263, D264, and D270"
2021,Level 3,DD11,Electricity and Gas Supply,Dollars (millions),H10,Indirect taxes,Financial performance,76,"ANZSIC06 groups D261, D262, D263, D264, and D270"
2021,Level 3,DD11,Electricity and Gas Supply,Dollars (millions),H11,Depreciation,Financial performance,"2,117","ANZSIC06 groups D261, D262, D263, D264, and D270"
2021,Level 3,DD11,Electricity and Gas Supply,Dollars (millions),H12,Salaries and wages paid,Financial performance,"1,151","ANZSIC06 groups D261, D262, D263, D264, and D270"
2021,Level 3,DD11,Electricity and Gas Supply,Dollars (millions),H13,Redundancy and severance,Financial performance,4,"ANZSIC06 groups D261, D262, D263, D264, and D270"
2021,Level 3,DD11,Electricity and Gas Supply,Dollars (millions),H19,Purchases and other operating expenses,Financial performance,"13,472","ANZSIC06 groups D261, D262, D263, D264, and D270"
2021,Level 3,DD11,Electricity and Gas Supply,Dollars (millions),H20,Non-operating expenses,Financial performance,752,"ANZSIC06 groups D261, D262, D263, D264, and D270"
2021,Level 3,DD11,Electricity and Gas Supply,Dollars (millions),H21,Opening stocks,Financial performance,310,"ANZSIC06 groups D261, D262, D263, D264, and D270"
2021,Level 3,DD11,Electricity and Gas Supply,Dollars (millions),H22,Closing stocks,Financial performance,325,"ANZSIC06 groups D261, D262, D263, D264, and D270"
2021,Level 3,DD11,Electricity and Gas Supply,Dollars (millions),H23,Surplus before income tax,Financial performance,"2,369","ANZSIC06 groups D261, D262, D263, D264, and D270"
2021,Level 3,DD11,Electricity and Gas Supply,Dollars (millions),H24,Total assets,Financial position,"64,951","ANZSIC06 groups D261, D262, D263, D264, and D270"
2021,Level 3,DD11,Electricity and Gas Supply,Dollars (millions),H25,Current assets,Financial position,"6,217","ANZSIC06 groups D261, D262, D263, D264, and D270"
2021,Level 3,DD11,Electricity and Gas Supply,Dollars (millions),H26,Fixed tangible assets,Financial position,"49,501","ANZSIC06 groups D261, D262, D263, D264, and D270"
2021,Level 3,DD11,Electricity and Gas Supply,Dollars (millions),H27,Additions to fixed assets,Financial position,"2,453","ANZSIC06 groups D261, D262, D263, D264, and D270"
2021,Level 3,DD11,Electricity and Gas Supply,Dollars (millions),H28,Disposals of fixed assets,Financial position,330,"ANZSIC06 groups D261, D262, D263, D264, and D270"
2021,Level 3,DD11,Electricity and Gas Supply,Dollars (millions),H29,Other assets,Financial position,"9,233","ANZSIC06 groups D261, D262, D263, D264, and D270"
2021,Level 3,DD11,Electricity and Gas Supply,Dollars (millions),H30,Total equity and liabilities,Financial position,"64,951","ANZSIC06 groups D261, D262, D263, D264, and D270"
2021,Level 3,DD11,Electricity and Gas Supply,Dollars (millions),H31,Shareholders funds or owners equity,Financial position,"30,495","ANZSIC06 groups D261, D262, D263, D264, and D270"
2021,Level 3,DD11,Electricity and Gas Supply,Dollars (millions),H32,Current liabilities,Financial position,"7,564","ANZSIC06 groups D261, D262, D263, D264, and D270"
2021,Level 3,DD11,Electricity and Gas Supply,Dollars (millions),H33,Other liabilities,Financial position,"26,891","ANZSIC06 groups D261, D262, D263, D264, and D270"
2021,Level 3,DD11,Electricity and Gas Supply,Dollars,H34,Total income per employee count,Financial ratios,"1,723,300","ANZSIC06 groups D261, D262, D263, D264, and D270"
2021,Level 3,DD11,Electricity and Gas Supply,Dollars,H35,Surplus per employee count,Financial ratios,"197,300","ANZSIC06 groups D261, D262, D263, D264, and D270"
2021,Level 3,DD11,Electricity and Gas Supply,Percentage,H36,Current ratio,Financial ratios,82,"ANZSIC06 groups D261, D262, D263, D264, and D270"
2021,Level 3,DD11,Electricity and Gas Supply,Percentage,H37,Quick ratio,Financial ratios,78,"ANZSIC06 groups D261, D262, D263, D264, and D270"
2021,Level 3,DD11,Electricity and Gas Supply,Percentage,H39,Return on equity,Financial ratios,8,"ANZSIC06 groups D261, D262, D263, D264, and D270"
2021,Level 3,DD11,Electricity and Gas Supply,Percentage,H40,Return on total assets,Financial ratios,4,"ANZSIC06 groups D261, D262, D263, D264, and D270"
2021,Level 3,DD11,Electricity and Gas Supply,Percentage,H41,Liabilities structure,Financial ratios,47,"ANZSIC06 groups D261, D262, D263, D264, and D270"
2021,Level 3,DD12,"Water, Sewerage, Drainage and Waste Services",Dollars (millions),H01,Total income,Financial performance,"4,242","ANZSIC06 groups D281, D291, and D292"
2021,Level 3,DD12,"Water, Sewerage, Drainage and Waste Services",Dollars (millions),H04,Sales of goods and services,Financial performance,"3,189","ANZSIC06 groups D281, D291, and D292"
2021,Level 3,DD12,"Water, Sewerage, Drainage and Waste Services",Dollars (millions),H05,"Interest, dividends and donations",Financial performance,C,"ANZSIC06 groups D281, D291, and D292"
2021,Level 3,DD12,"Water, Sewerage, Drainage and Waste Services",Dollars (millions),H06,"Government funding, grants and subsidies",Financial performance,C,"ANZSIC06 groups D281, D291, and D292"
2021,Level 3,DD12,"Water, Sewerage, Drainage and Waste Services",Dollars (millions),H07,Non-operating income,Financial performance,984,"ANZSIC06 groups D281, D291, and D292"
2021,Level 3,DD12,"Water, Sewerage, Drainage and Waste Services",Dollars (millions),H08,Total expenditure,Financial performance,"2,810","ANZSIC06 groups D281, D291, and D292"
2021,Level 3,DD12,"Water, Sewerage, Drainage and Waste Services",Dollars (millions),H09,Interest and donations,Financial performance,110,"ANZSIC06 groups D281, D291, and D292"
2021,Level 3,DD12,"Water, Sewerage, Drainage and Waste Services",Dollars (millions),H10,Indirect taxes,Financial performance,31,"ANZSIC06 groups D281, D291, and D292"
2021,Level 3,DD12,"Water, Sewerage, Drainage and Waste Services",Dollars (millions),H11,Depreciation,Financial performance,503,"ANZSIC06 groups D281, D291, and D292"
2021,Level 3,DD12,"Water, Sewerage, Drainage and Waste Services",Dollars (millions),H12,Salaries and wages paid,Financial performance,588,"ANZSIC06 groups D281, D291, and D292"
2021,Level 3,DD12,"Water, Sewerage, Drainage and Waste Services",Dollars (millions),H13,Redundancy and severance,Financial performance,1,"ANZSIC06 groups D281, D291, and D292"
2021,Level 3,DD12,"Water, Sewerage, Drainage and Waste Services",Dollars (millions),H19,Purchases and other operating expenses,Financial performance,"1,559","ANZSIC06 groups D281, D291, and D292"
2021,Level 3,DD12,"Water, Sewerage, Drainage and Waste Services",Dollars (millions),H20,Non-operating expenses,Financial performance,20,"ANZSIC06 groups D281, D291, and D292"
2021,Level 3,DD12,"Water, Sewerage, Drainage and Waste Services",Dollars (millions),H21,Opening stocks,Financial performance,51,"ANZSIC06 groups D281, D291, and D292"
2021,Level 3,DD12,"Water, Sewerage, Drainage and Waste Services",Dollars (millions),H22,Closing stocks,Financial performance,45,"ANZSIC06 groups D281, D291, and D292"
2021,Level 3,DD12,"Water, Sewerage, Drainage and Waste Services",Dollars (millions),H23,Surplus before income tax,Financial performance,"1,426","ANZSIC06 groups D281, D291, and D292"
2021,Level 3,DD12,"Water, Sewerage, Drainage and Waste Services",Dollars (millions),H24,Total assets,Financial position,"16,551","ANZSIC06 groups D281, D291, and D292"
2021,Level 3,DD12,"Water, Sewerage, Drainage and Waste Services",Dollars (millions),H25,Current assets,Financial position,823,"ANZSIC06 groups D281, D291, and D292"
2021,Level 3,DD12,"Water, Sewerage, Drainage and Waste Services",Dollars (millions),H26,Fixed tangible assets,Financial position,"14,503","ANZSIC06 groups D281, D291, and D292"
2021,Level 3,DD12,"Water, Sewerage, Drainage and Waste Services",Dollars (millions),H27,Additions to fixed assets,Financial position,"1,159","ANZSIC06 groups D281, D291, and D292"
2021,Level 3,DD12,"Water, Sewerage, Drainage and Waste Services",Dollars (millions),H28,Disposals of fixed assets,Financial position,70,"ANZSIC06 groups D281, D291, and D292"
2021,Level 3,DD12,"Water, Sewerage, Drainage and Waste Services",Dollars (millions),H29,Other assets,Financial position,"1,225","ANZSIC06 groups D281, D291, and D292"
2021,Level 3,DD12,"Water, Sewerage, Drainage and Waste Services",Dollars (millions),H30,Total equity and liabilities,Financial position,"16,551","ANZSIC06 groups D281, D291, and D292"
2021,Level 3,DD12,"Water, Sewerage, Drainage and Waste Services",Dollars (millions),H31,Shareholders funds or owners equity,Financial position,"10,039","ANZSIC06 groups D281, D291, and D292"
2021,Level 3,DD12,"Water, Sewerage, Drainage and Waste Services",Dollars (millions),H32,Current liabilities,Financial position,"1,010","ANZSIC06 groups D281, D291, and D292"
2021,Level 3,DD12,"Water, Sewerage, Drainage and Waste Services",Dollars (millions),H33,Other liabilities,Financial position,"5,502","ANZSIC06 groups D281, D291, and D292"
2021,Level 3,DD12,"Water, Sewerage, Drainage and Waste Services",Dollars,H34,Total income per employee count,Financial ratios,"494,800","ANZSIC06 groups D281, D291, and D292"
2021,Level 3,DD12,"Water, Sewerage, Drainage and Waste Services",Dollars,H35,Surplus per employee count,Financial ratios,"166,300","ANZSIC06 groups D281, D291, and D292"
2021,Level 3,DD12,"Water, Sewerage, Drainage and Waste Services",Percentage,H36,Current ratio,Financial ratios,81,"ANZSIC06 groups D281, D291, and D292"
2021,Level 3,DD12,"Water, Sewerage, Drainage and Waste Services",Percentage,H37,Quick ratio,Financial ratios,77,"ANZSIC06 groups D281, D291, and D292"
2021,Level 3,DD12,"Water, Sewerage, Drainage and Waste Services",Percentage,H39,Return on equity,Financial ratios,14,"ANZSIC06 groups D281, D291, and D292"
2021,Level 3,DD12,"Water, Sewerage, Drainage and Waste Services",Percentage,H40,Return on total assets,Financial ratios,9,"ANZSIC06 groups D281, D291, and D292"
2021,Level 3,DD12,"Water, Sewerage, Drainage and Waste Services",Percentage,H41,Liabilities structure,Financial ratios,61,"ANZSIC06 groups D281, D291, and D292"
2021,Level 1,EE,Construction,Dollars (millions),H01,Total income,Financial performance,"75,961",ANZSIC06 division E
2021,Level 1,EE,Construction,Dollars (millions),H04,Sales of goods and services,Financial performance,"73,432",ANZSIC06 division E
2021,Level 1,EE,Construction,Dollars (millions),H05,"Interest, dividends and donations",Financial performance,488,ANZSIC06 division E
2021,Level 1,EE,Construction,Dollars (millions),H06,"Government funding, grants and subsidies",Financial performance,"1,708",ANZSIC06 division E
2021,Level 1,EE,Construction,Dollars (millions),H07,Non-operating income,Financial performance,333,ANZSIC06 division E
2021,Level 1,EE,Construction,Dollars (millions),H08,Total expenditure,Financial performance,"69,360",ANZSIC06 division E
2021,Level 1,EE,Construction,Dollars (millions),H09,Interest and donations,Financial performance,689,ANZSIC06 division E
2021,Level 1,EE,Construction,Dollars (millions),H10,Indirect taxes,Financial performance,272,ANZSIC06 division E
2021,Level 1,EE,Construction,Dollars (millions),H11,Depreciation,Financial performance,"1,644",ANZSIC06 division E
2021,Level 1,EE,Construction,Dollars (millions),H12,Salaries and wages paid,Financial performance,"15,434",ANZSIC06 division E
2021,Level 1,EE,Construction,Dollars (millions),H13,Redundancy and severance,Financial performance,4,ANZSIC06 division E
2021,Level 1,EE,Construction,Dollars (millions),H19,Purchases and other operating expenses,Financial performance,"50,803",ANZSIC06 division E
2021,Level 1,EE,Construction,Dollars (millions),H20,Non-operating expenses,Financial performance,517,ANZSIC06 division E
2021,Level 1,EE,Construction,Dollars (millions),H21,Opening stocks,Financial performance,"9,118",ANZSIC06 division E
2021,Level 1,EE,Construction,Dollars (millions),H22,Closing stocks,Financial performance,"8,893",ANZSIC06 division E
2021,Level 1,EE,Construction,Dollars (millions),H23,Surplus before income tax,Financial performance,"6,376",ANZSIC06 division E
2021,Level 1,EE,Construction,Dollars (millions),H24,Total assets,Financial position,"51,493",ANZSIC06 division E
2021,Level 1,EE,Construction,Dollars (millions),H25,Current assets,Financial position,"30,995",ANZSIC06 division E
2021,Level 1,EE,Construction,Dollars (millions),H26,Fixed tangible assets,Financial position,"12,010",ANZSIC06 division E
2021,Level 1,EE,Construction,Dollars (millions),H27,Additions to fixed assets,Financial position,"3,183",ANZSIC06 division E
2021,Level 1,EE,Construction,Dollars (millions),H28,Disposals of fixed assets,Financial position,"1,363",ANZSIC06 division E
2021,Level 1,EE,Construction,Dollars (millions),H29,Other assets,Financial position,"8,488",ANZSIC06 division E
2021,Level 1,EE,Construction,Dollars (millions),H30,Total equity and liabilities,Financial position,"51,493",ANZSIC06 division E
2021,Level 1,EE,Construction,Dollars (millions),H31,Shareholders funds or owners equity,Financial position,"15,269",ANZSIC06 division E
2021,Level 1,EE,Construction,Dollars (millions),H32,Current liabilities,Financial position,"22,625",ANZSIC06 division E
