Year,Industry_aggregation_NZSIOC,Industry_code_NZSIOC,Industry_name_NZSIOC,Units,Variable_code,Variable_name,Variable_category,Value,Industry_code_ANZSIC06
2020,Level 3,GH12,"Supermarket, Grocery Stores and Specialised Food Retailing",Dollars (millions),H03,Sales of other goods and services,Financial performance,722,ANZSIC06 groups G411 and G412
2020,Level 3,GH12,"Supermarket, Grocery Stores and Specialised Food Retailing",Dollars (millions),H05,"Interest, dividends and donations",Financial performance,50,ANZSIC06 groups G411 and G412
2020,Level 3,GH12,"Supermarket, Grocery Stores and Specialised Food Retailing",Dollars (millions),H06,"Government funding, grants and subsidies",Financial performance,9,ANZSIC06 groups G411 and G412
2020,Level 3,GH12,"Supermarket, Grocery Stores and Specialised Food Retailing",Dollars (millions),H07,Non-operating income,Financial performance,56,ANZSIC06 groups G411 and G412
2020,Level 3,GH12,"Supermarket, Grocery Stores and Specialised Food Retailing",Dollars (millions),H08,Total expenditure,Financial performance,"24,574",ANZSIC06 groups G411 and G412
2020,Level 3,GH12,"Supermarket, Grocery Stores and Specialised Food Retailing",Dollars (millions),H09,Interest and donations,Financial performance,156,ANZSIC06 groups G411 and G412
2020,Level 3,GH12,"Supermarket, Grocery Stores and Specialised Food Retailing",Dollars (millions),H10,Indirect taxes,Financial performance,39,ANZSIC06 groups G411 and G412
2020,Level 3,GH12,"Supermarket, Grocery Stores and Specialised Food Retailing",Dollars (millions),H11,Depreciation,Financial performance,463,ANZSIC06 groups G411 and G412
2020,Level 3,GH12,"Supermarket, Grocery Stores and Specialised Food Retailing",Dollars (millions),H12,Salaries and wages paid,Financial performance,"2,537",ANZSIC06 groups G411 and G412
2020,Level 3,GH12,"Supermarket, Grocery Stores and Specialised Food Retailing",Dollars (millions),H13,Redundancy and severance,Financial performance,0,ANZSIC06 groups G411 and G412
2020,Level 3,GH12,"Supermarket, Grocery Stores and Specialised Food Retailing",Dollars (millions),H17,Purchases of goods bought for resale,Financial performance,"19,522",ANZSIC06 groups G411 and G412
2020,Level 3,GH12,"Supermarket, Grocery Stores and Specialised Food Retailing",Dollars (millions),H18,Other Purchases and operating expenses,Financial performance,"1,835",ANZSIC06 groups G411 and G412
2020,Level 3,GH12,"Supermarket, Grocery Stores and Specialised Food Retailing",Dollars (millions),H20,Non-operating expenses,Financial performance,22,ANZSIC06 groups G411 and G412
2020,Level 3,GH12,"Supermarket, Grocery Stores and Specialised Food Retailing",Dollars (millions),H21,Opening stocks,Financial performance,"1,141",ANZSIC06 groups G411 and G412
2020,Level 3,GH12,"Supermarket, Grocery Stores and Specialised Food Retailing",Dollars (millions),H22,Closing stocks,Financial performance,"1,171",ANZSIC06 groups G411 and G412
2020,Level 3,GH12,"Supermarket, Grocery Stores and Specialised Food Retailing",Dollars (millions),H23,Surplus before income tax,Financial performance,"1,045",ANZSIC06 groups G411 and G412
2020,Level 3,GH12,"Supermarket, Grocery Stores and Specialised Food Retailing",Dollars (millions),H24,Total assets,Financial position,"10,746",ANZSIC06 groups G411 and G412
2020,Level 3,GH12,"Supermarket, Grocery Stores and Specialised Food Retailing",Dollars (millions),H25,Current assets,Financial position,"4,542",ANZSIC06 groups G411 and G412
2020,Level 3,GH12,"Supermarket, Grocery Stores and Specialised Food Retailing",Dollars (millions),H26,Fixed tangible assets,Financial position,"2,415",ANZSIC06 groups G411 and G412
2020,Level 3,GH12,"Supermarket, Grocery Stores and Specialised Food Retailing",Dollars (millions),H27,Additions to fixed assets,Financial position,487,ANZSIC06 groups G411 and G412
2020,Level 3,GH12,"Supermarket, Grocery Stores and Specialised Food Retailing",Dollars (millions),H28,Disposals of fixed assets,Financial position,199,ANZSIC06 groups G411 and G412
2020,Level 3,GH12,"Supermarket, Grocery Stores and Specialised Food Retailing",Dollars (millions),H29,Other assets,Financial position,"3,788",ANZSIC06 groups G411 and G412
2020,Level 3,GH12,"Supermarket, Grocery Stores and Specialised Food Retailing",Dollars (millions),H30,Total equity and liabilities,Financial position,"10,746",ANZSIC06 groups G411 and G412
2020,Level 3,GH12,"Supermarket, Grocery Stores and Specialised Food Retailing",Dollars (millions),H31,Shareholders funds or owners equity,Financial position,"3,147",ANZSIC06 groups G411 and G412
2020,Level 3,GH12,"Supermarket, Grocery Stores and Specialised Food Retailing",Dollars (millions),H32,Current liabilities,Financial position,"4,761",ANZSIC06 groups G411 and G412
2020,Level 3,GH12,"Supermarket, Grocery Stores and Specialised Food Retailing",Dollars (millions),H33,Other liabilities,Financial position,"2,838",ANZSIC06 groups G411 and G412
2020,Level 3,GH12,"Supermarket, Grocery Stores and Specialised Food Retailing",Dollars,H34,Total income per employee count,Financial ratios,"357,800",ANZSIC06 groups G411 and G412
2020,Level 3,GH12,"Supermarket, Grocery Stores and Specialised Food Retailing",Dollars,H35,Surplus per employee count,Financial ratios,"14,600",ANZSIC06 groups G411 and G412
2020,Level 3,GH12,"Supermarket, Grocery Stores and Specialised Food Retailing",Percentage,H36,Current ratio,Financial ratios,95,ANZSIC06 groups G411 and G412
2020,Level 3,GH12,"Supermarket, Grocery Stores and Specialised Food Retailing",Percentage,H37,Quick ratio,Financial ratios,71,ANZSIC06 groups G411 and G412
2020,Level 3,GH12,"Supermarket, Grocery Stores and Specialised Food Retailing",Percentage,H38,Margin on sales of goods for resale,Financial ratios,21,ANZSIC06 groups G411 and G412
2020,Level 3,GH12,"Supermarket, Grocery Stores and Specialised Food Retailing",Percentage,H39,Return on equity,Financial ratios,33,ANZSIC06 groups G411 and G412
2020,Level 3,GH12,"Supermarket, Grocery Stores and Specialised Food Retailing",Percentage,H40,Return on total assets,Financial ratios,10,ANZSIC06 groups G411 and G412
2020,Level 3,GH12,"Supermarket, Grocery Stores and Specialised Food Retailing",Percentage,H41,Liabilities structure,Financial ratios,29,ANZSIC06 groups G411 and G412
2020,Level 3,GH13,Other Store-Based Retailing and Non Store Retailing,Dollars (millions),H01,Total income,Financial performance,"34,865","ANZSIC06 groups G421, G422, G423, G424, G425, G426, G427, G431, and G432"
2020,Level 3,GH13,Other Store-Based Retailing and Non Store Retailing,Dollars (millions),H02,Sales of goods not further processed,Financial performance,"32,643","ANZSIC06 groups G421, G422, G423, G424, G425, G426, G427, G431, and G432"
2020,Level 3,GH13,Other Store-Based Retailing and Non Store Retailing,Dollars (millions),H03,Sales of other goods and services,Financial performance,"1,741","ANZSIC06 groups G421, G422, G423, G424, G425, G426, G427, G431, and G432"
2020,Level 3,GH13,Other Store-Based Retailing and Non Store Retailing,Dollars (millions),H05,"Interest, dividends and donations",Financial performance,116,"ANZSIC06 groups G421, G422, G423, G424, G425, G426, G427, G431, and G432"
2020,Level 3,GH13,Other Store-Based Retailing and Non Store Retailing,Dollars (millions),H06,"Government funding, grants and subsidies",Financial performance,297,"ANZSIC06 groups G421, G422, G423, G424, G425, G426, G427, G431, and G432"
2020,Level 3,GH13,Other Store-Based Retailing and Non Store Retailing,Dollars (millions),H07,Non-operating income,Financial performance,69,"ANZSIC06 groups G421, G422, G423, G424, G425, G426, G427, G431, and G432"
2020,Level 3,GH13,Other Store-Based Retailing and Non Store Retailing,Dollars (millions),H08,Total expenditure,Financial performance,"33,095","ANZSIC06 groups G421, G422, G423, G424, G425, G426, G427, G431, and G432"
2020,Level 3,GH13,Other Store-Based Retailing and Non Store Retailing,Dollars (millions),H09,Interest and donations,Financial performance,341,"ANZSIC06 groups G421, G422, G423, G424, G425, G426, G427, G431, and G432"
2020,Level 3,GH13,Other Store-Based Retailing and Non Store Retailing,Dollars (millions),H10,Indirect taxes,Financial performance,114,"ANZSIC06 groups G421, G422, G423, G424, G425, G426, G427, G431, and G432"
2020,Level 3,GH13,Other Store-Based Retailing and Non Store Retailing,Dollars (millions),H11,Depreciation,Financial performance,"1,133","ANZSIC06 groups G421, G422, G423, G424, G425, G426, G427, G431, and G432"
2020,Level 3,GH13,Other Store-Based Retailing and Non Store Retailing,Dollars (millions),H12,Salaries and wages paid,Financial performance,"5,375","ANZSIC06 groups G421, G422, G423, G424, G425, G426, G427, G431, and G432"
2020,Level 3,GH13,Other Store-Based Retailing and Non Store Retailing,Dollars (millions),H13,Redundancy and severance,Financial performance,24,"ANZSIC06 groups G421, G422, G423, G424, G425, G426, G427, G431, and G432"
2020,Level 3,GH13,Other Store-Based Retailing and Non Store Retailing,Dollars (millions),H17,Purchases of goods bought for resale,Financial performance,"20,795","ANZSIC06 groups G421, G422, G423, G424, G425, G426, G427, G431, and G432"
2020,Level 3,GH13,Other Store-Based Retailing and Non Store Retailing,Dollars (millions),H18,Other Purchases and operating expenses,Financial performance,"5,124","ANZSIC06 groups G421, G422, G423, G424, G425, G426, G427, G431, and G432"
2020,Level 3,GH13,Other Store-Based Retailing and Non Store Retailing,Dollars (millions),H20,Non-operating expenses,Financial performance,213,"ANZSIC06 groups G421, G422, G423, G424, G425, G426, G427, G431, and G432"
2020,Level 3,GH13,Other Store-Based Retailing and Non Store Retailing,Dollars (millions),H21,Opening stocks,Financial performance,"5,158","ANZSIC06 groups G421, G422, G423, G424, G425, G426, G427, G431, and G432"
2020,Level 3,GH13,Other Store-Based Retailing and Non Store Retailing,Dollars (millions),H22,Closing stocks,Financial performance,"5,083","ANZSIC06 groups G421, G422, G423, G424, G425, G426, G427, G431, and G432"
2020,Level 3,GH13,Other Store-Based Retailing and Non Store Retailing,Dollars (millions),H23,Surplus before income tax,Financial performance,"1,695","ANZSIC06 groups G421, G422, G423, G424, G425, G426, G427, G431, and G432"
2020,Level 3,GH13,Other Store-Based Retailing and Non Store Retailing,Dollars (millions),H24,Total assets,Financial position,"22,241","ANZSIC06 groups G421, G422, G423, G424, G425, G426, G427, G431, and G432"
2020,Level 3,GH13,Other Store-Based Retailing and Non Store Retailing,Dollars (millions),H25,Current assets,Financial position,"11,021","ANZSIC06 groups G421, G422, G423, G424, G425, G426, G427, G431, and G432"
2020,Level 3,GH13,Other Store-Based Retailing and Non Store Retailing,Dollars (millions),H26,Fixed tangible assets,Financial position,"3,178","ANZSIC06 groups G421, G422, G423, G424, G425, G426, G427, G431, and G432"
2020,Level 3,GH13,Other Store-Based Retailing and Non Store Retailing,Dollars (millions),H27,Additions to fixed assets,Financial position,845,"ANZSIC06 groups G421, G422, G423, G424, G425, G426, G427, G431, and G432"
2020,Level 3,GH13,Other Store-Based Retailing and Non Store Retailing,Dollars (millions),H28,Disposals of fixed assets,Financial position,303,"ANZSIC06 groups G421, G422, G423, G424, G425, G426, G427, G431, and G432"
2020,Level 3,GH13,Other Store-Based Retailing and Non Store Retailing,Dollars (millions),H29,Other assets,Financial position,"8,042","ANZSIC06 groups G421, G422, G423, G424, G425, G426, G427, G431, and G432"
2020,Level 3,GH13,Other Store-Based Retailing and Non Store Retailing,Dollars (millions),H30,Total equity and liabilities,Financial position,"22,241","ANZSIC06 groups G421, G422, G423, G424, G425, G426, G427, G431, and G432"
2020,Level 3,GH13,Other Store-Based Retailing and Non Store Retailing,Dollars (millions),H31,Shareholders funds or owners equity,Financial position,"6,373","ANZSIC06 groups G421, G422, G423, G424, G425, G426, G427, G431, and G432"
2020,Level 3,GH13,Other Store-Based Retailing and Non Store Retailing,Dollars (millions),H32,Current liabilities,Financial position,"9,191","ANZSIC06 groups G421, G422, G423, G424, G425, G426, G427, G431, and G432"
2020,Level 3,GH13,Other Store-Based Retailing and Non Store Retailing,Dollars (millions),H33,Other liabilities,Financial position,"6,677","ANZSIC06 groups G421, G422, G423, G424, G425, G426, G427, G431, and G432"
2020,Level 3,GH13,Other Store-Based Retailing and Non Store Retailing,Dollars,H34,Total income per employee count,Financial ratios,"296,000","ANZSIC06 groups G421, G422, G423, G424, G425, G426, G427, G431, and G432"
2020,Level 3,GH13,Other Store-Based Retailing and Non Store Retailing,Dollars,H35,Surplus per employee count,Financial ratios,"14,400","ANZSIC06 groups G421, G422, G423, G424, G425, G426, G427, G431, and G432"
2020,Level 3,GH13,Other Store-Based Retailing and Non Store Retailing,Percentage,H36,Current ratio,Financial ratios,120,"ANZSIC06 groups G421, G422, G423, G424, G425, G426, G427, G431, and G432"
2020,Level 3,GH13,Other Store-Based Retailing and Non Store Retailing,Percentage,H37,Quick ratio,Financial ratios,65,"ANZSIC06 groups G421, G422, G423, G424, G425, G426, G427, G431, and G432"
2020,Level 3,GH13,Other Store-Based Retailing and Non Store Retailing,Percentage,H38,Margin on sales of goods for resale,Financial ratios,36,"ANZSIC06 groups G421, G422, G423, G424, G425, G426, G427, G431, and G432"
2020,Level 3,GH13,Other Store-Based Retailing and Non Store Retailing,Percentage,H39,Return on equity,Financial ratios,27,"ANZSIC06 groups G421, G422, G423, G424, G425, G426, G427, G431, and G432"
2020,Level 3,GH13,Other Store-Based Retailing and Non Store Retailing,Percentage,H40,Return on total assets,Financial ratios,8,"ANZSIC06 groups G421, G422, G423, G424, G425, G426, G427, G431, and G432"
2020,Level 3,GH13,Other Store-Based Retailing and Non Store Retailing,Percentage,H41,Liabilities structure,Financial ratios,29,"ANZSIC06 groups G421, G422, G423, G424, G425, G426, G427, G431, and G432"
2020,Level 4,GH131,"Furniture, Electrical and Hardware Retailing",Dollars (millions),H01,Total income,Financial performance,"14,692","ANZSIC06 groups G421, G422, and G423"
2020,Level 4,GH131,"Furniture, Electrical and Hardware Retailing",Dollars (millions),H02,Sales of goods not further processed,Financial performance,"14,084","ANZSIC06 groups G421, G422, and G423"
2020,Level 4,GH131,"Furniture, Electrical and Hardware Retailing",Dollars (millions),H03,Sales of other goods and services,Financial performance,439,"ANZSIC06 groups G421, G422, and G423"
2020,Level 4,GH131,"Furniture, Electrical and Hardware Retailing",Dollars (millions),H05,"Interest, dividends and donations",Financial performance,50,"ANZSIC06 groups G421, G422, and G423"
2020,Level 4,GH131,"Furniture, Electrical and Hardware Retailing",Dollars (millions),H06,"Government funding, grants and subsidies",Financial performance,97,"ANZSIC06 groups G421, G422, and G423"
2020,Level 4,GH131,"Furniture, Electrical and Hardware Retailing",Dollars (millions),H07,Non-operating income,Financial performance,22,"ANZSIC06 groups G421, G422, and G423"
2020,Level 4,GH131,"Furniture, Electrical and Hardware Retailing",Dollars (millions),H08,Total expenditure,Financial performance,"14,003","ANZSIC06 groups G421, G422, and G423"
2020,Level 4,GH131,"Furniture, Electrical and Hardware Retailing",Dollars (millions),H09,Interest and donations,Financial performance,98,"ANZSIC06 groups G421, G422, and G423"
2020,Level 4,GH131,"Furniture, Electrical and Hardware Retailing",Dollars (millions),H10,Indirect taxes,Financial performance,50,"ANZSIC06 groups G421, G422, and G423"
2020,Level 4,GH131,"Furniture, Electrical and Hardware Retailing",Dollars (millions),H11,Depreciation,Financial performance,312,"ANZSIC06 groups G421, G422, and G423"
2020,Level 4,GH131,"Furniture, Electrical and Hardware Retailing",Dollars (millions),H12,Salaries and wages paid,Financial performance,"2,077","ANZSIC06 groups G421, G422, and G423"
2020,Level 4,GH131,"Furniture, Electrical and Hardware Retailing",Dollars (millions),H13,Redundancy and severance,Financial performance,2,"ANZSIC06 groups G421, G422, and G423"
2020,Level 4,GH131,"Furniture, Electrical and Hardware Retailing",Dollars (millions),H17,Purchases of goods bought for resale,Financial performance,"9,795","ANZSIC06 groups G421, G422, and G423"
2020,Level 4,GH131,"Furniture, Electrical and Hardware Retailing",Dollars (millions),H18,Other Purchases and operating expenses,Financial performance,"1,578","ANZSIC06 groups G421, G422, and G423"
2020,Level 4,GH131,"Furniture, Electrical and Hardware Retailing",Dollars (millions),H20,Non-operating expenses,Financial performance,93,"ANZSIC06 groups G421, G422, and G423"
2020,Level 4,GH131,"Furniture, Electrical and Hardware Retailing",Dollars (millions),H21,Opening stocks,Financial performance,"1,991","ANZSIC06 groups G421, G422, and G423"
2020,Level 4,GH131,"Furniture, Electrical and Hardware Retailing",Dollars (millions),H22,Closing stocks,Financial performance,"2,004","ANZSIC06 groups G421, G422, and G423"
2020,Level 4,GH131,"Furniture, Electrical and Hardware Retailing",Dollars (millions),H23,Surplus before income tax,Financial performance,703,"ANZSIC06 groups G421, G422, and G423"
2020,Level 4,GH131,"Furniture, Electrical and Hardware Retailing",Dollars (millions),H24,Total assets,Financial position,"7,833","ANZSIC06 groups G421, G422, and G423"
2020,Level 4,GH131,"Furniture, Electrical and Hardware Retailing",Dollars (millions),H25,Current assets,Financial position,"4,218","ANZSIC06 groups G421, G422, and G423"
2020,Level 4,GH131,"Furniture, Electrical and Hardware Retailing",Dollars (millions),H26,Fixed tangible assets,Financial position,"1,180","ANZSIC06 groups G421, G422, and G423"
2020,Level 4,GH131,"Furniture, Electrical and Hardware Retailing",Dollars (millions),H27,Additions to fixed assets,Financial position,326,"ANZSIC06 groups G421, G422, and G423"
2020,Level 4,GH131,"Furniture, Electrical and Hardware Retailing",Dollars (millions),H28,Disposals of fixed assets,Financial position,76,"ANZSIC06 groups G421, G422, and G423"
2020,Level 4,GH131,"Furniture, Electrical and Hardware Retailing",Dollars (millions),H29,Other assets,Financial position,"2,435","ANZSIC06 groups G421, G422, and G423"
2020,Level 4,GH131,"Furniture, Electrical and Hardware Retailing",Dollars (millions),H30,Total equity and liabilities,Financial position,"7,833","ANZSIC06 groups G421, G422, and G423"
2020,Level 4,GH131,"Furniture, Electrical and Hardware Retailing",Dollars (millions),H31,Shareholders funds or owners equity,Financial position,"2,315","ANZSIC06 groups G421, G422, and G423"
2020,Level 4,GH131,"Furniture, Electrical and Hardware Retailing",Dollars (millions),H32,Current liabilities,Financial position,"3,485","ANZSIC06 groups G421, G422, and G423"
2020,Level 4,GH131,"Furniture, Electrical and Hardware Retailing",Dollars (millions),H33,Other liabilities,Financial position,"2,033","ANZSIC06 groups G421, G422, and G423"
2020,Level 4,GH131,"Furniture, Electrical and Hardware Retailing",Dollars,H34,Total income per employee count,Financial ratios,"376,000","ANZSIC06 groups G421, G422, and G423"
2020,Level 4,GH131,"Furniture, Electrical and Hardware Retailing",Dollars,H35,Surplus per employee count,Financial ratios,"18,000","ANZSIC06 groups G421, G422, and G423"
2020,Level 4,GH131,"Furniture, Electrical and Hardware Retailing",Percentage,H36,Current ratio,Financial ratios,121,"ANZSIC06 groups G421, G422, and G423"
2020,Level 4,GH131,"Furniture, Electrical and Hardware Retailing",Percentage,H37,Quick ratio,Financial ratios,64,"ANZSIC06 groups G421, G422, and G423"
2020,Level 4,GH131,"Furniture, Electrical and Hardware Retailing",Percentage,H38,Margin on sales of goods for resale,Financial ratios,30,"ANZSIC06 groups G421, G422, and G423"
2020,Level 4,GH131,"Furniture, Electrical and Hardware Retailing",Percentage,H39,Return on equity,Financial ratios,30,"ANZSIC06 groups G421, G422, and G423"
2020,Level 4,GH131,"Furniture, Electrical and Hardware Retailing",Percentage,H40,Return on total assets,Financial ratios,9,"ANZSIC06 groups G421, G422, and G423"
2020,Level 4,GH131,"Furniture, Electrical and Hardware Retailing",Percentage,H41,Liabilities structure,Financial ratios,30,"ANZSIC06 groups G421, G422, and G423"
2020,Level 4,GH132,"Recreational, Clothing, Footwear and Personal Accessory Retailing",Dollars (millions),H01,Total income,Financial performance,"6,765",ANZSIC06 groups G424 and G425
2020,Level 4,GH132,"Recreational, Clothing, Footwear and Personal Accessory Retailing",Dollars (millions),H02,Sales of goods not further processed,Financial performance,"6,441",ANZSIC06 groups G424 and G425
2020,Level 4,GH132,"Recreational, Clothing, Footwear and Personal Accessory Retailing",Dollars (millions),H03,Sales of other goods and services,Financial performance,207,ANZSIC06 groups G424 and G425
2020,Level 4,GH132,"Recreational, Clothing, Footwear and Personal Accessory Retailing",Dollars (millions),H05,"Interest, dividends and donations",Financial performance,C,ANZSIC06 groups G424 and G425
2020,Level 4,GH132,"Recreational, Clothing, Footwear and Personal Accessory Retailing",Dollars (millions),H06,"Government funding, grants and subsidies",Financial performance,74,ANZSIC06 groups G424 and G425
2020,Level 4,GH132,"Recreational, Clothing, Footwear and Personal Accessory Retailing",Dollars (millions),H07,Non-operating income,Financial performance,C,ANZSIC06 groups G424 and G425
2020,Level 4,GH132,"Recreational, Clothing, Footwear and Personal Accessory Retailing",Dollars (millions),H08,Total expenditure,Financial performance,"6,385",ANZSIC06 groups G424 and G425
2020,Level 4,GH132,"Recreational, Clothing, Footwear and Personal Accessory Retailing",Dollars (millions),H09,Interest and donations,Financial performance,71,ANZSIC06 groups G424 and G425
2020,Level 4,GH132,"Recreational, Clothing, Footwear and Personal Accessory Retailing",Dollars (millions),H10,Indirect taxes,Financial performance,19,ANZSIC06 groups G424 and G425
2020,Level 4,GH132,"Recreational, Clothing, Footwear and Personal Accessory Retailing",Dollars (millions),H11,Depreciation,Financial performance,288,ANZSIC06 groups G424 and G425
2020,Level 4,GH132,"Recreational, Clothing, Footwear and Personal Accessory Retailing",Dollars (millions),H12,Salaries and wages paid,Financial performance,"1,155",ANZSIC06 groups G424 and G425
2020,Level 4,GH132,"Recreational, Clothing, Footwear and Personal Accessory Retailing",Dollars (millions),H13,Redundancy and severance,Financial performance,C,ANZSIC06 groups G424 and G425
2020,Level 4,GH132,"Recreational, Clothing, Footwear and Personal Accessory Retailing",Dollars (millions),H17,Purchases of goods bought for resale,Financial performance,"3,427",ANZSIC06 groups G424 and G425
2020,Level 4,GH132,"Recreational, Clothing, Footwear and Personal Accessory Retailing",Dollars (millions),H18,Other Purchases and operating expenses,Financial performance,"1,352",ANZSIC06 groups G424 and G425
2020,Level 4,GH132,"Recreational, Clothing, Footwear and Personal Accessory Retailing",Dollars (millions),H20,Non-operating expenses,Financial performance,75,ANZSIC06 groups G424 and G425
2020,Level 4,GH132,"Recreational, Clothing, Footwear and Personal Accessory Retailing",Dollars (millions),H21,Opening stocks,Financial performance,"1,443",ANZSIC06 groups G424 and G425
2020,Level 4,GH132,"Recreational, Clothing, Footwear and Personal Accessory Retailing",Dollars (millions),H22,Closing stocks,Financial performance,"1,401",ANZSIC06 groups G424 and G425
2020,Level 4,GH132,"Recreational, Clothing, Footwear and Personal Accessory Retailing",Dollars (millions),H23,Surplus before income tax,Financial performance,338,ANZSIC06 groups G424 and G425
2020,Level 4,GH132,"Recreational, Clothing, Footwear and Personal Accessory Retailing",Dollars (millions),H24,Total assets,Financial position,"5,288",ANZSIC06 groups G424 and G425
2020,Level 4,GH132,"Recreational, Clothing, Footwear and Personal Accessory Retailing",Dollars (millions),H25,Current assets,Financial position,"2,905",ANZSIC06 groups G424 and G425
2020,Level 4,GH132,"Recreational, Clothing, Footwear and Personal Accessory Retailing",Dollars (millions),H26,Fixed tangible assets,Financial position,713,ANZSIC06 groups G424 and G425
2020,Level 4,GH132,"Recreational, Clothing, Footwear and Personal Accessory Retailing",Dollars (millions),H27,Additions to fixed assets,Financial position,211,ANZSIC06 groups G424 and G425
2020,Level 4,GH132,"Recreational, Clothing, Footwear and Personal Accessory Retailing",Dollars (millions),H28,Disposals of fixed assets,Financial position,107,ANZSIC06 groups G424 and G425
2020,Level 4,GH132,"Recreational, Clothing, Footwear and Personal Accessory Retailing",Dollars (millions),H29,Other assets,Financial position,"1,670",ANZSIC06 groups G424 and G425
2020,Level 4,GH132,"Recreational, Clothing, Footwear and Personal Accessory Retailing",Dollars (millions),H30,Total equity and liabilities,Financial position,"5,288",ANZSIC06 groups G424 and G425
2020,Level 4,GH132,"Recreational, Clothing, Footwear and Personal Accessory Retailing",Dollars (millions),H31,Shareholders funds or owners equity,Financial position,"1,682",ANZSIC06 groups G424 and G425
2020,Level 4,GH132,"Recreational, Clothing, Footwear and Personal Accessory Retailing",Dollars (millions),H32,Current liabilities,Financial position,"2,294",ANZSIC06 groups G424 and G425
2020,Level 4,GH132,"Recreational, Clothing, Footwear and Personal Accessory Retailing",Dollars (millions),H33,Other liabilities,Financial position,"1,313",ANZSIC06 groups G424 and G425
2020,Level 4,GH132,"Recreational, Clothing, Footwear and Personal Accessory Retailing",Dollars,H34,Total income per employee count,Financial ratios,"212,100",ANZSIC06 groups G424 and G425
2020,Level 4,GH132,"Recreational, Clothing, Footwear and Personal Accessory Retailing",Dollars,H35,Surplus per employee count,Financial ratios,"10,600",ANZSIC06 groups G424 and G425
2020,Level 4,GH132,"Recreational, Clothing, Footwear and Personal Accessory Retailing",Percentage,H36,Current ratio,Financial ratios,127,ANZSIC06 groups G424 and G425
2020,Level 4,GH132,"Recreational, Clothing, Footwear and Personal Accessory Retailing",Percentage,H37,Quick ratio,Financial ratios,66,ANZSIC06 groups G424 and G425
2020,Level 4,GH132,"Recreational, Clothing, Footwear and Personal Accessory Retailing",Percentage,H38,Margin on sales of goods for resale,Financial ratios,47,ANZSIC06 groups G424 and G425
2020,Level 4,GH132,"Recreational, Clothing, Footwear and Personal Accessory Retailing",Percentage,H39,Return on equity,Financial ratios,20,ANZSIC06 groups G424 and G425
2020,Level 4,GH132,"Recreational, Clothing, Footwear and Personal Accessory Retailing",Percentage,H40,Return on total assets,Financial ratios,6,ANZSIC06 groups G424 and G425
2020,Level 4,GH132,"Recreational, Clothing, Footwear and Personal Accessory Retailing",Percentage,H41,Liabilities structure,Financial ratios,32,ANZSIC06 groups G424 and G425
2020,Level 4,GH133,Department Stores,Dollars (millions),H01,Total income,Financial performance,"5,272",ANZSIC06 group G426
2020,Level 4,GH133,Department Stores,Dollars (millions),H02,Sales of goods not further processed,Financial performance,"5,116",ANZSIC06 group G426
2020,Level 4,GH133,Department Stores,Dollars (millions),H03,Sales of other goods and services,Financial performance,47,ANZSIC06 group G426
2020,Level 4,GH133,Department Stores,Dollars (millions),H05,"Interest, dividends and donations",Financial performance,C,ANZSIC06 group G426
2020,Level 4,GH133,Department Stores,Dollars (millions),H06,"Government funding, grants and subsidies",Financial performance,100,ANZSIC06 group G426
2020,Level 4,GH133,Department Stores,Dollars (millions),H07,Non-operating income,Financial performance,C,ANZSIC06 group G426
2020,Level 4,GH133,Department Stores,Dollars (millions),H08,Total expenditure,Financial performance,"5,006",ANZSIC06 group G426
2020,Level 4,GH133,Department Stores,Dollars (millions),H09,Interest and donations,Financial performance,99,ANZSIC06 group G426
2020,Level 4,GH133,Department Stores,Dollars (millions),H10,Indirect taxes,Financial performance,27,ANZSIC06 group G426
2020,Level 4,GH133,Department Stores,Dollars (millions),H11,Depreciation,Financial performance,278,ANZSIC06 group G426
2020,Level 4,GH133,Department Stores,Dollars (millions),H12,Salaries and wages paid,Financial performance,896,ANZSIC06 group G426
2020,Level 4,GH133,Department Stores,Dollars (millions),H13,Redundancy and severance,Financial performance,C,ANZSIC06 group G426
2020,Level 4,GH133,Department Stores,Dollars (millions),H17,Purchases of goods bought for resale,Financial performance,"3,131",ANZSIC06 group G426
2020,Level 4,GH133,Department Stores,Dollars (millions),H18,Other Purchases and operating expenses,Financial performance,566,ANZSIC06 group G426
2020,Level 4,GH133,Department Stores,Dollars (millions),H20,Non-operating expenses,Financial performance,8,ANZSIC06 group G426
2020,Level 4,GH133,Department Stores,Dollars (millions),H21,Opening stocks,Financial performance,827,ANZSIC06 group G426
2020,Level 4,GH133,Department Stores,Dollars (millions),H22,Closing stocks,Financial performance,756,ANZSIC06 group G426
2020,Level 4,GH133,Department Stores,Dollars (millions),H23,Surplus before income tax,Financial performance,196,ANZSIC06 group G426
2020,Level 4,GH133,Department Stores,Dollars (millions),H24,Total assets,Financial position,"4,159",ANZSIC06 group G426
2020,Level 4,GH133,Department Stores,Dollars (millions),H25,Current assets,Financial position,"1,437",ANZSIC06 group G426
2020,Level 4,GH133,Department Stores,Dollars (millions),H26,Fixed tangible assets,Financial position,527,ANZSIC06 group G426
2020,Level 4,GH133,Department Stores,Dollars (millions),H27,Additions to fixed assets,Financial position,130,ANZSIC06 group G426
2020,Level 4,GH133,Department Stores,Dollars (millions),H28,Disposals of fixed assets,Financial position,20,ANZSIC06 group G426
2020,Level 4,GH133,Department Stores,Dollars (millions),H29,Other assets,Financial position,"2,196",ANZSIC06 group G426
2020,Level 4,GH133,Department Stores,Dollars (millions),H30,Total equity and liabilities,Financial position,"4,159",ANZSIC06 group G426
2020,Level 4,GH133,Department Stores,Dollars (millions),H31,Shareholders funds or owners equity,Financial position,"1,095",ANZSIC06 group G426
2020,Level 4,GH133,Department Stores,Dollars (millions),H32,Current liabilities,Financial position,"1,041",ANZSIC06 group G426
2020,Level 4,GH133,Department Stores,Dollars (millions),H33,Other liabilities,Financial position,"2,023",ANZSIC06 group G426
2020,Level 4,GH133,Department Stores,Dollars,H34,Total income per employee count,Financial ratios,"258,700",ANZSIC06 group G426
2020,Level 4,GH133,Department Stores,Dollars,H35,Surplus per employee count,Financial ratios,"9,600",ANZSIC06 group G426
2020,Level 4,GH133,Department Stores,Percentage,H36,Current ratio,Financial ratios,138,ANZSIC06 group G426
2020,Level 4,GH133,Department Stores,Percentage,H37,Quick ratio,Financial ratios,65,ANZSIC06 group G426
2020,Level 4,GH133,Department Stores,Percentage,H38,Margin on sales of goods for resale,Financial ratios,39,ANZSIC06 group G426
2020,Level 4,GH133,Department Stores,Percentage,H39,Return on equity,Financial ratios,18,ANZSIC06 group G426
2020,Level 4,GH133,Department Stores,Percentage,H40,Return on total assets,Financial ratios,5,ANZSIC06 group G426
2020,Level 4,GH133,Department Stores,Percentage,H41,Liabilities structure,Financial ratios,26,ANZSIC06 group G426
2020,Level 4,GH134,Pharmaceutical and Other Store Based Retailing,Dollars (millions),H01,Total income,Financial performance,"6,299",ANZSIC06 group G427
2020,Level 4,GH134,Pharmaceutical and Other Store Based Retailing,Dollars (millions),H02,Sales of goods not further processed,Financial performance,"5,356",ANZSIC06 group G427
2020,Level 4,GH134,Pharmaceutical and Other Store Based Retailing,Dollars (millions),H03,Sales of other goods and services,Financial performance,878,ANZSIC06 group G427
2020,Level 4,GH134,Pharmaceutical and Other Store Based Retailing,Dollars (millions),H05,"Interest, dividends and donations",Financial performance,25,ANZSIC06 group G427
2020,Level 4,GH134,Pharmaceutical and Other Store Based Retailing,Dollars (millions),H06,"Government funding, grants and subsidies",Financial performance,21,ANZSIC06 group G427
2020,Level 4,GH134,Pharmaceutical and Other Store Based Retailing,Dollars (millions),H07,Non-operating income,Financial performance,18,ANZSIC06 group G427
2020,Level 4,GH134,Pharmaceutical and Other Store Based Retailing,Dollars (millions),H08,Total expenditure,Financial performance,"5,924",ANZSIC06 group G427
2020,Level 4,GH134,Pharmaceutical and Other Store Based Retailing,Dollars (millions),H09,Interest and donations,Financial performance,54,ANZSIC06 group G427
2020,Level 4,GH134,Pharmaceutical and Other Store Based Retailing,Dollars (millions),H10,Indirect taxes,Financial performance,15,ANZSIC06 group G427
2020,Level 4,GH134,Pharmaceutical and Other Store Based Retailing,Dollars (millions),H11,Depreciation,Financial performance,215,ANZSIC06 group G427
2020,Level 4,GH134,Pharmaceutical and Other Store Based Retailing,Dollars (millions),H12,Salaries and wages paid,Financial performance,"1,016",ANZSIC06 group G427
2020,Level 4,GH134,Pharmaceutical and Other Store Based Retailing,Dollars (millions),H13,Redundancy and severance,Financial performance,0,ANZSIC06 group G427
2020,Level 4,GH134,Pharmaceutical and Other Store Based Retailing,Dollars (millions),H17,Purchases of goods bought for resale,Financial performance,"3,404",ANZSIC06 group G427
2020,Level 4,GH134,Pharmaceutical and Other Store Based Retailing,Dollars (millions),H18,Other Purchases and operating expenses,Financial performance,"1,191",ANZSIC06 group G427
2020,Level 4,GH134,Pharmaceutical and Other Store Based Retailing,Dollars (millions),H20,Non-operating expenses,Financial performance,30,ANZSIC06 group G427
2020,Level 4,GH134,Pharmaceutical and Other Store Based Retailing,Dollars (millions),H21,Opening stocks,Financial performance,730,ANZSIC06 group G427
2020,Level 4,GH134,Pharmaceutical and Other Store Based Retailing,Dollars (millions),H22,Closing stocks,Financial performance,729,ANZSIC06 group G427
2020,Level 4,GH134,Pharmaceutical and Other Store Based Retailing,Dollars (millions),H23,Surplus before income tax,Financial performance,373,ANZSIC06 group G427
2020,Level 4,GH134,Pharmaceutical and Other Store Based Retailing,Dollars (millions),H24,Total assets,Financial position,"3,888",ANZSIC06 group G427
2020,Level 4,GH134,Pharmaceutical and Other Store Based Retailing,Dollars (millions),H25,Current assets,Financial position,"1,882",ANZSIC06 group G427
2020,Level 4,GH134,Pharmaceutical and Other Store Based Retailing,Dollars (millions),H26,Fixed tangible assets,Financial position,592,ANZSIC06 group G427
2020,Level 4,GH134,Pharmaceutical and Other Store Based Retailing,Dollars (millions),H27,Additions to fixed assets,Financial position,130,ANZSIC06 group G427
