Year,Industry_aggregation_NZSIOC,Industry_code_NZSIOC,Industry_name_NZSIOC,Units,Variable_code,Variable_name,Variable_category,Value,Industry_code_ANZSIC06
2017,Level 4,CC212,"Clothing, Knitted Products and Footwear Manufacturing",Dollars (millions),H28,Disposals of fixed assets,Financial position,13,ANZSIC06 groups C134 and C135
2017,Level 4,CC212,"Clothing, Knitted Products and Footwear Manufacturing",Dollars (millions),H29,Other assets,Financial position,43,ANZSIC06 groups C134 and C135
2017,Level 4,CC212,"Clothing, Knitted Products and Footwear Manufacturing",Dollars (millions),H30,Total equity and liabilities,Financial position,368,ANZSIC06 groups C134 and C135
2017,Level 4,CC212,"Clothing, Knitted Products and Footwear Manufacturing",Dollars (millions),H31,Shareholders funds or owners equity,Financial position,144,ANZSIC06 groups C134 and C135
2017,Level 4,CC212,"Clothing, Knitted Products and Footwear Manufacturing",Dollars (millions),H32,Current liabilities,Financial position,158,ANZSIC06 groups C134 and C135
2017,Level 4,CC212,"Clothing, Knitted Products and Footwear Manufacturing",Dollars (millions),H33,Other liabilities,Financial position,66,ANZSIC06 groups C134 and C135
2017,Level 4,CC212,"Clothing, Knitted Products and Footwear Manufacturing",Dollars,H34,Total income per employee count,Financial ratios,"152,300",ANZSIC06 groups C134 and C135
2017,Level 4,CC212,"Clothing, Knitted Products and Footwear Manufacturing",Dollars,H35,Surplus per employee count,Financial ratios,"13,700",ANZSIC06 groups C134 and C135
2017,Level 4,CC212,"Clothing, Knitted Products and Footwear Manufacturing",Percentage,H36,Current ratio,Financial ratios,162,ANZSIC06 groups C134 and C135
2017,Level 4,CC212,"Clothing, Knitted Products and Footwear Manufacturing",Percentage,H37,Quick ratio,Financial ratios,78,ANZSIC06 groups C134 and C135
2017,Level 4,CC212,"Clothing, Knitted Products and Footwear Manufacturing",Percentage,H38,Margin on sales of goods for resale,Financial ratios,44,ANZSIC06 groups C134 and C135
2017,Level 4,CC212,"Clothing, Knitted Products and Footwear Manufacturing",Percentage,H39,Return on equity,Financial ratios,32,ANZSIC06 groups C134 and C135
2017,Level 4,CC212,"Clothing, Knitted Products and Footwear Manufacturing",Percentage,H40,Return on total assets,Financial ratios,13,ANZSIC06 groups C134 and C135
2017,Level 4,CC212,"Clothing, Knitted Products and Footwear Manufacturing",Percentage,H41,Liabilities structure,Financial ratios,39,ANZSIC06 groups C134 and C135
2017,Level 3,CC31,Wood Product Manufacturing,Dollars (millions),H01,Total income,Financial performance,"5,208",ANZSIC06 groups C141 and C149
2017,Level 3,CC31,Wood Product Manufacturing,Dollars (millions),H02,Sales of goods not further processed,Financial performance,174,ANZSIC06 groups C141 and C149
2017,Level 3,CC31,Wood Product Manufacturing,Dollars (millions),H03,Sales of other goods and services,Financial performance,"4,954",ANZSIC06 groups C141 and C149
2017,Level 3,CC31,Wood Product Manufacturing,Dollars (millions),H05,"Interest, dividends and donations",Financial performance,29,ANZSIC06 groups C141 and C149
2017,Level 3,CC31,Wood Product Manufacturing,Dollars (millions),H06,"Government funding, grants and subsidies",Financial performance,0,ANZSIC06 groups C141 and C149
2017,Level 3,CC31,Wood Product Manufacturing,Dollars (millions),H07,Non-operating income,Financial performance,51,ANZSIC06 groups C141 and C149
2017,Level 3,CC31,Wood Product Manufacturing,Dollars (millions),H08,Total expenditure,Financial performance,"4,902",ANZSIC06 groups C141 and C149
2017,Level 3,CC31,Wood Product Manufacturing,Dollars (millions),H09,Interest and donations,Financial performance,42,ANZSIC06 groups C141 and C149
2017,Level 3,CC31,Wood Product Manufacturing,Dollars (millions),H10,Indirect taxes,Financial performance,11,ANZSIC06 groups C141 and C149
2017,Level 3,CC31,Wood Product Manufacturing,Dollars (millions),H11,Depreciation,Financial performance,135,ANZSIC06 groups C141 and C149
2017,Level 3,CC31,Wood Product Manufacturing,Dollars (millions),H12,Salaries and wages paid,Financial performance,945,ANZSIC06 groups C141 and C149
2017,Level 3,CC31,Wood Product Manufacturing,Dollars (millions),H13,Redundancy and severance,Financial performance,0,ANZSIC06 groups C141 and C149
2017,Level 3,CC31,Wood Product Manufacturing,Dollars (millions),H17,Purchases of goods bought for resale,Financial performance,116,ANZSIC06 groups C141 and C149
2017,Level 3,CC31,Wood Product Manufacturing,Dollars (millions),H18,Other Purchases and operating expenses,Financial performance,"3,628",ANZSIC06 groups C141 and C149
2017,Level 3,CC31,Wood Product Manufacturing,Dollars (millions),H20,Non-operating expenses,Financial performance,25,ANZSIC06 groups C141 and C149
2017,Level 3,CC31,Wood Product Manufacturing,Dollars (millions),H21,Opening stocks,Financial performance,530,ANZSIC06 groups C141 and C149
2017,Level 3,CC31,Wood Product Manufacturing,Dollars (millions),H22,Closing stocks,Financial performance,596,ANZSIC06 groups C141 and C149
2017,Level 3,CC31,Wood Product Manufacturing,Dollars (millions),H23,Surplus before income tax,Financial performance,372,ANZSIC06 groups C141 and C149
2017,Level 3,CC31,Wood Product Manufacturing,Dollars (millions),H24,Total assets,Financial position,"4,649",ANZSIC06 groups C141 and C149
2017,Level 3,CC31,Wood Product Manufacturing,Dollars (millions),H25,Current assets,Financial position,"1,754",ANZSIC06 groups C141 and C149
2017,Level 3,CC31,Wood Product Manufacturing,Dollars (millions),H26,Fixed tangible assets,Financial position,"1,353",ANZSIC06 groups C141 and C149
2017,Level 3,CC31,Wood Product Manufacturing,Dollars (millions),H27,Additions to fixed assets,Financial position,206,ANZSIC06 groups C141 and C149
2017,Level 3,CC31,Wood Product Manufacturing,Dollars (millions),H28,Disposals of fixed assets,Financial position,105,ANZSIC06 groups C141 and C149
2017,Level 3,CC31,Wood Product Manufacturing,Dollars (millions),H29,Other assets,Financial position,"1,542",ANZSIC06 groups C141 and C149
2017,Level 3,CC31,Wood Product Manufacturing,Dollars (millions),H30,Total equity and liabilities,Financial position,"4,649",ANZSIC06 groups C141 and C149
2017,Level 3,CC31,Wood Product Manufacturing,Dollars (millions),H31,Shareholders funds or owners equity,Financial position,"2,422",ANZSIC06 groups C141 and C149
2017,Level 3,CC31,Wood Product Manufacturing,Dollars (millions),H32,Current liabilities,Financial position,"1,293",ANZSIC06 groups C141 and C149
2017,Level 3,CC31,Wood Product Manufacturing,Dollars (millions),H33,Other liabilities,Financial position,934,ANZSIC06 groups C141 and C149
2017,Level 3,CC31,Wood Product Manufacturing,Dollars,H34,Total income per employee count,Financial ratios,"306,800",ANZSIC06 groups C141 and C149
2017,Level 3,CC31,Wood Product Manufacturing,Dollars,H35,Surplus per employee count,Financial ratios,"21,900",ANZSIC06 groups C141 and C149
2017,Level 3,CC31,Wood Product Manufacturing,Percentage,H36,Current ratio,Financial ratios,136,ANZSIC06 groups C141 and C149
2017,Level 3,CC31,Wood Product Manufacturing,Percentage,H37,Quick ratio,Financial ratios,90,ANZSIC06 groups C141 and C149
2017,Level 3,CC31,Wood Product Manufacturing,Percentage,H38,Margin on sales of goods for resale,Financial ratios,33,ANZSIC06 groups C141 and C149
2017,Level 3,CC31,Wood Product Manufacturing,Percentage,H39,Return on equity,Financial ratios,15,ANZSIC06 groups C141 and C149
2017,Level 3,CC31,Wood Product Manufacturing,Percentage,H40,Return on total assets,Financial ratios,8,ANZSIC06 groups C141 and C149
2017,Level 3,CC31,Wood Product Manufacturing,Percentage,H41,Liabilities structure,Financial ratios,52,ANZSIC06 groups C141 and C149
2017,Level 4,CC311,Wood Product Manufacturing,Dollars (millions),H01,Total income,Financial performance,"5,208",ANZSIC06 groups C141 and C149
2017,Level 4,CC311,Wood Product Manufacturing,Dollars (millions),H02,Sales of goods not further processed,Financial performance,174,ANZSIC06 groups C141 and C149
2017,Level 4,CC311,Wood Product Manufacturing,Dollars (millions),H03,Sales of other goods and services,Financial performance,"4,954",ANZSIC06 groups C141 and C149
2017,Level 4,CC311,Wood Product Manufacturing,Dollars (millions),H05,"Interest, dividends and donations",Financial performance,29,ANZSIC06 groups C141 and C149
2017,Level 4,CC311,Wood Product Manufacturing,Dollars (millions),H06,"Government funding, grants and subsidies",Financial performance,0,ANZSIC06 groups C141 and C149
2017,Level 4,CC311,Wood Product Manufacturing,Dollars (millions),H07,Non-operating income,Financial performance,51,ANZSIC06 groups C141 and C149
2017,Level 4,CC311,Wood Product Manufacturing,Dollars (millions),H08,Total expenditure,Financial performance,"4,902",ANZSIC06 groups C141 and C149
2017,Level 4,CC311,Wood Product Manufacturing,Dollars (millions),H09,Interest and donations,Financial performance,42,ANZSIC06 groups C141 and C149
2017,Level 4,CC311,Wood Product Manufacturing,Dollars (millions),H10,Indirect taxes,Financial performance,11,ANZSIC06 groups C141 and C149
2017,Level 4,CC311,Wood Product Manufacturing,Dollars (millions),H11,Depreciation,Financial performance,135,ANZSIC06 groups C141 and C149
2017,Level 4,CC311,Wood Product Manufacturing,Dollars (millions),H12,Salaries and wages paid,Financial performance,945,ANZSIC06 groups C141 and C149
2017,Level 4,CC311,Wood Product Manufacturing,Dollars (millions),H13,Redundancy and severance,Financial performance,0,ANZSIC06 groups C141 and C149
2017,Level 4,CC311,Wood Product Manufacturing,Dollars (millions),H17,Purchases of goods bought for resale,Financial performance,116,ANZSIC06 groups C141 and C149
2017,Level 4,CC311,Wood Product Manufacturing,Dollars (millions),H18,Other Purchases and operating expenses,Financial performance,"3,628",ANZSIC06 groups C141 and C149
2017,Level 4,CC311,Wood Product Manufacturing,Dollars (millions),H20,Non-operating expenses,Financial performance,25,ANZSIC06 groups C141 and C149
2017,Level 4,CC311,Wood Product Manufacturing,Dollars (millions),H21,Opening stocks,Financial performance,530,ANZSIC06 groups C141 and C149
2017,Level 4,CC311,Wood Product Manufacturing,Dollars (millions),H22,Closing stocks,Financial performance,596,ANZSIC06 groups C141 and C149
2017,Level 4,CC311,Wood Product Manufacturing,Dollars (millions),H23,Surplus before income tax,Financial performance,372,ANZSIC06 groups C141 and C149
2017,Level 4,CC311,Wood Product Manufacturing,Dollars (millions),H24,Total assets,Financial position,"4,649",ANZSIC06 groups C141 and C149
2017,Level 4,CC311,Wood Product Manufacturing,Dollars (millions),H25,Current assets,Financial position,"1,754",ANZSIC06 groups C141 and C149
2017,Level 4,CC311,Wood Product Manufacturing,Dollars (millions),H26,Fixed tangible assets,Financial position,"1,353",ANZSIC06 groups C141 and C149
2017,Level 4,CC311,Wood Product Manufacturing,Dollars (millions),H27,Additions to fixed assets,Financial position,206,ANZSIC06 groups C141 and C149
2017,Level 4,CC311,Wood Product Manufacturing,Dollars (millions),H28,Disposals of fixed assets,Financial position,105,ANZSIC06 groups C141 and C149
2017,Level 4,CC311,Wood Product Manufacturing,Dollars (millions),H29,Other assets,Financial position,"1,542",ANZSIC06 groups C141 and C149
2017,Level 4,CC311,Wood Product Manufacturing,Dollars (millions),H30,Total equity and liabilities,Financial position,"4,649",ANZSIC06 groups C141 and C149
2017,Level 4,CC311,Wood Product Manufacturing,Dollars (millions),H31,Shareholders funds or owners equity,Financial position,"2,422",ANZSIC06 groups C141 and C149
2017,Level 4,CC311,Wood Product Manufacturing,Dollars (millions),H32,Current liabilities,Financial position,"1,293",ANZSIC06 groups C141 and C149
2017,Level 4,CC311,Wood Product Manufacturing,Dollars (millions),H33,Other liabilities,Financial position,934,ANZSIC06 groups C141 and C149
2017,Level 4,CC311,Wood Product Manufacturing,Dollars,H34,Total income per employee count,Financial ratios,"306,800",ANZSIC06 groups C141 and C149
2017,Level 4,CC311,Wood Product Manufacturing,Dollars,H35,Surplus per employee count,Financial ratios,"21,900",ANZSIC06 groups C141 and C149
2017,Level 4,CC311,Wood Product Manufacturing,Percentage,H36,Current ratio,Financial ratios,136,ANZSIC06 groups C141 and C149
2017,Level 4,CC311,Wood Product Manufacturing,Percentage,H37,Quick ratio,Financial ratios,90,ANZSIC06 groups C141 and C149
2017,Level 4,CC311,Wood Product Manufacturing,Percentage,H38,Margin on sales of goods for resale,Financial ratios,33,ANZSIC06 groups C141 and C149
2017,Level 4,CC311,Wood Product Manufacturing,Percentage,H39,Return on equity,Financial ratios,15,ANZSIC06 groups C141 and C149
2017,Level 4,CC311,Wood Product Manufacturing,Percentage,H40,Return on total assets,Financial ratios,8,ANZSIC06 groups C141 and C149
2017,Level 4,CC311,Wood Product Manufacturing,Percentage,H41,Liabilities structure,Financial ratios,52,ANZSIC06 groups C141 and C149
2017,Level 3,CC32,"Pulp, Paper and Converted Paper Product Manufacturing",Dollars (millions),H01,Total income,Financial performance,"3,214",ANZSIC06 groups C151 and C152
2017,Level 3,CC32,"Pulp, Paper and Converted Paper Product Manufacturing",Dollars (millions),H02,Sales of goods not further processed,Financial performance,C,ANZSIC06 groups C151 and C152
2017,Level 3,CC32,"Pulp, Paper and Converted Paper Product Manufacturing",Dollars (millions),H03,Sales of other goods and services,Financial performance,"3,009",ANZSIC06 groups C151 and C152
2017,Level 3,CC32,"Pulp, Paper and Converted Paper Product Manufacturing",Dollars (millions),H05,"Interest, dividends and donations",Financial performance,2,ANZSIC06 groups C151 and C152
2017,Level 3,CC32,"Pulp, Paper and Converted Paper Product Manufacturing",Dollars (millions),H06,"Government funding, grants and subsidies",Financial performance,0,ANZSIC06 groups C151 and C152
2017,Level 3,CC32,"Pulp, Paper and Converted Paper Product Manufacturing",Dollars (millions),H07,Non-operating income,Financial performance,C,ANZSIC06 groups C151 and C152
2017,Level 3,CC32,"Pulp, Paper and Converted Paper Product Manufacturing",Dollars (millions),H08,Total expenditure,Financial performance,"3,138",ANZSIC06 groups C151 and C152
2017,Level 3,CC32,"Pulp, Paper and Converted Paper Product Manufacturing",Dollars (millions),H09,Interest and donations,Financial performance,13,ANZSIC06 groups C151 and C152
2017,Level 3,CC32,"Pulp, Paper and Converted Paper Product Manufacturing",Dollars (millions),H10,Indirect taxes,Financial performance,9,ANZSIC06 groups C151 and C152
2017,Level 3,CC32,"Pulp, Paper and Converted Paper Product Manufacturing",Dollars (millions),H11,Depreciation,Financial performance,148,ANZSIC06 groups C151 and C152
2017,Level 3,CC32,"Pulp, Paper and Converted Paper Product Manufacturing",Dollars (millions),H12,Salaries and wages paid,Financial performance,424,ANZSIC06 groups C151 and C152
2017,Level 3,CC32,"Pulp, Paper and Converted Paper Product Manufacturing",Dollars (millions),H13,Redundancy and severance,Financial performance,2,ANZSIC06 groups C151 and C152
2017,Level 3,CC32,"Pulp, Paper and Converted Paper Product Manufacturing",Dollars (millions),H17,Purchases of goods bought for resale,Financial performance,C,ANZSIC06 groups C151 and C152
2017,Level 3,CC32,"Pulp, Paper and Converted Paper Product Manufacturing",Dollars (millions),H18,Other Purchases and operating expenses,Financial performance,"2,410",ANZSIC06 groups C151 and C152
2017,Level 3,CC32,"Pulp, Paper and Converted Paper Product Manufacturing",Dollars (millions),H20,Non-operating expenses,Financial performance,C,ANZSIC06 groups C151 and C152
2017,Level 3,CC32,"Pulp, Paper and Converted Paper Product Manufacturing",Dollars (millions),H21,Opening stocks,Financial performance,440,ANZSIC06 groups C151 and C152
2017,Level 3,CC32,"Pulp, Paper and Converted Paper Product Manufacturing",Dollars (millions),H22,Closing stocks,Financial performance,442,ANZSIC06 groups C151 and C152
2017,Level 3,CC32,"Pulp, Paper and Converted Paper Product Manufacturing",Dollars (millions),H23,Surplus before income tax,Financial performance,78,ANZSIC06 groups C151 and C152
2017,Level 3,CC32,"Pulp, Paper and Converted Paper Product Manufacturing",Dollars (millions),H24,Total assets,Financial position,"3,506",ANZSIC06 groups C151 and C152
2017,Level 3,CC32,"Pulp, Paper and Converted Paper Product Manufacturing",Dollars (millions),H25,Current assets,Financial position,"1,677",ANZSIC06 groups C151 and C152
2017,Level 3,CC32,"Pulp, Paper and Converted Paper Product Manufacturing",Dollars (millions),H26,Fixed tangible assets,Financial position,C,ANZSIC06 groups C151 and C152
2017,Level 3,CC32,"Pulp, Paper and Converted Paper Product Manufacturing",Dollars (millions),H27,Additions to fixed assets,Financial position,107,ANZSIC06 groups C151 and C152
2017,Level 3,CC32,"Pulp, Paper and Converted Paper Product Manufacturing",Dollars (millions),H28,Disposals of fixed assets,Financial position,C,ANZSIC06 groups C151 and C152
2017,Level 3,CC32,"Pulp, Paper and Converted Paper Product Manufacturing",Dollars (millions),H29,Other assets,Financial position,C,ANZSIC06 groups C151 and C152
2017,Level 3,CC32,"Pulp, Paper and Converted Paper Product Manufacturing",Dollars (millions),H30,Total equity and liabilities,Financial position,"3,506",ANZSIC06 groups C151 and C152
2017,Level 3,CC32,"Pulp, Paper and Converted Paper Product Manufacturing",Dollars (millions),H31,Shareholders funds or owners equity,Financial position,"2,376",ANZSIC06 groups C151 and C152
2017,Level 3,CC32,"Pulp, Paper and Converted Paper Product Manufacturing",Dollars (millions),H32,Current liabilities,Financial position,768,ANZSIC06 groups C151 and C152
2017,Level 3,CC32,"Pulp, Paper and Converted Paper Product Manufacturing",Dollars (millions),H33,Other liabilities,Financial position,362,ANZSIC06 groups C151 and C152
2017,Level 3,CC32,"Pulp, Paper and Converted Paper Product Manufacturing",Dollars,H34,Total income per employee count,Financial ratios,"652,900",ANZSIC06 groups C151 and C152
2017,Level 3,CC32,"Pulp, Paper and Converted Paper Product Manufacturing",Dollars,H35,Surplus per employee count,Financial ratios,"15,900",ANZSIC06 groups C151 and C152
2017,Level 3,CC32,"Pulp, Paper and Converted Paper Product Manufacturing",Percentage,H36,Current ratio,Financial ratios,218,ANZSIC06 groups C151 and C152
2017,Level 3,CC32,"Pulp, Paper and Converted Paper Product Manufacturing",Percentage,H37,Quick ratio,Financial ratios,161,ANZSIC06 groups C151 and C152
2017,Level 3,CC32,"Pulp, Paper and Converted Paper Product Manufacturing",Percentage,H38,Margin on sales of goods for resale,Financial ratios,C,ANZSIC06 groups C151 and C152
2017,Level 3,CC32,"Pulp, Paper and Converted Paper Product Manufacturing",Percentage,H39,Return on equity,Financial ratios,3,ANZSIC06 groups C151 and C152
2017,Level 3,CC32,"Pulp, Paper and Converted Paper Product Manufacturing",Percentage,H40,Return on total assets,Financial ratios,2,ANZSIC06 groups C151 and C152
2017,Level 3,CC32,"Pulp, Paper and Converted Paper Product Manufacturing",Percentage,H41,Liabilities structure,Financial ratios,68,ANZSIC06 groups C151 and C152
2017,Level 4,CC321,"Pulp, Paper and Converted Paper Product Manufacturing",Dollars (millions),H01,Total income,Financial performance,"3,214",ANZSIC06 groups C151 and C152
2017,Level 4,CC321,"Pulp, Paper and Converted Paper Product Manufacturing",Dollars (millions),H02,Sales of goods not further processed,Financial performance,C,ANZSIC06 groups C151 and C152
2017,Level 4,CC321,"Pulp, Paper and Converted Paper Product Manufacturing",Dollars (millions),H03,Sales of other goods and services,Financial performance,"3,009",ANZSIC06 groups C151 and C152
2017,Level 4,CC321,"Pulp, Paper and Converted Paper Product Manufacturing",Dollars (millions),H05,"Interest, dividends and donations",Financial performance,2,ANZSIC06 groups C151 and C152
2017,Level 4,CC321,"Pulp, Paper and Converted Paper Product Manufacturing",Dollars (millions),H06,"Government funding, grants and subsidies",Financial performance,0,ANZSIC06 groups C151 and C152
2017,Level 4,CC321,"Pulp, Paper and Converted Paper Product Manufacturing",Dollars (millions),H07,Non-operating income,Financial performance,C,ANZSIC06 groups C151 and C152
2017,Level 4,CC321,"Pulp, Paper and Converted Paper Product Manufacturing",Dollars (millions),H08,Total expenditure,Financial performance,"3,138",ANZSIC06 groups C151 and C152
2017,Level 4,CC321,"Pulp, Paper and Converted Paper Product Manufacturing",Dollars (millions),H09,Interest and donations,Financial performance,13,ANZSIC06 groups C151 and C152
2017,Level 4,CC321,"Pulp, Paper and Converted Paper Product Manufacturing",Dollars (millions),H10,Indirect taxes,Financial performance,9,ANZSIC06 groups C151 and C152
2017,Level 4,CC321,"Pulp, Paper and Converted Paper Product Manufacturing",Dollars (millions),H11,Depreciation,Financial performance,148,ANZSIC06 groups C151 and C152
2017,Level 4,CC321,"Pulp, Paper and Converted Paper Product Manufacturing",Dollars (millions),H12,Salaries and wages paid,Financial performance,424,ANZSIC06 groups C151 and C152
2017,Level 4,CC321,"Pulp, Paper and Converted Paper Product Manufacturing",Dollars (millions),H13,Redundancy and severance,Financial performance,2,ANZSIC06 groups C151 and C152
2017,Level 4,CC321,"Pulp, Paper and Converted Paper Product Manufacturing",Dollars (millions),H17,Purchases of goods bought for resale,Financial performance,C,ANZSIC06 groups C151 and C152
2017,Level 4,CC321,"Pulp, Paper and Converted Paper Product Manufacturing",Dollars (millions),H18,Other Purchases and operating expenses,Financial performance,"2,410",ANZSIC06 groups C151 and C152
2017,Level 4,CC321,"Pulp, Paper and Converted Paper Product Manufacturing",Dollars (millions),H20,Non-operating expenses,Financial performance,C,ANZSIC06 groups C151 and C152
2017,Level 4,CC321,"Pulp, Paper and Converted Paper Product Manufacturing",Dollars (millions),H21,Opening stocks,Financial performance,440,ANZSIC06 groups C151 and C152
2017,Level 4,CC321,"Pulp, Paper and Converted Paper Product Manufacturing",Dollars (millions),H22,Closing stocks,Financial performance,442,ANZSIC06 groups C151 and C152
2017,Level 4,CC321,"Pulp, Paper and Converted Paper Product Manufacturing",Dollars (millions),H23,Surplus before income tax,Financial performance,78,ANZSIC06 groups C151 and C152
2017,Level 4,CC321,"Pulp, Paper and Converted Paper Product Manufacturing",Dollars (millions),H24,Total assets,Financial position,"3,506",ANZSIC06 groups C151 and C152
2017,Level 4,CC321,"Pulp, Paper and Converted Paper Product Manufacturing",Dollars (millions),H25,Current assets,Financial position,"1,677",ANZSIC06 groups C151 and C152
2017,Level 4,CC321,"Pulp, Paper and Converted Paper Product Manufacturing",Dollars (millions),H26,Fixed tangible assets,Financial position,C,ANZSIC06 groups C151 and C152
2017,Level 4,CC321,"Pulp, Paper and Converted Paper Product Manufacturing",Dollars (millions),H27,Additions to fixed assets,Financial position,107,ANZSIC06 groups C151 and C152
2017,Level 4,CC321,"Pulp, Paper and Converted Paper Product Manufacturing",Dollars (millions),H28,Disposals of fixed assets,Financial position,C,ANZSIC06 groups C151 and C152
2017,Level 4,CC321,"Pulp, Paper and Converted Paper Product Manufacturing",Dollars (millions),H29,Other assets,Financial position,C,ANZSIC06 groups C151 and C152
2017,Level 4,CC321,"Pulp, Paper and Converted Paper Product Manufacturing",Dollars (millions),H30,Total equity and liabilities,Financial position,"3,506",ANZSIC06 groups C151 and C152
2017,Level 4,CC321,"Pulp, Paper and Converted Paper Product Manufacturing",Dollars (millions),H31,Shareholders funds or owners equity,Financial position,"2,376",ANZSIC06 groups C151 and C152
2017,Level 4,CC321,"Pulp, Paper and Converted Paper Product Manufacturing",Dollars (millions),H32,Current liabilities,Financial position,768,ANZSIC06 groups C151 and C152
2017,Level 4,CC321,"Pulp, Paper and Converted Paper Product Manufacturing",Dollars (millions),H33,Other liabilities,Financial position,362,ANZSIC06 groups C151 and C152
2017,Level 4,CC321,"Pulp, Paper and Converted Paper Product Manufacturing",Dollars,H34,Total income per employee count,Financial ratios,"652,900",ANZSIC06 groups C151 and C152
2017,Level 4,CC321,"Pulp, Paper and Converted Paper Product Manufacturing",Dollars,H35,Surplus per employee count,Financial ratios,"15,900",ANZSIC06 groups C151 and C152
2017,Level 4,CC321,"Pulp, Paper and Converted Paper Product Manufacturing",Percentage,H36,Current ratio,Financial ratios,218,ANZSIC06 groups C151 and C152
2017,Level 4,CC321,"Pulp, Paper and Converted Paper Product Manufacturing",Percentage,H37,Quick ratio,Financial ratios,161,ANZSIC06 groups C151 and C152
2017,Level 4,CC321,"Pulp, Paper and Converted Paper Product Manufacturing",Percentage,H38,Margin on sales of goods for resale,Financial ratios,C,ANZSIC06 groups C151 and C152
2017,Level 4,CC321,"Pulp, Paper and Converted Paper Product Manufacturing",Percentage,H39,Return on equity,Financial ratios,3,ANZSIC06 groups C151 and C152
2017,Level 4,CC321,"Pulp, Paper and Converted Paper Product Manufacturing",Percentage,H40,Return on total assets,Financial ratios,2,ANZSIC06 groups C151 and C152
2017,Level 4,CC321,"Pulp, Paper and Converted Paper Product Manufacturing",Percentage,H41,Liabilities structure,Financial ratios,68,ANZSIC06 groups C151 and C152
2017,Level 3,CC41,Printing,Dollars (millions),H01,Total income,Financial performance,"1,627",ANZSIC06 groups C161 and C162
2017,Level 3,CC41,Printing,Dollars (millions),H02,Sales of goods not further processed,Financial performance,98,ANZSIC06 groups C161 and C162
2017,Level 3,CC41,Printing,Dollars (millions),H03,Sales of other goods and services,Financial performance,"1,524",ANZSIC06 groups C161 and C162
2017,Level 3,CC41,Printing,Dollars (millions),H05,"Interest, dividends and donations",Financial performance,2,ANZSIC06 groups C161 and C162
2017,Level 3,CC41,Printing,Dollars (millions),H06,"Government funding, grants and subsidies",Financial performance,0,ANZSIC06 groups C161 and C162
2017,Level 3,CC41,Printing,Dollars (millions),H07,Non-operating income,Financial performance,2,ANZSIC06 groups C161 and C162
2017,Level 3,CC41,Printing,Dollars (millions),H08,Total expenditure,Financial performance,"1,489",ANZSIC06 groups C161 and C162
2017,Level 3,CC41,Printing,Dollars (millions),H09,Interest and donations,Financial performance,14,ANZSIC06 groups C161 and C162
2017,Level 3,CC41,Printing,Dollars (millions),H10,Indirect taxes,Financial performance,8,ANZSIC06 groups C161 and C162
2017,Level 3,CC41,Printing,Dollars (millions),H11,Depreciation,Financial performance,63,ANZSIC06 groups C161 and C162
2017,Level 3,CC41,Printing,Dollars (millions),H12,Salaries and wages paid,Financial performance,443,ANZSIC06 groups C161 and C162
2017,Level 3,CC41,Printing,Dollars (millions),H13,Redundancy and severance,Financial performance,1,ANZSIC06 groups C161 and C162
2017,Level 3,CC41,Printing,Dollars (millions),H17,Purchases of goods bought for resale,Financial performance,59,ANZSIC06 groups C161 and C162
2017,Level 3,CC41,Printing,Dollars (millions),H18,Other Purchases and operating expenses,Financial performance,893,ANZSIC06 groups C161 and C162
2017,Level 3,CC41,Printing,Dollars (millions),H20,Non-operating expenses,Financial performance,8,ANZSIC06 groups C161 and C162
2017,Level 3,CC41,Printing,Dollars (millions),H21,Opening stocks,Financial performance,118,ANZSIC06 groups C161 and C162
2017,Level 3,CC41,Printing,Dollars (millions),H22,Closing stocks,Financial performance,119,ANZSIC06 groups C161 and C162
2017,Level 3,CC41,Printing,Dollars (millions),H23,Surplus before income tax,Financial performance,140,ANZSIC06 groups C161 and C162
2017,Level 3,CC41,Printing,Dollars (millions),H24,Total assets,Financial position,953,ANZSIC06 groups C161 and C162
2017,Level 3,CC41,Printing,Dollars (millions),H25,Current assets,Financial position,473,ANZSIC06 groups C161 and C162
2017,Level 3,CC41,Printing,Dollars (millions),H26,Fixed tangible assets,Financial position,337,ANZSIC06 groups C161 and C162
2017,Level 3,CC41,Printing,Dollars (millions),H27,Additions to fixed assets,Financial position,64,ANZSIC06 groups C161 and C162
2017,Level 3,CC41,Printing,Dollars (millions),H28,Disposals of fixed assets,Financial position,16,ANZSIC06 groups C161 and C162
2017,Level 3,CC41,Printing,Dollars (millions),H29,Other assets,Financial position,143,ANZSIC06 groups C161 and C162
2017,Level 3,CC41,Printing,Dollars (millions),H30,Total equity and liabilities,Financial position,953,ANZSIC06 groups C161 and C162
2017,Level 3,CC41,Printing,Dollars (millions),H31,Shareholders funds or owners equity,Financial position,272,ANZSIC06 groups C161 and C162
2017,Level 3,CC41,Printing,Dollars (millions),H32,Current liabilities,Financial position,394,ANZSIC06 groups C161 and C162
2017,Level 3,CC41,Printing,Dollars (millions),H33,Other liabilities,Financial position,286,ANZSIC06 groups C161 and C162
2017,Level 3,CC41,Printing,Dollars,H34,Total income per employee count,Financial ratios,"210,900",ANZSIC06 groups C161 and C162
2017,Level 3,CC41,Printing,Dollars,H35,Surplus per employee count,Financial ratios,"18,100",ANZSIC06 groups C161 and C162
2017,Level 3,CC41,Printing,Percentage,H36,Current ratio,Financial ratios,120,ANZSIC06 groups C161 and C162
2017,Level 3,CC41,Printing,Percentage,H37,Quick ratio,Financial ratios,90,ANZSIC06 groups C161 and C162
2017,Level 3,CC41,Printing,Percentage,H38,Margin on sales of goods for resale,Financial ratios,40,ANZSIC06 groups C161 and C162
2017,Level 3,CC41,Printing,Percentage,H39,Return on equity,Financial ratios,51,ANZSIC06 groups C161 and C162
2017,Level 3,CC41,Printing,Percentage,H40,Return on total assets,Financial ratios,15,ANZSIC06 groups C161 and C162
2017,Level 3,CC41,Printing,Percentage,H41,Liabilities structure,Financial ratios,29,ANZSIC06 groups C161 and C162
2017,Level 4,CC411,Printing,Dollars (millions),H01,Total income,Financial performance,"1,627",ANZSIC06 groups C161 and C162
2017,Level 4,CC411,Printing,Dollars (millions),H02,Sales of goods not further processed,Financial performance,98,ANZSIC06 groups C161 and C162
2017,Level 4,CC411,Printing,Dollars (millions),H03,Sales of other goods and services,Financial performance,"1,524",ANZSIC06 groups C161 and C162
2017,Level 4,CC411,Printing,Dollars (millions),H05,"Interest, dividends and donations",Financial performance,2,ANZSIC06 groups C161 and C162
2017,Level 4,CC411,Printing,Dollars (millions),H06,"Government funding, grants and subsidies",Financial performance,0,ANZSIC06 groups C161 and C162
2017,Level 4,CC411,Printing,Dollars (millions),H07,Non-operating income,Financial performance,2,ANZSIC06 groups C161 and C162
