Year,Industry_aggregation_NZSIOC,Industry_code_NZSIOC,Industry_name_NZSIOC,Units,Variable_code,Variable_name,Variable_category,Value,Industry_code_ANZSIC06
2015,Level 4,KK112,Financial Asset Investing,Dollars (millions),H05,"Interest, dividends and donations",Financial performance,"15,207",ANZSIC06 group K624
2015,Level 4,KK112,Financial Asset Investing,Dollars (millions),H06,"Government funding, grants and subsidies",Financial performance,1,ANZSIC06 group K624
2015,Level 4,KK112,Financial Asset Investing,Dollars (millions),H07,Non-operating income,Financial performance,"4,389",ANZSIC06 group K624
2015,Level 4,KK112,Financial Asset Investing,Dollars (millions),H08,Total expenditure,Financial performance,"13,271",ANZSIC06 group K624
2015,Level 4,KK112,Financial Asset Investing,Dollars (millions),H09,Interest and donations,Financial performance,"4,081",ANZSIC06 group K624
2015,Level 4,KK112,Financial Asset Investing,Dollars (millions),H10,Indirect taxes,Financial performance,C,ANZSIC06 group K624
2015,Level 4,KK112,Financial Asset Investing,Dollars (millions),H11,Depreciation,Financial performance,126,ANZSIC06 group K624
2015,Level 4,KK112,Financial Asset Investing,Dollars (millions),H12,Salaries and wages paid,Financial performance,438,ANZSIC06 group K624
2015,Level 4,KK112,Financial Asset Investing,Dollars (millions),H13,Redundancy and severance,Financial performance,5,ANZSIC06 group K624
2015,Level 4,KK112,Financial Asset Investing,Dollars (millions),H14,Salaries and wages to self employed commission agents,Financial performance,C,ANZSIC06 group K624
2015,Level 4,KK112,Financial Asset Investing,Dollars (millions),H19,Purchases and other operating expenses,Financial performance,"2,128",ANZSIC06 group K624
2015,Level 4,KK112,Financial Asset Investing,Dollars (millions),H20,Non-operating expenses,Financial performance,"6,432",ANZSIC06 group K624
2015,Level 4,KK112,Financial Asset Investing,Dollars (millions),H21,Opening stocks,Financial performance,124,ANZSIC06 group K624
2015,Level 4,KK112,Financial Asset Investing,Dollars (millions),H22,Closing stocks,Financial performance,134,ANZSIC06 group K624
2015,Level 4,KK112,Financial Asset Investing,Dollars (millions),H23,Surplus before income tax,Financial performance,"8,793",ANZSIC06 group K624
2015,Level 4,KK112,Financial Asset Investing,Dollars (millions),H24,Total assets,Financial position,"332,706",ANZSIC06 group K624
2015,Level 4,KK112,Financial Asset Investing,Dollars (millions),H25,Current assets,Financial position,"72,883",ANZSIC06 group K624
2015,Level 4,KK112,Financial Asset Investing,Dollars (millions),H26,Fixed tangible assets,Financial position,S,ANZSIC06 group K624
2015,Level 4,KK112,Financial Asset Investing,Dollars (millions),H27,Additions to fixed assets,Financial position,"3,705",ANZSIC06 group K624
2015,Level 4,KK112,Financial Asset Investing,Dollars (millions),H28,Disposals of fixed assets,Financial position,S,ANZSIC06 group K624
2015,Level 4,KK112,Financial Asset Investing,Dollars (millions),H29,Other assets,Financial position,"241,228",ANZSIC06 group K624
2015,Level 4,KK112,Financial Asset Investing,Dollars (millions),H30,Total equity and liabilities,Financial position,"332,705",ANZSIC06 group K624
2015,Level 4,KK112,Financial Asset Investing,Dollars (millions),H31,Shareholders funds or owners equity,Financial position,"163,261",ANZSIC06 group K624
2015,Level 4,KK112,Financial Asset Investing,Dollars (millions),H32,Current liabilities,Financial position,"87,901",ANZSIC06 group K624
2015,Level 4,KK112,Financial Asset Investing,Dollars (millions),H33,Other liabilities,Financial position,"81,543",ANZSIC06 group K624
2015,Level 4,KK112,Financial Asset Investing,Dollars,H34,Total income per employee count,Financial ratios,"4,422,700",ANZSIC06 group K624
2015,Level 4,KK112,Financial Asset Investing,Dollars,H35,Surplus per employee count,Financial ratios,"1,763,300",ANZSIC06 group K624
2015,Level 4,KK112,Financial Asset Investing,Percentage,H36,Current ratio,Financial ratios,83,ANZSIC06 group K624
2015,Level 4,KK112,Financial Asset Investing,Percentage,H37,Quick ratio,Financial ratios,83,ANZSIC06 group K624
2015,Level 4,KK112,Financial Asset Investing,Percentage,H39,Return on equity,Financial ratios,5,ANZSIC06 group K624
2015,Level 4,KK112,Financial Asset Investing,Percentage,H40,Return on total assets,Financial ratios,3,ANZSIC06 group K624
2015,Level 4,KK112,Financial Asset Investing,Percentage,H41,Liabilities structure,Financial ratios,49,ANZSIC06 group K624
2015,Level 3,KK12,Insurance,Dollars (millions),H01,Total income,Financial performance,"10,121",ANZSIC06 groups K631 and K632
2015,Level 3,KK12,Insurance,Dollars (millions),H04,Sales of goods and services,Financial performance,"7,969",ANZSIC06 groups K631 and K632
2015,Level 3,KK12,Insurance,Dollars (millions),H05,"Interest, dividends and donations",Financial performance,699,ANZSIC06 groups K631 and K632
2015,Level 3,KK12,Insurance,Dollars (millions),H06,"Government funding, grants and subsidies",Financial performance,0,ANZSIC06 groups K631 and K632
2015,Level 3,KK12,Insurance,Dollars (millions),H07,Non-operating income,Financial performance,"1,452",ANZSIC06 groups K631 and K632
2015,Level 3,KK12,Insurance,Dollars (millions),H08,Total expenditure,Financial performance,"9,624",ANZSIC06 groups K631 and K632
2015,Level 3,KK12,Insurance,Dollars (millions),H09,Interest and donations,Financial performance,14,ANZSIC06 groups K631 and K632
2015,Level 3,KK12,Insurance,Dollars (millions),H10,Indirect taxes,Financial performance,10,ANZSIC06 groups K631 and K632
2015,Level 3,KK12,Insurance,Dollars (millions),H11,Depreciation,Financial performance,72,ANZSIC06 groups K631 and K632
2015,Level 3,KK12,Insurance,Dollars (millions),H12,Salaries and wages paid,Financial performance,812,ANZSIC06 groups K631 and K632
2015,Level 3,KK12,Insurance,Dollars (millions),H13,Redundancy and severance,Financial performance,11,ANZSIC06 groups K631 and K632
2015,Level 3,KK12,Insurance,Dollars (millions),H14,Salaries and wages to self employed commission agents,Financial performance,500,ANZSIC06 groups K631 and K632
2015,Level 3,KK12,Insurance,Dollars (millions),H19,Purchases and other operating expenses,Financial performance,"7,629",ANZSIC06 groups K631 and K632
2015,Level 3,KK12,Insurance,Dollars (millions),H20,Non-operating expenses,Financial performance,586,ANZSIC06 groups K631 and K632
2015,Level 3,KK12,Insurance,Dollars (millions),H21,Opening stocks,Financial performance,0,ANZSIC06 groups K631 and K632
2015,Level 3,KK12,Insurance,Dollars (millions),H22,Closing stocks,Financial performance,0,ANZSIC06 groups K631 and K632
2015,Level 3,KK12,Insurance,Dollars (millions),H23,Surplus before income tax,Financial performance,497,ANZSIC06 groups K631 and K632
2015,Level 3,KK12,Insurance,Dollars (millions),H24,Total assets,Financial position,"32,371",ANZSIC06 groups K631 and K632
2015,Level 3,KK12,Insurance,Dollars (millions),H30,Total equity and liabilities,Financial position,"32,371",ANZSIC06 groups K631 and K632
2015,Level 3,KK12,Insurance,Dollars (millions),H31,Shareholders funds or owners equity,Financial position,"7,878",ANZSIC06 groups K631 and K632
2015,Level 3,KK12,Insurance,Dollars,H34,Total income per employee count,Financial ratios,"1,190,400",ANZSIC06 groups K631 and K632
2015,Level 3,KK12,Insurance,Dollars,H35,Surplus per employee count,Financial ratios,"58,400",ANZSIC06 groups K631 and K632
2015,Level 3,KK12,Insurance,Percentage,H39,Return on equity,Financial ratios,6,ANZSIC06 groups K631 and K632
2015,Level 3,KK12,Insurance,Percentage,H40,Return on total assets,Financial ratios,2,ANZSIC06 groups K631 and K632
2015,Level 3,KK12,Insurance,Percentage,H41,Liabilities structure,Financial ratios,24,ANZSIC06 groups K631 and K632
2015,Level 4,KK121,Life Insurance,Dollars (millions),H01,Total income,Financial performance,"3,855",ANZSIC06 group K631
2015,Level 4,KK121,Life Insurance,Dollars (millions),H04,Sales of goods and services,Financial performance,"2,332",ANZSIC06 group K631
2015,Level 4,KK121,Life Insurance,Dollars (millions),H05,"Interest, dividends and donations",Financial performance,357,ANZSIC06 group K631
2015,Level 4,KK121,Life Insurance,Dollars (millions),H06,"Government funding, grants and subsidies",Financial performance,0,ANZSIC06 group K631
2015,Level 4,KK121,Life Insurance,Dollars (millions),H07,Non-operating income,Financial performance,"1,166",ANZSIC06 group K631
2015,Level 4,KK121,Life Insurance,Dollars (millions),H08,Total expenditure,Financial performance,"2,877",ANZSIC06 group K631
2015,Level 4,KK121,Life Insurance,Dollars (millions),H09,Interest and donations,Financial performance,C,ANZSIC06 group K631
2015,Level 4,KK121,Life Insurance,Dollars (millions),H10,Indirect taxes,Financial performance,C,ANZSIC06 group K631
2015,Level 4,KK121,Life Insurance,Dollars (millions),H11,Depreciation,Financial performance,18,ANZSIC06 group K631
2015,Level 4,KK121,Life Insurance,Dollars (millions),H12,Salaries and wages paid,Financial performance,105,ANZSIC06 group K631
2015,Level 4,KK121,Life Insurance,Dollars (millions),H13,Redundancy and severance,Financial performance,2,ANZSIC06 group K631
2015,Level 4,KK121,Life Insurance,Dollars (millions),H14,Salaries and wages to self employed commission agents,Financial performance,294,ANZSIC06 group K631
2015,Level 4,KK121,Life Insurance,Dollars (millions),H19,Purchases and other operating expenses,Financial performance,"1,903",ANZSIC06 group K631
2015,Level 4,KK121,Life Insurance,Dollars (millions),H20,Non-operating expenses,Financial performance,549,ANZSIC06 group K631
2015,Level 4,KK121,Life Insurance,Dollars (millions),H21,Opening stocks,Financial performance,0,ANZSIC06 group K631
2015,Level 4,KK121,Life Insurance,Dollars (millions),H22,Closing stocks,Financial performance,0,ANZSIC06 group K631
2015,Level 4,KK121,Life Insurance,Dollars (millions),H23,Surplus before income tax,Financial performance,978,ANZSIC06 group K631
2015,Level 4,KK121,Life Insurance,Dollars (millions),H24,Total assets,Financial position,"13,745",ANZSIC06 group K631
2015,Level 4,KK121,Life Insurance,Dollars (millions),H30,Total equity and liabilities,Financial position,"13,745",ANZSIC06 group K631
2015,Level 4,KK121,Life Insurance,Dollars (millions),H31,Shareholders funds or owners equity,Financial position,"3,677",ANZSIC06 group K631
2015,Level 4,KK121,Life Insurance,Dollars,H34,Total income per employee count,Financial ratios,"3,738,000",ANZSIC06 group K631
2015,Level 4,KK121,Life Insurance,Dollars,H35,Surplus per employee count,Financial ratios,"948,200",ANZSIC06 group K631
2015,Level 4,KK121,Life Insurance,Percentage,H39,Return on equity,Financial ratios,27,ANZSIC06 group K631
2015,Level 4,KK121,Life Insurance,Percentage,H40,Return on total assets,Financial ratios,7,ANZSIC06 group K631
2015,Level 4,KK121,Life Insurance,Percentage,H41,Liabilities structure,Financial ratios,27,ANZSIC06 group K631
2015,Level 4,KK122,Health and General Insurance,Dollars (millions),H01,Total income,Financial performance,"6,266",ANZSIC06 group K632
2015,Level 4,KK122,Health and General Insurance,Dollars (millions),H04,Sales of goods and services,Financial performance,"5,637",ANZSIC06 group K632
2015,Level 4,KK122,Health and General Insurance,Dollars (millions),H05,"Interest, dividends and donations",Financial performance,342,ANZSIC06 group K632
2015,Level 4,KK122,Health and General Insurance,Dollars (millions),H06,"Government funding, grants and subsidies",Financial performance,0,ANZSIC06 group K632
2015,Level 4,KK122,Health and General Insurance,Dollars (millions),H07,Non-operating income,Financial performance,287,ANZSIC06 group K632
2015,Level 4,KK122,Health and General Insurance,Dollars (millions),H08,Total expenditure,Financial performance,"6,747",ANZSIC06 group K632
2015,Level 4,KK122,Health and General Insurance,Dollars (millions),H09,Interest and donations,Financial performance,C,ANZSIC06 group K632
2015,Level 4,KK122,Health and General Insurance,Dollars (millions),H10,Indirect taxes,Financial performance,C,ANZSIC06 group K632
2015,Level 4,KK122,Health and General Insurance,Dollars (millions),H11,Depreciation,Financial performance,54,ANZSIC06 group K632
2015,Level 4,KK122,Health and General Insurance,Dollars (millions),H12,Salaries and wages paid,Financial performance,707,ANZSIC06 group K632
2015,Level 4,KK122,Health and General Insurance,Dollars (millions),H13,Redundancy and severance,Financial performance,9,ANZSIC06 group K632
2015,Level 4,KK122,Health and General Insurance,Dollars (millions),H14,Salaries and wages to self employed commission agents,Financial performance,206,ANZSIC06 group K632
2015,Level 4,KK122,Health and General Insurance,Dollars (millions),H19,Purchases and other operating expenses,Financial performance,"5,727",ANZSIC06 group K632
2015,Level 4,KK122,Health and General Insurance,Dollars (millions),H20,Non-operating expenses,Financial performance,38,ANZSIC06 group K632
2015,Level 4,KK122,Health and General Insurance,Dollars (millions),H21,Opening stocks,Financial performance,0,ANZSIC06 group K632
2015,Level 4,KK122,Health and General Insurance,Dollars (millions),H22,Closing stocks,Financial performance,0,ANZSIC06 group K632
2015,Level 4,KK122,Health and General Insurance,Dollars (millions),H23,Surplus before income tax,Financial performance,-481,ANZSIC06 group K632
2015,Level 4,KK122,Health and General Insurance,Dollars (millions),H24,Total assets,Financial position,"18,626",ANZSIC06 group K632
2015,Level 4,KK122,Health and General Insurance,Dollars (millions),H30,Total equity and liabilities,Financial position,"18,626",ANZSIC06 group K632
2015,Level 4,KK122,Health and General Insurance,Dollars (millions),H31,Shareholders funds or owners equity,Financial position,"4,201",ANZSIC06 group K632
2015,Level 4,KK122,Health and General Insurance,Dollars,H34,Total income per employee count,Financial ratios,"838,800",ANZSIC06 group K632
2015,Level 4,KK122,Health and General Insurance,Dollars,H35,Surplus per employee count,Financial ratios,"-64,400",ANZSIC06 group K632
2015,Level 4,KK122,Health and General Insurance,Percentage,H39,Return on equity,Financial ratios,-11,ANZSIC06 group K632
2015,Level 4,KK122,Health and General Insurance,Percentage,H40,Return on total assets,Financial ratios,-3,ANZSIC06 group K632
2015,Level 4,KK122,Health and General Insurance,Percentage,H41,Liabilities structure,Financial ratios,23,ANZSIC06 group K632
2015,Level 3,KK13,Auxiliary Finance and Insurance Services,Dollars (millions),H01,Total income,Financial performance,"5,449",ANZSIC06 groups K641 and K642
2015,Level 3,KK13,Auxiliary Finance and Insurance Services,Dollars (millions),H04,Sales of goods and services,Financial performance,"4,567",ANZSIC06 groups K641 and K642
2015,Level 3,KK13,Auxiliary Finance and Insurance Services,Dollars (millions),H05,"Interest, dividends and donations",Financial performance,503,ANZSIC06 groups K641 and K642
2015,Level 3,KK13,Auxiliary Finance and Insurance Services,Dollars (millions),H06,"Government funding, grants and subsidies",Financial performance,3,ANZSIC06 groups K641 and K642
2015,Level 3,KK13,Auxiliary Finance and Insurance Services,Dollars (millions),H07,Non-operating income,Financial performance,377,ANZSIC06 groups K641 and K642
2015,Level 3,KK13,Auxiliary Finance and Insurance Services,Dollars (millions),H08,Total expenditure,Financial performance,"4,182",ANZSIC06 groups K641 and K642
2015,Level 3,KK13,Auxiliary Finance and Insurance Services,Dollars (millions),H09,Interest and donations,Financial performance,189,ANZSIC06 groups K641 and K642
2015,Level 3,KK13,Auxiliary Finance and Insurance Services,Dollars (millions),H10,Indirect taxes,Financial performance,14,ANZSIC06 groups K641 and K642
2015,Level 3,KK13,Auxiliary Finance and Insurance Services,Dollars (millions),H11,Depreciation,Financial performance,125,ANZSIC06 groups K641 and K642
2015,Level 3,KK13,Auxiliary Finance and Insurance Services,Dollars (millions),H12,Salaries and wages paid,Financial performance,"1,592",ANZSIC06 groups K641 and K642
2015,Level 3,KK13,Auxiliary Finance and Insurance Services,Dollars (millions),H13,Redundancy and severance,Financial performance,8,ANZSIC06 groups K641 and K642
2015,Level 3,KK13,Auxiliary Finance and Insurance Services,Dollars (millions),H14,Salaries and wages to self employed commission agents,Financial performance,11,ANZSIC06 groups K641 and K642
2015,Level 3,KK13,Auxiliary Finance and Insurance Services,Dollars (millions),H19,Purchases and other operating expenses,Financial performance,"2,102",ANZSIC06 groups K641 and K642
2015,Level 3,KK13,Auxiliary Finance and Insurance Services,Dollars (millions),H20,Non-operating expenses,Financial performance,148,ANZSIC06 groups K641 and K642
2015,Level 3,KK13,Auxiliary Finance and Insurance Services,Dollars (millions),H21,Opening stocks,Financial performance,30,ANZSIC06 groups K641 and K642
2015,Level 3,KK13,Auxiliary Finance and Insurance Services,Dollars (millions),H22,Closing stocks,Financial performance,24,ANZSIC06 groups K641 and K642
2015,Level 3,KK13,Auxiliary Finance and Insurance Services,Dollars (millions),H23,Surplus before income tax,Financial performance,"1,261",ANZSIC06 groups K641 and K642
2015,Level 3,KK13,Auxiliary Finance and Insurance Services,Dollars (millions),H24,Total assets,Financial position,"11,509",ANZSIC06 groups K641 and K642
2015,Level 3,KK13,Auxiliary Finance and Insurance Services,Dollars (millions),H30,Total equity and liabilities,Financial position,"11,509",ANZSIC06 groups K641 and K642
2015,Level 3,KK13,Auxiliary Finance and Insurance Services,Dollars (millions),H31,Shareholders funds or owners equity,Financial position,"5,284",ANZSIC06 groups K641 and K642
2015,Level 3,KK13,Auxiliary Finance and Insurance Services,Dollars,H34,Total income per employee count,Financial ratios,"357,300",ANZSIC06 groups K641 and K642
2015,Level 3,KK13,Auxiliary Finance and Insurance Services,Dollars,H35,Surplus per employee count,Financial ratios,"82,700",ANZSIC06 groups K641 and K642
2015,Level 3,KK13,Auxiliary Finance and Insurance Services,Percentage,H39,Return on equity,Financial ratios,24,ANZSIC06 groups K641 and K642
2015,Level 3,KK13,Auxiliary Finance and Insurance Services,Percentage,H40,Return on total assets,Financial ratios,11,ANZSIC06 groups K641 and K642
2015,Level 3,KK13,Auxiliary Finance and Insurance Services,Percentage,H41,Liabilities structure,Financial ratios,46,ANZSIC06 groups K641 and K642
2015,Level 4,KK131,Auxiliary Finance and Insurance Services,Dollars (millions),H01,Total income,Financial performance,"5,449",ANZSIC06 groups K641 and K642
2015,Level 4,KK131,Auxiliary Finance and Insurance Services,Dollars (millions),H04,Sales of goods and services,Financial performance,"4,567",ANZSIC06 groups K641 and K642
2015,Level 4,KK131,Auxiliary Finance and Insurance Services,Dollars (millions),H05,"Interest, dividends and donations",Financial performance,503,ANZSIC06 groups K641 and K642
2015,Level 4,KK131,Auxiliary Finance and Insurance Services,Dollars (millions),H06,"Government funding, grants and subsidies",Financial performance,3,ANZSIC06 groups K641 and K642
2015,Level 4,KK131,Auxiliary Finance and Insurance Services,Dollars (millions),H07,Non-operating income,Financial performance,377,ANZSIC06 groups K641 and K642
2015,Level 4,KK131,Auxiliary Finance and Insurance Services,Dollars (millions),H08,Total expenditure,Financial performance,"4,182",ANZSIC06 groups K641 and K642
2015,Level 4,KK131,Auxiliary Finance and Insurance Services,Dollars (millions),H09,Interest and donations,Financial performance,189,ANZSIC06 groups K641 and K642
2015,Level 4,KK131,Auxiliary Finance and Insurance Services,Dollars (millions),H10,Indirect taxes,Financial performance,14,ANZSIC06 groups K641 and K642
2015,Level 4,KK131,Auxiliary Finance and Insurance Services,Dollars (millions),H11,Depreciation,Financial performance,125,ANZSIC06 groups K641 and K642
2015,Level 4,KK131,Auxiliary Finance and Insurance Services,Dollars (millions),H12,Salaries and wages paid,Financial performance,"1,592",ANZSIC06 groups K641 and K642
2015,Level 4,KK131,Auxiliary Finance and Insurance Services,Dollars (millions),H13,Redundancy and severance,Financial performance,8,ANZSIC06 groups K641 and K642
2015,Level 4,KK131,Auxiliary Finance and Insurance Services,Dollars (millions),H14,Salaries and wages to self employed commission agents,Financial performance,11,ANZSIC06 groups K641 and K642
2015,Level 4,KK131,Auxiliary Finance and Insurance Services,Dollars (millions),H19,Purchases and other operating expenses,Financial performance,"2,102",ANZSIC06 groups K641 and K642
2015,Level 4,KK131,Auxiliary Finance and Insurance Services,Dollars (millions),H20,Non-operating expenses,Financial performance,148,ANZSIC06 groups K641 and K642
2015,Level 4,KK131,Auxiliary Finance and Insurance Services,Dollars (millions),H21,Opening stocks,Financial performance,30,ANZSIC06 groups K641 and K642
2015,Level 4,KK131,Auxiliary Finance and Insurance Services,Dollars (millions),H22,Closing stocks,Financial performance,24,ANZSIC06 groups K641 and K642
2015,Level 4,KK131,Auxiliary Finance and Insurance Services,Dollars (millions),H23,Surplus before income tax,Financial performance,"1,261",ANZSIC06 groups K641 and K642
2015,Level 4,KK131,Auxiliary Finance and Insurance Services,Dollars (millions),H24,Total assets,Financial position,"11,509",ANZSIC06 groups K641 and K642
2015,Level 4,KK131,Auxiliary Finance and Insurance Services,Dollars (millions),H30,Total equity and liabilities,Financial position,"11,509",ANZSIC06 groups K641 and K642
2015,Level 4,KK131,Auxiliary Finance and Insurance Services,Dollars (millions),H31,Shareholders funds or owners equity,Financial position,"5,284",ANZSIC06 groups K641 and K642
2015,Level 4,KK131,Auxiliary Finance and Insurance Services,Dollars,H34,Total income per employee count,Financial ratios,"357,300",ANZSIC06 groups K641 and K642
2015,Level 4,KK131,Auxiliary Finance and Insurance Services,Dollars,H35,Surplus per employee count,Financial ratios,"82,700",ANZSIC06 groups K641 and K642
2015,Level 4,KK131,Auxiliary Finance and Insurance Services,Percentage,H39,Return on equity,Financial ratios,24,ANZSIC06 groups K641 and K642
2015,Level 4,KK131,Auxiliary Finance and Insurance Services,Percentage,H40,Return on total assets,Financial ratios,11,ANZSIC06 groups K641 and K642
2015,Level 4,KK131,Auxiliary Finance and Insurance Services,Percentage,H41,Liabilities structure,Financial ratios,46,ANZSIC06 groups K641 and K642
2015,Level 1,LL,"Rental, Hiring and Real Estate Services",Dollars (millions),H01,Total income,Financial performance,"26,562",ANZSIC06 division L
2015,Level 1,LL,"Rental, Hiring and Real Estate Services",Dollars (millions),H04,Sales of goods and services,Financial performance,"22,497",ANZSIC06 division L
2015,Level 1,LL,"Rental, Hiring and Real Estate Services",Dollars (millions),H05,"Interest, dividends and donations",Financial performance,"1,230",ANZSIC06 division L
2015,Level 1,LL,"Rental, Hiring and Real Estate Services",Dollars (millions),H06,"Government funding, grants and subsidies",Financial performance,16,ANZSIC06 division L
2015,Level 1,LL,"Rental, Hiring and Real Estate Services",Dollars (millions),H07,Non-operating income,Financial performance,"2,819",ANZSIC06 division L
2015,Level 1,LL,"Rental, Hiring and Real Estate Services",Dollars (millions),H08,Total expenditure,Financial performance,"17,700",ANZSIC06 division L
2015,Level 1,LL,"Rental, Hiring and Real Estate Services",Dollars (millions),H09,Interest and donations,Financial performance,"3,796",ANZSIC06 division L
2015,Level 1,LL,"Rental, Hiring and Real Estate Services",Dollars (millions),H10,Indirect taxes,Financial performance,594,ANZSIC06 division L
2015,Level 1,LL,"Rental, Hiring and Real Estate Services",Dollars (millions),H11,Depreciation,Financial performance,"1,751",ANZSIC06 division L
2015,Level 1,LL,"Rental, Hiring and Real Estate Services",Dollars (millions),H12,Salaries and wages paid,Financial performance,"1,824",ANZSIC06 division L
2015,Level 1,LL,"Rental, Hiring and Real Estate Services",Dollars (millions),H13,Redundancy and severance,Financial performance,10,ANZSIC06 division L
2015,Level 1,LL,"Rental, Hiring and Real Estate Services",Dollars (millions),H14,Salaries and wages to self employed commission agents,Financial performance,"1,123",ANZSIC06 division L
2015,Level 1,LL,"Rental, Hiring and Real Estate Services",Dollars (millions),H19,Purchases and other operating expenses,Financial performance,"8,100",ANZSIC06 division L
2015,Level 1,LL,"Rental, Hiring and Real Estate Services",Dollars (millions),H20,Non-operating expenses,Financial performance,513,ANZSIC06 division L
2015,Level 1,LL,"Rental, Hiring and Real Estate Services",Dollars (millions),H21,Opening stocks,Financial performance,"2,833",ANZSIC06 division L
2015,Level 1,LL,"Rental, Hiring and Real Estate Services",Dollars (millions),H22,Closing stocks,Financial performance,"2,755",ANZSIC06 division L
2015,Level 1,LL,"Rental, Hiring and Real Estate Services",Dollars (millions),H23,Surplus before income tax,Financial performance,"8,783",ANZSIC06 division L
2015,Level 1,LL,"Rental, Hiring and Real Estate Services",Dollars (millions),H24,Total assets,Financial position,"201,314",ANZSIC06 division L
2015,Level 1,LL,"Rental, Hiring and Real Estate Services",Dollars (millions),H25,Current assets,Financial position,"26,426",ANZSIC06 division L
2015,Level 1,LL,"Rental, Hiring and Real Estate Services",Dollars (millions),H26,Fixed tangible assets,Financial position,"146,201",ANZSIC06 division L
2015,Level 1,LL,"Rental, Hiring and Real Estate Services",Dollars (millions),H27,Additions to fixed assets,Financial position,"20,087",ANZSIC06 division L
2015,Level 1,LL,"Rental, Hiring and Real Estate Services",Dollars (millions),H28,Disposals of fixed assets,Financial position,"10,934",ANZSIC06 division L
2015,Level 1,LL,"Rental, Hiring and Real Estate Services",Dollars (millions),H29,Other assets,Financial position,"28,687",ANZSIC06 division L
2015,Level 1,LL,"Rental, Hiring and Real Estate Services",Dollars (millions),H30,Total equity and liabilities,Financial position,"201,313",ANZSIC06 division L
2015,Level 1,LL,"Rental, Hiring and Real Estate Services",Dollars (millions),H31,Shareholders funds or owners equity,Financial position,"92,162",ANZSIC06 division L
2015,Level 1,LL,"Rental, Hiring and Real Estate Services",Dollars (millions),H32,Current liabilities,Financial position,"38,516",ANZSIC06 division L
2015,Level 1,LL,"Rental, Hiring and Real Estate Services",Dollars (millions),H33,Other liabilities,Financial position,"70,635",ANZSIC06 division L
2015,Level 1,LL,"Rental, Hiring and Real Estate Services",Dollars,H34,Total income per employee count,Financial ratios,"973,500",ANZSIC06 division L
2015,Level 1,LL,"Rental, Hiring and Real Estate Services",Dollars,H35,Surplus per employee count,Financial ratios,"321,900",ANZSIC06 division L
2015,Level 1,LL,"Rental, Hiring and Real Estate Services",Percentage,H36,Current ratio,Financial ratios,69,ANZSIC06 division L
2015,Level 1,LL,"Rental, Hiring and Real Estate Services",Percentage,H37,Quick ratio,Financial ratios,61,ANZSIC06 division L
2015,Level 1,LL,"Rental, Hiring and Real Estate Services",Percentage,H39,Return on equity,Financial ratios,10,ANZSIC06 division L
2015,Level 1,LL,"Rental, Hiring and Real Estate Services",Percentage,H40,Return on total assets,Financial ratios,4,ANZSIC06 division L
2015,Level 1,LL,"Rental, Hiring and Real Estate Services",Percentage,H41,Liabilities structure,Financial ratios,46,ANZSIC06 division L
2015,Level 3,LL11,Rental and Hiring Services (except Real Estate),Dollars (millions),H01,Total income,Financial performance,"4,823","ANZSIC06 groups L661, L662, L663, and L664"
2015,Level 3,LL11,Rental and Hiring Services (except Real Estate),Dollars (millions),H04,Sales of goods and services,Financial performance,"4,379","ANZSIC06 groups L661, L662, L663, and L664"
2015,Level 3,LL11,Rental and Hiring Services (except Real Estate),Dollars (millions),H05,"Interest, dividends and donations",Financial performance,283,"ANZSIC06 groups L661, L662, L663, and L664"
2015,Level 3,LL11,Rental and Hiring Services (except Real Estate),Dollars (millions),H06,"Government funding, grants and subsidies",Financial performance,6,"ANZSIC06 groups L661, L662, L663, and L664"
2015,Level 3,LL11,Rental and Hiring Services (except Real Estate),Dollars (millions),H07,Non-operating income,Financial performance,155,"ANZSIC06 groups L661, L662, L663, and L664"
2015,Level 3,LL11,Rental and Hiring Services (except Real Estate),Dollars (millions),H08,Total expenditure,Financial performance,"4,026","ANZSIC06 groups L661, L662, L663, and L664"
2015,Level 3,LL11,Rental and Hiring Services (except Real Estate),Dollars (millions),H09,Interest and donations,Financial performance,436,"ANZSIC06 groups L661, L662, L663, and L664"
2015,Level 3,LL11,Rental and Hiring Services (except Real Estate),Dollars (millions),H10,Indirect taxes,Financial performance,44,"ANZSIC06 groups L661, L662, L663, and L664"
2015,Level 3,LL11,Rental and Hiring Services (except Real Estate),Dollars (millions),H11,Depreciation,Financial performance,879,"ANZSIC06 groups L661, L662, L663, and L664"
