Year,Industry_aggregation_NZSIOC,Industry_code_NZSIOC,Industry_name_NZSIOC,Units,Variable_code,Variable_name,Variable_category,Value,Industry_code_ANZSIC06
2016,Level 3,KK12,Insurance,Dollars (millions),H06,"Government funding, grants and subsidies",Financial performance,0,ANZSIC06 groups K631 and K632
2016,Level 3,KK12,Insurance,Dollars (millions),H07,Non-operating income,Financial performance,"1,217",ANZSIC06 groups K631 and K632
2016,Level 3,KK12,Insurance,Dollars (millions),H08,Total expenditure,Financial performance,"8,138",ANZSIC06 groups K631 and K632
2016,Level 3,KK12,Insurance,Dollars (millions),H09,Interest and donations,Financial performance,9,ANZSIC06 groups K631 and K632
2016,Level 3,KK12,Insurance,Dollars (millions),H10,Indirect taxes,Financial performance,10,ANZSIC06 groups K631 and K632
2016,Level 3,KK12,Insurance,Dollars (millions),H11,Depreciation,Financial performance,79,ANZSIC06 groups K631 and K632
2016,Level 3,KK12,Insurance,Dollars (millions),H12,Salaries and wages paid,Financial performance,851,ANZSIC06 groups K631 and K632
2016,Level 3,KK12,Insurance,Dollars (millions),H13,Redundancy and severance,Financial performance,5,ANZSIC06 groups K631 and K632
2016,Level 3,KK12,Insurance,Dollars (millions),H14,Salaries and wages to self employed commission agents,Financial performance,503,ANZSIC06 groups K631 and K632
2016,Level 3,KK12,Insurance,Dollars (millions),H19,Purchases and other operating expenses,Financial performance,"6,304",ANZSIC06 groups K631 and K632
2016,Level 3,KK12,Insurance,Dollars (millions),H20,Non-operating expenses,Financial performance,383,ANZSIC06 groups K631 and K632
2016,Level 3,KK12,Insurance,Dollars (millions),H21,Opening stocks,Financial performance,0,ANZSIC06 groups K631 and K632
2016,Level 3,KK12,Insurance,Dollars (millions),H22,Closing stocks,Financial performance,0,ANZSIC06 groups K631 and K632
2016,Level 3,KK12,Insurance,Dollars (millions),H23,Surplus before income tax,Financial performance,"1,652",ANZSIC06 groups K631 and K632
2016,Level 3,KK12,Insurance,Dollars (millions),H24,Total assets,Financial position,"29,870",ANZSIC06 groups K631 and K632
2016,Level 3,KK12,Insurance,Dollars (millions),H30,Total equity and liabilities,Financial position,"29,870",ANZSIC06 groups K631 and K632
2016,Level 3,KK12,Insurance,Dollars (millions),H31,Shareholders funds or owners equity,Financial position,"8,192",ANZSIC06 groups K631 and K632
2016,Level 3,KK12,Insurance,Dollars,H34,Total income per employee count,Financial ratios,"1,122,700",ANZSIC06 groups K631 and K632
2016,Level 3,KK12,Insurance,Dollars,H35,Surplus per employee count,Financial ratios,"189,500",ANZSIC06 groups K631 and K632
2016,Level 3,KK12,Insurance,Percentage,H39,Return on equity,Financial ratios,20,ANZSIC06 groups K631 and K632
2016,Level 3,KK12,Insurance,Percentage,H40,Return on total assets,Financial ratios,6,ANZSIC06 groups K631 and K632
2016,Level 3,KK12,Insurance,Percentage,H41,Liabilities structure,Financial ratios,27,ANZSIC06 groups K631 and K632
2016,Level 4,KK121,Life Insurance,Dollars (millions),H01,Total income,Financial performance,"3,683",ANZSIC06 group K631
2016,Level 4,KK121,Life Insurance,Dollars (millions),H04,Sales of goods and services,Financial performance,"2,401",ANZSIC06 group K631
2016,Level 4,KK121,Life Insurance,Dollars (millions),H05,"Interest, dividends and donations",Financial performance,303,ANZSIC06 group K631
2016,Level 4,KK121,Life Insurance,Dollars (millions),H06,"Government funding, grants and subsidies",Financial performance,0,ANZSIC06 group K631
2016,Level 4,KK121,Life Insurance,Dollars (millions),H07,Non-operating income,Financial performance,979,ANZSIC06 group K631
2016,Level 4,KK121,Life Insurance,Dollars (millions),H08,Total expenditure,Financial performance,"2,784",ANZSIC06 group K631
2016,Level 4,KK121,Life Insurance,Dollars (millions),H09,Interest and donations,Financial performance,C,ANZSIC06 group K631
2016,Level 4,KK121,Life Insurance,Dollars (millions),H10,Indirect taxes,Financial performance,C,ANZSIC06 group K631
2016,Level 4,KK121,Life Insurance,Dollars (millions),H11,Depreciation,Financial performance,19,ANZSIC06 group K631
2016,Level 4,KK121,Life Insurance,Dollars (millions),H12,Salaries and wages paid,Financial performance,113,ANZSIC06 group K631
2016,Level 4,KK121,Life Insurance,Dollars (millions),H13,Redundancy and severance,Financial performance,2,ANZSIC06 group K631
2016,Level 4,KK121,Life Insurance,Dollars (millions),H14,Salaries and wages to self employed commission agents,Financial performance,309,ANZSIC06 group K631
2016,Level 4,KK121,Life Insurance,Dollars (millions),H19,Purchases and other operating expenses,Financial performance,"1,990",ANZSIC06 group K631
2016,Level 4,KK121,Life Insurance,Dollars (millions),H20,Non-operating expenses,Financial performance,345,ANZSIC06 group K631
2016,Level 4,KK121,Life Insurance,Dollars (millions),H21,Opening stocks,Financial performance,0,ANZSIC06 group K631
2016,Level 4,KK121,Life Insurance,Dollars (millions),H22,Closing stocks,Financial performance,0,ANZSIC06 group K631
2016,Level 4,KK121,Life Insurance,Dollars (millions),H23,Surplus before income tax,Financial performance,899,ANZSIC06 group K631
2016,Level 4,KK121,Life Insurance,Dollars (millions),H24,Total assets,Financial position,"13,450",ANZSIC06 group K631
2016,Level 4,KK121,Life Insurance,Dollars (millions),H30,Total equity and liabilities,Financial position,"13,450",ANZSIC06 group K631
2016,Level 4,KK121,Life Insurance,Dollars (millions),H31,Shareholders funds or owners equity,Financial position,"3,520",ANZSIC06 group K631
2016,Level 4,KK121,Life Insurance,Dollars,H34,Total income per employee count,Financial ratios,"3,588,600",ANZSIC06 group K631
2016,Level 4,KK121,Life Insurance,Dollars,H35,Surplus per employee count,Financial ratios,"876,000",ANZSIC06 group K631
2016,Level 4,KK121,Life Insurance,Percentage,H39,Return on equity,Financial ratios,26,ANZSIC06 group K631
2016,Level 4,KK121,Life Insurance,Percentage,H40,Return on total assets,Financial ratios,7,ANZSIC06 group K631
2016,Level 4,KK121,Life Insurance,Percentage,H41,Liabilities structure,Financial ratios,26,ANZSIC06 group K631
2016,Level 4,KK122,Health and General Insurance,Dollars (millions),H01,Total income,Financial performance,"6,107",ANZSIC06 group K632
2016,Level 4,KK122,Health and General Insurance,Dollars (millions),H04,Sales of goods and services,Financial performance,"5,582",ANZSIC06 group K632
2016,Level 4,KK122,Health and General Insurance,Dollars (millions),H05,"Interest, dividends and donations",Financial performance,287,ANZSIC06 group K632
2016,Level 4,KK122,Health and General Insurance,Dollars (millions),H06,"Government funding, grants and subsidies",Financial performance,0,ANZSIC06 group K632
2016,Level 4,KK122,Health and General Insurance,Dollars (millions),H07,Non-operating income,Financial performance,238,ANZSIC06 group K632
2016,Level 4,KK122,Health and General Insurance,Dollars (millions),H08,Total expenditure,Financial performance,"5,354",ANZSIC06 group K632
2016,Level 4,KK122,Health and General Insurance,Dollars (millions),H09,Interest and donations,Financial performance,C,ANZSIC06 group K632
2016,Level 4,KK122,Health and General Insurance,Dollars (millions),H10,Indirect taxes,Financial performance,C,ANZSIC06 group K632
2016,Level 4,KK122,Health and General Insurance,Dollars (millions),H11,Depreciation,Financial performance,60,ANZSIC06 group K632
2016,Level 4,KK122,Health and General Insurance,Dollars (millions),H12,Salaries and wages paid,Financial performance,738,ANZSIC06 group K632
2016,Level 4,KK122,Health and General Insurance,Dollars (millions),H13,Redundancy and severance,Financial performance,4,ANZSIC06 group K632
2016,Level 4,KK122,Health and General Insurance,Dollars (millions),H14,Salaries and wages to self employed commission agents,Financial performance,194,ANZSIC06 group K632
2016,Level 4,KK122,Health and General Insurance,Dollars (millions),H19,Purchases and other operating expenses,Financial performance,"4,314",ANZSIC06 group K632
2016,Level 4,KK122,Health and General Insurance,Dollars (millions),H20,Non-operating expenses,Financial performance,37,ANZSIC06 group K632
2016,Level 4,KK122,Health and General Insurance,Dollars (millions),H21,Opening stocks,Financial performance,0,ANZSIC06 group K632
2016,Level 4,KK122,Health and General Insurance,Dollars (millions),H22,Closing stocks,Financial performance,0,ANZSIC06 group K632
2016,Level 4,KK122,Health and General Insurance,Dollars (millions),H23,Surplus before income tax,Financial performance,753,ANZSIC06 group K632
2016,Level 4,KK122,Health and General Insurance,Dollars (millions),H24,Total assets,Financial position,"16,420",ANZSIC06 group K632
2016,Level 4,KK122,Health and General Insurance,Dollars (millions),H30,Total equity and liabilities,Financial position,"16,420",ANZSIC06 group K632
2016,Level 4,KK122,Health and General Insurance,Dollars (millions),H31,Shareholders funds or owners equity,Financial position,"4,672",ANZSIC06 group K632
2016,Level 4,KK122,Health and General Insurance,Dollars,H34,Total income per employee count,Financial ratios,"793,700",ANZSIC06 group K632
2016,Level 4,KK122,Health and General Insurance,Dollars,H35,Surplus per employee count,Financial ratios,"97,900",ANZSIC06 group K632
2016,Level 4,KK122,Health and General Insurance,Percentage,H39,Return on equity,Financial ratios,16,ANZSIC06 group K632
2016,Level 4,KK122,Health and General Insurance,Percentage,H40,Return on total assets,Financial ratios,5,ANZSIC06 group K632
2016,Level 4,KK122,Health and General Insurance,Percentage,H41,Liabilities structure,Financial ratios,28,ANZSIC06 group K632
2016,Level 3,KK13,Auxiliary Finance and Insurance Services,Dollars (millions),H01,Total income,Financial performance,"5,839",ANZSIC06 groups K641 and K642
2016,Level 3,KK13,Auxiliary Finance and Insurance Services,Dollars (millions),H04,Sales of goods and services,Financial performance,"5,001",ANZSIC06 groups K641 and K642
2016,Level 3,KK13,Auxiliary Finance and Insurance Services,Dollars (millions),H05,"Interest, dividends and donations",Financial performance,522,ANZSIC06 groups K641 and K642
2016,Level 3,KK13,Auxiliary Finance and Insurance Services,Dollars (millions),H06,"Government funding, grants and subsidies",Financial performance,10,ANZSIC06 groups K641 and K642
2016,Level 3,KK13,Auxiliary Finance and Insurance Services,Dollars (millions),H07,Non-operating income,Financial performance,306,ANZSIC06 groups K641 and K642
2016,Level 3,KK13,Auxiliary Finance and Insurance Services,Dollars (millions),H08,Total expenditure,Financial performance,"4,649",ANZSIC06 groups K641 and K642
2016,Level 3,KK13,Auxiliary Finance and Insurance Services,Dollars (millions),H09,Interest and donations,Financial performance,172,ANZSIC06 groups K641 and K642
2016,Level 3,KK13,Auxiliary Finance and Insurance Services,Dollars (millions),H10,Indirect taxes,Financial performance,C,ANZSIC06 groups K641 and K642
2016,Level 3,KK13,Auxiliary Finance and Insurance Services,Dollars (millions),H11,Depreciation,Financial performance,118,ANZSIC06 groups K641 and K642
2016,Level 3,KK13,Auxiliary Finance and Insurance Services,Dollars (millions),H12,Salaries and wages paid,Financial performance,"1,748",ANZSIC06 groups K641 and K642
2016,Level 3,KK13,Auxiliary Finance and Insurance Services,Dollars (millions),H13,Redundancy and severance,Financial performance,6,ANZSIC06 groups K641 and K642
2016,Level 3,KK13,Auxiliary Finance and Insurance Services,Dollars (millions),H14,Salaries and wages to self employed commission agents,Financial performance,C,ANZSIC06 groups K641 and K642
2016,Level 3,KK13,Auxiliary Finance and Insurance Services,Dollars (millions),H19,Purchases and other operating expenses,Financial performance,"2,534",ANZSIC06 groups K641 and K642
2016,Level 3,KK13,Auxiliary Finance and Insurance Services,Dollars (millions),H20,Non-operating expenses,Financial performance,39,ANZSIC06 groups K641 and K642
2016,Level 3,KK13,Auxiliary Finance and Insurance Services,Dollars (millions),H21,Opening stocks,Financial performance,33,ANZSIC06 groups K641 and K642
2016,Level 3,KK13,Auxiliary Finance and Insurance Services,Dollars (millions),H22,Closing stocks,Financial performance,35,ANZSIC06 groups K641 and K642
2016,Level 3,KK13,Auxiliary Finance and Insurance Services,Dollars (millions),H23,Surplus before income tax,Financial performance,"1,192",ANZSIC06 groups K641 and K642
2016,Level 3,KK13,Auxiliary Finance and Insurance Services,Dollars (millions),H24,Total assets,Financial position,"12,939",ANZSIC06 groups K641 and K642
2016,Level 3,KK13,Auxiliary Finance and Insurance Services,Dollars (millions),H30,Total equity and liabilities,Financial position,"12,939",ANZSIC06 groups K641 and K642
2016,Level 3,KK13,Auxiliary Finance and Insurance Services,Dollars (millions),H31,Shareholders funds or owners equity,Financial position,"5,383",ANZSIC06 groups K641 and K642
2016,Level 3,KK13,Auxiliary Finance and Insurance Services,Dollars,H34,Total income per employee count,Financial ratios,"376,100",ANZSIC06 groups K641 and K642
2016,Level 3,KK13,Auxiliary Finance and Insurance Services,Dollars,H35,Surplus per employee count,Financial ratios,"76,800",ANZSIC06 groups K641 and K642
2016,Level 3,KK13,Auxiliary Finance and Insurance Services,Percentage,H39,Return on equity,Financial ratios,22,ANZSIC06 groups K641 and K642
2016,Level 3,KK13,Auxiliary Finance and Insurance Services,Percentage,H40,Return on total assets,Financial ratios,9,ANZSIC06 groups K641 and K642
2016,Level 3,KK13,Auxiliary Finance and Insurance Services,Percentage,H41,Liabilities structure,Financial ratios,42,ANZSIC06 groups K641 and K642
2016,Level 4,KK131,Auxiliary Finance and Insurance Services,Dollars (millions),H01,Total income,Financial performance,"5,839",ANZSIC06 groups K641 and K642
2016,Level 4,KK131,Auxiliary Finance and Insurance Services,Dollars (millions),H04,Sales of goods and services,Financial performance,"5,001",ANZSIC06 groups K641 and K642
2016,Level 4,KK131,Auxiliary Finance and Insurance Services,Dollars (millions),H05,"Interest, dividends and donations",Financial performance,522,ANZSIC06 groups K641 and K642
2016,Level 4,KK131,Auxiliary Finance and Insurance Services,Dollars (millions),H06,"Government funding, grants and subsidies",Financial performance,10,ANZSIC06 groups K641 and K642
2016,Level 4,KK131,Auxiliary Finance and Insurance Services,Dollars (millions),H07,Non-operating income,Financial performance,306,ANZSIC06 groups K641 and K642
2016,Level 4,KK131,Auxiliary Finance and Insurance Services,Dollars (millions),H08,Total expenditure,Financial performance,"4,649",ANZSIC06 groups K641 and K642
2016,Level 4,KK131,Auxiliary Finance and Insurance Services,Dollars (millions),H09,Interest and donations,Financial performance,172,ANZSIC06 groups K641 and K642
2016,Level 4,KK131,Auxiliary Finance and Insurance Services,Dollars (millions),H10,Indirect taxes,Financial performance,C,ANZSIC06 groups K641 and K642
2016,Level 4,KK131,Auxiliary Finance and Insurance Services,Dollars (millions),H11,Depreciation,Financial performance,118,ANZSIC06 groups K641 and K642
2016,Level 4,KK131,Auxiliary Finance and Insurance Services,Dollars (millions),H12,Salaries and wages paid,Financial performance,"1,748",ANZSIC06 groups K641 and K642
2016,Level 4,KK131,Auxiliary Finance and Insurance Services,Dollars (millions),H13,Redundancy and severance,Financial performance,6,ANZSIC06 groups K641 and K642
2016,Level 4,KK131,Auxiliary Finance and Insurance Services,Dollars (millions),H14,Salaries and wages to self employed commission agents,Financial performance,C,ANZSIC06 groups K641 and K642
2016,Level 4,KK131,Auxiliary Finance and Insurance Services,Dollars (millions),H19,Purchases and other operating expenses,Financial performance,"2,534",ANZSIC06 groups K641 and K642
2016,Level 4,KK131,Auxiliary Finance and Insurance Services,Dollars (millions),H20,Non-operating expenses,Financial performance,39,ANZSIC06 groups K641 and K642
2016,Level 4,KK131,Auxiliary Finance and Insurance Services,Dollars (millions),H21,Opening stocks,Financial performance,33,ANZSIC06 groups K641 and K642
2016,Level 4,KK131,Auxiliary Finance and Insurance Services,Dollars (millions),H22,Closing stocks,Financial performance,35,ANZSIC06 groups K641 and K642
2016,Level 4,KK131,Auxiliary Finance and Insurance Services,Dollars (millions),H23,Surplus before income tax,Financial performance,"1,192",ANZSIC06 groups K641 and K642
2016,Level 4,KK131,Auxiliary Finance and Insurance Services,Dollars (millions),H24,Total assets,Financial position,"12,939",ANZSIC06 groups K641 and K642
2016,Level 4,KK131,Auxiliary Finance and Insurance Services,Dollars (millions),H30,Total equity and liabilities,Financial position,"12,939",ANZSIC06 groups K641 and K642
2016,Level 4,KK131,Auxiliary Finance and Insurance Services,Dollars (millions),H31,Shareholders funds or owners equity,Financial position,"5,383",ANZSIC06 groups K641 and K642
2016,Level 4,KK131,Auxiliary Finance and Insurance Services,Dollars,H34,Total income per employee count,Financial ratios,"376,100",ANZSIC06 groups K641 and K642
2016,Level 4,KK131,Auxiliary Finance and Insurance Services,Dollars,H35,Surplus per employee count,Financial ratios,"76,800",ANZSIC06 groups K641 and K642
2016,Level 4,KK131,Auxiliary Finance and Insurance Services,Percentage,H39,Return on equity,Financial ratios,22,ANZSIC06 groups K641 and K642
2016,Level 4,KK131,Auxiliary Finance and Insurance Services,Percentage,H40,Return on total assets,Financial ratios,9,ANZSIC06 groups K641 and K642
2016,Level 4,KK131,Auxiliary Finance and Insurance Services,Percentage,H41,Liabilities structure,Financial ratios,42,ANZSIC06 groups K641 and K642
2016,Level 1,LL,"Rental, Hiring and Real Estate Services",Dollars (millions),H01,Total income,Financial performance,"29,310",ANZSIC06 division L
2016,Level 1,LL,"Rental, Hiring and Real Estate Services",Dollars (millions),H04,Sales of goods and services,Financial performance,"24,540",ANZSIC06 division L
2016,Level 1,LL,"Rental, Hiring and Real Estate Services",Dollars (millions),H05,"Interest, dividends and donations",Financial performance,"1,292",ANZSIC06 division L
2016,Level 1,LL,"Rental, Hiring and Real Estate Services",Dollars (millions),H06,"Government funding, grants and subsidies",Financial performance,6,ANZSIC06 division L
2016,Level 1,LL,"Rental, Hiring and Real Estate Services",Dollars (millions),H07,Non-operating income,Financial performance,"3,472",ANZSIC06 division L
2016,Level 1,LL,"Rental, Hiring and Real Estate Services",Dollars (millions),H08,Total expenditure,Financial performance,"19,135",ANZSIC06 division L
2016,Level 1,LL,"Rental, Hiring and Real Estate Services",Dollars (millions),H09,Interest and donations,Financial performance,"3,586",ANZSIC06 division L
2016,Level 1,LL,"Rental, Hiring and Real Estate Services",Dollars (millions),H10,Indirect taxes,Financial performance,620,ANZSIC06 division L
2016,Level 1,LL,"Rental, Hiring and Real Estate Services",Dollars (millions),H11,Depreciation,Financial performance,"1,945",ANZSIC06 division L
2016,Level 1,LL,"Rental, Hiring and Real Estate Services",Dollars (millions),H12,Salaries and wages paid,Financial performance,"2,091",ANZSIC06 division L
2016,Level 1,LL,"Rental, Hiring and Real Estate Services",Dollars (millions),H13,Redundancy and severance,Financial performance,5,ANZSIC06 division L
2016,Level 1,LL,"Rental, Hiring and Real Estate Services",Dollars (millions),H14,Salaries and wages to self employed commission agents,Financial performance,"1,226",ANZSIC06 division L
2016,Level 1,LL,"Rental, Hiring and Real Estate Services",Dollars (millions),H19,Purchases and other operating expenses,Financial performance,"8,715",ANZSIC06 division L
2016,Level 1,LL,"Rental, Hiring and Real Estate Services",Dollars (millions),H20,Non-operating expenses,Financial performance,954,ANZSIC06 division L
2016,Level 1,LL,"Rental, Hiring and Real Estate Services",Dollars (millions),H21,Opening stocks,Financial performance,"2,720",ANZSIC06 division L
2016,Level 1,LL,"Rental, Hiring and Real Estate Services",Dollars (millions),H22,Closing stocks,Financial performance,"2,854",ANZSIC06 division L
2016,Level 1,LL,"Rental, Hiring and Real Estate Services",Dollars (millions),H23,Surplus before income tax,Financial performance,"10,310",ANZSIC06 division L
2016,Level 1,LL,"Rental, Hiring and Real Estate Services",Dollars (millions),H24,Total assets,Financial position,"216,793",ANZSIC06 division L
2016,Level 1,LL,"Rental, Hiring and Real Estate Services",Dollars (millions),H25,Current assets,Financial position,"30,446",ANZSIC06 division L
2016,Level 1,LL,"Rental, Hiring and Real Estate Services",Dollars (millions),H26,Fixed tangible assets,Financial position,"156,210",ANZSIC06 division L
2016,Level 1,LL,"Rental, Hiring and Real Estate Services",Dollars (millions),H27,Additions to fixed assets,Financial position,"20,875",ANZSIC06 division L
2016,Level 1,LL,"Rental, Hiring and Real Estate Services",Dollars (millions),H28,Disposals of fixed assets,Financial position,"10,905",ANZSIC06 division L
2016,Level 1,LL,"Rental, Hiring and Real Estate Services",Dollars (millions),H29,Other assets,Financial position,"30,138",ANZSIC06 division L
2016,Level 1,LL,"Rental, Hiring and Real Estate Services",Dollars (millions),H30,Total equity and liabilities,Financial position,"216,794",ANZSIC06 division L
2016,Level 1,LL,"Rental, Hiring and Real Estate Services",Dollars (millions),H31,Shareholders funds or owners equity,Financial position,"99,694",ANZSIC06 division L
2016,Level 1,LL,"Rental, Hiring and Real Estate Services",Dollars (millions),H32,Current liabilities,Financial position,"42,135",ANZSIC06 division L
2016,Level 1,LL,"Rental, Hiring and Real Estate Services",Dollars (millions),H33,Other liabilities,Financial position,"74,965",ANZSIC06 division L
2016,Level 1,LL,"Rental, Hiring and Real Estate Services",Dollars,H34,Total income per employee count,Financial ratios,"1,040,200",ANZSIC06 division L
2016,Level 1,LL,"Rental, Hiring and Real Estate Services",Dollars,H35,Surplus per employee count,Financial ratios,"365,900",ANZSIC06 division L
2016,Level 1,LL,"Rental, Hiring and Real Estate Services",Percentage,H36,Current ratio,Financial ratios,72,ANZSIC06 division L
2016,Level 1,LL,"Rental, Hiring and Real Estate Services",Percentage,H37,Quick ratio,Financial ratios,65,ANZSIC06 division L
2016,Level 1,LL,"Rental, Hiring and Real Estate Services",Percentage,H39,Return on equity,Financial ratios,10,ANZSIC06 division L
2016,Level 1,LL,"Rental, Hiring and Real Estate Services",Percentage,H40,Return on total assets,Financial ratios,5,ANZSIC06 division L
2016,Level 1,LL,"Rental, Hiring and Real Estate Services",Percentage,H41,Liabilities structure,Financial ratios,46,ANZSIC06 division L
2016,Level 3,LL11,Rental and Hiring Services (except Real Estate),Dollars (millions),H01,Total income,Financial performance,"5,334","ANZSIC06 groups L661, L662, L663, and L664"
2016,Level 3,LL11,Rental and Hiring Services (except Real Estate),Dollars (millions),H04,Sales of goods and services,Financial performance,"4,976","ANZSIC06 groups L661, L662, L663, and L664"
2016,Level 3,LL11,Rental and Hiring Services (except Real Estate),Dollars (millions),H05,"Interest, dividends and donations",Financial performance,228,"ANZSIC06 groups L661, L662, L663, and L664"
2016,Level 3,LL11,Rental and Hiring Services (except Real Estate),Dollars (millions),H06,"Government funding, grants and subsidies",Financial performance,2,"ANZSIC06 groups L661, L662, L663, and L664"
2016,Level 3,LL11,Rental and Hiring Services (except Real Estate),Dollars (millions),H07,Non-operating income,Financial performance,128,"ANZSIC06 groups L661, L662, L663, and L664"
2016,Level 3,LL11,Rental and Hiring Services (except Real Estate),Dollars (millions),H08,Total expenditure,Financial performance,"4,388","ANZSIC06 groups L661, L662, L663, and L664"
2016,Level 3,LL11,Rental and Hiring Services (except Real Estate),Dollars (millions),H09,Interest and donations,Financial performance,275,"ANZSIC06 groups L661, L662, L663, and L664"
2016,Level 3,LL11,Rental and Hiring Services (except Real Estate),Dollars (millions),H10,Indirect taxes,Financial performance,47,"ANZSIC06 groups L661, L662, L663, and L664"
2016,Level 3,LL11,Rental and Hiring Services (except Real Estate),Dollars (millions),H11,Depreciation,Financial performance,"1,077","ANZSIC06 groups L661, L662, L663, and L664"
2016,Level 3,LL11,Rental and Hiring Services (except Real Estate),Dollars (millions),H12,Salaries and wages paid,Financial performance,733,"ANZSIC06 groups L661, L662, L663, and L664"
2016,Level 3,LL11,Rental and Hiring Services (except Real Estate),Dollars (millions),H13,Redundancy and severance,Financial performance,4,"ANZSIC06 groups L661, L662, L663, and L664"
2016,Level 3,LL11,Rental and Hiring Services (except Real Estate),Dollars (millions),H14,Salaries and wages to self employed commission agents,Financial performance,2,"ANZSIC06 groups L661, L662, L663, and L664"
2016,Level 3,LL11,Rental and Hiring Services (except Real Estate),Dollars (millions),H19,Purchases and other operating expenses,Financial performance,"2,117","ANZSIC06 groups L661, L662, L663, and L664"
2016,Level 3,LL11,Rental and Hiring Services (except Real Estate),Dollars (millions),H20,Non-operating expenses,Financial performance,136,"ANZSIC06 groups L661, L662, L663, and L664"
2016,Level 3,LL11,Rental and Hiring Services (except Real Estate),Dollars (millions),H21,Opening stocks,Financial performance,170,"ANZSIC06 groups L661, L662, L663, and L664"
2016,Level 3,LL11,Rental and Hiring Services (except Real Estate),Dollars (millions),H22,Closing stocks,Financial performance,200,"ANZSIC06 groups L661, L662, L663, and L664"
2016,Level 3,LL11,Rental and Hiring Services (except Real Estate),Dollars (millions),H23,Surplus before income tax,Financial performance,977,"ANZSIC06 groups L661, L662, L663, and L664"
2016,Level 3,LL11,Rental and Hiring Services (except Real Estate),Dollars (millions),H24,Total assets,Financial position,"18,384","ANZSIC06 groups L661, L662, L663, and L664"
2016,Level 3,LL11,Rental and Hiring Services (except Real Estate),Dollars (millions),H25,Current assets,Financial position,"4,362","ANZSIC06 groups L661, L662, L663, and L664"
2016,Level 3,LL11,Rental and Hiring Services (except Real Estate),Dollars (millions),H26,Fixed tangible assets,Financial position,"9,243","ANZSIC06 groups L661, L662, L663, and L664"
2016,Level 3,LL11,Rental and Hiring Services (except Real Estate),Dollars (millions),H27,Additions to fixed assets,Financial position,"2,827","ANZSIC06 groups L661, L662, L663, and L664"
2016,Level 3,LL11,Rental and Hiring Services (except Real Estate),Dollars (millions),H28,Disposals of fixed assets,Financial position,671,"ANZSIC06 groups L661, L662, L663, and L664"
2016,Level 3,LL11,Rental and Hiring Services (except Real Estate),Dollars (millions),H29,Other assets,Financial position,"4,780","ANZSIC06 groups L661, L662, L663, and L664"
2016,Level 3,LL11,Rental and Hiring Services (except Real Estate),Dollars (millions),H30,Total equity and liabilities,Financial position,"18,385","ANZSIC06 groups L661, L662, L663, and L664"
2016,Level 3,LL11,Rental and Hiring Services (except Real Estate),Dollars (millions),H31,Shareholders funds or owners equity,Financial position,"8,134","ANZSIC06 groups L661, L662, L663, and L664"
2016,Level 3,LL11,Rental and Hiring Services (except Real Estate),Dollars (millions),H32,Current liabilities,Financial position,"3,652","ANZSIC06 groups L661, L662, L663, and L664"
2016,Level 3,LL11,Rental and Hiring Services (except Real Estate),Dollars (millions),H33,Other liabilities,Financial position,"6,599","ANZSIC06 groups L661, L662, L663, and L664"
2016,Level 3,LL11,Rental and Hiring Services (except Real Estate),Dollars,H34,Total income per employee count,Financial ratios,"426,900","ANZSIC06 groups L661, L662, L663, and L664"
2016,Level 3,LL11,Rental and Hiring Services (except Real Estate),Dollars,H35,Surplus per employee count,Financial ratios,"78,200","ANZSIC06 groups L661, L662, L663, and L664"
2016,Level 3,LL11,Rental and Hiring Services (except Real Estate),Percentage,H36,Current ratio,Financial ratios,119,"ANZSIC06 groups L661, L662, L663, and L664"
2016,Level 3,LL11,Rental and Hiring Services (except Real Estate),Percentage,H37,Quick ratio,Financial ratios,114,"ANZSIC06 groups L661, L662, L663, and L664"
2016,Level 3,LL11,Rental and Hiring Services (except Real Estate),Percentage,H39,Return on equity,Financial ratios,12,"ANZSIC06 groups L661, L662, L663, and L664"
2016,Level 3,LL11,Rental and Hiring Services (except Real Estate),Percentage,H40,Return on total assets,Financial ratios,5,"ANZSIC06 groups L661, L662, L663, and L664"
2016,Level 3,LL11,Rental and Hiring Services (except Real Estate),Percentage,H41,Liabilities structure,Financial ratios,44,"ANZSIC06 groups L661, L662, L663, and L664"
2016,Level 4,LL111,Rental and Hiring Services (except Real Estate),Dollars (millions),H01,Total income,Financial performance,"4,353","ANZSIC06 groups L661, L662, and L663"
2016,Level 4,LL111,Rental and Hiring Services (except Real Estate),Dollars (millions),H04,Sales of goods and services,Financial performance,"4,078","ANZSIC06 groups L661, L662, and L663"
2016,Level 4,LL111,Rental and Hiring Services (except Real Estate),Dollars (millions),H05,"Interest, dividends and donations",Financial performance,163,"ANZSIC06 groups L661, L662, and L663"
2016,Level 4,LL111,Rental and Hiring Services (except Real Estate),Dollars (millions),H06,"Government funding, grants and subsidies",Financial performance,0,"ANZSIC06 groups L661, L662, and L663"
2016,Level 4,LL111,Rental and Hiring Services (except Real Estate),Dollars (millions),H07,Non-operating income,Financial performance,112,"ANZSIC06 groups L661, L662, and L663"
2016,Level 4,LL111,Rental and Hiring Services (except Real Estate),Dollars (millions),H08,Total expenditure,Financial performance,"3,691","ANZSIC06 groups L661, L662, and L663"
2016,Level 4,LL111,Rental and Hiring Services (except Real Estate),Dollars (millions),H09,Interest and donations,Financial performance,243,"ANZSIC06 groups L661, L662, and L663"
2016,Level 4,LL111,Rental and Hiring Services (except Real Estate),Dollars (millions),H10,Indirect taxes,Financial performance,43,"ANZSIC06 groups L661, L662, and L663"
2016,Level 4,LL111,Rental and Hiring Services (except Real Estate),Dollars (millions),H11,Depreciation,Financial performance,"1,049","ANZSIC06 groups L661, L662, and L663"
2016,Level 4,LL111,Rental and Hiring Services (except Real Estate),Dollars (millions),H12,Salaries and wages paid,Financial performance,604,"ANZSIC06 groups L661, L662, and L663"
