Year,Industry_aggregation_NZSIOC,Industry_code_NZSIOC,Industry_name_NZSIOC,Units,Variable_code,Variable_name,Variable_category,Value,Industry_code_ANZSIC06
2020,Level 3,AA31,Fishing and Aquaculture,Dollars (millions),H04,"Sales, government funding, grants and subsidies",Financial performance,"1,469",ANZSIC06 groups A020 and A041
2020,Level 3,AA31,Fishing and Aquaculture,Dollars (millions),H05,"Interest, dividends and donations",Financial performance,16,ANZSIC06 groups A020 and A041
2020,Level 3,AA31,Fishing and Aquaculture,Dollars (millions),H07,Non-operating income,Financial performance,19,ANZSIC06 groups A020 and A041
2020,Level 3,AA31,Fishing and Aquaculture,Dollars (millions),H08,Total expenditure,Financial performance,"1,365",ANZSIC06 groups A020 and A041
2020,Level 3,AA31,Fishing and Aquaculture,Dollars (millions),H09,Interest and donations,Financial performance,26,ANZSIC06 groups A020 and A041
2020,Level 3,AA31,Fishing and Aquaculture,Dollars (millions),H10,Indirect taxes,Financial performance,22,ANZSIC06 groups A020 and A041
2020,Level 3,AA31,Fishing and Aquaculture,Dollars (millions),H11,Depreciation,Financial performance,77,ANZSIC06 groups A020 and A041
2020,Level 3,AA31,Fishing and Aquaculture,Dollars (millions),H12,Salaries and wages paid,Financial performance,241,ANZSIC06 groups A020 and A041
2020,Level 3,AA31,Fishing and Aquaculture,Dollars (millions),H13,Redundancy and severance,Financial performance,0,ANZSIC06 groups A020 and A041
2020,Level 3,AA31,Fishing and Aquaculture,Dollars (millions),H19,Purchases and other operating expenses,Financial performance,993,ANZSIC06 groups A020 and A041
2020,Level 3,AA31,Fishing and Aquaculture,Dollars (millions),H20,Non-operating expenses,Financial performance,6,ANZSIC06 groups A020 and A041
2020,Level 3,AA31,Fishing and Aquaculture,Dollars (millions),H21,Opening stocks,Financial performance,171,ANZSIC06 groups A020 and A041
2020,Level 3,AA31,Fishing and Aquaculture,Dollars (millions),H22,Closing stocks,Financial performance,218,ANZSIC06 groups A020 and A041
2020,Level 3,AA31,Fishing and Aquaculture,Dollars (millions),H23,Surplus before income tax,Financial performance,187,ANZSIC06 groups A020 and A041
2020,Level 3,AA31,Fishing and Aquaculture,Dollars (millions),H24,Total assets,Financial position,"2,398",ANZSIC06 groups A020 and A041
2020,Level 3,AA31,Fishing and Aquaculture,Dollars (millions),H25,Current assets,Financial position,703,ANZSIC06 groups A020 and A041
2020,Level 3,AA31,Fishing and Aquaculture,Dollars (millions),H26,Fixed tangible assets,Financial position,574,ANZSIC06 groups A020 and A041
2020,Level 3,AA31,Fishing and Aquaculture,Dollars (millions),H29,Other assets,Financial position,"1,121",ANZSIC06 groups A020 and A041
2020,Level 3,AA31,Fishing and Aquaculture,Dollars (millions),H30,Total equity and liabilities,Financial position,"2,398",ANZSIC06 groups A020 and A041
2020,Level 3,AA31,Fishing and Aquaculture,Dollars (millions),H31,Shareholders funds or owners equity,Financial position,"1,134",ANZSIC06 groups A020 and A041
2020,Level 3,AA31,Fishing and Aquaculture,Dollars (millions),H32,Current liabilities,Financial position,523,ANZSIC06 groups A020 and A041
2020,Level 3,AA31,Fishing and Aquaculture,Dollars (millions),H33,Other liabilities,Financial position,741,ANZSIC06 groups A020 and A041
2020,Level 3,AA31,Fishing and Aquaculture,Dollars,H34,Total income per employee count,Financial ratios,"486,600",ANZSIC06 groups A020 and A041
2020,Level 3,AA31,Fishing and Aquaculture,Dollars,H35,Surplus per employee count,Financial ratios,"60,400",ANZSIC06 groups A020 and A041
2020,Level 3,AA31,Fishing and Aquaculture,Percentage,H36,Current ratio,Financial ratios,134,ANZSIC06 groups A020 and A041
2020,Level 3,AA31,Fishing and Aquaculture,Percentage,H37,Quick ratio,Financial ratios,93,ANZSIC06 groups A020 and A041
2020,Level 3,AA31,Fishing and Aquaculture,Percentage,H39,Return on equity,Financial ratios,16,ANZSIC06 groups A020 and A041
2020,Level 3,AA31,Fishing and Aquaculture,Percentage,H40,Return on total assets,Financial ratios,8,ANZSIC06 groups A020 and A041
2020,Level 3,AA31,Fishing and Aquaculture,Percentage,H41,Liabilities structure,Financial ratios,47,ANZSIC06 groups A020 and A041
2020,Level 3,AA32,"Agriculture, Forestry and Fishing Support Services and Hunting",Dollars (millions),H01,Total income,Financial performance,"5,048","ANZSIC06 groups A042, A051, and A052"
2020,Level 3,AA32,"Agriculture, Forestry and Fishing Support Services and Hunting",Dollars (millions),H04,Sales of goods and services,Financial performance,"4,947","ANZSIC06 groups A042, A051, and A052"
2020,Level 3,AA32,"Agriculture, Forestry and Fishing Support Services and Hunting",Dollars (millions),H05,"Interest, dividends and donations",Financial performance,28,"ANZSIC06 groups A042, A051, and A052"
2020,Level 3,AA32,"Agriculture, Forestry and Fishing Support Services and Hunting",Dollars (millions),H06,"Government funding, grants and subsidies",Financial performance,39,"ANZSIC06 groups A042, A051, and A052"
2020,Level 3,AA32,"Agriculture, Forestry and Fishing Support Services and Hunting",Dollars (millions),H07,Non-operating income,Financial performance,34,"ANZSIC06 groups A042, A051, and A052"
2020,Level 3,AA32,"Agriculture, Forestry and Fishing Support Services and Hunting",Dollars (millions),H08,Total expenditure,Financial performance,"4,588","ANZSIC06 groups A042, A051, and A052"
2020,Level 3,AA32,"Agriculture, Forestry and Fishing Support Services and Hunting",Dollars (millions),H09,Interest and donations,Financial performance,125,"ANZSIC06 groups A042, A051, and A052"
2020,Level 3,AA32,"Agriculture, Forestry and Fishing Support Services and Hunting",Dollars (millions),H10,Indirect taxes,Financial performance,20,"ANZSIC06 groups A042, A051, and A052"
2020,Level 3,AA32,"Agriculture, Forestry and Fishing Support Services and Hunting",Dollars (millions),H11,Depreciation,Financial performance,311,"ANZSIC06 groups A042, A051, and A052"
2020,Level 3,AA32,"Agriculture, Forestry and Fishing Support Services and Hunting",Dollars (millions),H12,Salaries and wages paid,Financial performance,"1,401","ANZSIC06 groups A042, A051, and A052"
2020,Level 3,AA32,"Agriculture, Forestry and Fishing Support Services and Hunting",Dollars (millions),H13,Redundancy and severance,Financial performance,0,"ANZSIC06 groups A042, A051, and A052"
2020,Level 3,AA32,"Agriculture, Forestry and Fishing Support Services and Hunting",Dollars (millions),H19,Purchases and other operating expenses,Financial performance,"2,704","ANZSIC06 groups A042, A051, and A052"
2020,Level 3,AA32,"Agriculture, Forestry and Fishing Support Services and Hunting",Dollars (millions),H20,Non-operating expenses,Financial performance,27,"ANZSIC06 groups A042, A051, and A052"
2020,Level 3,AA32,"Agriculture, Forestry and Fishing Support Services and Hunting",Dollars (millions),H21,Opening stocks,Financial performance,292,"ANZSIC06 groups A042, A051, and A052"
2020,Level 3,AA32,"Agriculture, Forestry and Fishing Support Services and Hunting",Dollars (millions),H22,Closing stocks,Financial performance,304,"ANZSIC06 groups A042, A051, and A052"
2020,Level 3,AA32,"Agriculture, Forestry and Fishing Support Services and Hunting",Dollars (millions),H23,Surplus before income tax,Financial performance,472,"ANZSIC06 groups A042, A051, and A052"
2020,Level 3,AA32,"Agriculture, Forestry and Fishing Support Services and Hunting",Dollars (millions),H24,Total assets,Financial position,"6,904","ANZSIC06 groups A042, A051, and A052"
2020,Level 3,AA32,"Agriculture, Forestry and Fishing Support Services and Hunting",Dollars (millions),H25,Current assets,Financial position,"1,757","ANZSIC06 groups A042, A051, and A052"
2020,Level 3,AA32,"Agriculture, Forestry and Fishing Support Services and Hunting",Dollars (millions),H26,Fixed tangible assets,Financial position,"4,005","ANZSIC06 groups A042, A051, and A052"
2020,Level 3,AA32,"Agriculture, Forestry and Fishing Support Services and Hunting",Dollars (millions),H29,Other assets,Financial position,"1,142","ANZSIC06 groups A042, A051, and A052"
2020,Level 3,AA32,"Agriculture, Forestry and Fishing Support Services and Hunting",Dollars (millions),H30,Total equity and liabilities,Financial position,"6,904","ANZSIC06 groups A042, A051, and A052"
2020,Level 3,AA32,"Agriculture, Forestry and Fishing Support Services and Hunting",Dollars (millions),H31,Shareholders funds or owners equity,Financial position,"2,740","ANZSIC06 groups A042, A051, and A052"
2020,Level 3,AA32,"Agriculture, Forestry and Fishing Support Services and Hunting",Dollars (millions),H32,Current liabilities,Financial position,"2,009","ANZSIC06 groups A042, A051, and A052"
2020,Level 3,AA32,"Agriculture, Forestry and Fishing Support Services and Hunting",Dollars (millions),H33,Other liabilities,Financial position,"2,155","ANZSIC06 groups A042, A051, and A052"
2020,Level 3,AA32,"Agriculture, Forestry and Fishing Support Services and Hunting",Dollars,H34,Total income per employee count,Financial ratios,"181,000","ANZSIC06 groups A042, A051, and A052"
2020,Level 3,AA32,"Agriculture, Forestry and Fishing Support Services and Hunting",Dollars,H35,Surplus per employee count,Financial ratios,"16,900","ANZSIC06 groups A042, A051, and A052"
2020,Level 3,AA32,"Agriculture, Forestry and Fishing Support Services and Hunting",Percentage,H36,Current ratio,Financial ratios,87,"ANZSIC06 groups A042, A051, and A052"
2020,Level 3,AA32,"Agriculture, Forestry and Fishing Support Services and Hunting",Percentage,H37,Quick ratio,Financial ratios,72,"ANZSIC06 groups A042, A051, and A052"
2020,Level 3,AA32,"Agriculture, Forestry and Fishing Support Services and Hunting",Percentage,H39,Return on equity,Financial ratios,17,"ANZSIC06 groups A042, A051, and A052"
2020,Level 3,AA32,"Agriculture, Forestry and Fishing Support Services and Hunting",Percentage,H40,Return on total assets,Financial ratios,7,"ANZSIC06 groups A042, A051, and A052"
2020,Level 3,AA32,"Agriculture, Forestry and Fishing Support Services and Hunting",Percentage,H41,Liabilities structure,Financial ratios,40,"ANZSIC06 groups A042, A051, and A052"
2020,Level 1,BB,Mining,Dollars (millions),H01,Total income,Financial performance,"5,255",ANZSIC06 division B
2020,Level 1,BB,Mining,Dollars (millions),H04,Sales of goods and services,Financial performance,"4,691",ANZSIC06 division B
2020,Level 1,BB,Mining,Dollars (millions),H05,"Interest, dividends and donations",Financial performance,C,ANZSIC06 division B
2020,Level 1,BB,Mining,Dollars (millions),H06,"Government funding, grants and subsidies",Financial performance,12,ANZSIC06 division B
2020,Level 1,BB,Mining,Dollars (millions),H07,Non-operating income,Financial performance,C,ANZSIC06 division B
2020,Level 1,BB,Mining,Dollars (millions),H08,Total expenditure,Financial performance,"4,514",ANZSIC06 division B
2020,Level 1,BB,Mining,Dollars (millions),H09,Interest and donations,Financial performance,173,ANZSIC06 division B
2020,Level 1,BB,Mining,Dollars (millions),H10,Indirect taxes,Financial performance,43,ANZSIC06 division B
2020,Level 1,BB,Mining,Dollars (millions),H11,Depreciation,Financial performance,944,ANZSIC06 division B
2020,Level 1,BB,Mining,Dollars (millions),H12,Salaries and wages paid,Financial performance,659,ANZSIC06 division B
2020,Level 1,BB,Mining,Dollars (millions),H13,Redundancy and severance,Financial performance,1,ANZSIC06 division B
2020,Level 1,BB,Mining,Dollars (millions),H19,Purchases and other operating expenses,Financial performance,"2,174",ANZSIC06 division B
2020,Level 1,BB,Mining,Dollars (millions),H20,Non-operating expenses,Financial performance,521,ANZSIC06 division B
2020,Level 1,BB,Mining,Dollars (millions),H21,Opening stocks,Financial performance,304,ANZSIC06 division B
2020,Level 1,BB,Mining,Dollars (millions),H22,Closing stocks,Financial performance,302,ANZSIC06 division B
2020,Level 1,BB,Mining,Dollars (millions),H23,Surplus before income tax,Financial performance,738,ANZSIC06 division B
2020,Level 1,BB,Mining,Dollars (millions),H24,Total assets,Financial position,"13,042",ANZSIC06 division B
2020,Level 1,BB,Mining,Dollars (millions),H25,Current assets,Financial position,"3,238",ANZSIC06 division B
2020,Level 1,BB,Mining,Dollars (millions),H26,Fixed tangible assets,Financial position,"7,662",ANZSIC06 division B
2020,Level 1,BB,Mining,Dollars (millions),H27,Additions to fixed assets,Financial position,"1,208",ANZSIC06 division B
2020,Level 1,BB,Mining,Dollars (millions),H28,Disposals of fixed assets,Financial position,433,ANZSIC06 division B
2020,Level 1,BB,Mining,Dollars (millions),H29,Other assets,Financial position,"2,142",ANZSIC06 division B
2020,Level 1,BB,Mining,Dollars (millions),H30,Total equity and liabilities,Financial position,"13,042",ANZSIC06 division B
2020,Level 1,BB,Mining,Dollars (millions),H31,Shareholders funds or owners equity,Financial position,"4,185",ANZSIC06 division B
2020,Level 1,BB,Mining,Dollars (millions),H32,Current liabilities,Financial position,"3,157",ANZSIC06 division B
2020,Level 1,BB,Mining,Dollars (millions),H33,Other liabilities,Financial position,"5,700",ANZSIC06 division B
2020,Level 1,BB,Mining,Dollars,H34,Total income per employee count,Financial ratios,"923,300",ANZSIC06 division B
2020,Level 1,BB,Mining,Dollars,H35,Surplus per employee count,Financial ratios,"129,700",ANZSIC06 division B
2020,Level 1,BB,Mining,Percentage,H36,Current ratio,Financial ratios,103,ANZSIC06 division B
2020,Level 1,BB,Mining,Percentage,H37,Quick ratio,Financial ratios,93,ANZSIC06 division B
2020,Level 1,BB,Mining,Percentage,H39,Return on equity,Financial ratios,18,ANZSIC06 division B
2020,Level 1,BB,Mining,Percentage,H40,Return on total assets,Financial ratios,6,ANZSIC06 division B
2020,Level 1,BB,Mining,Percentage,H41,Liabilities structure,Financial ratios,32,ANZSIC06 division B
2020,Level 1,CC,Manufacturing,Dollars (millions),H01,Total income,Financial performance,"120,400",ANZSIC06 division C
2020,Level 1,CC,Manufacturing,Dollars (millions),H02,Sales of goods not further processed,Financial performance,"10,463",ANZSIC06 division C
2020,Level 1,CC,Manufacturing,Dollars (millions),H03,Sales of other goods and services,Financial performance,"108,644",ANZSIC06 division C
2020,Level 1,CC,Manufacturing,Dollars (millions),H05,"Interest, dividends and donations",Financial performance,427,ANZSIC06 division C
2020,Level 1,CC,Manufacturing,Dollars (millions),H06,"Government funding, grants and subsidies",Financial performance,333,ANZSIC06 division C
2020,Level 1,CC,Manufacturing,Dollars (millions),H07,Non-operating income,Financial performance,532,ANZSIC06 division C
2020,Level 1,CC,Manufacturing,Dollars (millions),H08,Total expenditure,Financial performance,"116,066",ANZSIC06 division C
2020,Level 1,CC,Manufacturing,Dollars (millions),H09,Interest and donations,Financial performance,"1,040",ANZSIC06 division C
2020,Level 1,CC,Manufacturing,Dollars (millions),H10,Indirect taxes,Financial performance,"3,804",ANZSIC06 division C
2020,Level 1,CC,Manufacturing,Dollars (millions),H11,Depreciation,Financial performance,"3,645",ANZSIC06 division C
2020,Level 1,CC,Manufacturing,Dollars (millions),H12,Salaries and wages paid,Financial performance,"16,487",ANZSIC06 division C
2020,Level 1,CC,Manufacturing,Dollars (millions),H13,Redundancy and severance,Financial performance,46,ANZSIC06 division C
2020,Level 1,CC,Manufacturing,Dollars (millions),H17,Purchases of goods bought for resale,Financial performance,"7,776",ANZSIC06 division C
2020,Level 1,CC,Manufacturing,Dollars (millions),H18,Other Purchases and operating expenses,Financial performance,"81,234",ANZSIC06 division C
2020,Level 1,CC,Manufacturing,Dollars (millions),H20,Non-operating expenses,Financial performance,"2,080",ANZSIC06 division C
2020,Level 1,CC,Manufacturing,Dollars (millions),H21,Opening stocks,Financial performance,"14,961",ANZSIC06 division C
2020,Level 1,CC,Manufacturing,Dollars (millions),H22,Closing stocks,Financial performance,"15,796",ANZSIC06 division C
2020,Level 1,CC,Manufacturing,Dollars (millions),H23,Surplus before income tax,Financial performance,"5,169",ANZSIC06 division C
2020,Level 1,CC,Manufacturing,Dollars (millions),H24,Total assets,Financial position,"95,565",ANZSIC06 division C
2020,Level 1,CC,Manufacturing,Dollars (millions),H25,Current assets,Financial position,"42,283",ANZSIC06 division C
2020,Level 1,CC,Manufacturing,Dollars (millions),H26,Fixed tangible assets,Financial position,"30,901",ANZSIC06 division C
2020,Level 1,CC,Manufacturing,Dollars (millions),H27,Additions to fixed assets,Financial position,"4,534",ANZSIC06 division C
2020,Level 1,CC,Manufacturing,Dollars (millions),H28,Disposals of fixed assets,Financial position,"1,054",ANZSIC06 division C
2020,Level 1,CC,Manufacturing,Dollars (millions),H29,Other assets,Financial position,"22,381",ANZSIC06 division C
2020,Level 1,CC,Manufacturing,Dollars (millions),H30,Total equity and liabilities,Financial position,"95,565",ANZSIC06 division C
2020,Level 1,CC,Manufacturing,Dollars (millions),H31,Shareholders funds or owners equity,Financial position,"42,383",ANZSIC06 division C
2020,Level 1,CC,Manufacturing,Dollars (millions),H32,Current liabilities,Financial position,"29,464",ANZSIC06 division C
2020,Level 1,CC,Manufacturing,Dollars (millions),H33,Other liabilities,Financial position,"23,719",ANZSIC06 division C
2020,Level 1,CC,Manufacturing,Dollars,H34,Total income per employee count,Financial ratios,"497,900",ANZSIC06 division C
2020,Level 1,CC,Manufacturing,Dollars,H35,Surplus per employee count,Financial ratios,"21,400",ANZSIC06 division C
2020,Level 1,CC,Manufacturing,Percentage,H36,Current ratio,Financial ratios,144,ANZSIC06 division C
2020,Level 1,CC,Manufacturing,Percentage,H37,Quick ratio,Financial ratios,90,ANZSIC06 division C
2020,Level 1,CC,Manufacturing,Percentage,H38,Margin on sales of goods for resale,Financial ratios,26,ANZSIC06 division C
2020,Level 1,CC,Manufacturing,Percentage,H39,Return on equity,Financial ratios,12,ANZSIC06 division C
2020,Level 1,CC,Manufacturing,Percentage,H40,Return on total assets,Financial ratios,5,ANZSIC06 division C
2020,Level 1,CC,Manufacturing,Percentage,H41,Liabilities structure,Financial ratios,44,ANZSIC06 division C
2020,Level 3,CC15,Beverage and Tobacco Product Manufacturing,Dollars (millions),H01,Total income,Financial performance,"6,881",ANZSIC06 groups C121 and C122
2020,Level 3,CC15,Beverage and Tobacco Product Manufacturing,Dollars (millions),H02,Sales of goods not further processed,Financial performance,374,ANZSIC06 groups C121 and C122
2020,Level 3,CC15,Beverage and Tobacco Product Manufacturing,Dollars (millions),H03,Sales of other goods and services,Financial performance,"6,416",ANZSIC06 groups C121 and C122
2020,Level 3,CC15,Beverage and Tobacco Product Manufacturing,Dollars (millions),H05,"Interest, dividends and donations",Financial performance,15,ANZSIC06 groups C121 and C122
2020,Level 3,CC15,Beverage and Tobacco Product Manufacturing,Dollars (millions),H06,"Government funding, grants and subsidies",Financial performance,9,ANZSIC06 groups C121 and C122
2020,Level 3,CC15,Beverage and Tobacco Product Manufacturing,Dollars (millions),H07,Non-operating income,Financial performance,66,ANZSIC06 groups C121 and C122
2020,Level 3,CC15,Beverage and Tobacco Product Manufacturing,Dollars (millions),H08,Total expenditure,Financial performance,"6,503",ANZSIC06 groups C121 and C122
2020,Level 3,CC15,Beverage and Tobacco Product Manufacturing,Dollars (millions),H09,Interest and donations,Financial performance,114,ANZSIC06 groups C121 and C122
2020,Level 3,CC15,Beverage and Tobacco Product Manufacturing,Dollars (millions),H10,Indirect taxes,Financial performance,"1,121",ANZSIC06 groups C121 and C122
2020,Level 3,CC15,Beverage and Tobacco Product Manufacturing,Dollars (millions),H11,Depreciation,Financial performance,312,ANZSIC06 groups C121 and C122
2020,Level 3,CC15,Beverage and Tobacco Product Manufacturing,Dollars (millions),H12,Salaries and wages paid,Financial performance,697,ANZSIC06 groups C121 and C122
2020,Level 3,CC15,Beverage and Tobacco Product Manufacturing,Dollars (millions),H13,Redundancy and severance,Financial performance,12,ANZSIC06 groups C121 and C122
2020,Level 3,CC15,Beverage and Tobacco Product Manufacturing,Dollars (millions),H17,Purchases of goods bought for resale,Financial performance,260,ANZSIC06 groups C121 and C122
2020,Level 3,CC15,Beverage and Tobacco Product Manufacturing,Dollars (millions),H18,Other Purchases and operating expenses,Financial performance,"3,909",ANZSIC06 groups C121 and C122
2020,Level 3,CC15,Beverage and Tobacco Product Manufacturing,Dollars (millions),H20,Non-operating expenses,Financial performance,89,ANZSIC06 groups C121 and C122
2020,Level 3,CC15,Beverage and Tobacco Product Manufacturing,Dollars (millions),H21,Opening stocks,Financial performance,"1,834",ANZSIC06 groups C121 and C122
2020,Level 3,CC15,Beverage and Tobacco Product Manufacturing,Dollars (millions),H22,Closing stocks,Financial performance,"1,937",ANZSIC06 groups C121 and C122
2020,Level 3,CC15,Beverage and Tobacco Product Manufacturing,Dollars (millions),H23,Surplus before income tax,Financial performance,480,ANZSIC06 groups C121 and C122
2020,Level 3,CC15,Beverage and Tobacco Product Manufacturing,Dollars (millions),H24,Total assets,Financial position,"10,017",ANZSIC06 groups C121 and C122
2020,Level 3,CC15,Beverage and Tobacco Product Manufacturing,Dollars (millions),H25,Current assets,Financial position,"4,071",ANZSIC06 groups C121 and C122
2020,Level 3,CC15,Beverage and Tobacco Product Manufacturing,Dollars (millions),H26,Fixed tangible assets,Financial position,"4,036",ANZSIC06 groups C121 and C122
2020,Level 3,CC15,Beverage and Tobacco Product Manufacturing,Dollars (millions),H27,Additions to fixed assets,Financial position,461,ANZSIC06 groups C121 and C122
2020,Level 3,CC15,Beverage and Tobacco Product Manufacturing,Dollars (millions),H28,Disposals of fixed assets,Financial position,132,ANZSIC06 groups C121 and C122
2020,Level 3,CC15,Beverage and Tobacco Product Manufacturing,Dollars (millions),H29,Other assets,Financial position,"1,909",ANZSIC06 groups C121 and C122
2020,Level 3,CC15,Beverage and Tobacco Product Manufacturing,Dollars (millions),H30,Total equity and liabilities,Financial position,"10,017",ANZSIC06 groups C121 and C122
2020,Level 3,CC15,Beverage and Tobacco Product Manufacturing,Dollars (millions),H31,Shareholders funds or owners equity,Financial position,"4,844",ANZSIC06 groups C121 and C122
2020,Level 3,CC15,Beverage and Tobacco Product Manufacturing,Dollars (millions),H32,Current liabilities,Financial position,"2,299",ANZSIC06 groups C121 and C122
2020,Level 3,CC15,Beverage and Tobacco Product Manufacturing,Dollars (millions),H33,Other liabilities,Financial position,"2,873",ANZSIC06 groups C121 and C122
2020,Level 3,CC15,Beverage and Tobacco Product Manufacturing,Dollars,H34,Total income per employee count,Financial ratios,"651,700",ANZSIC06 groups C121 and C122
2020,Level 3,CC15,Beverage and Tobacco Product Manufacturing,Dollars,H35,Surplus per employee count,Financial ratios,"45,500",ANZSIC06 groups C121 and C122
2020,Level 3,CC15,Beverage and Tobacco Product Manufacturing,Percentage,H36,Current ratio,Financial ratios,177,ANZSIC06 groups C121 and C122
2020,Level 3,CC15,Beverage and Tobacco Product Manufacturing,Percentage,H37,Quick ratio,Financial ratios,93,ANZSIC06 groups C121 and C122
2020,Level 3,CC15,Beverage and Tobacco Product Manufacturing,Percentage,H38,Margin on sales of goods for resale,Financial ratios,30,ANZSIC06 groups C121 and C122
2020,Level 3,CC15,Beverage and Tobacco Product Manufacturing,Percentage,H39,Return on equity,Financial ratios,10,ANZSIC06 groups C121 and C122
2020,Level 3,CC15,Beverage and Tobacco Product Manufacturing,Percentage,H40,Return on total assets,Financial ratios,5,ANZSIC06 groups C121 and C122
2020,Level 3,CC15,Beverage and Tobacco Product Manufacturing,Percentage,H41,Liabilities structure,Financial ratios,48,ANZSIC06 groups C121 and C122
2020,Level 4,CC151,Beverage and Tobacco Product Manufacturing,Dollars (millions),H01,Total income,Financial performance,"6,881",ANZSIC06 groups C121 and C122
2020,Level 4,CC151,Beverage and Tobacco Product Manufacturing,Dollars (millions),H02,Sales of goods not further processed,Financial performance,374,ANZSIC06 groups C121 and C122
2020,Level 4,CC151,Beverage and Tobacco Product Manufacturing,Dollars (millions),H03,Sales of other goods and services,Financial performance,"6,416",ANZSIC06 groups C121 and C122
2020,Level 4,CC151,Beverage and Tobacco Product Manufacturing,Dollars (millions),H05,"Interest, dividends and donations",Financial performance,15,ANZSIC06 groups C121 and C122
2020,Level 4,CC151,Beverage and Tobacco Product Manufacturing,Dollars (millions),H06,"Government funding, grants and subsidies",Financial performance,9,ANZSIC06 groups C121 and C122
2020,Level 4,CC151,Beverage and Tobacco Product Manufacturing,Dollars (millions),H07,Non-operating income,Financial performance,66,ANZSIC06 groups C121 and C122
2020,Level 4,CC151,Beverage and Tobacco Product Manufacturing,Dollars (millions),H08,Total expenditure,Financial performance,"6,503",ANZSIC06 groups C121 and C122
2020,Level 4,CC151,Beverage and Tobacco Product Manufacturing,Dollars (millions),H09,Interest and donations,Financial performance,114,ANZSIC06 groups C121 and C122
2020,Level 4,CC151,Beverage and Tobacco Product Manufacturing,Dollars (millions),H10,Indirect taxes,Financial performance,"1,121",ANZSIC06 groups C121 and C122
2020,Level 4,CC151,Beverage and Tobacco Product Manufacturing,Dollars (millions),H11,Depreciation,Financial performance,312,ANZSIC06 groups C121 and C122
2020,Level 4,CC151,Beverage and Tobacco Product Manufacturing,Dollars (millions),H12,Salaries and wages paid,Financial performance,697,ANZSIC06 groups C121 and C122
2020,Level 4,CC151,Beverage and Tobacco Product Manufacturing,Dollars (millions),H13,Redundancy and severance,Financial performance,12,ANZSIC06 groups C121 and C122
2020,Level 4,CC151,Beverage and Tobacco Product Manufacturing,Dollars (millions),H17,Purchases of goods bought for resale,Financial performance,260,ANZSIC06 groups C121 and C122
2020,Level 4,CC151,Beverage and Tobacco Product Manufacturing,Dollars (millions),H18,Other Purchases and operating expenses,Financial performance,"3,909",ANZSIC06 groups C121 and C122
2020,Level 4,CC151,Beverage and Tobacco Product Manufacturing,Dollars (millions),H20,Non-operating expenses,Financial performance,89,ANZSIC06 groups C121 and C122
2020,Level 4,CC151,Beverage and Tobacco Product Manufacturing,Dollars (millions),H21,Opening stocks,Financial performance,"1,834",ANZSIC06 groups C121 and C122
2020,Level 4,CC151,Beverage and Tobacco Product Manufacturing,Dollars (millions),H22,Closing stocks,Financial performance,"1,937",ANZSIC06 groups C121 and C122
2020,Level 4,CC151,Beverage and Tobacco Product Manufacturing,Dollars (millions),H23,Surplus before income tax,Financial performance,480,ANZSIC06 groups C121 and C122
2020,Level 4,CC151,Beverage and Tobacco Product Manufacturing,Dollars (millions),H24,Total assets,Financial position,"10,017",ANZSIC06 groups C121 and C122
2020,Level 4,CC151,Beverage and Tobacco Product Manufacturing,Dollars (millions),H25,Current assets,Financial position,"4,071",ANZSIC06 groups C121 and C122
2020,Level 4,CC151,Beverage and Tobacco Product Manufacturing,Dollars (millions),H26,Fixed tangible assets,Financial position,"4,036",ANZSIC06 groups C121 and C122
2020,Level 4,CC151,Beverage and Tobacco Product Manufacturing,Dollars (millions),H27,Additions to fixed assets,Financial position,461,ANZSIC06 groups C121 and C122
2020,Level 4,CC151,Beverage and Tobacco Product Manufacturing,Dollars (millions),H28,Disposals of fixed assets,Financial position,132,ANZSIC06 groups C121 and C122
2020,Level 4,CC151,Beverage and Tobacco Product Manufacturing,Dollars (millions),H29,Other assets,Financial position,"1,909",ANZSIC06 groups C121 and C122
2020,Level 4,CC151,Beverage and Tobacco Product Manufacturing,Dollars (millions),H30,Total equity and liabilities,Financial position,"10,017",ANZSIC06 groups C121 and C122
2020,Level 4,CC151,Beverage and Tobacco Product Manufacturing,Dollars (millions),H31,Shareholders funds or owners equity,Financial position,"4,844",ANZSIC06 groups C121 and C122
2020,Level 4,CC151,Beverage and Tobacco Product Manufacturing,Dollars (millions),H32,Current liabilities,Financial position,"2,299",ANZSIC06 groups C121 and C122
2020,Level 4,CC151,Beverage and Tobacco Product Manufacturing,Dollars (millions),H33,Other liabilities,Financial position,"2,873",ANZSIC06 groups C121 and C122
2020,Level 4,CC151,Beverage and Tobacco Product Manufacturing,Dollars,H34,Total income per employee count,Financial ratios,"651,700",ANZSIC06 groups C121 and C122
2020,Level 4,CC151,Beverage and Tobacco Product Manufacturing,Dollars,H35,Surplus per employee count,Financial ratios,"45,500",ANZSIC06 groups C121 and C122
2020,Level 4,CC151,Beverage and Tobacco Product Manufacturing,Percentage,H36,Current ratio,Financial ratios,177,ANZSIC06 groups C121 and C122
2020,Level 4,CC151,Beverage and Tobacco Product Manufacturing,Percentage,H37,Quick ratio,Financial ratios,93,ANZSIC06 groups C121 and C122
2020,Level 4,CC151,Beverage and Tobacco Product Manufacturing,Percentage,H38,Margin on sales of goods for resale,Financial ratios,30,ANZSIC06 groups C121 and C122
2020,Level 4,CC151,Beverage and Tobacco Product Manufacturing,Percentage,H39,Return on equity,Financial ratios,10,ANZSIC06 groups C121 and C122
2020,Level 4,CC151,Beverage and Tobacco Product Manufacturing,Percentage,H40,Return on total assets,Financial ratios,5,ANZSIC06 groups C121 and C122
