Year,Industry_aggregation_NZSIOC,Industry_code_NZSIOC,Industry_name_NZSIOC,Units,Variable_code,Variable_name,Variable_category,Value,Industry_code_ANZSIC06
2019,Level 4,CC211,Textile and Leather Manufacturing,Dollars,H34,Total income per employee count,Financial ratios,"305,600","ANZSIC06 groups C131, C132, and C133"
2019,Level 4,CC211,Textile and Leather Manufacturing,Dollars,H35,Surplus per employee count,Financial ratios,"10,300","ANZSIC06 groups C131, C132, and C133"
2019,Level 4,CC211,Textile and Leather Manufacturing,Percentage,H36,Current ratio,Financial ratios,155,"ANZSIC06 groups C131, C132, and C133"
2019,Level 4,CC211,Textile and Leather Manufacturing,Percentage,H37,Quick ratio,Financial ratios,90,"ANZSIC06 groups C131, C132, and C133"
2019,Level 4,CC211,Textile and Leather Manufacturing,Percentage,H38,Margin on sales of goods for resale,Financial ratios,31,"ANZSIC06 groups C131, C132, and C133"
2019,Level 4,CC211,Textile and Leather Manufacturing,Percentage,H39,Return on equity,Financial ratios,9,"ANZSIC06 groups C131, C132, and C133"
2019,Level 4,CC211,Textile and Leather Manufacturing,Percentage,H40,Return on total assets,Financial ratios,5,"ANZSIC06 groups C131, C132, and C133"
2019,Level 4,CC211,Textile and Leather Manufacturing,Percentage,H41,Liabilities structure,Financial ratios,48,"ANZSIC06 groups C131, C132, and C133"
2019,Level 4,CC212,"Clothing, Knitted Products and Footwear Manufacturing",Dollars (millions),H01,Total income,Financial performance,470,ANZSIC06 groups C134 and C135
2019,Level 4,CC212,"Clothing, Knitted Products and Footwear Manufacturing",Dollars (millions),H02,Sales of goods not further processed,Financial performance,52,ANZSIC06 groups C134 and C135
2019,Level 4,CC212,"Clothing, Knitted Products and Footwear Manufacturing",Dollars (millions),H03,Sales of other goods and services,Financial performance,416,ANZSIC06 groups C134 and C135
2019,Level 4,CC212,"Clothing, Knitted Products and Footwear Manufacturing",Dollars (millions),H05,"Interest, dividends and donations",Financial performance,1,ANZSIC06 groups C134 and C135
2019,Level 4,CC212,"Clothing, Knitted Products and Footwear Manufacturing",Dollars (millions),H06,"Government funding, grants and subsidies",Financial performance,0,ANZSIC06 groups C134 and C135
2019,Level 4,CC212,"Clothing, Knitted Products and Footwear Manufacturing",Dollars (millions),H07,Non-operating income,Financial performance,1,ANZSIC06 groups C134 and C135
2019,Level 4,CC212,"Clothing, Knitted Products and Footwear Manufacturing",Dollars (millions),H08,Total expenditure,Financial performance,437,ANZSIC06 groups C134 and C135
2019,Level 4,CC212,"Clothing, Knitted Products and Footwear Manufacturing",Dollars (millions),H09,Interest and donations,Financial performance,5,ANZSIC06 groups C134 and C135
2019,Level 4,CC212,"Clothing, Knitted Products and Footwear Manufacturing",Dollars (millions),H10,Indirect taxes,Financial performance,2,ANZSIC06 groups C134 and C135
2019,Level 4,CC212,"Clothing, Knitted Products and Footwear Manufacturing",Dollars (millions),H11,Depreciation,Financial performance,8,ANZSIC06 groups C134 and C135
2019,Level 4,CC212,"Clothing, Knitted Products and Footwear Manufacturing",Dollars (millions),H12,Salaries and wages paid,Financial performance,123,ANZSIC06 groups C134 and C135
2019,Level 4,CC212,"Clothing, Knitted Products and Footwear Manufacturing",Dollars (millions),H13,Redundancy and severance,Financial performance,0,ANZSIC06 groups C134 and C135
2019,Level 4,CC212,"Clothing, Knitted Products and Footwear Manufacturing",Dollars (millions),H17,Purchases of goods bought for resale,Financial performance,28,ANZSIC06 groups C134 and C135
2019,Level 4,CC212,"Clothing, Knitted Products and Footwear Manufacturing",Dollars (millions),H18,Other Purchases and operating expenses,Financial performance,269,ANZSIC06 groups C134 and C135
2019,Level 4,CC212,"Clothing, Knitted Products and Footwear Manufacturing",Dollars (millions),H20,Non-operating expenses,Financial performance,1,ANZSIC06 groups C134 and C135
2019,Level 4,CC212,"Clothing, Knitted Products and Footwear Manufacturing",Dollars (millions),H21,Opening stocks,Financial performance,103,ANZSIC06 groups C134 and C135
2019,Level 4,CC212,"Clothing, Knitted Products and Footwear Manufacturing",Dollars (millions),H22,Closing stocks,Financial performance,113,ANZSIC06 groups C134 and C135
2019,Level 4,CC212,"Clothing, Knitted Products and Footwear Manufacturing",Dollars (millions),H23,Surplus before income tax,Financial performance,43,ANZSIC06 groups C134 and C135
2019,Level 4,CC212,"Clothing, Knitted Products and Footwear Manufacturing",Dollars (millions),H24,Total assets,Financial position,326,ANZSIC06 groups C134 and C135
2019,Level 4,CC212,"Clothing, Knitted Products and Footwear Manufacturing",Dollars (millions),H25,Current assets,Financial position,217,ANZSIC06 groups C134 and C135
2019,Level 4,CC212,"Clothing, Knitted Products and Footwear Manufacturing",Dollars (millions),H26,Fixed tangible assets,Financial position,68,ANZSIC06 groups C134 and C135
2019,Level 4,CC212,"Clothing, Knitted Products and Footwear Manufacturing",Dollars (millions),H27,Additions to fixed assets,Financial position,16,ANZSIC06 groups C134 and C135
2019,Level 4,CC212,"Clothing, Knitted Products and Footwear Manufacturing",Dollars (millions),H28,Disposals of fixed assets,Financial position,8,ANZSIC06 groups C134 and C135
2019,Level 4,CC212,"Clothing, Knitted Products and Footwear Manufacturing",Dollars (millions),H29,Other assets,Financial position,40,ANZSIC06 groups C134 and C135
2019,Level 4,CC212,"Clothing, Knitted Products and Footwear Manufacturing",Dollars (millions),H30,Total equity and liabilities,Financial position,326,ANZSIC06 groups C134 and C135
2019,Level 4,CC212,"Clothing, Knitted Products and Footwear Manufacturing",Dollars (millions),H31,Shareholders funds or owners equity,Financial position,105,ANZSIC06 groups C134 and C135
2019,Level 4,CC212,"Clothing, Knitted Products and Footwear Manufacturing",Dollars (millions),H32,Current liabilities,Financial position,139,ANZSIC06 groups C134 and C135
2019,Level 4,CC212,"Clothing, Knitted Products and Footwear Manufacturing",Dollars (millions),H33,Other liabilities,Financial position,81,ANZSIC06 groups C134 and C135
2019,Level 4,CC212,"Clothing, Knitted Products and Footwear Manufacturing",Dollars,H34,Total income per employee count,Financial ratios,"148,700",ANZSIC06 groups C134 and C135
2019,Level 4,CC212,"Clothing, Knitted Products and Footwear Manufacturing",Dollars,H35,Surplus per employee count,Financial ratios,"13,800",ANZSIC06 groups C134 and C135
2019,Level 4,CC212,"Clothing, Knitted Products and Footwear Manufacturing",Percentage,H36,Current ratio,Financial ratios,156,ANZSIC06 groups C134 and C135
2019,Level 4,CC212,"Clothing, Knitted Products and Footwear Manufacturing",Percentage,H37,Quick ratio,Financial ratios,75,ANZSIC06 groups C134 and C135
2019,Level 4,CC212,"Clothing, Knitted Products and Footwear Manufacturing",Percentage,H38,Margin on sales of goods for resale,Financial ratios,47,ANZSIC06 groups C134 and C135
2019,Level 4,CC212,"Clothing, Knitted Products and Footwear Manufacturing",Percentage,H39,Return on equity,Financial ratios,41,ANZSIC06 groups C134 and C135
2019,Level 4,CC212,"Clothing, Knitted Products and Footwear Manufacturing",Percentage,H40,Return on total assets,Financial ratios,13,ANZSIC06 groups C134 and C135
2019,Level 4,CC212,"Clothing, Knitted Products and Footwear Manufacturing",Percentage,H41,Liabilities structure,Financial ratios,32,ANZSIC06 groups C134 and C135
2019,Level 3,CC31,Wood Product Manufacturing,Dollars (millions),H01,Total income,Financial performance,"5,856",ANZSIC06 groups C141 and C149
2019,Level 3,CC31,Wood Product Manufacturing,Dollars (millions),H02,Sales of goods not further processed,Financial performance,248,ANZSIC06 groups C141 and C149
2019,Level 3,CC31,Wood Product Manufacturing,Dollars (millions),H03,Sales of other goods and services,Financial performance,"5,579",ANZSIC06 groups C141 and C149
2019,Level 3,CC31,Wood Product Manufacturing,Dollars (millions),H05,"Interest, dividends and donations",Financial performance,9,ANZSIC06 groups C141 and C149
2019,Level 3,CC31,Wood Product Manufacturing,Dollars (millions),H06,"Government funding, grants and subsidies",Financial performance,1,ANZSIC06 groups C141 and C149
2019,Level 3,CC31,Wood Product Manufacturing,Dollars (millions),H07,Non-operating income,Financial performance,19,ANZSIC06 groups C141 and C149
2019,Level 3,CC31,Wood Product Manufacturing,Dollars (millions),H08,Total expenditure,Financial performance,"5,537",ANZSIC06 groups C141 and C149
2019,Level 3,CC31,Wood Product Manufacturing,Dollars (millions),H09,Interest and donations,Financial performance,45,ANZSIC06 groups C141 and C149
2019,Level 3,CC31,Wood Product Manufacturing,Dollars (millions),H10,Indirect taxes,Financial performance,14,ANZSIC06 groups C141 and C149
2019,Level 3,CC31,Wood Product Manufacturing,Dollars (millions),H11,Depreciation,Financial performance,145,ANZSIC06 groups C141 and C149
2019,Level 3,CC31,Wood Product Manufacturing,Dollars (millions),H12,Salaries and wages paid,Financial performance,"1,032",ANZSIC06 groups C141 and C149
2019,Level 3,CC31,Wood Product Manufacturing,Dollars (millions),H13,Redundancy and severance,Financial performance,C,ANZSIC06 groups C141 and C149
2019,Level 3,CC31,Wood Product Manufacturing,Dollars (millions),H17,Purchases of goods bought for resale,Financial performance,161,ANZSIC06 groups C141 and C149
2019,Level 3,CC31,Wood Product Manufacturing,Dollars (millions),H18,Other Purchases and operating expenses,Financial performance,"4,118",ANZSIC06 groups C141 and C149
2019,Level 3,CC31,Wood Product Manufacturing,Dollars (millions),H20,Non-operating expenses,Financial performance,21,ANZSIC06 groups C141 and C149
2019,Level 3,CC31,Wood Product Manufacturing,Dollars (millions),H21,Opening stocks,Financial performance,661,ANZSIC06 groups C141 and C149
2019,Level 3,CC31,Wood Product Manufacturing,Dollars (millions),H22,Closing stocks,Financial performance,690,ANZSIC06 groups C141 and C149
2019,Level 3,CC31,Wood Product Manufacturing,Dollars (millions),H23,Surplus before income tax,Financial performance,349,ANZSIC06 groups C141 and C149
2019,Level 3,CC31,Wood Product Manufacturing,Dollars (millions),H24,Total assets,Financial position,"4,039",ANZSIC06 groups C141 and C149
2019,Level 3,CC31,Wood Product Manufacturing,Dollars (millions),H25,Current assets,Financial position,"1,964",ANZSIC06 groups C141 and C149
2019,Level 3,CC31,Wood Product Manufacturing,Dollars (millions),H26,Fixed tangible assets,Financial position,"1,477",ANZSIC06 groups C141 and C149
2019,Level 3,CC31,Wood Product Manufacturing,Dollars (millions),H27,Additions to fixed assets,Financial position,306,ANZSIC06 groups C141 and C149
2019,Level 3,CC31,Wood Product Manufacturing,Dollars (millions),H28,Disposals of fixed assets,Financial position,47,ANZSIC06 groups C141 and C149
2019,Level 3,CC31,Wood Product Manufacturing,Dollars (millions),H29,Other assets,Financial position,599,ANZSIC06 groups C141 and C149
2019,Level 3,CC31,Wood Product Manufacturing,Dollars (millions),H30,Total equity and liabilities,Financial position,"4,039",ANZSIC06 groups C141 and C149
2019,Level 3,CC31,Wood Product Manufacturing,Dollars (millions),H31,Shareholders funds or owners equity,Financial position,"1,807",ANZSIC06 groups C141 and C149
2019,Level 3,CC31,Wood Product Manufacturing,Dollars (millions),H32,Current liabilities,Financial position,"1,467",ANZSIC06 groups C141 and C149
2019,Level 3,CC31,Wood Product Manufacturing,Dollars (millions),H33,Other liabilities,Financial position,764,ANZSIC06 groups C141 and C149
2019,Level 3,CC31,Wood Product Manufacturing,Dollars,H34,Total income per employee count,Financial ratios,"346,100",ANZSIC06 groups C141 and C149
2019,Level 3,CC31,Wood Product Manufacturing,Dollars,H35,Surplus per employee count,Financial ratios,"20,600",ANZSIC06 groups C141 and C149
2019,Level 3,CC31,Wood Product Manufacturing,Percentage,H36,Current ratio,Financial ratios,134,ANZSIC06 groups C141 and C149
2019,Level 3,CC31,Wood Product Manufacturing,Percentage,H37,Quick ratio,Financial ratios,87,ANZSIC06 groups C141 and C149
2019,Level 3,CC31,Wood Product Manufacturing,Percentage,H38,Margin on sales of goods for resale,Financial ratios,35,ANZSIC06 groups C141 and C149
2019,Level 3,CC31,Wood Product Manufacturing,Percentage,H39,Return on equity,Financial ratios,19,ANZSIC06 groups C141 and C149
2019,Level 3,CC31,Wood Product Manufacturing,Percentage,H40,Return on total assets,Financial ratios,9,ANZSIC06 groups C141 and C149
2019,Level 3,CC31,Wood Product Manufacturing,Percentage,H41,Liabilities structure,Financial ratios,45,ANZSIC06 groups C141 and C149
2019,Level 4,CC311,Wood Product Manufacturing,Dollars (millions),H01,Total income,Financial performance,"5,856",ANZSIC06 groups C141 and C149
2019,Level 4,CC311,Wood Product Manufacturing,Dollars (millions),H02,Sales of goods not further processed,Financial performance,248,ANZSIC06 groups C141 and C149
2019,Level 4,CC311,Wood Product Manufacturing,Dollars (millions),H03,Sales of other goods and services,Financial performance,"5,579",ANZSIC06 groups C141 and C149
2019,Level 4,CC311,Wood Product Manufacturing,Dollars (millions),H05,"Interest, dividends and donations",Financial performance,9,ANZSIC06 groups C141 and C149
2019,Level 4,CC311,Wood Product Manufacturing,Dollars (millions),H06,"Government funding, grants and subsidies",Financial performance,1,ANZSIC06 groups C141 and C149
2019,Level 4,CC311,Wood Product Manufacturing,Dollars (millions),H07,Non-operating income,Financial performance,19,ANZSIC06 groups C141 and C149
2019,Level 4,CC311,Wood Product Manufacturing,Dollars (millions),H08,Total expenditure,Financial performance,"5,537",ANZSIC06 groups C141 and C149
2019,Level 4,CC311,Wood Product Manufacturing,Dollars (millions),H09,Interest and donations,Financial performance,45,ANZSIC06 groups C141 and C149
2019,Level 4,CC311,Wood Product Manufacturing,Dollars (millions),H10,Indirect taxes,Financial performance,14,ANZSIC06 groups C141 and C149
2019,Level 4,CC311,Wood Product Manufacturing,Dollars (millions),H11,Depreciation,Financial performance,145,ANZSIC06 groups C141 and C149
2019,Level 4,CC311,Wood Product Manufacturing,Dollars (millions),H12,Salaries and wages paid,Financial performance,"1,032",ANZSIC06 groups C141 and C149
2019,Level 4,CC311,Wood Product Manufacturing,Dollars (millions),H13,Redundancy and severance,Financial performance,C,ANZSIC06 groups C141 and C149
2019,Level 4,CC311,Wood Product Manufacturing,Dollars (millions),H17,Purchases of goods bought for resale,Financial performance,161,ANZSIC06 groups C141 and C149
2019,Level 4,CC311,Wood Product Manufacturing,Dollars (millions),H18,Other Purchases and operating expenses,Financial performance,"4,118",ANZSIC06 groups C141 and C149
2019,Level 4,CC311,Wood Product Manufacturing,Dollars (millions),H20,Non-operating expenses,Financial performance,21,ANZSIC06 groups C141 and C149
2019,Level 4,CC311,Wood Product Manufacturing,Dollars (millions),H21,Opening stocks,Financial performance,661,ANZSIC06 groups C141 and C149
2019,Level 4,CC311,Wood Product Manufacturing,Dollars (millions),H22,Closing stocks,Financial performance,690,ANZSIC06 groups C141 and C149
2019,Level 4,CC311,Wood Product Manufacturing,Dollars (millions),H23,Surplus before income tax,Financial performance,349,ANZSIC06 groups C141 and C149
2019,Level 4,CC311,Wood Product Manufacturing,Dollars (millions),H24,Total assets,Financial position,"4,039",ANZSIC06 groups C141 and C149
2019,Level 4,CC311,Wood Product Manufacturing,Dollars (millions),H25,Current assets,Financial position,"1,964",ANZSIC06 groups C141 and C149
