Year,Industry_aggregation_NZSIOC,Industry_code_NZSIOC,Industry_name_NZSIOC,Units,Variable_code,Variable_name,Variable_category,Value,Industry_code_ANZSIC06
2017,Level 4,LL123,Real Estate Services,Dollars (millions),H12,Salaries and wages paid,Financial performance,840,ANZSIC06 group L672
2017,Level 4,LL123,Real Estate Services,Dollars (millions),H13,Redundancy and severance,Financial performance,0,ANZSIC06 group L672
2017,Level 4,LL123,Real Estate Services,Dollars (millions),H14,Salaries and wages to self employed commission agents,Financial performance,"1,291",ANZSIC06 group L672
2017,Level 4,LL123,Real Estate Services,Dollars (millions),H19,Purchases and other operating expenses,Financial performance,"1,436",ANZSIC06 group L672
2017,Level 4,LL123,Real Estate Services,Dollars (millions),H20,Non-operating expenses,Financial performance,55,ANZSIC06 group L672
2017,Level 4,LL123,Real Estate Services,Dollars (millions),H21,Opening stocks,Financial performance,36,ANZSIC06 group L672
2017,Level 4,LL123,Real Estate Services,Dollars (millions),H22,Closing stocks,Financial performance,35,ANZSIC06 group L672
2017,Level 4,LL123,Real Estate Services,Dollars (millions),H23,Surplus before income tax,Financial performance,"1,079",ANZSIC06 group L672
2017,Level 4,LL123,Real Estate Services,Dollars (millions),H24,Total assets,Financial position,"3,673",ANZSIC06 group L672
2017,Level 4,LL123,Real Estate Services,Dollars (millions),H25,Current assets,Financial position,"1,220",ANZSIC06 group L672
2017,Level 4,LL123,Real Estate Services,Dollars (millions),H26,Fixed tangible assets,Financial position,"1,516",ANZSIC06 group L672
2017,Level 4,LL123,Real Estate Services,Dollars (millions),H27,Additions to fixed assets,Financial position,379,ANZSIC06 group L672
2017,Level 4,LL123,Real Estate Services,Dollars (millions),H28,Disposals of fixed assets,Financial position,290,ANZSIC06 group L672
2017,Level 4,LL123,Real Estate Services,Dollars (millions),H29,Other assets,Financial position,937,ANZSIC06 group L672
2017,Level 4,LL123,Real Estate Services,Dollars (millions),H30,Total equity and liabilities,Financial position,"3,673",ANZSIC06 group L672
2017,Level 4,LL123,Real Estate Services,Dollars (millions),H31,Shareholders funds or owners equity,Financial position,"1,689",ANZSIC06 group L672
2017,Level 4,LL123,Real Estate Services,Dollars (millions),H32,Current liabilities,Financial position,"1,076",ANZSIC06 group L672
2017,Level 4,LL123,Real Estate Services,Dollars (millions),H33,Other liabilities,Financial position,908,ANZSIC06 group L672
2017,Level 4,LL123,Real Estate Services,Dollars,H34,Total income per employee count,Financial ratios,"443,000",ANZSIC06 group L672
2017,Level 4,LL123,Real Estate Services,Dollars,H35,Surplus per employee count,Financial ratios,"97,800",ANZSIC06 group L672
2017,Level 4,LL123,Real Estate Services,Percentage,H36,Current ratio,Financial ratios,113,ANZSIC06 group L672
2017,Level 4,LL123,Real Estate Services,Percentage,H37,Quick ratio,Financial ratios,110,ANZSIC06 group L672
2017,Level 4,LL123,Real Estate Services,Percentage,H39,Return on equity,Financial ratios,64,ANZSIC06 group L672
2017,Level 4,LL123,Real Estate Services,Percentage,H40,Return on total assets,Financial ratios,29,ANZSIC06 group L672
2017,Level 4,LL123,Real Estate Services,Percentage,H41,Liabilities structure,Financial ratios,46,ANZSIC06 group L672
2017,Level 1,MN,"Professional, Scientific, Technical, Administrative and Support Services",Dollars (millions),H01,Total income,Financial performance,"51,407",ANZSIC06 divisions M and N
2017,Level 1,MN,"Professional, Scientific, Technical, Administrative and Support Services",Dollars (millions),H04,Sales of goods and services,Financial performance,"45,180",ANZSIC06 divisions M and N
2017,Level 1,MN,"Professional, Scientific, Technical, Administrative and Support Services",Dollars (millions),H05,"Interest, dividends and donations",Financial performance,"5,413",ANZSIC06 divisions M and N
2017,Level 1,MN,"Professional, Scientific, Technical, Administrative and Support Services",Dollars (millions),H06,"Government funding, grants and subsidies",Financial performance,294,ANZSIC06 divisions M and N
2017,Level 1,MN,"Professional, Scientific, Technical, Administrative and Support Services",Dollars (millions),H07,Non-operating income,Financial performance,521,ANZSIC06 divisions M and N
2017,Level 1,MN,"Professional, Scientific, Technical, Administrative and Support Services",Dollars (millions),H08,Total expenditure,Financial performance,"41,578",ANZSIC06 divisions M and N
2017,Level 1,MN,"Professional, Scientific, Technical, Administrative and Support Services",Dollars (millions),H09,Interest and donations,Financial performance,927,ANZSIC06 divisions M and N
2017,Level 1,MN,"Professional, Scientific, Technical, Administrative and Support Services",Dollars (millions),H10,Indirect taxes,Financial performance,122,ANZSIC06 divisions M and N
2017,Level 1,MN,"Professional, Scientific, Technical, Administrative and Support Services",Dollars (millions),H11,Depreciation,Financial performance,"1,051",ANZSIC06 divisions M and N
2017,Level 1,MN,"Professional, Scientific, Technical, Administrative and Support Services",Dollars (millions),H12,Salaries and wages paid,Financial performance,"17,329",ANZSIC06 divisions M and N
2017,Level 1,MN,"Professional, Scientific, Technical, Administrative and Support Services",Dollars (millions),H13,Redundancy and severance,Financial performance,32,ANZSIC06 divisions M and N
2017,Level 1,MN,"Professional, Scientific, Technical, Administrative and Support Services",Dollars (millions),H19,Purchases and other operating expenses,Financial performance,"21,476",ANZSIC06 divisions M and N
2017,Level 1,MN,"Professional, Scientific, Technical, Administrative and Support Services",Dollars (millions),H20,Non-operating expenses,Financial performance,674,ANZSIC06 divisions M and N
2017,Level 1,MN,"Professional, Scientific, Technical, Administrative and Support Services",Dollars (millions),H21,Opening stocks,Financial performance,771,ANZSIC06 divisions M and N
2017,Level 1,MN,"Professional, Scientific, Technical, Administrative and Support Services",Dollars (millions),H22,Closing stocks,Financial performance,912,ANZSIC06 divisions M and N
2017,Level 1,MN,"Professional, Scientific, Technical, Administrative and Support Services",Dollars (millions),H23,Surplus before income tax,Financial performance,"9,970",ANZSIC06 divisions M and N
2017,Level 1,MN,"Professional, Scientific, Technical, Administrative and Support Services",Dollars (millions),H24,Total assets,Financial position,"66,862",ANZSIC06 divisions M and N
2017,Level 1,MN,"Professional, Scientific, Technical, Administrative and Support Services",Dollars (millions),H25,Current assets,Financial position,"26,558",ANZSIC06 divisions M and N
2017,Level 1,MN,"Professional, Scientific, Technical, Administrative and Support Services",Dollars (millions),H26,Fixed tangible assets,Financial position,"8,120",ANZSIC06 divisions M and N
2017,Level 1,MN,"Professional, Scientific, Technical, Administrative and Support Services",Dollars (millions),H27,Additions to fixed assets,Financial position,"2,292",ANZSIC06 divisions M and N
2017,Level 1,MN,"Professional, Scientific, Technical, Administrative and Support Services",Dollars (millions),H28,Disposals of fixed assets,Financial position,913,ANZSIC06 divisions M and N
2017,Level 1,MN,"Professional, Scientific, Technical, Administrative and Support Services",Dollars (millions),H29,Other assets,Financial position,"32,183",ANZSIC06 divisions M and N
2017,Level 1,MN,"Professional, Scientific, Technical, Administrative and Support Services",Dollars (millions),H30,Total equity and liabilities,Financial position,"66,861",ANZSIC06 divisions M and N
2017,Level 1,MN,"Professional, Scientific, Technical, Administrative and Support Services",Dollars (millions),H31,Shareholders funds or owners equity,Financial position,"26,844",ANZSIC06 divisions M and N
2017,Level 1,MN,"Professional, Scientific, Technical, Administrative and Support Services",Dollars (millions),H32,Current liabilities,Financial position,"25,115",ANZSIC06 divisions M and N
2017,Level 1,MN,"Professional, Scientific, Technical, Administrative and Support Services",Dollars (millions),H33,Other liabilities,Financial position,"14,902",ANZSIC06 divisions M and N
2017,Level 1,MN,"Professional, Scientific, Technical, Administrative and Support Services",Dollars,H34,Total income per employee count,Financial ratios,"204,000",ANZSIC06 divisions M and N
2017,Level 1,MN,"Professional, Scientific, Technical, Administrative and Support Services",Dollars,H35,Surplus per employee count,Financial ratios,"39,600",ANZSIC06 divisions M and N
2017,Level 1,MN,"Professional, Scientific, Technical, Administrative and Support Services",Percentage,H36,Current ratio,Financial ratios,106,ANZSIC06 divisions M and N
2017,Level 1,MN,"Professional, Scientific, Technical, Administrative and Support Services",Percentage,H37,Quick ratio,Financial ratios,102,ANZSIC06 divisions M and N
2017,Level 1,MN,"Professional, Scientific, Technical, Administrative and Support Services",Percentage,H39,Return on equity,Financial ratios,37,ANZSIC06 divisions M and N
2017,Level 1,MN,"Professional, Scientific, Technical, Administrative and Support Services",Percentage,H40,Return on total assets,Financial ratios,15,ANZSIC06 divisions M and N
2017,Level 1,MN,"Professional, Scientific, Technical, Administrative and Support Services",Percentage,H41,Liabilities structure,Financial ratios,40,ANZSIC06 divisions M and N
2017,Level 3,MN11,"Professional, Scientific and Technical Services",Dollars (millions),H01,Total income,Financial performance,"40,173",ANZSIC06 division M
2017,Level 3,MN11,"Professional, Scientific and Technical Services",Dollars (millions),H04,Sales of goods and services,Financial performance,"34,288",ANZSIC06 division M
2017,Level 3,MN11,"Professional, Scientific and Technical Services",Dollars (millions),H05,"Interest, dividends and donations",Financial performance,"5,200",ANZSIC06 division M
2017,Level 3,MN11,"Professional, Scientific and Technical Services",Dollars (millions),H06,"Government funding, grants and subsidies",Financial performance,248,ANZSIC06 division M
2017,Level 3,MN11,"Professional, Scientific and Technical Services",Dollars (millions),H07,Non-operating income,Financial performance,437,ANZSIC06 division M
2017,Level 3,MN11,"Professional, Scientific and Technical Services",Dollars (millions),H08,Total expenditure,Financial performance,"31,223",ANZSIC06 division M
2017,Level 3,MN11,"Professional, Scientific and Technical Services",Dollars (millions),H09,Interest and donations,Financial performance,824,ANZSIC06 division M
2017,Level 3,MN11,"Professional, Scientific and Technical Services",Dollars (millions),H10,Indirect taxes,Financial performance,95,ANZSIC06 division M
2017,Level 3,MN11,"Professional, Scientific and Technical Services",Dollars (millions),H11,Depreciation,Financial performance,793,ANZSIC06 division M
2017,Level 3,MN11,"Professional, Scientific and Technical Services",Dollars (millions),H12,Salaries and wages paid,Financial performance,"13,433",ANZSIC06 division M
2017,Level 3,MN11,"Professional, Scientific and Technical Services",Dollars (millions),H13,Redundancy and severance,Financial performance,28,ANZSIC06 division M
2017,Level 3,MN11,"Professional, Scientific and Technical Services",Dollars (millions),H19,Purchases and other operating expenses,Financial performance,"15,581",ANZSIC06 division M
2017,Level 3,MN11,"Professional, Scientific and Technical Services",Dollars (millions),H20,Non-operating expenses,Financial performance,497,ANZSIC06 division M
2017,Level 3,MN11,"Professional, Scientific and Technical Services",Dollars (millions),H21,Opening stocks,Financial performance,609,ANZSIC06 division M
2017,Level 3,MN11,"Professional, Scientific and Technical Services",Dollars (millions),H22,Closing stocks,Financial performance,708,ANZSIC06 division M
2017,Level 3,MN11,"Professional, Scientific and Technical Services",Dollars (millions),H23,Surplus before income tax,Financial performance,"9,049",ANZSIC06 division M
2017,Level 3,MN11,"Professional, Scientific and Technical Services",Dollars (millions),H24,Total assets,Financial position,"57,890",ANZSIC06 division M
2017,Level 3,MN11,"Professional, Scientific and Technical Services",Dollars (millions),H25,Current assets,Financial position,"22,768",ANZSIC06 division M
2017,Level 3,MN11,"Professional, Scientific and Technical Services",Dollars (millions),H26,Fixed tangible assets,Financial position,"5,601",ANZSIC06 division M
2017,Level 3,MN11,"Professional, Scientific and Technical Services",Dollars (millions),H27,Additions to fixed assets,Financial position,"1,490",ANZSIC06 division M
2017,Level 3,MN11,"Professional, Scientific and Technical Services",Dollars (millions),H28,Disposals of fixed assets,Financial position,655,ANZSIC06 division M
2017,Level 3,MN11,"Professional, Scientific and Technical Services",Dollars (millions),H29,Other assets,Financial position,"29,520",ANZSIC06 division M
2017,Level 3,MN11,"Professional, Scientific and Technical Services",Dollars (millions),H30,Total equity and liabilities,Financial position,"57,890",ANZSIC06 division M
2017,Level 3,MN11,"Professional, Scientific and Technical Services",Dollars (millions),H31,Shareholders funds or owners equity,Financial position,"22,896",ANZSIC06 division M
2017,Level 3,MN11,"Professional, Scientific and Technical Services",Dollars (millions),H32,Current liabilities,Financial position,"21,626",ANZSIC06 division M
2017,Level 3,MN11,"Professional, Scientific and Technical Services",Dollars (millions),H33,Other liabilities,Financial position,"13,368",ANZSIC06 division M
2017,Level 3,MN11,"Professional, Scientific and Technical Services",Dollars,H34,Total income per employee count,Financial ratios,"281,200",ANZSIC06 division M
2017,Level 3,MN11,"Professional, Scientific and Technical Services",Dollars,H35,Surplus per employee count,Financial ratios,"63,300",ANZSIC06 division M
2017,Level 3,MN11,"Professional, Scientific and Technical Services",Percentage,H36,Current ratio,Financial ratios,105,ANZSIC06 division M
2017,Level 3,MN11,"Professional, Scientific and Technical Services",Percentage,H37,Quick ratio,Financial ratios,102,ANZSIC06 division M
2017,Level 3,MN11,"Professional, Scientific and Technical Services",Percentage,H39,Return on equity,Financial ratios,40,ANZSIC06 division M
2017,Level 3,MN11,"Professional, Scientific and Technical Services",Percentage,H40,Return on total assets,Financial ratios,16,ANZSIC06 division M
2017,Level 3,MN11,"Professional, Scientific and Technical Services",Percentage,H41,Liabilities structure,Financial ratios,40,ANZSIC06 division M
2017,Level 4,MN111,"Scientific, Architectural and Engineering Services",Dollars (millions),H01,Total income,Financial performance,"9,034",ANZSIC06 groups M691 and M692
2017,Level 4,MN111,"Scientific, Architectural and Engineering Services",Dollars (millions),H04,Sales of goods and services,Financial performance,"8,742",ANZSIC06 groups M691 and M692
2017,Level 4,MN111,"Scientific, Architectural and Engineering Services",Dollars (millions),H05,"Interest, dividends and donations",Financial performance,158,ANZSIC06 groups M691 and M692
2017,Level 4,MN111,"Scientific, Architectural and Engineering Services",Dollars (millions),H06,"Government funding, grants and subsidies",Financial performance,80,ANZSIC06 groups M691 and M692
2017,Level 4,MN111,"Scientific, Architectural and Engineering Services",Dollars (millions),H07,Non-operating income,Financial performance,53,ANZSIC06 groups M691 and M692
2017,Level 4,MN111,"Scientific, Architectural and Engineering Services",Dollars (millions),H08,Total expenditure,Financial performance,"7,846",ANZSIC06 groups M691 and M692
2017,Level 4,MN111,"Scientific, Architectural and Engineering Services",Dollars (millions),H09,Interest and donations,Financial performance,71,ANZSIC06 groups M691 and M692
2017,Level 4,MN111,"Scientific, Architectural and Engineering Services",Dollars (millions),H10,Indirect taxes,Financial performance,25,ANZSIC06 groups M691 and M692
2017,Level 4,MN111,"Scientific, Architectural and Engineering Services",Dollars (millions),H11,Depreciation,Financial performance,175,ANZSIC06 groups M691 and M692
