Year,Industry_aggregation_NZSIOC,Industry_code_NZSIOC,Industry_name_NZSIOC,Units,Variable_code,Variable_name,Variable_category,Value,Industry_code_ANZSIC06
2019,Level 4,KK131,Auxiliary Finance and Insurance Services,Dollars (millions),H11,Depreciation,Financial performance,158,ANZSIC06 groups K641 and K642
2019,Level 4,KK131,Auxiliary Finance and Insurance Services,Dollars (millions),H12,Salaries and wages paid,Financial performance,"2,117",ANZSIC06 groups K641 and K642
2019,Level 4,KK131,Auxiliary Finance and Insurance Services,Dollars (millions),H13,Redundancy and severance,Financial performance,4,ANZSIC06 groups K641 and K642
2019,Level 4,KK131,Auxiliary Finance and Insurance Services,Dollars (millions),H14,Salaries and wages to self employed commission agents,Financial performance,C,ANZSIC06 groups K641 and K642
2019,Level 4,KK131,Auxiliary Finance and Insurance Services,Dollars (millions),H19,Purchases and other operating expenses,Financial performance,"2,850",ANZSIC06 groups K641 and K642
2019,Level 4,KK131,Auxiliary Finance and Insurance Services,Dollars (millions),H20,Non-operating expenses,Financial performance,79,ANZSIC06 groups K641 and K642
2019,Level 4,KK131,Auxiliary Finance and Insurance Services,Dollars (millions),H21,Opening stocks,Financial performance,42,ANZSIC06 groups K641 and K642
2019,Level 4,KK131,Auxiliary Finance and Insurance Services,Dollars (millions),H22,Closing stocks,Financial performance,44,ANZSIC06 groups K641 and K642
2019,Level 4,KK131,Auxiliary Finance and Insurance Services,Dollars (millions),H23,Surplus before income tax,Financial performance,"1,374",ANZSIC06 groups K641 and K642
2019,Level 4,KK131,Auxiliary Finance and Insurance Services,Dollars (millions),H24,Total assets,Financial position,"13,247",ANZSIC06 groups K641 and K642
2019,Level 4,KK131,Auxiliary Finance and Insurance Services,Dollars (millions),H30,Total equity and liabilities,Financial position,"13,247",ANZSIC06 groups K641 and K642
2019,Level 4,KK131,Auxiliary Finance and Insurance Services,Dollars (millions),H31,Shareholders funds or owners equity,Financial position,"4,998",ANZSIC06 groups K641 and K642
2019,Level 4,KK131,Auxiliary Finance and Insurance Services,Dollars,H34,Total income per employee count,Financial ratios,"390,100",ANZSIC06 groups K641 and K642
2019,Level 4,KK131,Auxiliary Finance and Insurance Services,Dollars,H35,Surplus per employee count,Financial ratios,"79,400",ANZSIC06 groups K641 and K642
2019,Level 4,KK131,Auxiliary Finance and Insurance Services,Percentage,H39,Return on equity,Financial ratios,27,ANZSIC06 groups K641 and K642
2019,Level 4,KK131,Auxiliary Finance and Insurance Services,Percentage,H40,Return on total assets,Financial ratios,10,ANZSIC06 groups K641 and K642
2019,Level 4,KK131,Auxiliary Finance and Insurance Services,Percentage,H41,Liabilities structure,Financial ratios,38,ANZSIC06 groups K641 and K642
2019,Level 1,LL,"Rental, Hiring and Real Estate Services",Dollars (millions),H01,Total income,Financial performance,"35,227",ANZSIC06 division L
2019,Level 1,LL,"Rental, Hiring and Real Estate Services",Dollars (millions),H04,Sales of goods and services,Financial performance,"29,190",ANZSIC06 division L
2019,Level 1,LL,"Rental, Hiring and Real Estate Services",Dollars (millions),H05,"Interest, dividends and donations",Financial performance,"1,663",ANZSIC06 division L
2019,Level 1,LL,"Rental, Hiring and Real Estate Services",Dollars (millions),H06,"Government funding, grants and subsidies",Financial performance,4,ANZSIC06 division L
2019,Level 1,LL,"Rental, Hiring and Real Estate Services",Dollars (millions),H07,Non-operating income,Financial performance,"4,369",ANZSIC06 division L
2019,Level 1,LL,"Rental, Hiring and Real Estate Services",Dollars (millions),H08,Total expenditure,Financial performance,"22,578",ANZSIC06 division L
2019,Level 1,LL,"Rental, Hiring and Real Estate Services",Dollars (millions),H09,Interest and donations,Financial performance,"4,034",ANZSIC06 division L
2019,Level 1,LL,"Rental, Hiring and Real Estate Services",Dollars (millions),H10,Indirect taxes,Financial performance,756,ANZSIC06 division L
2019,Level 1,LL,"Rental, Hiring and Real Estate Services",Dollars (millions),H11,Depreciation,Financial performance,"2,469",ANZSIC06 division L
2019,Level 1,LL,"Rental, Hiring and Real Estate Services",Dollars (millions),H12,Salaries and wages paid,Financial performance,"2,658",ANZSIC06 division L
2019,Level 1,LL,"Rental, Hiring and Real Estate Services",Dollars (millions),H13,Redundancy and severance,Financial performance,2,ANZSIC06 division L
2019,Level 1,LL,"Rental, Hiring and Real Estate Services",Dollars (millions),H14,Salaries and wages to self employed commission agents,Financial performance,"1,203",ANZSIC06 division L
2019,Level 1,LL,"Rental, Hiring and Real Estate Services",Dollars (millions),H19,Purchases and other operating expenses,Financial performance,"10,788",ANZSIC06 division L
2019,Level 1,LL,"Rental, Hiring and Real Estate Services",Dollars (millions),H20,Non-operating expenses,Financial performance,671,ANZSIC06 division L
2019,Level 1,LL,"Rental, Hiring and Real Estate Services",Dollars (millions),H21,Opening stocks,Financial performance,"2,859",ANZSIC06 division L
2019,Level 1,LL,"Rental, Hiring and Real Estate Services",Dollars (millions),H22,Closing stocks,Financial performance,"3,059",ANZSIC06 division L
2019,Level 1,LL,"Rental, Hiring and Real Estate Services",Dollars (millions),H23,Surplus before income tax,Financial performance,"12,848",ANZSIC06 division L
2019,Level 1,LL,"Rental, Hiring and Real Estate Services",Dollars (millions),H24,Total assets,Financial position,"276,357",ANZSIC06 division L
2019,Level 1,LL,"Rental, Hiring and Real Estate Services",Dollars (millions),H25,Current assets,Financial position,"35,504",ANZSIC06 division L
2019,Level 1,LL,"Rental, Hiring and Real Estate Services",Dollars (millions),H26,Fixed tangible assets,Financial position,"201,513",ANZSIC06 division L
2019,Level 1,LL,"Rental, Hiring and Real Estate Services",Dollars (millions),H27,Additions to fixed assets,Financial position,"31,538",ANZSIC06 division L
2019,Level 1,LL,"Rental, Hiring and Real Estate Services",Dollars (millions),H28,Disposals of fixed assets,Financial position,"16,513",ANZSIC06 division L
2019,Level 1,LL,"Rental, Hiring and Real Estate Services",Dollars (millions),H29,Other assets,Financial position,"39,340",ANZSIC06 division L
2019,Level 1,LL,"Rental, Hiring and Real Estate Services",Dollars (millions),H30,Total equity and liabilities,Financial position,"276,358",ANZSIC06 division L
2019,Level 1,LL,"Rental, Hiring and Real Estate Services",Dollars (millions),H31,Shareholders funds or owners equity,Financial position,"125,672",ANZSIC06 division L
2019,Level 1,LL,"Rental, Hiring and Real Estate Services",Dollars (millions),H32,Current liabilities,Financial position,"54,738",ANZSIC06 division L
2019,Level 1,LL,"Rental, Hiring and Real Estate Services",Dollars (millions),H33,Other liabilities,Financial position,"95,948",ANZSIC06 division L
2019,Level 1,LL,"Rental, Hiring and Real Estate Services",Dollars,H34,Total income per employee count,Financial ratios,"1,079,200",ANZSIC06 division L
2019,Level 1,LL,"Rental, Hiring and Real Estate Services",Dollars,H35,Surplus per employee count,Financial ratios,"393,600",ANZSIC06 division L
2019,Level 1,LL,"Rental, Hiring and Real Estate Services",Percentage,H36,Current ratio,Financial ratios,65,ANZSIC06 division L
2019,Level 1,LL,"Rental, Hiring and Real Estate Services",Percentage,H37,Quick ratio,Financial ratios,59,ANZSIC06 division L
2019,Level 1,LL,"Rental, Hiring and Real Estate Services",Percentage,H39,Return on equity,Financial ratios,10,ANZSIC06 division L
2019,Level 1,LL,"Rental, Hiring and Real Estate Services",Percentage,H40,Return on total assets,Financial ratios,5,ANZSIC06 division L
2019,Level 1,LL,"Rental, Hiring and Real Estate Services",Percentage,H41,Liabilities structure,Financial ratios,45,ANZSIC06 division L
2019,Level 3,LL11,Rental and Hiring Services (except Real Estate),Dollars (millions),H01,Total income,Financial performance,"6,853","ANZSIC06 groups L661, L662, L663, and L664"
2019,Level 3,LL11,Rental and Hiring Services (except Real Estate),Dollars (millions),H04,Sales of goods and services,Financial performance,"6,447","ANZSIC06 groups L661, L662, L663, and L664"
2019,Level 3,LL11,Rental and Hiring Services (except Real Estate),Dollars (millions),H05,"Interest, dividends and donations",Financial performance,C,"ANZSIC06 groups L661, L662, L663, and L664"
2019,Level 3,LL11,Rental and Hiring Services (except Real Estate),Dollars (millions),H06,"Government funding, grants and subsidies",Financial performance,C,"ANZSIC06 groups L661, L662, L663, and L664"
2019,Level 3,LL11,Rental and Hiring Services (except Real Estate),Dollars (millions),H07,Non-operating income,Financial performance,165,"ANZSIC06 groups L661, L662, L663, and L664"
2019,Level 3,LL11,Rental and Hiring Services (except Real Estate),Dollars (millions),H08,Total expenditure,Financial performance,"5,792","ANZSIC06 groups L661, L662, L663, and L664"
2019,Level 3,LL11,Rental and Hiring Services (except Real Estate),Dollars (millions),H09,Interest and donations,Financial performance,368,"ANZSIC06 groups L661, L662, L663, and L664"
2019,Level 3,LL11,Rental and Hiring Services (except Real Estate),Dollars (millions),H10,Indirect taxes,Financial performance,65,"ANZSIC06 groups L661, L662, L663, and L664"
2019,Level 3,LL11,Rental and Hiring Services (except Real Estate),Dollars (millions),H11,Depreciation,Financial performance,"1,321","ANZSIC06 groups L661, L662, L663, and L664"
2019,Level 3,LL11,Rental and Hiring Services (except Real Estate),Dollars (millions),H12,Salaries and wages paid,Financial performance,939,"ANZSIC06 groups L661, L662, L663, and L664"
2019,Level 3,LL11,Rental and Hiring Services (except Real Estate),Dollars (millions),H13,Redundancy and severance,Financial performance,1,"ANZSIC06 groups L661, L662, L663, and L664"
2019,Level 3,LL11,Rental and Hiring Services (except Real Estate),Dollars (millions),H14,Salaries and wages to self employed commission agents,Financial performance,1,"ANZSIC06 groups L661, L662, L663, and L664"
2019,Level 3,LL11,Rental and Hiring Services (except Real Estate),Dollars (millions),H19,Purchases and other operating expenses,Financial performance,"2,968","ANZSIC06 groups L661, L662, L663, and L664"
2019,Level 3,LL11,Rental and Hiring Services (except Real Estate),Dollars (millions),H20,Non-operating expenses,Financial performance,130,"ANZSIC06 groups L661, L662, L663, and L664"
2019,Level 3,LL11,Rental and Hiring Services (except Real Estate),Dollars (millions),H21,Opening stocks,Financial performance,241,"ANZSIC06 groups L661, L662, L663, and L664"
2019,Level 3,LL11,Rental and Hiring Services (except Real Estate),Dollars (millions),H22,Closing stocks,Financial performance,290,"ANZSIC06 groups L661, L662, L663, and L664"
2019,Level 3,LL11,Rental and Hiring Services (except Real Estate),Dollars (millions),H23,Surplus before income tax,Financial performance,"1,110","ANZSIC06 groups L661, L662, L663, and L664"
2019,Level 3,LL11,Rental and Hiring Services (except Real Estate),Dollars (millions),H24,Total assets,Financial position,"24,712","ANZSIC06 groups L661, L662, L663, and L664"
2019,Level 3,LL11,Rental and Hiring Services (except Real Estate),Dollars (millions),H25,Current assets,Financial position,"4,845","ANZSIC06 groups L661, L662, L663, and L664"
2019,Level 3,LL11,Rental and Hiring Services (except Real Estate),Dollars (millions),H26,Fixed tangible assets,Financial position,"13,690","ANZSIC06 groups L661, L662, L663, and L664"
2019,Level 3,LL11,Rental and Hiring Services (except Real Estate),Dollars (millions),H27,Additions to fixed assets,Financial position,"4,339","ANZSIC06 groups L661, L662, L663, and L664"
2019,Level 3,LL11,Rental and Hiring Services (except Real Estate),Dollars (millions),H28,Disposals of fixed assets,Financial position,"1,439","ANZSIC06 groups L661, L662, L663, and L664"
2019,Level 3,LL11,Rental and Hiring Services (except Real Estate),Dollars (millions),H29,Other assets,Financial position,"6,177","ANZSIC06 groups L661, L662, L663, and L664"
2019,Level 3,LL11,Rental and Hiring Services (except Real Estate),Dollars (millions),H30,Total equity and liabilities,Financial position,"24,712","ANZSIC06 groups L661, L662, L663, and L664"
2019,Level 3,LL11,Rental and Hiring Services (except Real Estate),Dollars (millions),H31,Shareholders funds or owners equity,Financial position,"9,106","ANZSIC06 groups L661, L662, L663, and L664"
2019,Level 3,LL11,Rental and Hiring Services (except Real Estate),Dollars (millions),H32,Current liabilities,Financial position,"6,718","ANZSIC06 groups L661, L662, L663, and L664"
2019,Level 3,LL11,Rental and Hiring Services (except Real Estate),Dollars (millions),H33,Other liabilities,Financial position,"8,888","ANZSIC06 groups L661, L662, L663, and L664"
2019,Level 3,LL11,Rental and Hiring Services (except Real Estate),Dollars,H34,Total income per employee count,Financial ratios,"456,100","ANZSIC06 groups L661, L662, L663, and L664"
2019,Level 3,LL11,Rental and Hiring Services (except Real Estate),Dollars,H35,Surplus per employee count,Financial ratios,"73,900","ANZSIC06 groups L661, L662, L663, and L664"
2019,Level 3,LL11,Rental and Hiring Services (except Real Estate),Percentage,H36,Current ratio,Financial ratios,72,"ANZSIC06 groups L661, L662, L663, and L664"
2019,Level 3,LL11,Rental and Hiring Services (except Real Estate),Percentage,H37,Quick ratio,Financial ratios,68,"ANZSIC06 groups L661, L662, L663, and L664"
2019,Level 3,LL11,Rental and Hiring Services (except Real Estate),Percentage,H39,Return on equity,Financial ratios,12,"ANZSIC06 groups L661, L662, L663, and L664"
2019,Level 3,LL11,Rental and Hiring Services (except Real Estate),Percentage,H40,Return on total assets,Financial ratios,4,"ANZSIC06 groups L661, L662, L663, and L664"
2019,Level 3,LL11,Rental and Hiring Services (except Real Estate),Percentage,H41,Liabilities structure,Financial ratios,37,"ANZSIC06 groups L661, L662, L663, and L664"
2019,Level 4,LL111,Rental and Hiring Services (except Real Estate),Dollars (millions),H01,Total income,Financial performance,"5,582","ANZSIC06 groups L661, L662, and L663"
2019,Level 4,LL111,Rental and Hiring Services (except Real Estate),Dollars (millions),H04,Sales of goods and services,Financial performance,"5,276","ANZSIC06 groups L661, L662, and L663"
2019,Level 4,LL111,Rental and Hiring Services (except Real Estate),Dollars (millions),H05,"Interest, dividends and donations",Financial performance,184,"ANZSIC06 groups L661, L662, and L663"
2019,Level 4,LL111,Rental and Hiring Services (except Real Estate),Dollars (millions),H06,"Government funding, grants and subsidies",Financial performance,0,"ANZSIC06 groups L661, L662, and L663"
2019,Level 4,LL111,Rental and Hiring Services (except Real Estate),Dollars (millions),H07,Non-operating income,Financial performance,122,"ANZSIC06 groups L661, L662, and L663"
2019,Level 4,LL111,Rental and Hiring Services (except Real Estate),Dollars (millions),H08,Total expenditure,Financial performance,"4,900","ANZSIC06 groups L661, L662, and L663"
2019,Level 4,LL111,Rental and Hiring Services (except Real Estate),Dollars (millions),H09,Interest and donations,Financial performance,331,"ANZSIC06 groups L661, L662, and L663"
2019,Level 4,LL111,Rental and Hiring Services (except Real Estate),Dollars (millions),H10,Indirect taxes,Financial performance,63,"ANZSIC06 groups L661, L662, and L663"
2019,Level 4,LL111,Rental and Hiring Services (except Real Estate),Dollars (millions),H11,Depreciation,Financial performance,"1,289","ANZSIC06 groups L661, L662, and L663"
2019,Level 4,LL111,Rental and Hiring Services (except Real Estate),Dollars (millions),H12,Salaries and wages paid,Financial performance,784,"ANZSIC06 groups L661, L662, and L663"
2019,Level 4,LL111,Rental and Hiring Services (except Real Estate),Dollars (millions),H13,Redundancy and severance,Financial performance,0,"ANZSIC06 groups L661, L662, and L663"
2019,Level 4,LL111,Rental and Hiring Services (except Real Estate),Dollars (millions),H14,Salaries and wages to self employed commission agents,Financial performance,0,"ANZSIC06 groups L661, L662, and L663"
2019,Level 4,LL111,Rental and Hiring Services (except Real Estate),Dollars (millions),H19,Purchases and other operating expenses,Financial performance,"2,325","ANZSIC06 groups L661, L662, and L663"
2019,Level 4,LL111,Rental and Hiring Services (except Real Estate),Dollars (millions),H20,Non-operating expenses,Financial performance,108,"ANZSIC06 groups L661, L662, and L663"
2019,Level 4,LL111,Rental and Hiring Services (except Real Estate),Dollars (millions),H21,Opening stocks,Financial performance,218,"ANZSIC06 groups L661, L662, and L663"
