Year,Industry_aggregation_NZSIOC,Industry_code_NZSIOC,Industry_name_NZSIOC,Units,Variable_code,Variable_name,Variable_category,Value,Industry_code_ANZSIC06
2018,Level 4,LL123,Real Estate Services,Dollars (millions),H19,Purchases and other operating expenses,Financial performance,"1,402",ANZSIC06 group L672
2018,Level 4,LL123,Real Estate Services,Dollars (millions),H20,Non-operating expenses,Financial performance,C,ANZSIC06 group L672
2018,Level 4,LL123,Real Estate Services,Dollars (millions),H21,Opening stocks,Financial performance,30,ANZSIC06 group L672
2018,Level 4,LL123,Real Estate Services,Dollars (millions),H22,Closing stocks,Financial performance,38,ANZSIC06 group L672
2018,Level 4,LL123,Real Estate Services,Dollars (millions),H23,Surplus before income tax,Financial performance,974,ANZSIC06 group L672
2018,Level 4,LL123,Real Estate Services,Dollars (millions),H24,Total assets,Financial position,"3,958",ANZSIC06 group L672
2018,Level 4,LL123,Real Estate Services,Dollars (millions),H25,Current assets,Financial position,"1,281",ANZSIC06 group L672
2018,Level 4,LL123,Real Estate Services,Dollars (millions),H26,Fixed tangible assets,Financial position,"1,720",ANZSIC06 group L672
2018,Level 4,LL123,Real Estate Services,Dollars (millions),H27,Additions to fixed assets,Financial position,389,ANZSIC06 group L672
2018,Level 4,LL123,Real Estate Services,Dollars (millions),H28,Disposals of fixed assets,Financial position,229,ANZSIC06 group L672
2018,Level 4,LL123,Real Estate Services,Dollars (millions),H29,Other assets,Financial position,957,ANZSIC06 group L672
2018,Level 4,LL123,Real Estate Services,Dollars (millions),H30,Total equity and liabilities,Financial position,"3,958",ANZSIC06 group L672
2018,Level 4,LL123,Real Estate Services,Dollars (millions),H31,Shareholders funds or owners equity,Financial position,"1,806",ANZSIC06 group L672
2018,Level 4,LL123,Real Estate Services,Dollars (millions),H32,Current liabilities,Financial position,"1,195",ANZSIC06 group L672
2018,Level 4,LL123,Real Estate Services,Dollars (millions),H33,Other liabilities,Financial position,957,ANZSIC06 group L672
2018,Level 4,LL123,Real Estate Services,Dollars,H34,Total income per employee count,Financial ratios,"401,700",ANZSIC06 group L672
2018,Level 4,LL123,Real Estate Services,Dollars,H35,Surplus per employee count,Financial ratios,"86,800",ANZSIC06 group L672
2018,Level 4,LL123,Real Estate Services,Percentage,H36,Current ratio,Financial ratios,107,ANZSIC06 group L672
2018,Level 4,LL123,Real Estate Services,Percentage,H37,Quick ratio,Financial ratios,104,ANZSIC06 group L672
2018,Level 4,LL123,Real Estate Services,Percentage,H39,Return on equity,Financial ratios,54,ANZSIC06 group L672
2018,Level 4,LL123,Real Estate Services,Percentage,H40,Return on total assets,Financial ratios,25,ANZSIC06 group L672
2018,Level 4,LL123,Real Estate Services,Percentage,H41,Liabilities structure,Financial ratios,46,ANZSIC06 group L672
2018,Level 3,LL12,Property Operators and Real Estate Services,Dollars (millions),H01,Total income,Financial performance,"26,396","ANZSIC06 groups L671 (excluding class L6711), and L672"
2018,Level 3,LL12,Property Operators and Real Estate Services,Dollars (millions),H04,Sales of goods and services,Financial performance,"21,433","ANZSIC06 groups L671 (excluding class L6711), and L672"
2018,Level 3,LL12,Property Operators and Real Estate Services,Dollars (millions),H05,"Interest, dividends and donations",Financial performance,"1,116","ANZSIC06 groups L671 (excluding class L6711), and L672"
2018,Level 3,LL12,Property Operators and Real Estate Services,Dollars (millions),H06,"Government funding, grants and subsidies",Financial performance,1,"ANZSIC06 groups L671 (excluding class L6711), and L672"
2018,Level 3,LL12,Property Operators and Real Estate Services,Dollars (millions),H07,Non-operating income,Financial performance,"3,846","ANZSIC06 groups L671 (excluding class L6711), and L672"
2018,Level 3,LL12,Property Operators and Real Estate Services,Dollars (millions),H08,Total expenditure,Financial performance,"15,751","ANZSIC06 groups L671 (excluding class L6711), and L672"
2018,Level 3,LL12,Property Operators and Real Estate Services,Dollars (millions),H09,Interest and donations,Financial performance,"3,432","ANZSIC06 groups L671 (excluding class L6711), and L672"
2018,Level 3,LL12,Property Operators and Real Estate Services,Dollars (millions),H10,Indirect taxes,Financial performance,668,"ANZSIC06 groups L671 (excluding class L6711), and L672"
2018,Level 3,LL12,Property Operators and Real Estate Services,Dollars (millions),H11,Depreciation,Financial performance,"1,066","ANZSIC06 groups L671 (excluding class L6711), and L672"
2018,Level 3,LL12,Property Operators and Real Estate Services,Dollars (millions),H12,Salaries and wages paid,Financial performance,"1,534","ANZSIC06 groups L671 (excluding class L6711), and L672"
2018,Level 3,LL12,Property Operators and Real Estate Services,Dollars (millions),H13,Redundancy and severance,Financial performance,2,"ANZSIC06 groups L671 (excluding class L6711), and L672"
2018,Level 3,LL12,Property Operators and Real Estate Services,Dollars (millions),H14,Salaries and wages to self employed commission agents,Financial performance,C,"ANZSIC06 groups L671 (excluding class L6711), and L672"
2018,Level 3,LL12,Property Operators and Real Estate Services,Dollars (millions),H19,Purchases and other operating expenses,Financial performance,"7,553","ANZSIC06 groups L671 (excluding class L6711), and L672"
2018,Level 3,LL12,Property Operators and Real Estate Services,Dollars (millions),H20,Non-operating expenses,Financial performance,C,"ANZSIC06 groups L671 (excluding class L6711), and L672"
2018,Level 3,LL12,Property Operators and Real Estate Services,Dollars (millions),H21,Opening stocks,Financial performance,"2,363","ANZSIC06 groups L671 (excluding class L6711), and L672"
2018,Level 3,LL12,Property Operators and Real Estate Services,Dollars (millions),H22,Closing stocks,Financial performance,"2,351","ANZSIC06 groups L671 (excluding class L6711), and L672"
2018,Level 3,LL12,Property Operators and Real Estate Services,Dollars (millions),H23,Surplus before income tax,Financial performance,"10,633","ANZSIC06 groups L671 (excluding class L6711), and L672"
2018,Level 3,LL12,Property Operators and Real Estate Services,Dollars (millions),H24,Total assets,Financial position,"227,970","ANZSIC06 groups L671 (excluding class L6711), and L672"
2018,Level 3,LL12,Property Operators and Real Estate Services,Dollars (millions),H25,Current assets,Financial position,"27,503","ANZSIC06 groups L671 (excluding class L6711), and L672"
2018,Level 3,LL12,Property Operators and Real Estate Services,Dollars (millions),H26,Fixed tangible assets,Financial position,"168,926","ANZSIC06 groups L671 (excluding class L6711), and L672"
2018,Level 3,LL12,Property Operators and Real Estate Services,Dollars (millions),H27,Additions to fixed assets,Financial position,"21,555","ANZSIC06 groups L671 (excluding class L6711), and L672"
2018,Level 3,LL12,Property Operators and Real Estate Services,Dollars (millions),H28,Disposals of fixed assets,Financial position,"13,355","ANZSIC06 groups L671 (excluding class L6711), and L672"
2018,Level 3,LL12,Property Operators and Real Estate Services,Dollars (millions),H29,Other assets,Financial position,"31,541","ANZSIC06 groups L671 (excluding class L6711), and L672"
2018,Level 3,LL12,Property Operators and Real Estate Services,Dollars (millions),H30,Total equity and liabilities,Financial position,"227,970","ANZSIC06 groups L671 (excluding class L6711), and L672"
2018,Level 3,LL12,Property Operators and Real Estate Services,Dollars (millions),H31,Shareholders funds or owners equity,Financial position,"108,238","ANZSIC06 groups L671 (excluding class L6711), and L672"
2018,Level 3,LL12,Property Operators and Real Estate Services,Dollars (millions),H32,Current liabilities,Financial position,"41,677","ANZSIC06 groups L671 (excluding class L6711), and L672"
2018,Level 3,LL12,Property Operators and Real Estate Services,Dollars (millions),H33,Other liabilities,Financial position,"78,055","ANZSIC06 groups L671 (excluding class L6711), and L672"
2018,Level 3,LL12,Property Operators and Real Estate Services,Dollars,H34,Total income per employee count,Financial ratios,"1,516,100","ANZSIC06 groups L671 (excluding class L6711), and L672"
2018,Level 3,LL12,Property Operators and Real Estate Services,Dollars,H35,Surplus per employee count,Financial ratios,"610,700","ANZSIC06 groups L671 (excluding class L6711), and L672"
2018,Level 3,LL12,Property Operators and Real Estate Services,Percentage,H36,Current ratio,Financial ratios,66,"ANZSIC06 groups L671 (excluding class L6711), and L672"
2018,Level 3,LL12,Property Operators and Real Estate Services,Percentage,H37,Quick ratio,Financial ratios,60,"ANZSIC06 groups L671 (excluding class L6711), and L672"
2018,Level 3,LL12,Property Operators and Real Estate Services,Percentage,H39,Return on equity,Financial ratios,10,"ANZSIC06 groups L671 (excluding class L6711), and L672"
2018,Level 3,LL12,Property Operators and Real Estate Services,Percentage,H40,Return on total assets,Financial ratios,5,"ANZSIC06 groups L671 (excluding class L6711), and L672"
2018,Level 3,LL12,Property Operators and Real Estate Services,Percentage,H41,Liabilities structure,Financial ratios,47,"ANZSIC06 groups L671 (excluding class L6711), and L672"
2018,Level 1,LL,"Rental, Hiring and Real Estate Services",Dollars (millions),H01,Total income,Financial performance,"32,731",ANZSIC06 division L
2018,Level 1,LL,"Rental, Hiring and Real Estate Services",Dollars (millions),H04,Sales of goods and services,Financial performance,"27,311",ANZSIC06 division L
2018,Level 1,LL,"Rental, Hiring and Real Estate Services",Dollars (millions),H05,"Interest, dividends and donations",Financial performance,"1,354",ANZSIC06 division L
2018,Level 1,LL,"Rental, Hiring and Real Estate Services",Dollars (millions),H06,"Government funding, grants and subsidies",Financial performance,2,ANZSIC06 division L
2018,Level 1,LL,"Rental, Hiring and Real Estate Services",Dollars (millions),H07,Non-operating income,Financial performance,"4,064",ANZSIC06 division L
2018,Level 1,LL,"Rental, Hiring and Real Estate Services",Dollars (millions),H08,Total expenditure,Financial performance,"20,911",ANZSIC06 division L
2018,Level 1,LL,"Rental, Hiring and Real Estate Services",Dollars (millions),H09,Interest and donations,Financial performance,"3,759",ANZSIC06 division L
2018,Level 1,LL,"Rental, Hiring and Real Estate Services",Dollars (millions),H10,Indirect taxes,Financial performance,730,ANZSIC06 division L
2018,Level 1,LL,"Rental, Hiring and Real Estate Services",Dollars (millions),H11,Depreciation,Financial performance,"2,202",ANZSIC06 division L
2018,Level 1,LL,"Rental, Hiring and Real Estate Services",Dollars (millions),H12,Salaries and wages paid,Financial performance,"2,385",ANZSIC06 division L
2018,Level 1,LL,"Rental, Hiring and Real Estate Services",Dollars (millions),H13,Redundancy and severance,Financial performance,6,ANZSIC06 division L
2018,Level 1,LL,"Rental, Hiring and Real Estate Services",Dollars (millions),H14,Salaries and wages to self employed commission agents,Financial performance,"1,057",ANZSIC06 division L
2018,Level 1,LL,"Rental, Hiring and Real Estate Services",Dollars (millions),H19,Purchases and other operating expenses,Financial performance,"10,235",ANZSIC06 division L
2018,Level 1,LL,"Rental, Hiring and Real Estate Services",Dollars (millions),H20,Non-operating expenses,Financial performance,542,ANZSIC06 division L
2018,Level 1,LL,"Rental, Hiring and Real Estate Services",Dollars (millions),H21,Opening stocks,Financial performance,"2,577",ANZSIC06 division L
2018,Level 1,LL,"Rental, Hiring and Real Estate Services",Dollars (millions),H22,Closing stocks,Financial performance,"2,613",ANZSIC06 division L
2018,Level 1,LL,"Rental, Hiring and Real Estate Services",Dollars (millions),H23,Surplus before income tax,Financial performance,"11,856",ANZSIC06 division L
2018,Level 1,LL,"Rental, Hiring and Real Estate Services",Dollars (millions),H24,Total assets,Financial position,"249,955",ANZSIC06 division L
2018,Level 1,LL,"Rental, Hiring and Real Estate Services",Dollars (millions),H25,Current assets,Financial position,"31,975",ANZSIC06 division L
2018,Level 1,LL,"Rental, Hiring and Real Estate Services",Dollars (millions),H26,Fixed tangible assets,Financial position,"180,981",ANZSIC06 division L
2018,Level 1,LL,"Rental, Hiring and Real Estate Services",Dollars (millions),H27,Additions to fixed assets,Financial position,"25,160",ANZSIC06 division L
2018,Level 1,LL,"Rental, Hiring and Real Estate Services",Dollars (millions),H28,Disposals of fixed assets,Financial position,"14,363",ANZSIC06 division L
2018,Level 1,LL,"Rental, Hiring and Real Estate Services",Dollars (millions),H29,Other assets,Financial position,"36,999",ANZSIC06 division L
2018,Level 1,LL,"Rental, Hiring and Real Estate Services",Dollars (millions),H30,Total equity and liabilities,Financial position,"249,955",ANZSIC06 division L
2018,Level 1,LL,"Rental, Hiring and Real Estate Services",Dollars (millions),H31,Shareholders funds or owners equity,Financial position,"116,706",ANZSIC06 division L
2018,Level 1,LL,"Rental, Hiring and Real Estate Services",Dollars (millions),H32,Current liabilities,Financial position,"47,250",ANZSIC06 division L
2018,Level 1,LL,"Rental, Hiring and Real Estate Services",Dollars (millions),H33,Other liabilities,Financial position,"86,000",ANZSIC06 division L
2018,Level 1,LL,"Rental, Hiring and Real Estate Services",Dollars,H34,Total income per employee count,Financial ratios,"1,028,800",ANZSIC06 division L
2018,Level 1,LL,"Rental, Hiring and Real Estate Services",Dollars,H35,Surplus per employee count,Financial ratios,"372,700",ANZSIC06 division L
2018,Level 1,LL,"Rental, Hiring and Real Estate Services",Percentage,H36,Current ratio,Financial ratios,68,ANZSIC06 division L
2018,Level 1,LL,"Rental, Hiring and Real Estate Services",Percentage,H37,Quick ratio,Financial ratios,62,ANZSIC06 division L
2018,Level 1,LL,"Rental, Hiring and Real Estate Services",Percentage,H39,Return on equity,Financial ratios,10,ANZSIC06 division L
2018,Level 1,LL,"Rental, Hiring and Real Estate Services",Percentage,H40,Return on total assets,Financial ratios,5,ANZSIC06 division L
2018,Level 1,LL,"Rental, Hiring and Real Estate Services",Percentage,H41,Liabilities structure,Financial ratios,47,ANZSIC06 division L
2018,Level 4,MN111,"Scientific, Architectural and Engineering Services",Dollars (millions),H01,Total income,Financial performance,"9,784",ANZSIC06 groups M691 and M692
2018,Level 4,MN111,"Scientific, Architectural and Engineering Services",Dollars (millions),H04,Sales of goods and services,Financial performance,"9,547",ANZSIC06 groups M691 and M692
2018,Level 4,MN111,"Scientific, Architectural and Engineering Services",Dollars (millions),H05,"Interest, dividends and donations",Financial performance,115,ANZSIC06 groups M691 and M692
2018,Level 4,MN111,"Scientific, Architectural and Engineering Services",Dollars (millions),H06,"Government funding, grants and subsidies",Financial performance,81,ANZSIC06 groups M691 and M692
2018,Level 4,MN111,"Scientific, Architectural and Engineering Services",Dollars (millions),H07,Non-operating income,Financial performance,42,ANZSIC06 groups M691 and M692
2018,Level 4,MN111,"Scientific, Architectural and Engineering Services",Dollars (millions),H08,Total expenditure,Financial performance,"8,576",ANZSIC06 groups M691 and M692
2018,Level 4,MN111,"Scientific, Architectural and Engineering Services",Dollars (millions),H09,Interest and donations,Financial performance,67,ANZSIC06 groups M691 and M692
2018,Level 4,MN111,"Scientific, Architectural and Engineering Services",Dollars (millions),H10,Indirect taxes,Financial performance,27,ANZSIC06 groups M691 and M692
2018,Level 4,MN111,"Scientific, Architectural and Engineering Services",Dollars (millions),H11,Depreciation,Financial performance,200,ANZSIC06 groups M691 and M692
2018,Level 4,MN111,"Scientific, Architectural and Engineering Services",Dollars (millions),H12,Salaries and wages paid,Financial performance,"3,720",ANZSIC06 groups M691 and M692
