Year,Industry_aggregation_NZSIOC,Industry_code_NZSIOC,Industry_name_NZSIOC,Units,Variable_code,Variable_name,Variable_category,Value,Industry_code_ANZSIC06
2020,Level 4,CC212,"Clothing, Knitted Products and Footwear Manufacturing",Dollars (millions),H33,Other liabilities,Financial position,77,ANZSIC06 groups C134 and C135
2020,Level 4,CC212,"Clothing, Knitted Products and Footwear Manufacturing",Dollars,H34,Total income per employee count,Financial ratios,"160,500",ANZSIC06 groups C134 and C135
2020,Level 4,CC212,"Clothing, Knitted Products and Footwear Manufacturing",Dollars,H35,Surplus per employee count,Financial ratios,"11,100",ANZSIC06 groups C134 and C135
2020,Level 4,CC212,"Clothing, Knitted Products and Footwear Manufacturing",Percentage,H36,Current ratio,Financial ratios,155,ANZSIC06 groups C134 and C135
2020,Level 4,CC212,"Clothing, Knitted Products and Footwear Manufacturing",Percentage,H37,Quick ratio,Financial ratios,77,ANZSIC06 groups C134 and C135
2020,Level 4,CC212,"Clothing, Knitted Products and Footwear Manufacturing",Percentage,H38,Margin on sales of goods for resale,Financial ratios,43,ANZSIC06 groups C134 and C135
2020,Level 4,CC212,"Clothing, Knitted Products and Footwear Manufacturing",Percentage,H39,Return on equity,Financial ratios,29,ANZSIC06 groups C134 and C135
2020,Level 4,CC212,"Clothing, Knitted Products and Footwear Manufacturing",Percentage,H40,Return on total assets,Financial ratios,10,ANZSIC06 groups C134 and C135
2020,Level 4,CC212,"Clothing, Knitted Products and Footwear Manufacturing",Percentage,H41,Liabilities structure,Financial ratios,33,ANZSIC06 groups C134 and C135
2020,Level 3,CC31,Wood Product Manufacturing,Dollars (millions),H01,Total income,Financial performance,"5,821",ANZSIC06 groups C141 and C149
2020,Level 3,CC31,Wood Product Manufacturing,Dollars (millions),H02,Sales of goods not further processed,Financial performance,309,ANZSIC06 groups C141 and C149
2020,Level 3,CC31,Wood Product Manufacturing,Dollars (millions),H03,Sales of other goods and services,Financial performance,"5,466",ANZSIC06 groups C141 and C149
2020,Level 3,CC31,Wood Product Manufacturing,Dollars (millions),H05,"Interest, dividends and donations",Financial performance,11,ANZSIC06 groups C141 and C149
2020,Level 3,CC31,Wood Product Manufacturing,Dollars (millions),H06,"Government funding, grants and subsidies",Financial performance,14,ANZSIC06 groups C141 and C149
2020,Level 3,CC31,Wood Product Manufacturing,Dollars (millions),H07,Non-operating income,Financial performance,21,ANZSIC06 groups C141 and C149
2020,Level 3,CC31,Wood Product Manufacturing,Dollars (millions),H08,Total expenditure,Financial performance,"5,573",ANZSIC06 groups C141 and C149
2020,Level 3,CC31,Wood Product Manufacturing,Dollars (millions),H09,Interest and donations,Financial performance,37,ANZSIC06 groups C141 and C149
2020,Level 3,CC31,Wood Product Manufacturing,Dollars (millions),H10,Indirect taxes,Financial performance,15,ANZSIC06 groups C141 and C149
2020,Level 3,CC31,Wood Product Manufacturing,Dollars (millions),H11,Depreciation,Financial performance,157,ANZSIC06 groups C141 and C149
2020,Level 3,CC31,Wood Product Manufacturing,Dollars (millions),H12,Salaries and wages paid,Financial performance,"1,093",ANZSIC06 groups C141 and C149
2020,Level 3,CC31,Wood Product Manufacturing,Dollars (millions),H13,Redundancy and severance,Financial performance,1,ANZSIC06 groups C141 and C149
2020,Level 3,CC31,Wood Product Manufacturing,Dollars (millions),H17,Purchases of goods bought for resale,Financial performance,190,ANZSIC06 groups C141 and C149
2020,Level 3,CC31,Wood Product Manufacturing,Dollars (millions),H18,Other Purchases and operating expenses,Financial performance,"4,035",ANZSIC06 groups C141 and C149
2020,Level 3,CC31,Wood Product Manufacturing,Dollars (millions),H20,Non-operating expenses,Financial performance,45,ANZSIC06 groups C141 and C149
2020,Level 3,CC31,Wood Product Manufacturing,Dollars (millions),H21,Opening stocks,Financial performance,714,ANZSIC06 groups C141 and C149
2020,Level 3,CC31,Wood Product Manufacturing,Dollars (millions),H22,Closing stocks,Financial performance,696,ANZSIC06 groups C141 and C149
2020,Level 3,CC31,Wood Product Manufacturing,Dollars (millions),H23,Surplus before income tax,Financial performance,230,ANZSIC06 groups C141 and C149
2020,Level 3,CC31,Wood Product Manufacturing,Dollars (millions),H24,Total assets,Financial position,"4,089",ANZSIC06 groups C141 and C149
2020,Level 3,CC31,Wood Product Manufacturing,Dollars (millions),H25,Current assets,Financial position,"2,010",ANZSIC06 groups C141 and C149
2020,Level 3,CC31,Wood Product Manufacturing,Dollars (millions),H26,Fixed tangible assets,Financial position,"1,450",ANZSIC06 groups C141 and C149
2020,Level 3,CC31,Wood Product Manufacturing,Dollars (millions),H27,Additions to fixed assets,Financial position,247,ANZSIC06 groups C141 and C149
2020,Level 3,CC31,Wood Product Manufacturing,Dollars (millions),H28,Disposals of fixed assets,Financial position,81,ANZSIC06 groups C141 and C149
2020,Level 3,CC31,Wood Product Manufacturing,Dollars (millions),H29,Other assets,Financial position,629,ANZSIC06 groups C141 and C149
2020,Level 3,CC31,Wood Product Manufacturing,Dollars (millions),H30,Total equity and liabilities,Financial position,"4,089",ANZSIC06 groups C141 and C149
2020,Level 3,CC31,Wood Product Manufacturing,Dollars (millions),H31,Shareholders funds or owners equity,Financial position,"1,708",ANZSIC06 groups C141 and C149
2020,Level 3,CC31,Wood Product Manufacturing,Dollars (millions),H32,Current liabilities,Financial position,"1,543",ANZSIC06 groups C141 and C149
2020,Level 3,CC31,Wood Product Manufacturing,Dollars (millions),H33,Other liabilities,Financial position,838,ANZSIC06 groups C141 and C149
2020,Level 3,CC31,Wood Product Manufacturing,Dollars,H34,Total income per employee count,Financial ratios,"344,500",ANZSIC06 groups C141 and C149
2020,Level 3,CC31,Wood Product Manufacturing,Dollars,H35,Surplus per employee count,Financial ratios,"13,600",ANZSIC06 groups C141 and C149
2020,Level 3,CC31,Wood Product Manufacturing,Percentage,H36,Current ratio,Financial ratios,130,ANZSIC06 groups C141 and C149
2020,Level 3,CC31,Wood Product Manufacturing,Percentage,H37,Quick ratio,Financial ratios,85,ANZSIC06 groups C141 and C149
2020,Level 3,CC31,Wood Product Manufacturing,Percentage,H38,Margin on sales of goods for resale,Financial ratios,38,ANZSIC06 groups C141 and C149
2020,Level 3,CC31,Wood Product Manufacturing,Percentage,H39,Return on equity,Financial ratios,13,ANZSIC06 groups C141 and C149
2020,Level 3,CC31,Wood Product Manufacturing,Percentage,H40,Return on total assets,Financial ratios,6,ANZSIC06 groups C141 and C149
2020,Level 3,CC31,Wood Product Manufacturing,Percentage,H41,Liabilities structure,Financial ratios,42,ANZSIC06 groups C141 and C149
2020,Level 4,CC311,Wood Product Manufacturing,Dollars (millions),H01,Total income,Financial performance,"5,821",ANZSIC06 groups C141 and C149
2020,Level 4,CC311,Wood Product Manufacturing,Dollars (millions),H02,Sales of goods not further processed,Financial performance,309,ANZSIC06 groups C141 and C149
2020,Level 4,CC311,Wood Product Manufacturing,Dollars (millions),H03,Sales of other goods and services,Financial performance,"5,466",ANZSIC06 groups C141 and C149
2020,Level 4,CC311,Wood Product Manufacturing,Dollars (millions),H05,"Interest, dividends and donations",Financial performance,11,ANZSIC06 groups C141 and C149
2020,Level 4,CC311,Wood Product Manufacturing,Dollars (millions),H06,"Government funding, grants and subsidies",Financial performance,14,ANZSIC06 groups C141 and C149
2020,Level 4,CC311,Wood Product Manufacturing,Dollars (millions),H07,Non-operating income,Financial performance,21,ANZSIC06 groups C141 and C149
2020,Level 4,CC311,Wood Product Manufacturing,Dollars (millions),H08,Total expenditure,Financial performance,"5,573",ANZSIC06 groups C141 and C149
2020,Level 4,CC311,Wood Product Manufacturing,Dollars (millions),H09,Interest and donations,Financial performance,37,ANZSIC06 groups C141 and C149
2020,Level 4,CC311,Wood Product Manufacturing,Dollars (millions),H10,Indirect taxes,Financial performance,15,ANZSIC06 groups C141 and C149
2020,Level 4,CC311,Wood Product Manufacturing,Dollars (millions),H11,Depreciation,Financial performance,157,ANZSIC06 groups C141 and C149
2020,Level 4,CC311,Wood Product Manufacturing,Dollars (millions),H12,Salaries and wages paid,Financial performance,"1,093",ANZSIC06 groups C141 and C149
2020,Level 4,CC311,Wood Product Manufacturing,Dollars (millions),H13,Redundancy and severance,Financial performance,1,ANZSIC06 groups C141 and C149
2020,Level 4,CC311,Wood Product Manufacturing,Dollars (millions),H17,Purchases of goods bought for resale,Financial performance,190,ANZSIC06 groups C141 and C149
2020,Level 4,CC311,Wood Product Manufacturing,Dollars (millions),H18,Other Purchases and operating expenses,Financial performance,"4,035",ANZSIC06 groups C141 and C149
2020,Level 4,CC311,Wood Product Manufacturing,Dollars (millions),H20,Non-operating expenses,Financial performance,45,ANZSIC06 groups C141 and C149
2020,Level 4,CC311,Wood Product Manufacturing,Dollars (millions),H21,Opening stocks,Financial performance,714,ANZSIC06 groups C141 and C149
2020,Level 4,CC311,Wood Product Manufacturing,Dollars (millions),H22,Closing stocks,Financial performance,696,ANZSIC06 groups C141 and C149
2020,Level 4,CC311,Wood Product Manufacturing,Dollars (millions),H23,Surplus before income tax,Financial performance,230,ANZSIC06 groups C141 and C149
2020,Level 4,CC311,Wood Product Manufacturing,Dollars (millions),H24,Total assets,Financial position,"4,089",ANZSIC06 groups C141 and C149
2020,Level 4,CC311,Wood Product Manufacturing,Dollars (millions),H25,Current assets,Financial position,"2,010",ANZSIC06 groups C141 and C149
2020,Level 4,CC311,Wood Product Manufacturing,Dollars (millions),H26,Fixed tangible assets,Financial position,"1,450",ANZSIC06 groups C141 and C149
2020,Level 4,CC311,Wood Product Manufacturing,Dollars (millions),H27,Additions to fixed assets,Financial position,247,ANZSIC06 groups C141 and C149
2020,Level 4,CC311,Wood Product Manufacturing,Dollars (millions),H28,Disposals of fixed assets,Financial position,81,ANZSIC06 groups C141 and C149
2020,Level 4,CC311,Wood Product Manufacturing,Dollars (millions),H29,Other assets,Financial position,629,ANZSIC06 groups C141 and C149
2020,Level 4,CC311,Wood Product Manufacturing,Dollars (millions),H30,Total equity and liabilities,Financial position,"4,089",ANZSIC06 groups C141 and C149
2020,Level 4,CC311,Wood Product Manufacturing,Dollars (millions),H31,Shareholders funds or owners equity,Financial position,"1,708",ANZSIC06 groups C141 and C149
2020,Level 4,CC311,Wood Product Manufacturing,Dollars (millions),H32,Current liabilities,Financial position,"1,543",ANZSIC06 groups C141 and C149
2020,Level 4,CC311,Wood Product Manufacturing,Dollars (millions),H33,Other liabilities,Financial position,838,ANZSIC06 groups C141 and C149
2020,Level 4,CC311,Wood Product Manufacturing,Dollars,H34,Total income per employee count,Financial ratios,"344,500",ANZSIC06 groups C141 and C149
2020,Level 4,CC311,Wood Product Manufacturing,Dollars,H35,Surplus per employee count,Financial ratios,"13,600",ANZSIC06 groups C141 and C149
2020,Level 4,CC311,Wood Product Manufacturing,Percentage,H36,Current ratio,Financial ratios,130,ANZSIC06 groups C141 and C149
2020,Level 4,CC311,Wood Product Manufacturing,Percentage,H37,Quick ratio,Financial ratios,85,ANZSIC06 groups C141 and C149
2020,Level 4,CC311,Wood Product Manufacturing,Percentage,H38,Margin on sales of goods for resale,Financial ratios,38,ANZSIC06 groups C141 and C149
2020,Level 4,CC311,Wood Product Manufacturing,Percentage,H39,Return on equity,Financial ratios,13,ANZSIC06 groups C141 and C149
2020,Level 4,CC311,Wood Product Manufacturing,Percentage,H40,Return on total assets,Financial ratios,6,ANZSIC06 groups C141 and C149
2020,Level 4,CC311,Wood Product Manufacturing,Percentage,H41,Liabilities structure,Financial ratios,42,ANZSIC06 groups C141 and C149
2020,Level 3,CC32,"Pulp, Paper and Converted Paper Product Manufacturing",Dollars (millions),H01,Total income,Financial performance,"3,430",ANZSIC06 groups C151 and C152
2020,Level 3,CC32,"Pulp, Paper and Converted Paper Product Manufacturing",Dollars (millions),H02,Sales of goods not further processed,Financial performance,C,ANZSIC06 groups C151 and C152
2020,Level 3,CC32,"Pulp, Paper and Converted Paper Product Manufacturing",Dollars (millions),H03,Sales of other goods and services,Financial performance,"3,208",ANZSIC06 groups C151 and C152
2020,Level 3,CC32,"Pulp, Paper and Converted Paper Product Manufacturing",Dollars (millions),H05,"Interest, dividends and donations",Financial performance,5,ANZSIC06 groups C151 and C152
2020,Level 3,CC32,"Pulp, Paper and Converted Paper Product Manufacturing",Dollars (millions),H06,"Government funding, grants and subsidies",Financial performance,1,ANZSIC06 groups C151 and C152
2020,Level 3,CC32,"Pulp, Paper and Converted Paper Product Manufacturing",Dollars (millions),H07,Non-operating income,Financial performance,C,ANZSIC06 groups C151 and C152
2020,Level 3,CC32,"Pulp, Paper and Converted Paper Product Manufacturing",Dollars (millions),H08,Total expenditure,Financial performance,"3,391",ANZSIC06 groups C151 and C152
2020,Level 3,CC32,"Pulp, Paper and Converted Paper Product Manufacturing",Dollars (millions),H09,Interest and donations,Financial performance,31,ANZSIC06 groups C151 and C152
2020,Level 3,CC32,"Pulp, Paper and Converted Paper Product Manufacturing",Dollars (millions),H10,Indirect taxes,Financial performance,10,ANZSIC06 groups C151 and C152
2020,Level 3,CC32,"Pulp, Paper and Converted Paper Product Manufacturing",Dollars (millions),H11,Depreciation,Financial performance,157,ANZSIC06 groups C151 and C152
2020,Level 3,CC32,"Pulp, Paper and Converted Paper Product Manufacturing",Dollars (millions),H12,Salaries and wages paid,Financial performance,452,ANZSIC06 groups C151 and C152
2020,Level 3,CC32,"Pulp, Paper and Converted Paper Product Manufacturing",Dollars (millions),H13,Redundancy and severance,Financial performance,C,ANZSIC06 groups C151 and C152
2020,Level 3,CC32,"Pulp, Paper and Converted Paper Product Manufacturing",Dollars (millions),H17,Purchases of goods bought for resale,Financial performance,C,ANZSIC06 groups C151 and C152
2020,Level 3,CC32,"Pulp, Paper and Converted Paper Product Manufacturing",Dollars (millions),H18,Other Purchases and operating expenses,Financial performance,"2,624",ANZSIC06 groups C151 and C152
2020,Level 3,CC32,"Pulp, Paper and Converted Paper Product Manufacturing",Dollars (millions),H20,Non-operating expenses,Financial performance,C,ANZSIC06 groups C151 and C152
2020,Level 3,CC32,"Pulp, Paper and Converted Paper Product Manufacturing",Dollars (millions),H21,Opening stocks,Financial performance,554,ANZSIC06 groups C151 and C152
2020,Level 3,CC32,"Pulp, Paper and Converted Paper Product Manufacturing",Dollars (millions),H22,Closing stocks,Financial performance,C,ANZSIC06 groups C151 and C152
2020,Level 3,CC32,"Pulp, Paper and Converted Paper Product Manufacturing",Dollars (millions),H23,Surplus before income tax,Financial performance,C,ANZSIC06 groups C151 and C152
2020,Level 3,CC32,"Pulp, Paper and Converted Paper Product Manufacturing",Dollars (millions),H24,Total assets,Financial position,"4,677",ANZSIC06 groups C151 and C152
