Year,Industry_aggregation_NZSIOC,Industry_code_NZSIOC,Industry_name_NZSIOC,Units,Variable_code,Variable_name,Variable_category,Value,Industry_code_ANZSIC06
2019,Level 1,BB,Mining,Dollars (millions),H08,Total expenditure,Financial performance,"4,843",ANZSIC06 division B
2019,Level 1,BB,Mining,Dollars (millions),H09,Interest and donations,Financial performance,148,ANZSIC06 division B
2019,Level 1,BB,Mining,Dollars (millions),H10,Indirect taxes,Financial performance,44,ANZSIC06 division B
2019,Level 1,BB,Mining,Dollars (millions),H11,Depreciation,Financial performance,715,ANZSIC06 division B
2019,Level 1,BB,Mining,Dollars (millions),H12,Salaries and wages paid,Financial performance,694,ANZSIC06 division B
2019,Level 1,BB,Mining,Dollars (millions),H13,Redundancy and severance,Financial performance,0,ANZSIC06 division B
2019,Level 1,BB,Mining,Dollars (millions),H19,Purchases and other operating expenses,Financial performance,"2,636",ANZSIC06 division B
2019,Level 1,BB,Mining,Dollars (millions),H20,Non-operating expenses,Financial performance,607,ANZSIC06 division B
2019,Level 1,BB,Mining,Dollars (millions),H21,Opening stocks,Financial performance,283,ANZSIC06 division B
2019,Level 1,BB,Mining,Dollars (millions),H22,Closing stocks,Financial performance,311,ANZSIC06 division B
2019,Level 1,BB,Mining,Dollars (millions),H23,Surplus before income tax,Financial performance,"1,504",ANZSIC06 division B
2019,Level 1,BB,Mining,Dollars (millions),H24,Total assets,Financial position,"13,239",ANZSIC06 division B
2019,Level 1,BB,Mining,Dollars (millions),H25,Current assets,Financial position,"3,428",ANZSIC06 division B
2019,Level 1,BB,Mining,Dollars (millions),H26,Fixed tangible assets,Financial position,"7,841",ANZSIC06 division B
2019,Level 1,BB,Mining,Dollars (millions),H27,Additions to fixed assets,Financial position,867,ANZSIC06 division B
2019,Level 1,BB,Mining,Dollars (millions),H28,Disposals of fixed assets,Financial position,131,ANZSIC06 division B
2019,Level 1,BB,Mining,Dollars (millions),H29,Other assets,Financial position,"1,970",ANZSIC06 division B
2019,Level 1,BB,Mining,Dollars (millions),H30,Total equity and liabilities,Financial position,"13,239",ANZSIC06 division B
2019,Level 1,BB,Mining,Dollars (millions),H31,Shareholders funds or owners equity,Financial position,"4,046",ANZSIC06 division B
2019,Level 1,BB,Mining,Dollars (millions),H32,Current liabilities,Financial position,"3,791",ANZSIC06 division B
2019,Level 1,BB,Mining,Dollars (millions),H33,Other liabilities,Financial position,"5,402",ANZSIC06 division B
2019,Level 1,BB,Mining,Dollars,H34,Total income per employee count,Financial ratios,"1,157,200",ANZSIC06 division B
2019,Level 1,BB,Mining,Dollars,H35,Surplus per employee count,Financial ratios,"275,400",ANZSIC06 division B
2019,Level 1,BB,Mining,Percentage,H36,Current ratio,Financial ratios,90,ANZSIC06 division B
2019,Level 1,BB,Mining,Percentage,H37,Quick ratio,Financial ratios,82,ANZSIC06 division B
2019,Level 1,BB,Mining,Percentage,H39,Return on equity,Financial ratios,37,ANZSIC06 division B
2019,Level 1,BB,Mining,Percentage,H40,Return on total assets,Financial ratios,11,ANZSIC06 division B
2019,Level 1,BB,Mining,Percentage,H41,Liabilities structure,Financial ratios,31,ANZSIC06 division B
2019,Level 1,CC,Manufacturing,Dollars (millions),H01,Total income,Financial performance,"118,243",ANZSIC06 division C
2019,Level 1,CC,Manufacturing,Dollars (millions),H02,Sales of goods not further processed,Financial performance,"10,736",ANZSIC06 division C
2019,Level 1,CC,Manufacturing,Dollars (millions),H03,Sales of other goods and services,Financial performance,"105,742",ANZSIC06 division C
2019,Level 1,CC,Manufacturing,Dollars (millions),H05,"Interest, dividends and donations",Financial performance,575,ANZSIC06 division C
2019,Level 1,CC,Manufacturing,Dollars (millions),H06,"Government funding, grants and subsidies",Financial performance,100,ANZSIC06 division C
2019,Level 1,CC,Manufacturing,Dollars (millions),H07,Non-operating income,Financial performance,"1,090",ANZSIC06 division C
2019,Level 1,CC,Manufacturing,Dollars (millions),H08,Total expenditure,Financial performance,"110,882",ANZSIC06 division C
2019,Level 1,CC,Manufacturing,Dollars (millions),H09,Interest and donations,Financial performance,872,ANZSIC06 division C
2019,Level 1,CC,Manufacturing,Dollars (millions),H10,Indirect taxes,Financial performance,"3,811",ANZSIC06 division C
2019,Level 1,CC,Manufacturing,Dollars (millions),H11,Depreciation,Financial performance,"2,967",ANZSIC06 division C
2019,Level 1,CC,Manufacturing,Dollars (millions),H12,Salaries and wages paid,Financial performance,"15,763",ANZSIC06 division C
2019,Level 1,CC,Manufacturing,Dollars (millions),H13,Redundancy and severance,Financial performance,33,ANZSIC06 division C
2019,Level 1,CC,Manufacturing,Dollars (millions),H17,Purchases of goods bought for resale,Financial performance,"8,269",ANZSIC06 division C
2019,Level 1,CC,Manufacturing,Dollars (millions),H18,Other Purchases and operating expenses,Financial performance,"78,567",ANZSIC06 division C
2019,Level 1,CC,Manufacturing,Dollars (millions),H20,Non-operating expenses,Financial performance,634,ANZSIC06 division C
2019,Level 1,CC,Manufacturing,Dollars (millions),H21,Opening stocks,Financial performance,"14,025",ANZSIC06 division C
2019,Level 1,CC,Manufacturing,Dollars (millions),H22,Closing stocks,Financial performance,"15,068",ANZSIC06 division C
2019,Level 1,CC,Manufacturing,Dollars (millions),H23,Surplus before income tax,Financial performance,"8,403",ANZSIC06 division C
2019,Level 1,CC,Manufacturing,Dollars (millions),H24,Total assets,Financial position,"91,057",ANZSIC06 division C
2019,Level 1,CC,Manufacturing,Dollars (millions),H25,Current assets,Financial position,"41,860",ANZSIC06 division C
2019,Level 1,CC,Manufacturing,Dollars (millions),H26,Fixed tangible assets,Financial position,"30,618",ANZSIC06 division C
2019,Level 1,CC,Manufacturing,Dollars (millions),H27,Additions to fixed assets,Financial position,"5,253",ANZSIC06 division C
2019,Level 1,CC,Manufacturing,Dollars (millions),H28,Disposals of fixed assets,Financial position,"1,055",ANZSIC06 division C
2019,Level 1,CC,Manufacturing,Dollars (millions),H29,Other assets,Financial position,"18,580",ANZSIC06 division C
2019,Level 1,CC,Manufacturing,Dollars (millions),H30,Total equity and liabilities,Financial position,"91,057",ANZSIC06 division C
2019,Level 1,CC,Manufacturing,Dollars (millions),H31,Shareholders funds or owners equity,Financial position,"42,655",ANZSIC06 division C
2019,Level 1,CC,Manufacturing,Dollars (millions),H32,Current liabilities,Financial position,"29,170",ANZSIC06 division C
2019,Level 1,CC,Manufacturing,Dollars (millions),H33,Other liabilities,Financial position,"19,232",ANZSIC06 division C
2019,Level 1,CC,Manufacturing,Dollars,H34,Total income per employee count,Financial ratios,"501,300",ANZSIC06 division C
2019,Level 1,CC,Manufacturing,Dollars,H35,Surplus per employee count,Financial ratios,"35,600",ANZSIC06 division C
2019,Level 1,CC,Manufacturing,Percentage,H36,Current ratio,Financial ratios,144,ANZSIC06 division C
2019,Level 1,CC,Manufacturing,Percentage,H37,Quick ratio,Financial ratios,92,ANZSIC06 division C
2019,Level 1,CC,Manufacturing,Percentage,H38,Margin on sales of goods for resale,Financial ratios,23,ANZSIC06 division C
2019,Level 1,CC,Manufacturing,Percentage,H39,Return on equity,Financial ratios,20,ANZSIC06 division C
2019,Level 1,CC,Manufacturing,Percentage,H40,Return on total assets,Financial ratios,9,ANZSIC06 division C
2019,Level 1,CC,Manufacturing,Percentage,H41,Liabilities structure,Financial ratios,47,ANZSIC06 division C
2019,Level 3,CC15,Beverage and Tobacco Product Manufacturing,Dollars (millions),H01,Total income,Financial performance,"6,594",ANZSIC06 groups C121 and C122
2019,Level 3,CC15,Beverage and Tobacco Product Manufacturing,Dollars (millions),H02,Sales of goods not further processed,Financial performance,314,ANZSIC06 groups C121 and C122
2019,Level 3,CC15,Beverage and Tobacco Product Manufacturing,Dollars (millions),H03,Sales of other goods and services,Financial performance,"6,140",ANZSIC06 groups C121 and C122
2019,Level 3,CC15,Beverage and Tobacco Product Manufacturing,Dollars (millions),H05,"Interest, dividends and donations",Financial performance,24,ANZSIC06 groups C121 and C122
2019,Level 3,CC15,Beverage and Tobacco Product Manufacturing,Dollars (millions),H06,"Government funding, grants and subsidies",Financial performance,1,ANZSIC06 groups C121 and C122
2019,Level 3,CC15,Beverage and Tobacco Product Manufacturing,Dollars (millions),H07,Non-operating income,Financial performance,114,ANZSIC06 groups C121 and C122
2019,Level 3,CC15,Beverage and Tobacco Product Manufacturing,Dollars (millions),H08,Total expenditure,Financial performance,"6,109",ANZSIC06 groups C121 and C122
2019,Level 3,CC15,Beverage and Tobacco Product Manufacturing,Dollars (millions),H09,Interest and donations,Financial performance,100,ANZSIC06 groups C121 and C122
2019,Level 3,CC15,Beverage and Tobacco Product Manufacturing,Dollars (millions),H10,Indirect taxes,Financial performance,"1,126",ANZSIC06 groups C121 and C122
2019,Level 3,CC15,Beverage and Tobacco Product Manufacturing,Dollars (millions),H11,Depreciation,Financial performance,221,ANZSIC06 groups C121 and C122
2019,Level 3,CC15,Beverage and Tobacco Product Manufacturing,Dollars (millions),H12,Salaries and wages paid,Financial performance,684,ANZSIC06 groups C121 and C122
2019,Level 3,CC15,Beverage and Tobacco Product Manufacturing,Dollars (millions),H13,Redundancy and severance,Financial performance,4,ANZSIC06 groups C121 and C122
2019,Level 3,CC15,Beverage and Tobacco Product Manufacturing,Dollars (millions),H17,Purchases of goods bought for resale,Financial performance,217,ANZSIC06 groups C121 and C122
2019,Level 3,CC15,Beverage and Tobacco Product Manufacturing,Dollars (millions),H18,Other Purchases and operating expenses,Financial performance,"3,728",ANZSIC06 groups C121 and C122
2019,Level 3,CC15,Beverage and Tobacco Product Manufacturing,Dollars (millions),H20,Non-operating expenses,Financial performance,33,ANZSIC06 groups C121 and C122
2019,Level 3,CC15,Beverage and Tobacco Product Manufacturing,Dollars (millions),H21,Opening stocks,Financial performance,"1,738",ANZSIC06 groups C121 and C122
2019,Level 3,CC15,Beverage and Tobacco Product Manufacturing,Dollars (millions),H22,Closing stocks,Financial performance,"1,865",ANZSIC06 groups C121 and C122
2019,Level 3,CC15,Beverage and Tobacco Product Manufacturing,Dollars (millions),H23,Surplus before income tax,Financial performance,612,ANZSIC06 groups C121 and C122
2019,Level 3,CC15,Beverage and Tobacco Product Manufacturing,Dollars (millions),H24,Total assets,Financial position,"9,647",ANZSIC06 groups C121 and C122
2019,Level 3,CC15,Beverage and Tobacco Product Manufacturing,Dollars (millions),H25,Current assets,Financial position,"4,136",ANZSIC06 groups C121 and C122
2019,Level 3,CC15,Beverage and Tobacco Product Manufacturing,Dollars (millions),H26,Fixed tangible assets,Financial position,"4,013",ANZSIC06 groups C121 and C122
2019,Level 3,CC15,Beverage and Tobacco Product Manufacturing,Dollars (millions),H27,Additions to fixed assets,Financial position,449,ANZSIC06 groups C121 and C122
2019,Level 3,CC15,Beverage and Tobacco Product Manufacturing,Dollars (millions),H28,Disposals of fixed assets,Financial position,135,ANZSIC06 groups C121 and C122
2019,Level 3,CC15,Beverage and Tobacco Product Manufacturing,Dollars (millions),H29,Other assets,Financial position,"1,498",ANZSIC06 groups C121 and C122
2019,Level 3,CC15,Beverage and Tobacco Product Manufacturing,Dollars (millions),H30,Total equity and liabilities,Financial position,"9,647",ANZSIC06 groups C121 and C122
2019,Level 3,CC15,Beverage and Tobacco Product Manufacturing,Dollars (millions),H31,Shareholders funds or owners equity,Financial position,"5,054",ANZSIC06 groups C121 and C122
2019,Level 3,CC15,Beverage and Tobacco Product Manufacturing,Dollars (millions),H32,Current liabilities,Financial position,"2,142",ANZSIC06 groups C121 and C122
2019,Level 3,CC15,Beverage and Tobacco Product Manufacturing,Dollars (millions),H33,Other liabilities,Financial position,"2,450",ANZSIC06 groups C121 and C122
2019,Level 3,CC15,Beverage and Tobacco Product Manufacturing,Dollars,H34,Total income per employee count,Financial ratios,"635,100",ANZSIC06 groups C121 and C122
2019,Level 3,CC15,Beverage and Tobacco Product Manufacturing,Dollars,H35,Surplus per employee count,Financial ratios,"58,900",ANZSIC06 groups C121 and C122
2019,Level 3,CC15,Beverage and Tobacco Product Manufacturing,Percentage,H36,Current ratio,Financial ratios,193,ANZSIC06 groups C121 and C122
2019,Level 3,CC15,Beverage and Tobacco Product Manufacturing,Percentage,H37,Quick ratio,Financial ratios,106,ANZSIC06 groups C121 and C122
2019,Level 3,CC15,Beverage and Tobacco Product Manufacturing,Percentage,H38,Margin on sales of goods for resale,Financial ratios,31,ANZSIC06 groups C121 and C122
2019,Level 3,CC15,Beverage and Tobacco Product Manufacturing,Percentage,H39,Return on equity,Financial ratios,12,ANZSIC06 groups C121 and C122
2019,Level 3,CC15,Beverage and Tobacco Product Manufacturing,Percentage,H40,Return on total assets,Financial ratios,6,ANZSIC06 groups C121 and C122
2019,Level 3,CC15,Beverage and Tobacco Product Manufacturing,Percentage,H41,Liabilities structure,Financial ratios,52,ANZSIC06 groups C121 and C122
