Year,Industry_aggregation_NZSIOC,Industry_code_NZSIOC,Industry_name_NZSIOC,Units,Variable_code,Variable_name,Variable_category,Value,Industry_code_ANZSIC06
2013,Level 3,JJ11,Information Media Services,Dollars (millions),H01,Total income,Financial performance,"5,036","ANZSIC06 groups J541, J542, J551, J552, J561, J562, and J570"
2013,Level 3,JJ11,Information Media Services,Dollars (millions),H04,Sales of goods and services,Financial performance,"4,842","ANZSIC06 groups J541, J542, J551, J552, J561, J562, and J570"
2013,Level 3,JJ11,Information Media Services,Dollars (millions),H05,"Interest, dividends and donations",Financial performance,41,"ANZSIC06 groups J541, J542, J551, J552, J561, J562, and J570"
2013,Level 3,JJ11,Information Media Services,Dollars (millions),H06,"Government funding, grants and subsidies",Financial performance,130,"ANZSIC06 groups J541, J542, J551, J552, J561, J562, and J570"
2013,Level 3,JJ11,Information Media Services,Dollars (millions),H07,Non-operating income,Financial performance,23,"ANZSIC06 groups J541, J542, J551, J552, J561, J562, and J570"
2013,Level 3,JJ11,Information Media Services,Dollars (millions),H08,Total expenditure,Financial performance,"4,531","ANZSIC06 groups J541, J542, J551, J552, J561, J562, and J570"
2013,Level 3,JJ11,Information Media Services,Dollars (millions),H09,Interest and donations,Financial performance,111,"ANZSIC06 groups J541, J542, J551, J552, J561, J562, and J570"
2013,Level 3,JJ11,Information Media Services,Dollars (millions),H10,Indirect taxes,Financial performance,8,"ANZSIC06 groups J541, J542, J551, J552, J561, J562, and J570"
2013,Level 3,JJ11,Information Media Services,Dollars (millions),H11,Depreciation,Financial performance,282,"ANZSIC06 groups J541, J542, J551, J552, J561, J562, and J570"
2013,Level 3,JJ11,Information Media Services,Dollars (millions),H12,Salaries and wages paid,Financial performance,"1,048","ANZSIC06 groups J541, J542, J551, J552, J561, J562, and J570"
2013,Level 3,JJ11,Information Media Services,Dollars (millions),H13,Redundancy and severance,Financial performance,8,"ANZSIC06 groups J541, J542, J551, J552, J561, J562, and J570"
2013,Level 3,JJ11,Information Media Services,Dollars (millions),H19,Purchases and other operating expenses,Financial performance,"3,034","ANZSIC06 groups J541, J542, J551, J552, J561, J562, and J570"
2013,Level 3,JJ11,Information Media Services,Dollars (millions),H20,Non-operating expenses,Financial performance,47,"ANZSIC06 groups J541, J542, J551, J552, J561, J562, and J570"
2013,Level 3,JJ11,Information Media Services,Dollars (millions),H21,Opening stocks,Financial performance,97,"ANZSIC06 groups J541, J542, J551, J552, J561, J562, and J570"
2013,Level 3,JJ11,Information Media Services,Dollars (millions),H22,Closing stocks,Financial performance,60,"ANZSIC06 groups J541, J542, J551, J552, J561, J562, and J570"
2013,Level 3,JJ11,Information Media Services,Dollars (millions),H23,Surplus before income tax,Financial performance,469,"ANZSIC06 groups J541, J542, J551, J552, J561, J562, and J570"
2013,Level 3,JJ11,Information Media Services,Dollars (millions),H24,Total assets,Financial position,"5,391","ANZSIC06 groups J541, J542, J551, J552, J561, J562, and J570"
2013,Level 3,JJ11,Information Media Services,Dollars (millions),H25,Current assets,Financial position,"1,922","ANZSIC06 groups J541, J542, J551, J552, J561, J562, and J570"
2013,Level 3,JJ11,Information Media Services,Dollars (millions),H26,Fixed tangible assets,Financial position,"1,005","ANZSIC06 groups J541, J542, J551, J552, J561, J562, and J570"
2013,Level 3,JJ11,Information Media Services,Dollars (millions),H27,Additions to fixed assets,Financial position,220,"ANZSIC06 groups J541, J542, J551, J552, J561, J562, and J570"
2013,Level 3,JJ11,Information Media Services,Dollars (millions),H28,Disposals of fixed assets,Financial position,77,"ANZSIC06 groups J541, J542, J551, J552, J561, J562, and J570"
2013,Level 3,JJ11,Information Media Services,Dollars (millions),H29,Other assets,Financial position,"2,464","ANZSIC06 groups J541, J542, J551, J552, J561, J562, and J570"
2013,Level 3,JJ11,Information Media Services,Dollars (millions),H30,Total equity and liabilities,Financial position,"5,391","ANZSIC06 groups J541, J542, J551, J552, J561, J562, and J570"
2013,Level 3,JJ11,Information Media Services,Dollars (millions),H31,Shareholders funds or owners equity,Financial position,"2,296","ANZSIC06 groups J541, J542, J551, J552, J561, J562, and J570"
2013,Level 3,JJ11,Information Media Services,Dollars (millions),H32,Current liabilities,Financial position,"1,840","ANZSIC06 groups J541, J542, J551, J552, J561, J562, and J570"
2013,Level 3,JJ11,Information Media Services,Dollars (millions),H33,Other liabilities,Financial position,"1,255","ANZSIC06 groups J541, J542, J551, J552, J561, J562, and J570"
2013,Level 3,JJ11,Information Media Services,Dollars,H34,Total income per employee count,Financial ratios,"306,500","ANZSIC06 groups J541, J542, J551, J552, J561, J562, and J570"
2013,Level 3,JJ11,Information Media Services,Dollars,H35,Surplus per employee count,Financial ratios,"28,500","ANZSIC06 groups J541, J542, J551, J552, J561, J562, and J570"
2013,Level 3,JJ11,Information Media Services,Percentage,H36,Current ratio,Financial ratios,104,"ANZSIC06 groups J541, J542, J551, J552, J561, J562, and J570"
2013,Level 3,JJ11,Information Media Services,Percentage,H37,Quick ratio,Financial ratios,101,"ANZSIC06 groups J541, J542, J551, J552, J561, J562, and J570"
2013,Level 3,JJ11,Information Media Services,Percentage,H39,Return on equity,Financial ratios,20,"ANZSIC06 groups J541, J542, J551, J552, J561, J562, and J570"
2013,Level 3,JJ11,Information Media Services,Percentage,H40,Return on total assets,Financial ratios,9,"ANZSIC06 groups J541, J542, J551, J552, J561, J562, and J570"
2013,Level 3,JJ11,Information Media Services,Percentage,H41,Liabilities structure,Financial ratios,43,"ANZSIC06 groups J541, J542, J551, J552, J561, J562, and J570"
2013,Level 3,JJ12,"Telecommunications, Internet and Library Services",Dollars (millions),H01,Total income,Financial performance,"8,664","ANZSIC06 groups J580, J591, J592, J601, and J602"
2013,Level 3,JJ12,"Telecommunications, Internet and Library Services",Dollars (millions),H04,Sales of goods and services,Financial performance,"8,212","ANZSIC06 groups J580, J591, J592, J601, and J602"
2013,Level 3,JJ12,"Telecommunications, Internet and Library Services",Dollars (millions),H05,"Interest, dividends and donations",Financial performance,395,"ANZSIC06 groups J580, J591, J592, J601, and J602"
2013,Level 3,JJ12,"Telecommunications, Internet and Library Services",Dollars (millions),H06,"Government funding, grants and subsidies",Financial performance,7,"ANZSIC06 groups J580, J591, J592, J601, and J602"
2013,Level 3,JJ12,"Telecommunications, Internet and Library Services",Dollars (millions),H07,Non-operating income,Financial performance,50,"ANZSIC06 groups J580, J591, J592, J601, and J602"
2013,Level 3,JJ12,"Telecommunications, Internet and Library Services",Dollars (millions),H08,Total expenditure,Financial performance,"8,333","ANZSIC06 groups J580, J591, J592, J601, and J602"
2013,Level 3,JJ12,"Telecommunications, Internet and Library Services",Dollars (millions),H09,Interest and donations,Financial performance,800,"ANZSIC06 groups J580, J591, J592, J601, and J602"
2013,Level 3,JJ12,"Telecommunications, Internet and Library Services",Dollars (millions),H10,Indirect taxes,Financial performance,23,"ANZSIC06 groups J580, J591, J592, J601, and J602"
2013,Level 3,JJ12,"Telecommunications, Internet and Library Services",Dollars (millions),H11,Depreciation,Financial performance,"1,244","ANZSIC06 groups J580, J591, J592, J601, and J602"
2013,Level 3,JJ12,"Telecommunications, Internet and Library Services",Dollars (millions),H12,Salaries and wages paid,Financial performance,"1,275","ANZSIC06 groups J580, J591, J592, J601, and J602"
2013,Level 3,JJ12,"Telecommunications, Internet and Library Services",Dollars (millions),H13,Redundancy and severance,Financial performance,10,"ANZSIC06 groups J580, J591, J592, J601, and J602"
2013,Level 3,JJ12,"Telecommunications, Internet and Library Services",Dollars (millions),H19,Purchases and other operating expenses,Financial performance,"4,911","ANZSIC06 groups J580, J591, J592, J601, and J602"
2013,Level 3,JJ12,"Telecommunications, Internet and Library Services",Dollars (millions),H20,Non-operating expenses,Financial performance,80,"ANZSIC06 groups J580, J591, J592, J601, and J602"
2013,Level 3,JJ12,"Telecommunications, Internet and Library Services",Dollars (millions),H21,Opening stocks,Financial performance,66,"ANZSIC06 groups J580, J591, J592, J601, and J602"
2013,Level 3,JJ12,"Telecommunications, Internet and Library Services",Dollars (millions),H22,Closing stocks,Financial performance,70,"ANZSIC06 groups J580, J591, J592, J601, and J602"
2013,Level 3,JJ12,"Telecommunications, Internet and Library Services",Dollars (millions),H23,Surplus before income tax,Financial performance,335,"ANZSIC06 groups J580, J591, J592, J601, and J602"
2013,Level 3,JJ12,"Telecommunications, Internet and Library Services",Dollars (millions),H24,Total assets,Financial position,"18,081","ANZSIC06 groups J580, J591, J592, J601, and J602"
2013,Level 3,JJ12,"Telecommunications, Internet and Library Services",Dollars (millions),H25,Current assets,Financial position,"7,208","ANZSIC06 groups J580, J591, J592, J601, and J602"
2013,Level 3,JJ12,"Telecommunications, Internet and Library Services",Dollars (millions),H26,Fixed tangible assets,Financial position,"6,001","ANZSIC06 groups J580, J591, J592, J601, and J602"
2013,Level 3,JJ12,"Telecommunications, Internet and Library Services",Dollars (millions),H27,Additions to fixed assets,Financial position,"1,269","ANZSIC06 groups J580, J591, J592, J601, and J602"
2013,Level 3,JJ12,"Telecommunications, Internet and Library Services",Dollars (millions),H28,Disposals of fixed assets,Financial position,96,"ANZSIC06 groups J580, J591, J592, J601, and J602"
2013,Level 3,JJ12,"Telecommunications, Internet and Library Services",Dollars (millions),H29,Other assets,Financial position,"4,872","ANZSIC06 groups J580, J591, J592, J601, and J602"
2013,Level 3,JJ12,"Telecommunications, Internet and Library Services",Dollars (millions),H30,Total equity and liabilities,Financial position,"18,081","ANZSIC06 groups J580, J591, J592, J601, and J602"
2013,Level 3,JJ12,"Telecommunications, Internet and Library Services",Dollars (millions),H31,Shareholders funds or owners equity,Financial position,"6,048","ANZSIC06 groups J580, J591, J592, J601, and J602"
2013,Level 3,JJ12,"Telecommunications, Internet and Library Services",Dollars (millions),H32,Current liabilities,Financial position,"4,184","ANZSIC06 groups J580, J591, J592, J601, and J602"
2013,Level 3,JJ12,"Telecommunications, Internet and Library Services",Dollars (millions),H33,Other liabilities,Financial position,"7,849","ANZSIC06 groups J580, J591, J592, J601, and J602"
2013,Level 3,JJ12,"Telecommunications, Internet and Library Services",Dollars,H34,Total income per employee count,Financial ratios,"611,300","ANZSIC06 groups J580, J591, J592, J601, and J602"
2013,Level 3,JJ12,"Telecommunications, Internet and Library Services",Dollars,H35,Surplus per employee count,Financial ratios,"23,700","ANZSIC06 groups J580, J591, J592, J601, and J602"
2013,Level 3,JJ12,"Telecommunications, Internet and Library Services",Percentage,H36,Current ratio,Financial ratios,172,"ANZSIC06 groups J580, J591, J592, J601, and J602"
2013,Level 3,JJ12,"Telecommunications, Internet and Library Services",Percentage,H37,Quick ratio,Financial ratios,171,"ANZSIC06 groups J580, J591, J592, J601, and J602"
2013,Level 3,JJ12,"Telecommunications, Internet and Library Services",Percentage,H39,Return on equity,Financial ratios,6,"ANZSIC06 groups J580, J591, J592, J601, and J602"
2013,Level 3,JJ12,"Telecommunications, Internet and Library Services",Percentage,H40,Return on total assets,Financial ratios,2,"ANZSIC06 groups J580, J591, J592, J601, and J602"
2013,Level 3,JJ12,"Telecommunications, Internet and Library Services",Percentage,H41,Liabilities structure,Financial ratios,33,"ANZSIC06 groups J580, J591, J592, J601, and J602"
2013,Level 1,KK,Financial and Insurance Services,Dollars (millions),H01,Total income,Financial performance,"64,471",ANZSIC06 division K
2013,Level 1,KK,Financial and Insurance Services,Dollars (millions),H04,Sales of goods and services,Financial performance,"15,553",ANZSIC06 division K
2013,Level 1,KK,Financial and Insurance Services,Dollars (millions),H05,"Interest, dividends and donations",Financial performance,"42,988",ANZSIC06 division K
2013,Level 1,KK,Financial and Insurance Services,Dollars (millions),H06,"Government funding, grants and subsidies",Financial performance,23,ANZSIC06 division K
2013,Level 1,KK,Financial and Insurance Services,Dollars (millions),H07,Non-operating income,Financial performance,"5,907",ANZSIC06 division K
2013,Level 1,KK,Financial and Insurance Services,Dollars (millions),H08,Total expenditure,Financial performance,"48,732",ANZSIC06 division K
2013,Level 1,KK,Financial and Insurance Services,Dollars (millions),H09,Interest and donations,Financial performance,"22,172",ANZSIC06 division K
2013,Level 1,KK,Financial and Insurance Services,Dollars (millions),H10,Indirect taxes,Financial performance,78,ANZSIC06 division K
2013,Level 1,KK,Financial and Insurance Services,Dollars (millions),H11,Depreciation,Financial performance,605,ANZSIC06 division K
2013,Level 1,KK,Financial and Insurance Services,Dollars (millions),H12,Salaries and wages paid,Financial performance,"4,959",ANZSIC06 division K
2013,Level 1,KK,Financial and Insurance Services,Dollars (millions),H13,Redundancy and severance,Financial performance,26,ANZSIC06 division K
2013,Level 1,KK,Financial and Insurance Services,Dollars (millions),H14,Salaries and wages to self employed commission agents,Financial performance,552,ANZSIC06 division K
2013,Level 1,KK,Financial and Insurance Services,Dollars (millions),H19,Purchases and other operating expenses,Financial performance,"12,413",ANZSIC06 division K
2013,Level 1,KK,Financial and Insurance Services,Dollars (millions),H20,Non-operating expenses,Financial performance,"7,953",ANZSIC06 division K
2013,Level 1,KK,Financial and Insurance Services,Dollars (millions),H21,Opening stocks,Financial performance,35,ANZSIC06 division K
2013,Level 1,KK,Financial and Insurance Services,Dollars (millions),H22,Closing stocks,Financial performance,33,ANZSIC06 division K
2013,Level 1,KK,Financial and Insurance Services,Dollars (millions),H23,Surplus before income tax,Financial performance,"15,737",ANZSIC06 division K
2013,Level 1,KK,Financial and Insurance Services,Dollars (millions),H24,Total assets,Financial position,"926,830",ANZSIC06 division K
2013,Level 1,KK,Financial and Insurance Services,Dollars (millions),H25,Current assets,Financial position,"268,754",ANZSIC06 division K
2013,Level 1,KK,Financial and Insurance Services,Dollars (millions),H26,Fixed tangible assets,Financial position,"18,048",ANZSIC06 division K
2013,Level 1,KK,Financial and Insurance Services,Dollars (millions),H27,Additions to fixed assets,Financial position,"1,647",ANZSIC06 division K
2013,Level 1,KK,Financial and Insurance Services,Dollars (millions),H28,Disposals of fixed assets,Financial position,782,ANZSIC06 division K
2013,Level 1,KK,Financial and Insurance Services,Dollars (millions),H29,Other assets,Financial position,"640,027",ANZSIC06 division K
2013,Level 1,KK,Financial and Insurance Services,Dollars (millions),H30,Total equity and liabilities,Financial position,"926,830",ANZSIC06 division K
2013,Level 1,KK,Financial and Insurance Services,Dollars (millions),H31,Shareholders funds or owners equity,Financial position,"200,095",ANZSIC06 division K
2013,Level 1,KK,Financial and Insurance Services,Dollars (millions),H32,Current liabilities,Financial position,"430,477",ANZSIC06 division K
2013,Level 1,KK,Financial and Insurance Services,Dollars (millions),H33,Other liabilities,Financial position,"296,257",ANZSIC06 division K
2013,Level 1,KK,Financial and Insurance Services,Dollars,H34,Total income per employee count,Financial ratios,"1,121,600",ANZSIC06 division K
2013,Level 1,KK,Financial and Insurance Services,Dollars,H35,Surplus per employee count,Financial ratios,"273,800",ANZSIC06 division K
2013,Level 1,KK,Financial and Insurance Services,Percentage,H36,Current ratio,Financial ratios,62,ANZSIC06 division K
2013,Level 1,KK,Financial and Insurance Services,Percentage,H37,Quick ratio,Financial ratios,62,ANZSIC06 division K
2013,Level 1,KK,Financial and Insurance Services,Percentage,H39,Return on equity,Financial ratios,8,ANZSIC06 division K
2013,Level 1,KK,Financial and Insurance Services,Percentage,H40,Return on total assets,Financial ratios,2,ANZSIC06 division K
2013,Level 1,KK,Financial and Insurance Services,Percentage,H41,Liabilities structure,Financial ratios,22,ANZSIC06 division K
