Year,Industry_aggregation_NZSIOC,Industry_code_NZSIOC,Industry_name_NZSIOC,Units,Variable_code,Variable_name,Variable_category,Value,Industry_code_ANZSIC06
2021,Level 4,PP111,Preschool Education,Percentage,H41,Liabilities structure,Financial ratios,44,ANZSIC06 group P801
2021,Level 4,PP112,School Education,Dollars (millions),H01,Total income,Financial performance,823,ANZSIC06 group P802
2021,Level 4,PP112,School Education,Dollars (millions),H05,"Interest, dividends and donations",Financial performance,C,ANZSIC06 group P802
2021,Level 4,PP112,School Education,Dollars (millions),H06,"Sales, government funding, grants and subsidies",Financial performance,699,ANZSIC06 group P802
2021,Level 4,PP112,School Education,Dollars (millions),H07,Non-operating income,Financial performance,C,ANZSIC06 group P802
2021,Level 4,PP112,School Education,Dollars (millions),H08,Total expenditure,Financial performance,703,ANZSIC06 group P802
2021,Level 4,PP112,School Education,Dollars (millions),H09,Interest and donations,Financial performance,8,ANZSIC06 group P802
2021,Level 4,PP112,School Education,Dollars (millions),H10,Indirect taxes,Financial performance,1,ANZSIC06 group P802
2021,Level 4,PP112,School Education,Dollars (millions),H11,Depreciation,Financial performance,50,ANZSIC06 group P802
2021,Level 4,PP112,School Education,Dollars (millions),H12,Salaries and wages paid,Financial performance,414,ANZSIC06 group P802
2021,Level 4,PP112,School Education,Dollars (millions),H13,Redundancy and severance,Financial performance,0,ANZSIC06 group P802
2021,Level 4,PP112,School Education,Dollars (millions),H19,Purchases and other operating expenses,Financial performance,222,ANZSIC06 group P802
2021,Level 4,PP112,School Education,Dollars (millions),H20,Non-operating expenses,Financial performance,8,ANZSIC06 group P802
2021,Level 4,PP112,School Education,Dollars (millions),H21,Opening stocks,Financial performance,0,ANZSIC06 group P802
2021,Level 4,PP112,School Education,Dollars (millions),H22,Closing stocks,Financial performance,0,ANZSIC06 group P802
2021,Level 4,PP112,School Education,Dollars (millions),H23,Surplus before income tax,Financial performance,120,ANZSIC06 group P802
2021,Level 4,PP112,School Education,Dollars (millions),H24,Total assets,Financial position,"3,087",ANZSIC06 group P802
2021,Level 4,PP112,School Education,Dollars (millions),H25,Current assets,Financial position,206,ANZSIC06 group P802
2021,Level 4,PP112,School Education,Dollars (millions),H26,Fixed tangible assets,Financial position,"1,724",ANZSIC06 group P802
2021,Level 4,PP112,School Education,Dollars (millions),H27,Additions to fixed assets,Financial position,98,ANZSIC06 group P802
2021,Level 4,PP112,School Education,Dollars (millions),H28,Disposals of fixed assets,Financial position,11,ANZSIC06 group P802
2021,Level 4,PP112,School Education,Dollars (millions),H29,Other assets,Financial position,"1,157",ANZSIC06 group P802
2021,Level 4,PP112,School Education,Dollars (millions),H30,Total equity and liabilities,Financial position,"3,087",ANZSIC06 group P802
2021,Level 4,PP112,School Education,Dollars (millions),H31,Shareholders funds or owners equity,Financial position,"2,590",ANZSIC06 group P802
2021,Level 4,PP112,School Education,Dollars (millions),H32,Current liabilities,Financial position,272,ANZSIC06 group P802
2021,Level 4,PP112,School Education,Dollars (millions),H33,Other liabilities,Financial position,225,ANZSIC06 group P802
2021,Level 4,PP112,School Education,Percentage,H36,Current ratio,Financial ratios,76,ANZSIC06 group P802
2021,Level 4,PP112,School Education,Percentage,H37,Quick ratio,Financial ratios,76,ANZSIC06 group P802
2021,Level 4,PP112,School Education,Percentage,H39,Return on equity,Financial ratios,5,ANZSIC06 group P802
2021,Level 4,PP112,School Education,Percentage,H40,Return on total assets,Financial ratios,4,ANZSIC06 group P802
2021,Level 4,PP112,School Education,Percentage,H41,Liabilities structure,Financial ratios,84,ANZSIC06 group P802
2021,Level 4,PP113,Tertiary Education,Dollars (millions),H01,Total income,Financial performance,807,ANZSIC06 group P810
2021,Level 4,PP113,Tertiary Education,Dollars (millions),H05,"Interest, dividends and donations",Financial performance,C,ANZSIC06 group P810
2021,Level 4,PP113,Tertiary Education,Dollars (millions),H06,"Sales, government funding, grants and subsidies",Financial performance,759,ANZSIC06 group P810
2021,Level 4,PP113,Tertiary Education,Dollars (millions),H07,Non-operating income,Financial performance,C,ANZSIC06 group P810
2021,Level 4,PP113,Tertiary Education,Dollars (millions),H08,Total expenditure,Financial performance,707,ANZSIC06 group P810
2021,Level 4,PP113,Tertiary Education,Dollars (millions),H09,Interest and donations,Financial performance,8,ANZSIC06 group P810
2021,Level 4,PP113,Tertiary Education,Dollars (millions),H10,Indirect taxes,Financial performance,2,ANZSIC06 group P810
2021,Level 4,PP113,Tertiary Education,Dollars (millions),H11,Depreciation,Financial performance,31,ANZSIC06 group P810
2021,Level 4,PP113,Tertiary Education,Dollars (millions),H12,Salaries and wages paid,Financial performance,398,ANZSIC06 group P810
2021,Level 4,PP113,Tertiary Education,Dollars (millions),H13,Redundancy and severance,Financial performance,0,ANZSIC06 group P810
2021,Level 4,PP113,Tertiary Education,Dollars (millions),H19,Purchases and other operating expenses,Financial performance,261,ANZSIC06 group P810
2021,Level 4,PP113,Tertiary Education,Dollars (millions),H20,Non-operating expenses,Financial performance,7,ANZSIC06 group P810
2021,Level 4,PP113,Tertiary Education,Dollars (millions),H21,Opening stocks,Financial performance,0,ANZSIC06 group P810
2021,Level 4,PP113,Tertiary Education,Dollars (millions),H22,Closing stocks,Financial performance,0,ANZSIC06 group P810
2021,Level 4,PP113,Tertiary Education,Dollars (millions),H23,Surplus before income tax,Financial performance,99,ANZSIC06 group P810
2021,Level 4,PP113,Tertiary Education,Dollars (millions),H24,Total assets,Financial position,864,ANZSIC06 group P810
2021,Level 4,PP113,Tertiary Education,Dollars (millions),H25,Current assets,Financial position,467,ANZSIC06 group P810
2021,Level 4,PP113,Tertiary Education,Dollars (millions),H26,Fixed tangible assets,Financial position,189,ANZSIC06 group P810
2021,Level 4,PP113,Tertiary Education,Dollars (millions),H27,Additions to fixed assets,Financial position,42,ANZSIC06 group P810
2021,Level 4,PP113,Tertiary Education,Dollars (millions),H28,Disposals of fixed assets,Financial position,25,ANZSIC06 group P810
2021,Level 4,PP113,Tertiary Education,Dollars (millions),H29,Other assets,Financial position,208,ANZSIC06 group P810
2021,Level 4,PP113,Tertiary Education,Dollars (millions),H30,Total equity and liabilities,Financial position,864,ANZSIC06 group P810
2021,Level 4,PP113,Tertiary Education,Dollars (millions),H31,Shareholders funds or owners equity,Financial position,492,ANZSIC06 group P810
2021,Level 4,PP113,Tertiary Education,Dollars (millions),H32,Current liabilities,Financial position,257,ANZSIC06 group P810
2021,Level 4,PP113,Tertiary Education,Dollars (millions),H33,Other liabilities,Financial position,115,ANZSIC06 group P810
2021,Level 4,PP113,Tertiary Education,Percentage,H36,Current ratio,Financial ratios,182,ANZSIC06 group P810
2021,Level 4,PP113,Tertiary Education,Percentage,H37,Quick ratio,Financial ratios,182,ANZSIC06 group P810
2021,Level 4,PP113,Tertiary Education,Percentage,H39,Return on equity,Financial ratios,20,ANZSIC06 group P810
2021,Level 4,PP113,Tertiary Education,Percentage,H40,Return on total assets,Financial ratios,11,ANZSIC06 group P810
2021,Level 4,PP113,Tertiary Education,Percentage,H41,Liabilities structure,Financial ratios,57,ANZSIC06 group P810
2021,Level 4,PP114,"Adult, Community and Other Education",Dollars (millions),H01,Total income,Financial performance,"1,775",ANZSIC06 groups P821 and P822
2021,Level 4,PP114,"Adult, Community and Other Education",Dollars (millions),H05,"Interest, dividends and donations",Financial performance,121,ANZSIC06 groups P821 and P822
2021,Level 4,PP114,"Adult, Community and Other Education",Dollars (millions),H06,"Sales, government funding, grants and subsidies",Financial performance,"1,635",ANZSIC06 groups P821 and P822
2021,Level 4,PP114,"Adult, Community and Other Education",Dollars (millions),H07,Non-operating income,Financial performance,18,ANZSIC06 groups P821 and P822
2021,Level 4,PP114,"Adult, Community and Other Education",Dollars (millions),H08,Total expenditure,Financial performance,"1,545",ANZSIC06 groups P821 and P822
2021,Level 4,PP114,"Adult, Community and Other Education",Dollars (millions),H09,Interest and donations,Financial performance,21,ANZSIC06 groups P821 and P822
2021,Level 4,PP114,"Adult, Community and Other Education",Dollars (millions),H10,Indirect taxes,Financial performance,6,ANZSIC06 groups P821 and P822
2021,Level 4,PP114,"Adult, Community and Other Education",Dollars (millions),H11,Depreciation,Financial performance,57,ANZSIC06 groups P821 and P822
2021,Level 4,PP114,"Adult, Community and Other Education",Dollars (millions),H12,Salaries and wages paid,Financial performance,651,ANZSIC06 groups P821 and P822
2021,Level 4,PP114,"Adult, Community and Other Education",Dollars (millions),H13,Redundancy and severance,Financial performance,0,ANZSIC06 groups P821 and P822
2021,Level 4,PP114,"Adult, Community and Other Education",Dollars (millions),H19,Purchases and other operating expenses,Financial performance,789,ANZSIC06 groups P821 and P822
2021,Level 4,PP114,"Adult, Community and Other Education",Dollars (millions),H20,Non-operating expenses,Financial performance,22,ANZSIC06 groups P821 and P822
2021,Level 4,PP114,"Adult, Community and Other Education",Dollars (millions),H21,Opening stocks,Financial performance,7,ANZSIC06 groups P821 and P822
2021,Level 4,PP114,"Adult, Community and Other Education",Dollars (millions),H22,Closing stocks,Financial performance,6,ANZSIC06 groups P821 and P822
2021,Level 4,PP114,"Adult, Community and Other Education",Dollars (millions),H23,Surplus before income tax,Financial performance,229,ANZSIC06 groups P821 and P822
2021,Level 4,PP114,"Adult, Community and Other Education",Dollars (millions),H24,Total assets,Financial position,"1,871",ANZSIC06 groups P821 and P822
2021,Level 4,PP114,"Adult, Community and Other Education",Dollars (millions),H25,Current assets,Financial position,806,ANZSIC06 groups P821 and P822
2021,Level 4,PP114,"Adult, Community and Other Education",Dollars (millions),H26,Fixed tangible assets,Financial position,663,ANZSIC06 groups P821 and P822
2021,Level 4,PP114,"Adult, Community and Other Education",Dollars (millions),H27,Additions to fixed assets,Financial position,91,ANZSIC06 groups P821 and P822
2021,Level 4,PP114,"Adult, Community and Other Education",Dollars (millions),H28,Disposals of fixed assets,Financial position,37,ANZSIC06 groups P821 and P822
2021,Level 4,PP114,"Adult, Community and Other Education",Dollars (millions),H29,Other assets,Financial position,402,ANZSIC06 groups P821 and P822
2021,Level 4,PP114,"Adult, Community and Other Education",Dollars (millions),H30,Total equity and liabilities,Financial position,"1,871",ANZSIC06 groups P821 and P822
2021,Level 4,PP114,"Adult, Community and Other Education",Dollars (millions),H31,Shareholders funds or owners equity,Financial position,"1,073",ANZSIC06 groups P821 and P822
2021,Level 4,PP114,"Adult, Community and Other Education",Dollars (millions),H32,Current liabilities,Financial position,566,ANZSIC06 groups P821 and P822
2021,Level 4,PP114,"Adult, Community and Other Education",Dollars (millions),H33,Other liabilities,Financial position,232,ANZSIC06 groups P821 and P822
2021,Level 4,PP114,"Adult, Community and Other Education",Percentage,H36,Current ratio,Financial ratios,142,ANZSIC06 groups P821 and P822
2021,Level 4,PP114,"Adult, Community and Other Education",Percentage,H37,Quick ratio,Financial ratios,141,ANZSIC06 groups P821 and P822
2021,Level 4,PP114,"Adult, Community and Other Education",Percentage,H39,Return on equity,Financial ratios,21,ANZSIC06 groups P821 and P822
2021,Level 4,PP114,"Adult, Community and Other Education",Percentage,H40,Return on total assets,Financial ratios,12,ANZSIC06 groups P821 and P822
2021,Level 4,PP114,"Adult, Community and Other Education",Percentage,H41,Liabilities structure,Financial ratios,57,ANZSIC06 groups P821 and P822
2021,Level 1,QQ,Health Care and Social Assistance,Dollars (millions),H01,Total income,Financial performance,"22,801",ANZSIC06 division Q
2021,Level 1,QQ,Health Care and Social Assistance,Dollars (millions),H05,"Interest, dividends and donations",Financial performance,861,ANZSIC06 division Q
2021,Level 1,QQ,Health Care and Social Assistance,Dollars (millions),H06,"Sales, government funding, grants and subsidies",Financial performance,"21,400",ANZSIC06 division Q
2021,Level 1,QQ,Health Care and Social Assistance,Dollars (millions),H07,Non-operating income,Financial performance,540,ANZSIC06 division Q
2021,Level 1,QQ,Health Care and Social Assistance,Dollars (millions),H08,Total expenditure,Financial performance,"19,336",ANZSIC06 division Q
2021,Level 1,QQ,Health Care and Social Assistance,Dollars (millions),H09,Interest and donations,Financial performance,169,ANZSIC06 division Q
2021,Level 1,QQ,Health Care and Social Assistance,Dollars (millions),H10,Indirect taxes,Financial performance,80,ANZSIC06 division Q
2021,Level 1,QQ,Health Care and Social Assistance,Dollars (millions),H11,Depreciation,Financial performance,547,ANZSIC06 division Q
2021,Level 1,QQ,Health Care and Social Assistance,Dollars (millions),H12,Salaries and wages paid,Financial performance,"9,326",ANZSIC06 division Q
