Year,Industry_aggregation_NZSIOC,Industry_code_NZSIOC,Industry_name_NZSIOC,Units,Variable_code,Variable_name,Variable_category,Value,Industry_code_ANZSIC06
2014,Level 4,EE121,Heavy and Civil Engineering Construction,Dollars (millions),H23,Surplus before income tax,Financial performance,486,ANZSIC06 group E310
2014,Level 4,EE121,Heavy and Civil Engineering Construction,Dollars (millions),H24,Total assets,Financial position,"5,177",ANZSIC06 group E310
2014,Level 4,EE121,Heavy and Civil Engineering Construction,Dollars (millions),H25,Current assets,Financial position,"2,968",ANZSIC06 group E310
2014,Level 4,EE121,Heavy and Civil Engineering Construction,Dollars (millions),H26,Fixed tangible assets,Financial position,"1,476",ANZSIC06 group E310
2014,Level 4,EE121,Heavy and Civil Engineering Construction,Dollars (millions),H27,Additions to fixed assets,Financial position,420,ANZSIC06 group E310
2014,Level 4,EE121,Heavy and Civil Engineering Construction,Dollars (millions),H28,Disposals of fixed assets,Financial position,83,ANZSIC06 group E310
2014,Level 4,EE121,Heavy and Civil Engineering Construction,Dollars (millions),H29,Other assets,Financial position,732,ANZSIC06 group E310
2014,Level 4,EE121,Heavy and Civil Engineering Construction,Dollars (millions),H30,Total equity and liabilities,Financial position,"5,177",ANZSIC06 group E310
2014,Level 4,EE121,Heavy and Civil Engineering Construction,Dollars (millions),H31,Shareholders funds or owners equity,Financial position,"2,274",ANZSIC06 group E310
2014,Level 4,EE121,Heavy and Civil Engineering Construction,Dollars (millions),H32,Current liabilities,Financial position,"2,123",ANZSIC06 group E310
2014,Level 4,EE121,Heavy and Civil Engineering Construction,Dollars (millions),H33,Other liabilities,Financial position,779,ANZSIC06 group E310
2014,Level 4,EE121,Heavy and Civil Engineering Construction,Dollars,H34,Total income per employee count,Financial ratios,"318,400",ANZSIC06 group E310
2014,Level 4,EE121,Heavy and Civil Engineering Construction,Dollars,H35,Surplus per employee count,Financial ratios,"15,700",ANZSIC06 group E310
2014,Level 4,EE121,Heavy and Civil Engineering Construction,Percentage,H36,Current ratio,Financial ratios,140,ANZSIC06 group E310
2014,Level 4,EE121,Heavy and Civil Engineering Construction,Percentage,H37,Quick ratio,Financial ratios,132,ANZSIC06 group E310
2014,Level 4,EE121,Heavy and Civil Engineering Construction,Percentage,H39,Return on equity,Financial ratios,21,ANZSIC06 group E310
2014,Level 4,EE121,Heavy and Civil Engineering Construction,Percentage,H40,Return on total assets,Financial ratios,9,ANZSIC06 group E310
2014,Level 4,EE121,Heavy and Civil Engineering Construction,Percentage,H41,Liabilities structure,Financial ratios,44,ANZSIC06 group E310
2014,Level 3,EE13,Construction Services,Dollars (millions),H01,Total income,Financial performance,"16,529","ANZSIC06 groups E321, E322, E323, E324, and E329"
2014,Level 3,EE13,Construction Services,Dollars (millions),H04,Sales of goods and services,Financial performance,"16,323","ANZSIC06 groups E321, E322, E323, E324, and E329"
2014,Level 3,EE13,Construction Services,Dollars (millions),H05,"Interest, dividends and donations",Financial performance,71,"ANZSIC06 groups E321, E322, E323, E324, and E329"
2014,Level 3,EE13,Construction Services,Dollars (millions),H06,"Government funding, grants and subsidies",Financial performance,1,"ANZSIC06 groups E321, E322, E323, E324, and E329"
2014,Level 3,EE13,Construction Services,Dollars (millions),H07,Non-operating income,Financial performance,134,"ANZSIC06 groups E321, E322, E323, E324, and E329"
2014,Level 3,EE13,Construction Services,Dollars (millions),H08,Total expenditure,Financial performance,"15,228","ANZSIC06 groups E321, E322, E323, E324, and E329"
2014,Level 3,EE13,Construction Services,Dollars (millions),H09,Interest and donations,Financial performance,254,"ANZSIC06 groups E321, E322, E323, E324, and E329"
2014,Level 3,EE13,Construction Services,Dollars (millions),H10,Indirect taxes,Financial performance,105,"ANZSIC06 groups E321, E322, E323, E324, and E329"
2014,Level 3,EE13,Construction Services,Dollars (millions),H11,Depreciation,Financial performance,395,"ANZSIC06 groups E321, E322, E323, E324, and E329"
2014,Level 3,EE13,Construction Services,Dollars (millions),H12,Salaries and wages paid,Financial performance,"4,126","ANZSIC06 groups E321, E322, E323, E324, and E329"
2014,Level 3,EE13,Construction Services,Dollars (millions),H13,Redundancy and severance,Financial performance,7,"ANZSIC06 groups E321, E322, E323, E324, and E329"
2014,Level 3,EE13,Construction Services,Dollars (millions),H19,Purchases and other operating expenses,Financial performance,"10,148","ANZSIC06 groups E321, E322, E323, E324, and E329"
2014,Level 3,EE13,Construction Services,Dollars (millions),H20,Non-operating expenses,Financial performance,200,"ANZSIC06 groups E321, E322, E323, E324, and E329"
2014,Level 3,EE13,Construction Services,Dollars (millions),H21,Opening stocks,Financial performance,"1,559","ANZSIC06 groups E321, E322, E323, E324, and E329"
2014,Level 3,EE13,Construction Services,Dollars (millions),H22,Closing stocks,Financial performance,"1,722","ANZSIC06 groups E321, E322, E323, E324, and E329"
2014,Level 3,EE13,Construction Services,Dollars (millions),H23,Surplus before income tax,Financial performance,"1,463","ANZSIC06 groups E321, E322, E323, E324, and E329"
2014,Level 3,EE13,Construction Services,Dollars (millions),H24,Total assets,Financial position,"11,858","ANZSIC06 groups E321, E322, E323, E324, and E329"
2014,Level 3,EE13,Construction Services,Dollars (millions),H25,Current assets,Financial position,"6,295","ANZSIC06 groups E321, E322, E323, E324, and E329"
2014,Level 3,EE13,Construction Services,Dollars (millions),H26,Fixed tangible assets,Financial position,"3,840","ANZSIC06 groups E321, E322, E323, E324, and E329"
2014,Level 3,EE13,Construction Services,Dollars (millions),H27,Additions to fixed assets,Financial position,953,"ANZSIC06 groups E321, E322, E323, E324, and E329"
2014,Level 3,EE13,Construction Services,Dollars (millions),H28,Disposals of fixed assets,Financial position,372,"ANZSIC06 groups E321, E322, E323, E324, and E329"
2014,Level 3,EE13,Construction Services,Dollars (millions),H29,Other assets,Financial position,"1,724","ANZSIC06 groups E321, E322, E323, E324, and E329"
2014,Level 3,EE13,Construction Services,Dollars (millions),H30,Total equity and liabilities,Financial position,"11,858","ANZSIC06 groups E321, E322, E323, E324, and E329"
2014,Level 3,EE13,Construction Services,Dollars (millions),H31,Shareholders funds or owners equity,Financial position,"3,262","ANZSIC06 groups E321, E322, E323, E324, and E329"
2014,Level 3,EE13,Construction Services,Dollars (millions),H32,Current liabilities,Financial position,"5,478","ANZSIC06 groups E321, E322, E323, E324, and E329"
2014,Level 3,EE13,Construction Services,Dollars (millions),H33,Other liabilities,Financial position,"3,118","ANZSIC06 groups E321, E322, E323, E324, and E329"
2014,Level 3,EE13,Construction Services,Dollars,H34,Total income per employee count,Financial ratios,"229,400","ANZSIC06 groups E321, E322, E323, E324, and E329"
2014,Level 3,EE13,Construction Services,Dollars,H35,Surplus per employee count,Financial ratios,"20,300","ANZSIC06 groups E321, E322, E323, E324, and E329"
2014,Level 3,EE13,Construction Services,Percentage,H36,Current ratio,Financial ratios,115,"ANZSIC06 groups E321, E322, E323, E324, and E329"
2014,Level 3,EE13,Construction Services,Percentage,H37,Quick ratio,Financial ratios,83,"ANZSIC06 groups E321, E322, E323, E324, and E329"
2014,Level 3,EE13,Construction Services,Percentage,H39,Return on equity,Financial ratios,45,"ANZSIC06 groups E321, E322, E323, E324, and E329"
2014,Level 3,EE13,Construction Services,Percentage,H40,Return on total assets,Financial ratios,12,"ANZSIC06 groups E321, E322, E323, E324, and E329"
2014,Level 3,EE13,Construction Services,Percentage,H41,Liabilities structure,Financial ratios,28,"ANZSIC06 groups E321, E322, E323, E324, and E329"
2014,Level 4,EE131,Construction Services,Dollars (millions),H01,Total income,Financial performance,"16,529","ANZSIC06 groups E321, E322, E323, E324, and E329"
2014,Level 4,EE131,Construction Services,Dollars (millions),H04,Sales of goods and services,Financial performance,"16,323","ANZSIC06 groups E321, E322, E323, E324, and E329"
2014,Level 4,EE131,Construction Services,Dollars (millions),H05,"Interest, dividends and donations",Financial performance,71,"ANZSIC06 groups E321, E322, E323, E324, and E329"
2014,Level 4,EE131,Construction Services,Dollars (millions),H06,"Government funding, grants and subsidies",Financial performance,1,"ANZSIC06 groups E321, E322, E323, E324, and E329"
2014,Level 4,EE131,Construction Services,Dollars (millions),H07,Non-operating income,Financial performance,134,"ANZSIC06 groups E321, E322, E323, E324, and E329"
2014,Level 4,EE131,Construction Services,Dollars (millions),H08,Total expenditure,Financial performance,"15,228","ANZSIC06 groups E321, E322, E323, E324, and E329"
2014,Level 4,EE131,Construction Services,Dollars (millions),H09,Interest and donations,Financial performance,254,"ANZSIC06 groups E321, E322, E323, E324, and E329"
2014,Level 4,EE131,Construction Services,Dollars (millions),H10,Indirect taxes,Financial performance,105,"ANZSIC06 groups E321, E322, E323, E324, and E329"
2014,Level 4,EE131,Construction Services,Dollars (millions),H11,Depreciation,Financial performance,395,"ANZSIC06 groups E321, E322, E323, E324, and E329"
2014,Level 4,EE131,Construction Services,Dollars (millions),H12,Salaries and wages paid,Financial performance,"4,126","ANZSIC06 groups E321, E322, E323, E324, and E329"
2014,Level 4,EE131,Construction Services,Dollars (millions),H13,Redundancy and severance,Financial performance,7,"ANZSIC06 groups E321, E322, E323, E324, and E329"
2014,Level 4,EE131,Construction Services,Dollars (millions),H19,Purchases and other operating expenses,Financial performance,"10,148","ANZSIC06 groups E321, E322, E323, E324, and E329"
2014,Level 4,EE131,Construction Services,Dollars (millions),H20,Non-operating expenses,Financial performance,200,"ANZSIC06 groups E321, E322, E323, E324, and E329"
2014,Level 4,EE131,Construction Services,Dollars (millions),H21,Opening stocks,Financial performance,"1,559","ANZSIC06 groups E321, E322, E323, E324, and E329"
2014,Level 4,EE131,Construction Services,Dollars (millions),H22,Closing stocks,Financial performance,"1,722","ANZSIC06 groups E321, E322, E323, E324, and E329"
2014,Level 4,EE131,Construction Services,Dollars (millions),H23,Surplus before income tax,Financial performance,"1,463","ANZSIC06 groups E321, E322, E323, E324, and E329"
2014,Level 4,EE131,Construction Services,Dollars (millions),H24,Total assets,Financial position,"11,858","ANZSIC06 groups E321, E322, E323, E324, and E329"
2014,Level 4,EE131,Construction Services,Dollars (millions),H25,Current assets,Financial position,"6,295","ANZSIC06 groups E321, E322, E323, E324, and E329"
2014,Level 4,EE131,Construction Services,Dollars (millions),H26,Fixed tangible assets,Financial position,"3,840","ANZSIC06 groups E321, E322, E323, E324, and E329"
2014,Level 4,EE131,Construction Services,Dollars (millions),H27,Additions to fixed assets,Financial position,953,"ANZSIC06 groups E321, E322, E323, E324, and E329"
2014,Level 4,EE131,Construction Services,Dollars (millions),H28,Disposals of fixed assets,Financial position,372,"ANZSIC06 groups E321, E322, E323, E324, and E329"
2014,Level 4,EE131,Construction Services,Dollars (millions),H29,Other assets,Financial position,"1,724","ANZSIC06 groups E321, E322, E323, E324, and E329"
2014,Level 4,EE131,Construction Services,Dollars (millions),H30,Total equity and liabilities,Financial position,"11,858","ANZSIC06 groups E321, E322, E323, E324, and E329"
2014,Level 4,EE131,Construction Services,Dollars (millions),H31,Shareholders funds or owners equity,Financial position,"3,262","ANZSIC06 groups E321, E322, E323, E324, and E329"
2014,Level 4,EE131,Construction Services,Dollars (millions),H32,Current liabilities,Financial position,"5,478","ANZSIC06 groups E321, E322, E323, E324, and E329"
2014,Level 4,EE131,Construction Services,Dollars (millions),H33,Other liabilities,Financial position,"3,118","ANZSIC06 groups E321, E322, E323, E324, and E329"
2014,Level 4,EE131,Construction Services,Dollars,H34,Total income per employee count,Financial ratios,"229,400","ANZSIC06 groups E321, E322, E323, E324, and E329"
2014,Level 4,EE131,Construction Services,Dollars,H35,Surplus per employee count,Financial ratios,"20,300","ANZSIC06 groups E321, E322, E323, E324, and E329"
2014,Level 4,EE131,Construction Services,Percentage,H36,Current ratio,Financial ratios,115,"ANZSIC06 groups E321, E322, E323, E324, and E329"
2014,Level 4,EE131,Construction Services,Percentage,H37,Quick ratio,Financial ratios,83,"ANZSIC06 groups E321, E322, E323, E324, and E329"
2014,Level 4,EE131,Construction Services,Percentage,H39,Return on equity,Financial ratios,45,"ANZSIC06 groups E321, E322, E323, E324, and E329"
2014,Level 4,EE131,Construction Services,Percentage,H40,Return on total assets,Financial ratios,12,"ANZSIC06 groups E321, E322, E323, E324, and E329"
2014,Level 4,EE131,Construction Services,Percentage,H41,Liabilities structure,Financial ratios,28,"ANZSIC06 groups E321, E322, E323, E324, and E329"
2014,Level 1,FF,Wholesale Trade,Dollars (millions),H01,Total income,Financial performance,"88,109",ANZSIC06 division F
2014,Level 1,FF,Wholesale Trade,Dollars (millions),H02,Sales of goods not further processed,Financial performance,"79,048",ANZSIC06 division F
2014,Level 1,FF,Wholesale Trade,Dollars (millions),H03,Sales of other goods and services,Financial performance,"8,222",ANZSIC06 division F
2014,Level 1,FF,Wholesale Trade,Dollars (millions),H05,"Interest, dividends and donations",Financial performance,399,ANZSIC06 division F
2014,Level 1,FF,Wholesale Trade,Dollars (millions),H06,"Government funding, grants and subsidies",Financial performance,9,ANZSIC06 division F
2014,Level 1,FF,Wholesale Trade,Dollars (millions),H07,Non-operating income,Financial performance,431,ANZSIC06 division F
2014,Level 1,FF,Wholesale Trade,Dollars (millions),H08,Total expenditure,Financial performance,"84,883",ANZSIC06 division F
2014,Level 1,FF,Wholesale Trade,Dollars (millions),H09,Interest and donations,Financial performance,490,ANZSIC06 division F
2014,Level 1,FF,Wholesale Trade,Dollars (millions),H10,Indirect taxes,Financial performance,304,ANZSIC06 division F
2014,Level 1,FF,Wholesale Trade,Dollars (millions),H11,Depreciation,Financial performance,660,ANZSIC06 division F
2014,Level 1,FF,Wholesale Trade,Dollars (millions),H12,Salaries and wages paid,Financial performance,"6,356",ANZSIC06 division F
2014,Level 1,FF,Wholesale Trade,Dollars (millions),H13,Redundancy and severance,Financial performance,31,ANZSIC06 division F
2014,Level 1,FF,Wholesale Trade,Dollars (millions),H17,Purchases of goods bought for resale,Financial performance,"64,378",ANZSIC06 division F
2014,Level 1,FF,Wholesale Trade,Dollars (millions),H18,Other Purchases and operating expenses,Financial performance,"12,138",ANZSIC06 division F
2014,Level 1,FF,Wholesale Trade,Dollars (millions),H20,Non-operating expenses,Financial performance,557,ANZSIC06 division F
2014,Level 1,FF,Wholesale Trade,Dollars (millions),H21,Opening stocks,Financial performance,"9,852",ANZSIC06 division F
