Year,Industry_aggregation_NZSIOC,Industry_code_NZSIOC,Industry_name_NZSIOC,Units,Variable_code,Variable_name,Variable_category,Value,Industry_code_ANZSIC06
2015,Level 1,MN,"Professional, Scientific, Technical, Administrative and Support Services",Dollars (millions),H08,Total expenditure,Financial performance,"36,147",ANZSIC06 divisions M and N
2015,Level 1,MN,"Professional, Scientific, Technical, Administrative and Support Services",Dollars (millions),H09,Interest and donations,Financial performance,"1,198",ANZSIC06 divisions M and N
2015,Level 1,MN,"Professional, Scientific, Technical, Administrative and Support Services",Dollars (millions),H10,Indirect taxes,Financial performance,114,ANZSIC06 divisions M and N
2015,Level 1,MN,"Professional, Scientific, Technical, Administrative and Support Services",Dollars (millions),H11,Depreciation,Financial performance,874,ANZSIC06 divisions M and N
2015,Level 1,MN,"Professional, Scientific, Technical, Administrative and Support Services",Dollars (millions),H12,Salaries and wages paid,Financial performance,"14,873",ANZSIC06 divisions M and N
2015,Level 1,MN,"Professional, Scientific, Technical, Administrative and Support Services",Dollars (millions),H13,Redundancy and severance,Financial performance,31,ANZSIC06 divisions M and N
2015,Level 1,MN,"Professional, Scientific, Technical, Administrative and Support Services",Dollars (millions),H19,Purchases and other operating expenses,Financial performance,"18,562",ANZSIC06 divisions M and N
2015,Level 1,MN,"Professional, Scientific, Technical, Administrative and Support Services",Dollars (millions),H20,Non-operating expenses,Financial performance,526,ANZSIC06 divisions M and N
2015,Level 1,MN,"Professional, Scientific, Technical, Administrative and Support Services",Dollars (millions),H21,Opening stocks,Financial performance,671,ANZSIC06 divisions M and N
2015,Level 1,MN,"Professional, Scientific, Technical, Administrative and Support Services",Dollars (millions),H22,Closing stocks,Financial performance,734,ANZSIC06 divisions M and N
2015,Level 1,MN,"Professional, Scientific, Technical, Administrative and Support Services",Dollars (millions),H23,Surplus before income tax,Financial performance,"5,616",ANZSIC06 divisions M and N
2015,Level 1,MN,"Professional, Scientific, Technical, Administrative and Support Services",Dollars (millions),H24,Total assets,Financial position,"63,404",ANZSIC06 divisions M and N
2015,Level 1,MN,"Professional, Scientific, Technical, Administrative and Support Services",Dollars (millions),H25,Current assets,Financial position,"29,816",ANZSIC06 divisions M and N
2015,Level 1,MN,"Professional, Scientific, Technical, Administrative and Support Services",Dollars (millions),H26,Fixed tangible assets,Financial position,"6,631",ANZSIC06 divisions M and N
2015,Level 1,MN,"Professional, Scientific, Technical, Administrative and Support Services",Dollars (millions),H27,Additions to fixed assets,Financial position,"1,661",ANZSIC06 divisions M and N
2015,Level 1,MN,"Professional, Scientific, Technical, Administrative and Support Services",Dollars (millions),H28,Disposals of fixed assets,Financial position,609,ANZSIC06 divisions M and N
2015,Level 1,MN,"Professional, Scientific, Technical, Administrative and Support Services",Dollars (millions),H29,Other assets,Financial position,"26,957",ANZSIC06 divisions M and N
2015,Level 1,MN,"Professional, Scientific, Technical, Administrative and Support Services",Dollars (millions),H30,Total equity and liabilities,Financial position,"63,404",ANZSIC06 divisions M and N
2015,Level 1,MN,"Professional, Scientific, Technical, Administrative and Support Services",Dollars (millions),H31,Shareholders funds or owners equity,Financial position,"24,646",ANZSIC06 divisions M and N
2015,Level 1,MN,"Professional, Scientific, Technical, Administrative and Support Services",Dollars (millions),H32,Current liabilities,Financial position,"26,539",ANZSIC06 divisions M and N
2015,Level 1,MN,"Professional, Scientific, Technical, Administrative and Support Services",Dollars (millions),H33,Other liabilities,Financial position,"12,219",ANZSIC06 divisions M and N
2015,Level 1,MN,"Professional, Scientific, Technical, Administrative and Support Services",Dollars,H34,Total income per employee count,Financial ratios,"178,600",ANZSIC06 divisions M and N
2015,Level 1,MN,"Professional, Scientific, Technical, Administrative and Support Services",Dollars,H35,Surplus per employee count,Financial ratios,"24,100",ANZSIC06 divisions M and N
2015,Level 1,MN,"Professional, Scientific, Technical, Administrative and Support Services",Percentage,H36,Current ratio,Financial ratios,112,ANZSIC06 divisions M and N
2015,Level 1,MN,"Professional, Scientific, Technical, Administrative and Support Services",Percentage,H37,Quick ratio,Financial ratios,110,ANZSIC06 divisions M and N
2015,Level 1,MN,"Professional, Scientific, Technical, Administrative and Support Services",Percentage,H39,Return on equity,Financial ratios,23,ANZSIC06 divisions M and N
2015,Level 1,MN,"Professional, Scientific, Technical, Administrative and Support Services",Percentage,H40,Return on total assets,Financial ratios,9,ANZSIC06 divisions M and N
2015,Level 1,MN,"Professional, Scientific, Technical, Administrative and Support Services",Percentage,H41,Liabilities structure,Financial ratios,39,ANZSIC06 divisions M and N
2015,Level 3,MN11,"Professional, Scientific and Technical Services",Dollars (millions),H01,Total income,Financial performance,"32,639",ANZSIC06 division M
2015,Level 3,MN11,"Professional, Scientific and Technical Services",Dollars (millions),H04,Sales of goods and services,Financial performance,"29,959",ANZSIC06 division M
2015,Level 3,MN11,"Professional, Scientific and Technical Services",Dollars (millions),H05,"Interest, dividends and donations",Financial performance,"2,206",ANZSIC06 division M
2015,Level 3,MN11,"Professional, Scientific and Technical Services",Dollars (millions),H06,"Government funding, grants and subsidies",Financial performance,196,ANZSIC06 division M
2015,Level 3,MN11,"Professional, Scientific and Technical Services",Dollars (millions),H07,Non-operating income,Financial performance,277,ANZSIC06 division M
2015,Level 3,MN11,"Professional, Scientific and Technical Services",Dollars (millions),H08,Total expenditure,Financial performance,"27,737",ANZSIC06 division M
2015,Level 3,MN11,"Professional, Scientific and Technical Services",Dollars (millions),H09,Interest and donations,Financial performance,"1,076",ANZSIC06 division M
2015,Level 3,MN11,"Professional, Scientific and Technical Services",Dollars (millions),H10,Indirect taxes,Financial performance,90,ANZSIC06 division M
2015,Level 3,MN11,"Professional, Scientific and Technical Services",Dollars (millions),H11,Depreciation,Financial performance,654,ANZSIC06 division M
2015,Level 3,MN11,"Professional, Scientific and Technical Services",Dollars (millions),H12,Salaries and wages paid,Financial performance,"11,488",ANZSIC06 division M
2015,Level 3,MN11,"Professional, Scientific and Technical Services",Dollars (millions),H13,Redundancy and severance,Financial performance,26,ANZSIC06 division M
2015,Level 3,MN11,"Professional, Scientific and Technical Services",Dollars (millions),H19,Purchases and other operating expenses,Financial performance,"14,073",ANZSIC06 division M
2015,Level 3,MN11,"Professional, Scientific and Technical Services",Dollars (millions),H20,Non-operating expenses,Financial performance,356,ANZSIC06 division M
2015,Level 3,MN11,"Professional, Scientific and Technical Services",Dollars (millions),H21,Opening stocks,Financial performance,571,ANZSIC06 division M
2015,Level 3,MN11,"Professional, Scientific and Technical Services",Dollars (millions),H22,Closing stocks,Financial performance,628,ANZSIC06 division M
2015,Level 3,MN11,"Professional, Scientific and Technical Services",Dollars (millions),H23,Surplus before income tax,Financial performance,"4,959",ANZSIC06 division M
2015,Level 3,MN11,"Professional, Scientific and Technical Services",Dollars (millions),H24,Total assets,Financial position,"55,761",ANZSIC06 division M
2015,Level 3,MN11,"Professional, Scientific and Technical Services",Dollars (millions),H25,Current assets,Financial position,"26,573",ANZSIC06 division M
2015,Level 3,MN11,"Professional, Scientific and Technical Services",Dollars (millions),H26,Fixed tangible assets,Financial position,"4,466",ANZSIC06 division M
2015,Level 3,MN11,"Professional, Scientific and Technical Services",Dollars (millions),H27,Additions to fixed assets,Financial position,"1,201",ANZSIC06 division M
2015,Level 3,MN11,"Professional, Scientific and Technical Services",Dollars (millions),H28,Disposals of fixed assets,Financial position,473,ANZSIC06 division M
2015,Level 3,MN11,"Professional, Scientific and Technical Services",Dollars (millions),H29,Other assets,Financial position,"24,722",ANZSIC06 division M
2015,Level 3,MN11,"Professional, Scientific and Technical Services",Dollars (millions),H30,Total equity and liabilities,Financial position,"55,761",ANZSIC06 division M
2015,Level 3,MN11,"Professional, Scientific and Technical Services",Dollars (millions),H31,Shareholders funds or owners equity,Financial position,"21,415",ANZSIC06 division M
2015,Level 3,MN11,"Professional, Scientific and Technical Services",Dollars (millions),H32,Current liabilities,Financial position,"23,795",ANZSIC06 division M
2015,Level 3,MN11,"Professional, Scientific and Technical Services",Dollars (millions),H33,Other liabilities,Financial position,"10,551",ANZSIC06 division M
2015,Level 3,MN11,"Professional, Scientific and Technical Services",Dollars,H34,Total income per employee count,Financial ratios,"246,200",ANZSIC06 division M
2015,Level 3,MN11,"Professional, Scientific and Technical Services",Dollars,H35,Surplus per employee count,Financial ratios,"37,400",ANZSIC06 division M
2015,Level 3,MN11,"Professional, Scientific and Technical Services",Percentage,H36,Current ratio,Financial ratios,112,ANZSIC06 division M
2015,Level 3,MN11,"Professional, Scientific and Technical Services",Percentage,H37,Quick ratio,Financial ratios,109,ANZSIC06 division M
2015,Level 3,MN11,"Professional, Scientific and Technical Services",Percentage,H39,Return on equity,Financial ratios,23,ANZSIC06 division M
2015,Level 3,MN11,"Professional, Scientific and Technical Services",Percentage,H40,Return on total assets,Financial ratios,9,ANZSIC06 division M
2015,Level 3,MN11,"Professional, Scientific and Technical Services",Percentage,H41,Liabilities structure,Financial ratios,38,ANZSIC06 division M
2015,Level 4,MN111,"Scientific, Architectural and Engineering Services",Dollars (millions),H01,Total income,Financial performance,"7,975",ANZSIC06 groups M691 and M692
2015,Level 4,MN111,"Scientific, Architectural and Engineering Services",Dollars (millions),H04,Sales of goods and services,Financial performance,"7,654",ANZSIC06 groups M691 and M692
2015,Level 4,MN111,"Scientific, Architectural and Engineering Services",Dollars (millions),H05,"Interest, dividends and donations",Financial performance,121,ANZSIC06 groups M691 and M692
2015,Level 4,MN111,"Scientific, Architectural and Engineering Services",Dollars (millions),H06,"Government funding, grants and subsidies",Financial performance,114,ANZSIC06 groups M691 and M692
2015,Level 4,MN111,"Scientific, Architectural and Engineering Services",Dollars (millions),H07,Non-operating income,Financial performance,87,ANZSIC06 groups M691 and M692
2015,Level 4,MN111,"Scientific, Architectural and Engineering Services",Dollars (millions),H08,Total expenditure,Financial performance,"7,190",ANZSIC06 groups M691 and M692
2015,Level 4,MN111,"Scientific, Architectural and Engineering Services",Dollars (millions),H09,Interest and donations,Financial performance,73,ANZSIC06 groups M691 and M692
2015,Level 4,MN111,"Scientific, Architectural and Engineering Services",Dollars (millions),H10,Indirect taxes,Financial performance,29,ANZSIC06 groups M691 and M692
2015,Level 4,MN111,"Scientific, Architectural and Engineering Services",Dollars (millions),H11,Depreciation,Financial performance,144,ANZSIC06 groups M691 and M692
2015,Level 4,MN111,"Scientific, Architectural and Engineering Services",Dollars (millions),H12,Salaries and wages paid,Financial performance,"3,039",ANZSIC06 groups M691 and M692
2015,Level 4,MN111,"Scientific, Architectural and Engineering Services",Dollars (millions),H13,Redundancy and severance,Financial performance,1,ANZSIC06 groups M691 and M692
2015,Level 4,MN111,"Scientific, Architectural and Engineering Services",Dollars (millions),H19,Purchases and other operating expenses,Financial performance,"3,837",ANZSIC06 groups M691 and M692
2015,Level 4,MN111,"Scientific, Architectural and Engineering Services",Dollars (millions),H20,Non-operating expenses,Financial performance,68,ANZSIC06 groups M691 and M692
2015,Level 4,MN111,"Scientific, Architectural and Engineering Services",Dollars (millions),H21,Opening stocks,Financial performance,237,ANZSIC06 groups M691 and M692
2015,Level 4,MN111,"Scientific, Architectural and Engineering Services",Dollars (millions),H22,Closing stocks,Financial performance,277,ANZSIC06 groups M691 and M692
2015,Level 4,MN111,"Scientific, Architectural and Engineering Services",Dollars (millions),H23,Surplus before income tax,Financial performance,825,ANZSIC06 groups M691 and M692
2015,Level 4,MN111,"Scientific, Architectural and Engineering Services",Dollars (millions),H24,Total assets,Financial position,"4,646",ANZSIC06 groups M691 and M692
2015,Level 4,MN111,"Scientific, Architectural and Engineering Services",Dollars (millions),H25,Current assets,Financial position,"2,670",ANZSIC06 groups M691 and M692
2015,Level 4,MN111,"Scientific, Architectural and Engineering Services",Dollars (millions),H26,Fixed tangible assets,Financial position,867,ANZSIC06 groups M691 and M692
2015,Level 4,MN111,"Scientific, Architectural and Engineering Services",Dollars (millions),H27,Additions to fixed assets,Financial position,248,ANZSIC06 groups M691 and M692
2015,Level 4,MN111,"Scientific, Architectural and Engineering Services",Dollars (millions),H28,Disposals of fixed assets,Financial position,57,ANZSIC06 groups M691 and M692
2015,Level 4,MN111,"Scientific, Architectural and Engineering Services",Dollars (millions),H29,Other assets,Financial position,"1,109",ANZSIC06 groups M691 and M692
2015,Level 4,MN111,"Scientific, Architectural and Engineering Services",Dollars (millions),H30,Total equity and liabilities,Financial position,"4,645",ANZSIC06 groups M691 and M692
2015,Level 4,MN111,"Scientific, Architectural and Engineering Services",Dollars (millions),H31,Shareholders funds or owners equity,Financial position,"2,030",ANZSIC06 groups M691 and M692
2015,Level 4,MN111,"Scientific, Architectural and Engineering Services",Dollars (millions),H32,Current liabilities,Financial position,"1,982",ANZSIC06 groups M691 and M692
2015,Level 4,MN111,"Scientific, Architectural and Engineering Services",Dollars (millions),H33,Other liabilities,Financial position,634,ANZSIC06 groups M691 and M692
2015,Level 4,MN111,"Scientific, Architectural and Engineering Services",Dollars,H34,Total income per employee count,Financial ratios,"229,100",ANZSIC06 groups M691 and M692
2015,Level 4,MN111,"Scientific, Architectural and Engineering Services",Dollars,H35,Surplus per employee count,Financial ratios,"23,700",ANZSIC06 groups M691 and M692
2015,Level 4,MN111,"Scientific, Architectural and Engineering Services",Percentage,H36,Current ratio,Financial ratios,135,ANZSIC06 groups M691 and M692
2015,Level 4,MN111,"Scientific, Architectural and Engineering Services",Percentage,H37,Quick ratio,Financial ratios,121,ANZSIC06 groups M691 and M692
2015,Level 4,MN111,"Scientific, Architectural and Engineering Services",Percentage,H39,Return on equity,Financial ratios,41,ANZSIC06 groups M691 and M692
2015,Level 4,MN111,"Scientific, Architectural and Engineering Services",Percentage,H40,Return on total assets,Financial ratios,18,ANZSIC06 groups M691 and M692
2015,Level 4,MN111,"Scientific, Architectural and Engineering Services",Percentage,H41,Liabilities structure,Financial ratios,44,ANZSIC06 groups M691 and M692
2015,Level 4,MN112,Legal and Accounting Services,Dollars (millions),H01,Total income,Financial performance,"5,818",ANZSIC06 group M693
2015,Level 4,MN112,Legal and Accounting Services,Dollars (millions),H04,Sales of goods and services,Financial performance,"5,744",ANZSIC06 group M693
2015,Level 4,MN112,Legal and Accounting Services,Dollars (millions),H05,"Interest, dividends and donations",Financial performance,16,ANZSIC06 group M693
2015,Level 4,MN112,Legal and Accounting Services,Dollars (millions),H06,"Government funding, grants and subsidies",Financial performance,12,ANZSIC06 group M693
2015,Level 4,MN112,Legal and Accounting Services,Dollars (millions),H07,Non-operating income,Financial performance,47,ANZSIC06 group M693
2015,Level 4,MN112,Legal and Accounting Services,Dollars (millions),H08,Total expenditure,Financial performance,"4,109",ANZSIC06 group M693
