Year,Industry_aggregation_NZSIOC,Industry_code_NZSIOC,Industry_name_NZSIOC,Units,Variable_code,Variable_name,Variable_category,Value,Industry_code_ANZSIC06
2019,Level 4,MN213,"Building Cleaning, Pest Control and Other Support Services",Dollars (millions),H23,Surplus before income tax,Financial performance,358,ANZSIC06 groups N731 and N732
2019,Level 4,MN213,"Building Cleaning, Pest Control and Other Support Services",Dollars (millions),H24,Total assets,Financial position,"2,912",ANZSIC06 groups N731 and N732
2019,Level 4,MN213,"Building Cleaning, Pest Control and Other Support Services",Dollars (millions),H25,Current assets,Financial position,"1,040",ANZSIC06 groups N731 and N732
2019,Level 4,MN213,"Building Cleaning, Pest Control and Other Support Services",Dollars (millions),H26,Fixed tangible assets,Financial position,"1,395",ANZSIC06 groups N731 and N732
2019,Level 4,MN213,"Building Cleaning, Pest Control and Other Support Services",Dollars (millions),H27,Additions to fixed assets,Financial position,349,ANZSIC06 groups N731 and N732
2019,Level 4,MN213,"Building Cleaning, Pest Control and Other Support Services",Dollars (millions),H28,Disposals of fixed assets,Financial position,93,ANZSIC06 groups N731 and N732
2019,Level 4,MN213,"Building Cleaning, Pest Control and Other Support Services",Dollars (millions),H29,Other assets,Financial position,477,ANZSIC06 groups N731 and N732
2019,Level 4,MN213,"Building Cleaning, Pest Control and Other Support Services",Dollars (millions),H30,Total equity and liabilities,Financial position,"2,912",ANZSIC06 groups N731 and N732
2019,Level 4,MN213,"Building Cleaning, Pest Control and Other Support Services",Dollars (millions),H31,Shareholders funds or owners equity,Financial position,"1,165",ANZSIC06 groups N731 and N732
2019,Level 4,MN213,"Building Cleaning, Pest Control and Other Support Services",Dollars (millions),H32,Current liabilities,Financial position,993,ANZSIC06 groups N731 and N732
2019,Level 4,MN213,"Building Cleaning, Pest Control and Other Support Services",Dollars (millions),H33,Other liabilities,Financial position,753,ANZSIC06 groups N731 and N732
2019,Level 4,MN213,"Building Cleaning, Pest Control and Other Support Services",Dollars,H34,Total income per employee count,Financial ratios,"99,300",ANZSIC06 groups N731 and N732
2019,Level 4,MN213,"Building Cleaning, Pest Control and Other Support Services",Dollars,H35,Surplus per employee count,Financial ratios,"8,400",ANZSIC06 groups N731 and N732
2019,Level 4,MN213,"Building Cleaning, Pest Control and Other Support Services",Percentage,H36,Current ratio,Financial ratios,105,ANZSIC06 groups N731 and N732
2019,Level 4,MN213,"Building Cleaning, Pest Control and Other Support Services",Percentage,H37,Quick ratio,Financial ratios,93,ANZSIC06 groups N731 and N732
2019,Level 4,MN213,"Building Cleaning, Pest Control and Other Support Services",Percentage,H39,Return on equity,Financial ratios,31,ANZSIC06 groups N731 and N732
2019,Level 4,MN213,"Building Cleaning, Pest Control and Other Support Services",Percentage,H40,Return on total assets,Financial ratios,12,ANZSIC06 groups N731 and N732
2019,Level 4,MN213,"Building Cleaning, Pest Control and Other Support Services",Percentage,H41,Liabilities structure,Financial ratios,40,ANZSIC06 groups N731 and N732
2019,Level 1,OO,"Public Order, Safety and Regulatory Services",Dollars (millions),H01,Total income,Financial performance,"1,570","ANZSIC06 division O (excluding classes O751, O752, O753, O754, O755, O760, and O7711)"
2019,Level 1,OO,"Public Order, Safety and Regulatory Services",Dollars (millions),H04,Sales of goods and services,Financial performance,"1,527","ANZSIC06 division O (excluding classes O751, O752, O753, O754, O755, O760, and O7711)"
2019,Level 1,OO,"Public Order, Safety and Regulatory Services",Dollars (millions),H05,"Interest, dividends and donations",Financial performance,24,"ANZSIC06 division O (excluding classes O751, O752, O753, O754, O755, O760, and O7711)"
2019,Level 1,OO,"Public Order, Safety and Regulatory Services",Dollars (millions),H06,"Government funding, grants and subsidies",Financial performance,C,"ANZSIC06 division O (excluding classes O751, O752, O753, O754, O755, O760, and O7711)"
2019,Level 1,OO,"Public Order, Safety and Regulatory Services",Dollars (millions),H07,Non-operating income,Financial performance,C,"ANZSIC06 division O (excluding classes O751, O752, O753, O754, O755, O760, and O7711)"
2019,Level 1,OO,"Public Order, Safety and Regulatory Services",Dollars (millions),H08,Total expenditure,Financial performance,"1,456","ANZSIC06 division O (excluding classes O751, O752, O753, O754, O755, O760, and O7711)"
2019,Level 1,OO,"Public Order, Safety and Regulatory Services",Dollars (millions),H09,Interest and donations,Financial performance,39,"ANZSIC06 division O (excluding classes O751, O752, O753, O754, O755, O760, and O7711)"
2019,Level 1,OO,"Public Order, Safety and Regulatory Services",Dollars (millions),H10,Indirect taxes,Financial performance,7,"ANZSIC06 division O (excluding classes O751, O752, O753, O754, O755, O760, and O7711)"
2019,Level 1,OO,"Public Order, Safety and Regulatory Services",Dollars (millions),H11,Depreciation,Financial performance,42,"ANZSIC06 division O (excluding classes O751, O752, O753, O754, O755, O760, and O7711)"
2019,Level 1,OO,"Public Order, Safety and Regulatory Services",Dollars (millions),H12,Salaries and wages paid,Financial performance,726,"ANZSIC06 division O (excluding classes O751, O752, O753, O754, O755, O760, and O7711)"
2019,Level 1,OO,"Public Order, Safety and Regulatory Services",Dollars (millions),H13,Redundancy and severance,Financial performance,0,"ANZSIC06 division O (excluding classes O751, O752, O753, O754, O755, O760, and O7711)"
2019,Level 1,OO,"Public Order, Safety and Regulatory Services",Dollars (millions),H19,Purchases and other operating expenses,Financial performance,635,"ANZSIC06 division O (excluding classes O751, O752, O753, O754, O755, O760, and O7711)"
2019,Level 1,OO,"Public Order, Safety and Regulatory Services",Dollars (millions),H20,Non-operating expenses,Financial performance,6,"ANZSIC06 division O (excluding classes O751, O752, O753, O754, O755, O760, and O7711)"
2019,Level 1,OO,"Public Order, Safety and Regulatory Services",Dollars (millions),H21,Opening stocks,Financial performance,19,"ANZSIC06 division O (excluding classes O751, O752, O753, O754, O755, O760, and O7711)"
2019,Level 1,OO,"Public Order, Safety and Regulatory Services",Dollars (millions),H22,Closing stocks,Financial performance,24,"ANZSIC06 division O (excluding classes O751, O752, O753, O754, O755, O760, and O7711)"
2019,Level 1,OO,"Public Order, Safety and Regulatory Services",Dollars (millions),H23,Surplus before income tax,Financial performance,120,"ANZSIC06 division O (excluding classes O751, O752, O753, O754, O755, O760, and O7711)"
2019,Level 1,OO,"Public Order, Safety and Regulatory Services",Dollars (millions),H24,Total assets,Financial position,"1,535","ANZSIC06 division O (excluding classes O751, O752, O753, O754, O755, O760, and O7711)"
2019,Level 1,OO,"Public Order, Safety and Regulatory Services",Dollars (millions),H25,Current assets,Financial position,506,"ANZSIC06 division O (excluding classes O751, O752, O753, O754, O755, O760, and O7711)"
2019,Level 1,OO,"Public Order, Safety and Regulatory Services",Dollars (millions),H26,Fixed tangible assets,Financial position,221,"ANZSIC06 division O (excluding classes O751, O752, O753, O754, O755, O760, and O7711)"
2019,Level 1,OO,"Public Order, Safety and Regulatory Services",Dollars (millions),H27,Additions to fixed assets,Financial position,64,"ANZSIC06 division O (excluding classes O751, O752, O753, O754, O755, O760, and O7711)"
2019,Level 1,OO,"Public Order, Safety and Regulatory Services",Dollars (millions),H28,Disposals of fixed assets,Financial position,15,"ANZSIC06 division O (excluding classes O751, O752, O753, O754, O755, O760, and O7711)"
2019,Level 1,OO,"Public Order, Safety and Regulatory Services",Dollars (millions),H29,Other assets,Financial position,809,"ANZSIC06 division O (excluding classes O751, O752, O753, O754, O755, O760, and O7711)"
2019,Level 1,OO,"Public Order, Safety and Regulatory Services",Dollars (millions),H30,Total equity and liabilities,Financial position,"1,535","ANZSIC06 division O (excluding classes O751, O752, O753, O754, O755, O760, and O7711)"
2019,Level 1,OO,"Public Order, Safety and Regulatory Services",Dollars (millions),H31,Shareholders funds or owners equity,Financial position,570,"ANZSIC06 division O (excluding classes O751, O752, O753, O754, O755, O760, and O7711)"
2019,Level 1,OO,"Public Order, Safety and Regulatory Services",Dollars (millions),H32,Current liabilities,Financial position,352,"ANZSIC06 division O (excluding classes O751, O752, O753, O754, O755, O760, and O7711)"
2019,Level 1,OO,"Public Order, Safety and Regulatory Services",Dollars (millions),H33,Other liabilities,Financial position,614,"ANZSIC06 division O (excluding classes O751, O752, O753, O754, O755, O760, and O7711)"
2019,Level 1,OO,"Public Order, Safety and Regulatory Services",Percentage,H36,Current ratio,Financial ratios,144,"ANZSIC06 division O (excluding classes O751, O752, O753, O754, O755, O760, and O7711)"
2019,Level 1,OO,"Public Order, Safety and Regulatory Services",Percentage,H37,Quick ratio,Financial ratios,137,"ANZSIC06 division O (excluding classes O751, O752, O753, O754, O755, O760, and O7711)"
2019,Level 1,OO,"Public Order, Safety and Regulatory Services",Percentage,H39,Return on equity,Financial ratios,21,"ANZSIC06 division O (excluding classes O751, O752, O753, O754, O755, O760, and O7711)"
2019,Level 1,OO,"Public Order, Safety and Regulatory Services",Percentage,H40,Return on total assets,Financial ratios,8,"ANZSIC06 division O (excluding classes O751, O752, O753, O754, O755, O760, and O7711)"
2019,Level 1,OO,"Public Order, Safety and Regulatory Services",Percentage,H41,Liabilities structure,Financial ratios,37,"ANZSIC06 division O (excluding classes O751, O752, O753, O754, O755, O760, and O7711)"
2019,Level 3,OO21,"Public Order, Safety and Regulatory Services",Dollars (millions),H01,Total income,Financial performance,"1,570",ANZSIC06 groups O771 and O772 (excluding class O7711)
2019,Level 3,OO21,"Public Order, Safety and Regulatory Services",Dollars (millions),H04,Sales of goods and services,Financial performance,"1,527",ANZSIC06 groups O771 and O772 (excluding class O7711)
2019,Level 3,OO21,"Public Order, Safety and Regulatory Services",Dollars (millions),H05,"Interest, dividends and donations",Financial performance,24,ANZSIC06 groups O771 and O772 (excluding class O7711)
2019,Level 3,OO21,"Public Order, Safety and Regulatory Services",Dollars (millions),H06,"Government funding, grants and subsidies",Financial performance,C,ANZSIC06 groups O771 and O772 (excluding class O7711)
2019,Level 3,OO21,"Public Order, Safety and Regulatory Services",Dollars (millions),H07,Non-operating income,Financial performance,C,ANZSIC06 groups O771 and O772 (excluding class O7711)
2019,Level 3,OO21,"Public Order, Safety and Regulatory Services",Dollars (millions),H08,Total expenditure,Financial performance,"1,456",ANZSIC06 groups O771 and O772 (excluding class O7711)
2019,Level 3,OO21,"Public Order, Safety and Regulatory Services",Dollars (millions),H09,Interest and donations,Financial performance,39,ANZSIC06 groups O771 and O772 (excluding class O7711)
2019,Level 3,OO21,"Public Order, Safety and Regulatory Services",Dollars (millions),H10,Indirect taxes,Financial performance,7,ANZSIC06 groups O771 and O772 (excluding class O7711)
2019,Level 3,OO21,"Public Order, Safety and Regulatory Services",Dollars (millions),H11,Depreciation,Financial performance,42,ANZSIC06 groups O771 and O772 (excluding class O7711)
2019,Level 3,OO21,"Public Order, Safety and Regulatory Services",Dollars (millions),H12,Salaries and wages paid,Financial performance,726,ANZSIC06 groups O771 and O772 (excluding class O7711)
2019,Level 3,OO21,"Public Order, Safety and Regulatory Services",Dollars (millions),H13,Redundancy and severance,Financial performance,0,ANZSIC06 groups O771 and O772 (excluding class O7711)
2019,Level 3,OO21,"Public Order, Safety and Regulatory Services",Dollars (millions),H19,Purchases and other operating expenses,Financial performance,635,ANZSIC06 groups O771 and O772 (excluding class O7711)
2019,Level 3,OO21,"Public Order, Safety and Regulatory Services",Dollars (millions),H20,Non-operating expenses,Financial performance,6,ANZSIC06 groups O771 and O772 (excluding class O7711)
2019,Level 3,OO21,"Public Order, Safety and Regulatory Services",Dollars (millions),H21,Opening stocks,Financial performance,19,ANZSIC06 groups O771 and O772 (excluding class O7711)
2019,Level 3,OO21,"Public Order, Safety and Regulatory Services",Dollars (millions),H22,Closing stocks,Financial performance,24,ANZSIC06 groups O771 and O772 (excluding class O7711)
2019,Level 3,OO21,"Public Order, Safety and Regulatory Services",Dollars (millions),H23,Surplus before income tax,Financial performance,120,ANZSIC06 groups O771 and O772 (excluding class O7711)
2019,Level 3,OO21,"Public Order, Safety and Regulatory Services",Dollars (millions),H24,Total assets,Financial position,"1,535",ANZSIC06 groups O771 and O772 (excluding class O7711)
2019,Level 3,OO21,"Public Order, Safety and Regulatory Services",Dollars (millions),H25,Current assets,Financial position,506,ANZSIC06 groups O771 and O772 (excluding class O7711)
2019,Level 3,OO21,"Public Order, Safety and Regulatory Services",Dollars (millions),H26,Fixed tangible assets,Financial position,221,ANZSIC06 groups O771 and O772 (excluding class O7711)
2019,Level 3,OO21,"Public Order, Safety and Regulatory Services",Dollars (millions),H27,Additions to fixed assets,Financial position,64,ANZSIC06 groups O771 and O772 (excluding class O7711)
2019,Level 3,OO21,"Public Order, Safety and Regulatory Services",Dollars (millions),H28,Disposals of fixed assets,Financial position,15,ANZSIC06 groups O771 and O772 (excluding class O7711)
2019,Level 3,OO21,"Public Order, Safety and Regulatory Services",Dollars (millions),H29,Other assets,Financial position,809,ANZSIC06 groups O771 and O772 (excluding class O7711)
2019,Level 3,OO21,"Public Order, Safety and Regulatory Services",Dollars (millions),H30,Total equity and liabilities,Financial position,"1,535",ANZSIC06 groups O771 and O772 (excluding class O7711)
2019,Level 3,OO21,"Public Order, Safety and Regulatory Services",Dollars (millions),H31,Shareholders funds or owners equity,Financial position,570,ANZSIC06 groups O771 and O772 (excluding class O7711)
2019,Level 3,OO21,"Public Order, Safety and Regulatory Services",Dollars (millions),H32,Current liabilities,Financial position,352,ANZSIC06 groups O771 and O772 (excluding class O7711)
2019,Level 3,OO21,"Public Order, Safety and Regulatory Services",Dollars (millions),H33,Other liabilities,Financial position,614,ANZSIC06 groups O771 and O772 (excluding class O7711)
2019,Level 3,OO21,"Public Order, Safety and Regulatory Services",Percentage,H36,Current ratio,Financial ratios,144,ANZSIC06 groups O771 and O772 (excluding class O7711)
2019,Level 3,OO21,"Public Order, Safety and Regulatory Services",Percentage,H37,Quick ratio,Financial ratios,137,ANZSIC06 groups O771 and O772 (excluding class O7711)
2019,Level 3,OO21,"Public Order, Safety and Regulatory Services",Percentage,H39,Return on equity,Financial ratios,21,ANZSIC06 groups O771 and O772 (excluding class O7711)
2019,Level 3,OO21,"Public Order, Safety and Regulatory Services",Percentage,H40,Return on total assets,Financial ratios,8,ANZSIC06 groups O771 and O772 (excluding class O7711)
2019,Level 3,OO21,"Public Order, Safety and Regulatory Services",Percentage,H41,Liabilities structure,Financial ratios,37,ANZSIC06 groups O771 and O772 (excluding class O7711)
2019,Level 4,OO213,"Public Order, Safety and Regulatory Services",Dollars (millions),H01,Total income,Financial performance,"1,570",ANZSIC06 groups O771 and O772 (excluding class O7711)
2019,Level 4,OO213,"Public Order, Safety and Regulatory Services",Dollars (millions),H04,Sales of goods and services,Financial performance,"1,527",ANZSIC06 groups O771 and O772 (excluding class O7711)
2019,Level 4,OO213,"Public Order, Safety and Regulatory Services",Dollars (millions),H05,"Interest, dividends and donations",Financial performance,24,ANZSIC06 groups O771 and O772 (excluding class O7711)
2019,Level 4,OO213,"Public Order, Safety and Regulatory Services",Dollars (millions),H06,"Government funding, grants and subsidies",Financial performance,C,ANZSIC06 groups O771 and O772 (excluding class O7711)
2019,Level 4,OO213,"Public Order, Safety and Regulatory Services",Dollars (millions),H07,Non-operating income,Financial performance,C,ANZSIC06 groups O771 and O772 (excluding class O7711)
2019,Level 4,OO213,"Public Order, Safety and Regulatory Services",Dollars (millions),H08,Total expenditure,Financial performance,"1,456",ANZSIC06 groups O771 and O772 (excluding class O7711)
2019,Level 4,OO213,"Public Order, Safety and Regulatory Services",Dollars (millions),H09,Interest and donations,Financial performance,39,ANZSIC06 groups O771 and O772 (excluding class O7711)
2019,Level 4,OO213,"Public Order, Safety and Regulatory Services",Dollars (millions),H10,Indirect taxes,Financial performance,7,ANZSIC06 groups O771 and O772 (excluding class O7711)
2019,Level 4,OO213,"Public Order, Safety and Regulatory Services",Dollars (millions),H11,Depreciation,Financial performance,42,ANZSIC06 groups O771 and O772 (excluding class O7711)
2019,Level 4,OO213,"Public Order, Safety and Regulatory Services",Dollars (millions),H12,Salaries and wages paid,Financial performance,726,ANZSIC06 groups O771 and O772 (excluding class O7711)
2019,Level 4,OO213,"Public Order, Safety and Regulatory Services",Dollars (millions),H13,Redundancy and severance,Financial performance,0,ANZSIC06 groups O771 and O772 (excluding class O7711)
2019,Level 4,OO213,"Public Order, Safety and Regulatory Services",Dollars (millions),H19,Purchases and other operating expenses,Financial performance,635,ANZSIC06 groups O771 and O772 (excluding class O7711)
2019,Level 4,OO213,"Public Order, Safety and Regulatory Services",Dollars (millions),H20,Non-operating expenses,Financial performance,6,ANZSIC06 groups O771 and O772 (excluding class O7711)
2019,Level 4,OO213,"Public Order, Safety and Regulatory Services",Dollars (millions),H21,Opening stocks,Financial performance,19,ANZSIC06 groups O771 and O772 (excluding class O7711)
2019,Level 4,OO213,"Public Order, Safety and Regulatory Services",Dollars (millions),H22,Closing stocks,Financial performance,24,ANZSIC06 groups O771 and O772 (excluding class O7711)
2019,Level 4,OO213,"Public Order, Safety and Regulatory Services",Dollars (millions),H23,Surplus before income tax,Financial performance,120,ANZSIC06 groups O771 and O772 (excluding class O7711)
2019,Level 4,OO213,"Public Order, Safety and Regulatory Services",Dollars (millions),H24,Total assets,Financial position,"1,535",ANZSIC06 groups O771 and O772 (excluding class O7711)
2019,Level 4,OO213,"Public Order, Safety and Regulatory Services",Dollars (millions),H25,Current assets,Financial position,506,ANZSIC06 groups O771 and O772 (excluding class O7711)
2019,Level 4,OO213,"Public Order, Safety and Regulatory Services",Dollars (millions),H26,Fixed tangible assets,Financial position,221,ANZSIC06 groups O771 and O772 (excluding class O7711)
2019,Level 4,OO213,"Public Order, Safety and Regulatory Services",Dollars (millions),H27,Additions to fixed assets,Financial position,64,ANZSIC06 groups O771 and O772 (excluding class O7711)
