Year,Industry_aggregation_NZSIOC,Industry_code_NZSIOC,Industry_name_NZSIOC,Units,Variable_code,Variable_name,Variable_category,Value,Industry_code_ANZSIC06
2014,Level 4,RS113,Gambling Activities,Dollars (millions),H25,Current assets,Financial position,C,ANZSIC06 group R920
2014,Level 4,RS113,Gambling Activities,Dollars (millions),H26,Fixed tangible assets,Financial position,971,ANZSIC06 group R920
2014,Level 4,RS113,Gambling Activities,Dollars (millions),H27,Additions to fixed assets,Financial position,138,ANZSIC06 group R920
2014,Level 4,RS113,Gambling Activities,Dollars (millions),H28,Disposals of fixed assets,Financial position,28,ANZSIC06 group R920
2014,Level 4,RS113,Gambling Activities,Dollars (millions),H29,Other assets,Financial position,C,ANZSIC06 group R920
2014,Level 4,RS113,Gambling Activities,Dollars (millions),H30,Total equity and liabilities,Financial position,"1,463",ANZSIC06 group R920
2014,Level 4,RS113,Gambling Activities,Dollars (millions),H31,Shareholders funds or owners equity,Financial position,816,ANZSIC06 group R920
2014,Level 4,RS113,Gambling Activities,Dollars (millions),H32,Current liabilities,Financial position,538,ANZSIC06 group R920
2014,Level 4,RS113,Gambling Activities,Dollars (millions),H33,Other liabilities,Financial position,110,ANZSIC06 group R920
2014,Level 4,RS113,Gambling Activities,Dollars,H34,Total income per employee count,Financial ratios,"412,700",ANZSIC06 group R920
2014,Level 4,RS113,Gambling Activities,Dollars,H35,Surplus per employee count,Financial ratios,"66,600",ANZSIC06 group R920
2014,Level 4,RS113,Gambling Activities,Percentage,H36,Current ratio,Financial ratios,C,ANZSIC06 group R920
2014,Level 4,RS113,Gambling Activities,Percentage,H37,Quick ratio,Financial ratios,C,ANZSIC06 group R920
2014,Level 4,RS113,Gambling Activities,Percentage,H39,Return on equity,Financial ratios,70,ANZSIC06 group R920
2014,Level 4,RS113,Gambling Activities,Percentage,H40,Return on total assets,Financial ratios,39,ANZSIC06 group R920
2014,Level 4,RS113,Gambling Activities,Percentage,H41,Liabilities structure,Financial ratios,56,ANZSIC06 group R920
2014,Level 3,RS21,Other Services,Dollars (millions),H01,Total income,Financial performance,"8,715","ANZSIC06 division S (excluding classes S9540, S9601, S9602, and S9603)"
2014,Level 3,RS21,Other Services,Dollars (millions),H04,"Sales, government funding, grants and subsidies",Financial performance,"7,560","ANZSIC06 division S (excluding classes S9540, S9601, S9602, and S9603)"
2014,Level 3,RS21,Other Services,Dollars (millions),H05,"Interest, dividends and donations",Financial performance,916,"ANZSIC06 division S (excluding classes S9540, S9601, S9602, and S9603)"
2014,Level 3,RS21,Other Services,Dollars (millions),H07,Non-operating income,Financial performance,238,"ANZSIC06 division S (excluding classes S9540, S9601, S9602, and S9603)"
2014,Level 3,RS21,Other Services,Dollars (millions),H08,Total expenditure,Financial performance,"7,910","ANZSIC06 division S (excluding classes S9540, S9601, S9602, and S9603)"
2014,Level 3,RS21,Other Services,Dollars (millions),H09,Interest and donations,Financial performance,314,"ANZSIC06 division S (excluding classes S9540, S9601, S9602, and S9603)"
2014,Level 3,RS21,Other Services,Dollars (millions),H10,Indirect taxes,Financial performance,38,"ANZSIC06 division S (excluding classes S9540, S9601, S9602, and S9603)"
2014,Level 3,RS21,Other Services,Dollars (millions),H11,Depreciation,Financial performance,210,"ANZSIC06 division S (excluding classes S9540, S9601, S9602, and S9603)"
2014,Level 3,RS21,Other Services,Dollars (millions),H12,Salaries and wages paid,Financial performance,"2,489","ANZSIC06 division S (excluding classes S9540, S9601, S9602, and S9603)"
2014,Level 3,RS21,Other Services,Dollars (millions),H13,Redundancy and severance,Financial performance,C,"ANZSIC06 division S (excluding classes S9540, S9601, S9602, and S9603)"
2014,Level 3,RS21,Other Services,Dollars (millions),H19,Purchases and other operating expenses,Financial performance,"4,808","ANZSIC06 division S (excluding classes S9540, S9601, S9602, and S9603)"
2014,Level 3,RS21,Other Services,Dollars (millions),H20,Non-operating expenses,Financial performance,51,"ANZSIC06 division S (excluding classes S9540, S9601, S9602, and S9603)"
2014,Level 3,RS21,Other Services,Dollars (millions),H21,Opening stocks,Financial performance,315,"ANZSIC06 division S (excluding classes S9540, S9601, S9602, and S9603)"
2014,Level 3,RS21,Other Services,Dollars (millions),H22,Closing stocks,Financial performance,321,"ANZSIC06 division S (excluding classes S9540, S9601, S9602, and S9603)"
2014,Level 3,RS21,Other Services,Dollars (millions),H23,Surplus before income tax,Financial performance,810,"ANZSIC06 division S (excluding classes S9540, S9601, S9602, and S9603)"
2014,Level 3,RS21,Other Services,Dollars (millions),H24,Total assets,Financial position,"10,807","ANZSIC06 division S (excluding classes S9540, S9601, S9602, and S9603)"
2014,Level 3,RS21,Other Services,Dollars (millions),H25,Current assets,Financial position,"4,255","ANZSIC06 division S (excluding classes S9540, S9601, S9602, and S9603)"
2014,Level 3,RS21,Other Services,Dollars (millions),H26,Fixed tangible assets,Financial position,"2,617","ANZSIC06 division S (excluding classes S9540, S9601, S9602, and S9603)"
2014,Level 3,RS21,Other Services,Dollars (millions),H27,Additions to fixed assets,Financial position,349,"ANZSIC06 division S (excluding classes S9540, S9601, S9602, and S9603)"
2014,Level 3,RS21,Other Services,Dollars (millions),H28,Disposals of fixed assets,Financial position,163,"ANZSIC06 division S (excluding classes S9540, S9601, S9602, and S9603)"
2014,Level 3,RS21,Other Services,Dollars (millions),H29,Other assets,Financial position,"3,934","ANZSIC06 division S (excluding classes S9540, S9601, S9602, and S9603)"
2014,Level 3,RS21,Other Services,Dollars (millions),H30,Total equity and liabilities,Financial position,"10,807","ANZSIC06 division S (excluding classes S9540, S9601, S9602, and S9603)"
2014,Level 3,RS21,Other Services,Dollars (millions),H31,Shareholders funds or owners equity,Financial position,"7,628","ANZSIC06 division S (excluding classes S9540, S9601, S9602, and S9603)"
2014,Level 3,RS21,Other Services,Dollars (millions),H32,Current liabilities,Financial position,"2,170","ANZSIC06 division S (excluding classes S9540, S9601, S9602, and S9603)"
2014,Level 3,RS21,Other Services,Dollars (millions),H33,Other liabilities,Financial position,"1,009","ANZSIC06 division S (excluding classes S9540, S9601, S9602, and S9603)"
2014,Level 3,RS21,Other Services,Dollars,H34,Total income per employee count,Financial ratios,"158,500","ANZSIC06 division S (excluding classes S9540, S9601, S9602, and S9603)"
2014,Level 3,RS21,Other Services,Dollars,H35,Surplus per employee count,Financial ratios,"14,700","ANZSIC06 division S (excluding classes S9540, S9601, S9602, and S9603)"
2014,Level 3,RS21,Other Services,Percentage,H36,Current ratio,Financial ratios,196,"ANZSIC06 division S (excluding classes S9540, S9601, S9602, and S9603)"
2014,Level 3,RS21,Other Services,Percentage,H37,Quick ratio,Financial ratios,181,"ANZSIC06 division S (excluding classes S9540, S9601, S9602, and S9603)"
2014,Level 3,RS21,Other Services,Percentage,H39,Return on equity,Financial ratios,11,"ANZSIC06 division S (excluding classes S9540, S9601, S9602, and S9603)"
2014,Level 3,RS21,Other Services,Percentage,H40,Return on total assets,Financial ratios,7,"ANZSIC06 division S (excluding classes S9540, S9601, S9602, and S9603)"
2014,Level 3,RS21,Other Services,Percentage,H41,Liabilities structure,Financial ratios,71,"ANZSIC06 division S (excluding classes S9540, S9601, S9602, and S9603)"
2014,Level 4,RS211,Repair and Maintenance,Dollars (millions),H01,Total income,Financial performance,"4,576","ANZSIC06 groups S941, S942, and S949"
2014,Level 4,RS211,Repair and Maintenance,Dollars (millions),H04,"Sales, government funding, grants and subsidies",Financial performance,"4,551","ANZSIC06 groups S941, S942, and S949"
2014,Level 4,RS211,Repair and Maintenance,Dollars (millions),H05,"Interest, dividends and donations",Financial performance,9,"ANZSIC06 groups S941, S942, and S949"
2014,Level 4,RS211,Repair and Maintenance,Dollars (millions),H07,Non-operating income,Financial performance,17,"ANZSIC06 groups S941, S942, and S949"
2014,Level 4,RS211,Repair and Maintenance,Dollars (millions),H08,Total expenditure,Financial performance,"4,240","ANZSIC06 groups S941, S942, and S949"
2014,Level 4,RS211,Repair and Maintenance,Dollars (millions),H09,Interest and donations,Financial performance,44,"ANZSIC06 groups S941, S942, and S949"
2014,Level 4,RS211,Repair and Maintenance,Dollars (millions),H10,Indirect taxes,Financial performance,21,"ANZSIC06 groups S941, S942, and S949"
2014,Level 4,RS211,Repair and Maintenance,Dollars (millions),H11,Depreciation,Financial performance,88,"ANZSIC06 groups S941, S942, and S949"
2014,Level 4,RS211,Repair and Maintenance,Dollars (millions),H12,Salaries and wages paid,Financial performance,"1,246","ANZSIC06 groups S941, S942, and S949"
2014,Level 4,RS211,Repair and Maintenance,Dollars (millions),H13,Redundancy and severance,Financial performance,0,"ANZSIC06 groups S941, S942, and S949"
2014,Level 4,RS211,Repair and Maintenance,Dollars (millions),H19,Purchases and other operating expenses,Financial performance,"2,829","ANZSIC06 groups S941, S942, and S949"
2014,Level 4,RS211,Repair and Maintenance,Dollars (millions),H20,Non-operating expenses,Financial performance,12,"ANZSIC06 groups S941, S942, and S949"
2014,Level 4,RS211,Repair and Maintenance,Dollars (millions),H21,Opening stocks,Financial performance,251,"ANZSIC06 groups S941, S942, and S949"
2014,Level 4,RS211,Repair and Maintenance,Dollars (millions),H22,Closing stocks,Financial performance,259,"ANZSIC06 groups S941, S942, and S949"
2014,Level 4,RS211,Repair and Maintenance,Dollars (millions),H23,Surplus before income tax,Financial performance,344,"ANZSIC06 groups S941, S942, and S949"
2014,Level 4,RS211,Repair and Maintenance,Dollars (millions),H24,Total assets,Financial position,"2,093","ANZSIC06 groups S941, S942, and S949"
2014,Level 4,RS211,Repair and Maintenance,Dollars (millions),H25,Current assets,Financial position,"1,122","ANZSIC06 groups S941, S942, and S949"
2014,Level 4,RS211,Repair and Maintenance,Dollars (millions),H26,Fixed tangible assets,Financial position,672,"ANZSIC06 groups S941, S942, and S949"
2014,Level 4,RS211,Repair and Maintenance,Dollars (millions),H27,Additions to fixed assets,Financial position,165,"ANZSIC06 groups S941, S942, and S949"
2014,Level 4,RS211,Repair and Maintenance,Dollars (millions),H28,Disposals of fixed assets,Financial position,81,"ANZSIC06 groups S941, S942, and S949"
2014,Level 4,RS211,Repair and Maintenance,Dollars (millions),H29,Other assets,Financial position,298,"ANZSIC06 groups S941, S942, and S949"
2014,Level 4,RS211,Repair and Maintenance,Dollars (millions),H30,Total equity and liabilities,Financial position,"2,093","ANZSIC06 groups S941, S942, and S949"
2014,Level 4,RS211,Repair and Maintenance,Dollars (millions),H31,Shareholders funds or owners equity,Financial position,726,"ANZSIC06 groups S941, S942, and S949"
2014,Level 4,RS211,Repair and Maintenance,Dollars (millions),H32,Current liabilities,Financial position,871,"ANZSIC06 groups S941, S942, and S949"
2014,Level 4,RS211,Repair and Maintenance,Dollars (millions),H33,Other liabilities,Financial position,496,"ANZSIC06 groups S941, S942, and S949"
2014,Level 4,RS211,Repair and Maintenance,Dollars,H34,Total income per employee count,Financial ratios,"184,600","ANZSIC06 groups S941, S942, and S949"
2014,Level 4,RS211,Repair and Maintenance,Dollars,H35,Surplus per employee count,Financial ratios,"13,900","ANZSIC06 groups S941, S942, and S949"
2014,Level 4,RS211,Repair and Maintenance,Percentage,H36,Current ratio,Financial ratios,129,"ANZSIC06 groups S941, S942, and S949"
2014,Level 4,RS211,Repair and Maintenance,Percentage,H37,Quick ratio,Financial ratios,99,"ANZSIC06 groups S941, S942, and S949"
2014,Level 4,RS211,Repair and Maintenance,Percentage,H39,Return on equity,Financial ratios,47,"ANZSIC06 groups S941, S942, and S949"
2014,Level 4,RS211,Repair and Maintenance,Percentage,H40,Return on total assets,Financial ratios,16,"ANZSIC06 groups S941, S942, and S949"
2014,Level 4,RS211,Repair and Maintenance,Percentage,H41,Liabilities structure,Financial ratios,35,"ANZSIC06 groups S941, S942, and S949"
2014,Level 4,RS212,"Personal Care, Funeral and Other Personal Services",Dollars (millions),H01,Total income,Financial performance,"1,722","ANZSIC06 groups S951, S952, and S953"
2014,Level 4,RS212,"Personal Care, Funeral and Other Personal Services",Dollars (millions),H04,"Sales, government funding, grants and subsidies",Financial performance,"1,708","ANZSIC06 groups S951, S952, and S953"
2014,Level 4,RS212,"Personal Care, Funeral and Other Personal Services",Dollars (millions),H05,"Interest, dividends and donations",Financial performance,4,"ANZSIC06 groups S951, S952, and S953"
2014,Level 4,RS212,"Personal Care, Funeral and Other Personal Services",Dollars (millions),H07,Non-operating income,Financial performance,10,"ANZSIC06 groups S951, S952, and S953"
2014,Level 4,RS212,"Personal Care, Funeral and Other Personal Services",Dollars (millions),H08,Total expenditure,Financial performance,"1,551","ANZSIC06 groups S951, S952, and S953"
2014,Level 4,RS212,"Personal Care, Funeral and Other Personal Services",Dollars (millions),H09,Interest and donations,Financial performance,28,"ANZSIC06 groups S951, S952, and S953"
2014,Level 4,RS212,"Personal Care, Funeral and Other Personal Services",Dollars (millions),H10,Indirect taxes,Financial performance,12,"ANZSIC06 groups S951, S952, and S953"
2014,Level 4,RS212,"Personal Care, Funeral and Other Personal Services",Dollars (millions),H11,Depreciation,Financial performance,68,"ANZSIC06 groups S951, S952, and S953"
2014,Level 4,RS212,"Personal Care, Funeral and Other Personal Services",Dollars (millions),H12,Salaries and wages paid,Financial performance,572,"ANZSIC06 groups S951, S952, and S953"
2014,Level 4,RS212,"Personal Care, Funeral and Other Personal Services",Dollars (millions),H13,Redundancy and severance,Financial performance,0,"ANZSIC06 groups S951, S952, and S953"
2014,Level 4,RS212,"Personal Care, Funeral and Other Personal Services",Dollars (millions),H19,Purchases and other operating expenses,Financial performance,861,"ANZSIC06 groups S951, S952, and S953"
2014,Level 4,RS212,"Personal Care, Funeral and Other Personal Services",Dollars (millions),H20,Non-operating expenses,Financial performance,9,"ANZSIC06 groups S951, S952, and S953"
2014,Level 4,RS212,"Personal Care, Funeral and Other Personal Services",Dollars (millions),H21,Opening stocks,Financial performance,50,"ANZSIC06 groups S951, S952, and S953"
2014,Level 4,RS212,"Personal Care, Funeral and Other Personal Services",Dollars (millions),H22,Closing stocks,Financial performance,48,"ANZSIC06 groups S951, S952, and S953"
2014,Level 4,RS212,"Personal Care, Funeral and Other Personal Services",Dollars (millions),H23,Surplus before income tax,Financial performance,170,"ANZSIC06 groups S951, S952, and S953"
2014,Level 4,RS212,"Personal Care, Funeral and Other Personal Services",Dollars (millions),H24,Total assets,Financial position,"1,231","ANZSIC06 groups S951, S952, and S953"
2014,Level 4,RS212,"Personal Care, Funeral and Other Personal Services",Dollars (millions),H25,Current assets,Financial position,361,"ANZSIC06 groups S951, S952, and S953"
2014,Level 4,RS212,"Personal Care, Funeral and Other Personal Services",Dollars (millions),H26,Fixed tangible assets,Financial position,560,"ANZSIC06 groups S951, S952, and S953"
2014,Level 4,RS212,"Personal Care, Funeral and Other Personal Services",Dollars (millions),H27,Additions to fixed assets,Financial position,138,"ANZSIC06 groups S951, S952, and S953"
2014,Level 4,RS212,"Personal Care, Funeral and Other Personal Services",Dollars (millions),H28,Disposals of fixed assets,Financial position,73,"ANZSIC06 groups S951, S952, and S953"
