Year,Industry_aggregation_NZSIOC,Industry_code_NZSIOC,Industry_name_NZSIOC,Units,Variable_code,Variable_name,Variable_category,Value,Industry_code_ANZSIC06
2020,Level 4,KK111,Banking and Financing,Dollars (millions),H14,Salaries and wages to self employed commission agents,Financial performance,C,"ANZSIC06 groups K621, K622, and K623"
2020,Level 4,KK111,Banking and Financing,Dollars (millions),H19,Purchases and other operating expenses,Financial performance,"3,395","ANZSIC06 groups K621, K622, and K623"
2020,Level 4,KK111,Banking and Financing,Dollars (millions),H20,Non-operating expenses,Financial performance,"2,609","ANZSIC06 groups K621, K622, and K623"
2020,Level 4,KK111,Banking and Financing,Dollars (millions),H21,Opening stocks,Financial performance,5,"ANZSIC06 groups K621, K622, and K623"
2020,Level 4,KK111,Banking and Financing,Dollars (millions),H22,Closing stocks,Financial performance,3,"ANZSIC06 groups K621, K622, and K623"
2020,Level 4,KK111,Banking and Financing,Dollars (millions),H23,Surplus before income tax,Financial performance,"7,340","ANZSIC06 groups K621, K622, and K623"
2020,Level 4,KK111,Banking and Financing,Dollars (millions),H24,Total assets,Financial position,"866,839","ANZSIC06 groups K621, K622, and K623"
2020,Level 4,KK111,Banking and Financing,Dollars (millions),H25,Current assets,Financial position,"258,672","ANZSIC06 groups K621, K622, and K623"
2020,Level 4,KK111,Banking and Financing,Dollars (millions),H26,Fixed tangible assets,Financial position,989,"ANZSIC06 groups K621, K622, and K623"
2020,Level 4,KK111,Banking and Financing,Dollars (millions),H27,Additions to fixed assets,Financial position,296,"ANZSIC06 groups K621, K622, and K623"
2020,Level 4,KK111,Banking and Financing,Dollars (millions),H28,Disposals of fixed assets,Financial position,50,"ANZSIC06 groups K621, K622, and K623"
2020,Level 4,KK111,Banking and Financing,Dollars (millions),H29,Other assets,Financial position,"607,178","ANZSIC06 groups K621, K622, and K623"
2020,Level 4,KK111,Banking and Financing,Dollars (millions),H30,Total equity and liabilities,Financial position,"866,839","ANZSIC06 groups K621, K622, and K623"
2020,Level 4,KK111,Banking and Financing,Dollars (millions),H31,Shareholders funds or owners equity,Financial position,"58,650","ANZSIC06 groups K621, K622, and K623"
2020,Level 4,KK111,Banking and Financing,Dollars (millions),H32,Current liabilities,Financial position,"504,439","ANZSIC06 groups K621, K622, and K623"
2020,Level 4,KK111,Banking and Financing,Dollars (millions),H33,Other liabilities,Financial position,"303,750","ANZSIC06 groups K621, K622, and K623"
2020,Level 4,KK111,Banking and Financing,Dollars,H34,Total income per employee count,Financial ratios,"998,500","ANZSIC06 groups K621, K622, and K623"
2020,Level 4,KK111,Banking and Financing,Dollars,H35,Surplus per employee count,Financial ratios,"233,000","ANZSIC06 groups K621, K622, and K623"
2020,Level 4,KK111,Banking and Financing,Percentage,H36,Current ratio,Financial ratios,51,"ANZSIC06 groups K621, K622, and K623"
2020,Level 4,KK111,Banking and Financing,Percentage,H37,Quick ratio,Financial ratios,51,"ANZSIC06 groups K621, K622, and K623"
2020,Level 4,KK111,Banking and Financing,Percentage,H39,Return on equity,Financial ratios,13,"ANZSIC06 groups K621, K622, and K623"
2020,Level 4,KK111,Banking and Financing,Percentage,H40,Return on total assets,Financial ratios,1,"ANZSIC06 groups K621, K622, and K623"
2020,Level 4,KK111,Banking and Financing,Percentage,H41,Liabilities structure,Financial ratios,7,"ANZSIC06 groups K621, K622, and K623"
2020,Level 4,KK112,Financial Asset Investing,Dollars (millions),H01,Total income,Financial performance,"22,980",ANZSIC06 group K624
2020,Level 4,KK112,Financial Asset Investing,Dollars (millions),H04,Sales of goods and services,Financial performance,"2,466",ANZSIC06 group K624
2020,Level 4,KK112,Financial Asset Investing,Dollars (millions),H05,"Interest, dividends and donations",Financial performance,"16,095",ANZSIC06 group K624
2020,Level 4,KK112,Financial Asset Investing,Dollars (millions),H06,"Government funding, grants and subsidies",Financial performance,18,ANZSIC06 group K624
2020,Level 4,KK112,Financial Asset Investing,Dollars (millions),H07,Non-operating income,Financial performance,"4,401",ANZSIC06 group K624
2020,Level 4,KK112,Financial Asset Investing,Dollars (millions),H08,Total expenditure,Financial performance,"10,128",ANZSIC06 group K624
2020,Level 4,KK112,Financial Asset Investing,Dollars (millions),H09,Interest and donations,Financial performance,"3,740",ANZSIC06 group K624
2020,Level 4,KK112,Financial Asset Investing,Dollars (millions),H10,Indirect taxes,Financial performance,49,ANZSIC06 group K624
2020,Level 4,KK112,Financial Asset Investing,Dollars (millions),H11,Depreciation,Financial performance,147,ANZSIC06 group K624
2020,Level 4,KK112,Financial Asset Investing,Dollars (millions),H12,Salaries and wages paid,Financial performance,419,ANZSIC06 group K624
2020,Level 4,KK112,Financial Asset Investing,Dollars (millions),H13,Redundancy and severance,Financial performance,1,ANZSIC06 group K624
2020,Level 4,KK112,Financial Asset Investing,Dollars (millions),H14,Salaries and wages to self employed commission agents,Financial performance,2,ANZSIC06 group K624
2020,Level 4,KK112,Financial Asset Investing,Dollars (millions),H19,Purchases and other operating expenses,Financial performance,"2,456",ANZSIC06 group K624
2020,Level 4,KK112,Financial Asset Investing,Dollars (millions),H20,Non-operating expenses,Financial performance,"3,315",ANZSIC06 group K624
2020,Level 4,KK112,Financial Asset Investing,Dollars (millions),H21,Opening stocks,Financial performance,125,ANZSIC06 group K624
2020,Level 4,KK112,Financial Asset Investing,Dollars (millions),H22,Closing stocks,Financial performance,110,ANZSIC06 group K624
2020,Level 4,KK112,Financial Asset Investing,Dollars (millions),H23,Surplus before income tax,Financial performance,"12,837",ANZSIC06 group K624
2020,Level 4,KK112,Financial Asset Investing,Dollars (millions),H24,Total assets,Financial position,"401,719",ANZSIC06 group K624
2020,Level 4,KK112,Financial Asset Investing,Dollars (millions),H25,Current assets,Financial position,"85,412",ANZSIC06 group K624
2020,Level 4,KK112,Financial Asset Investing,Dollars (millions),H26,Fixed tangible assets,Financial position,"23,845",ANZSIC06 group K624
2020,Level 4,KK112,Financial Asset Investing,Dollars (millions),H27,Additions to fixed assets,Financial position,"4,916",ANZSIC06 group K624
2020,Level 4,KK112,Financial Asset Investing,Dollars (millions),H28,Disposals of fixed assets,Financial position,"2,233",ANZSIC06 group K624
2020,Level 4,KK112,Financial Asset Investing,Dollars (millions),H29,Other assets,Financial position,"292,463",ANZSIC06 group K624
2020,Level 4,KK112,Financial Asset Investing,Dollars (millions),H30,Total equity and liabilities,Financial position,"401,719",ANZSIC06 group K624
2020,Level 4,KK112,Financial Asset Investing,Dollars (millions),H31,Shareholders funds or owners equity,Financial position,"232,747",ANZSIC06 group K624
2020,Level 4,KK112,Financial Asset Investing,Dollars (millions),H32,Current liabilities,Financial position,"63,366",ANZSIC06 group K624
2020,Level 4,KK112,Financial Asset Investing,Dollars (millions),H33,Other liabilities,Financial position,"105,606",ANZSIC06 group K624
2020,Level 4,KK112,Financial Asset Investing,Dollars,H34,Total income per employee count,Financial ratios,"5,302,700",ANZSIC06 group K624
2020,Level 4,KK112,Financial Asset Investing,Dollars,H35,Surplus per employee count,Financial ratios,"2,962,200",ANZSIC06 group K624
2020,Level 4,KK112,Financial Asset Investing,Percentage,H36,Current ratio,Financial ratios,135,ANZSIC06 group K624
2020,Level 4,KK112,Financial Asset Investing,Percentage,H37,Quick ratio,Financial ratios,135,ANZSIC06 group K624
2020,Level 4,KK112,Financial Asset Investing,Percentage,H39,Return on equity,Financial ratios,6,ANZSIC06 group K624
2020,Level 4,KK112,Financial Asset Investing,Percentage,H40,Return on total assets,Financial ratios,3,ANZSIC06 group K624
2020,Level 4,KK112,Financial Asset Investing,Percentage,H41,Liabilities structure,Financial ratios,58,ANZSIC06 group K624
2020,Level 3,KK12,Insurance,Dollars (millions),H01,Total income,Financial performance,"11,178",ANZSIC06 groups K631 and K632
2020,Level 3,KK12,Insurance,Dollars (millions),H04,Sales of goods and services,Financial performance,"9,528",ANZSIC06 groups K631 and K632
2020,Level 3,KK12,Insurance,Dollars (millions),H05,"Interest, dividends and donations",Financial performance,422,ANZSIC06 groups K631 and K632
2020,Level 3,KK12,Insurance,Dollars (millions),H06,"Government funding, grants and subsidies",Financial performance,1,ANZSIC06 groups K631 and K632
2020,Level 3,KK12,Insurance,Dollars (millions),H07,Non-operating income,Financial performance,"1,227",ANZSIC06 groups K631 and K632
2020,Level 3,KK12,Insurance,Dollars (millions),H08,Total expenditure,Financial performance,"9,782",ANZSIC06 groups K631 and K632
2020,Level 3,KK12,Insurance,Dollars (millions),H09,Interest and donations,Financial performance,15,ANZSIC06 groups K631 and K632
2020,Level 3,KK12,Insurance,Dollars (millions),H10,Indirect taxes,Financial performance,10,ANZSIC06 groups K631 and K632
2020,Level 3,KK12,Insurance,Dollars (millions),H11,Depreciation,Financial performance,131,ANZSIC06 groups K631 and K632
2020,Level 3,KK12,Insurance,Dollars (millions),H12,Salaries and wages paid,Financial performance,876,ANZSIC06 groups K631 and K632
2020,Level 3,KK12,Insurance,Dollars (millions),H13,Redundancy and severance,Financial performance,16,ANZSIC06 groups K631 and K632
2020,Level 3,KK12,Insurance,Dollars (millions),H14,Salaries and wages to self employed commission agents,Financial performance,404,ANZSIC06 groups K631 and K632
2020,Level 3,KK12,Insurance,Dollars (millions),H19,Purchases and other operating expenses,Financial performance,"7,433",ANZSIC06 groups K631 and K632
2020,Level 3,KK12,Insurance,Dollars (millions),H20,Non-operating expenses,Financial performance,913,ANZSIC06 groups K631 and K632
2020,Level 3,KK12,Insurance,Dollars (millions),H21,Opening stocks,Financial performance,0,ANZSIC06 groups K631 and K632
2020,Level 3,KK12,Insurance,Dollars (millions),H22,Closing stocks,Financial performance,0,ANZSIC06 groups K631 and K632
2020,Level 3,KK12,Insurance,Dollars (millions),H23,Surplus before income tax,Financial performance,"1,395",ANZSIC06 groups K631 and K632
2020,Level 3,KK12,Insurance,Dollars (millions),H24,Total assets,Financial position,"31,544",ANZSIC06 groups K631 and K632
2020,Level 3,KK12,Insurance,Dollars (millions),H30,Total equity and liabilities,Financial position,"31,544",ANZSIC06 groups K631 and K632
2020,Level 3,KK12,Insurance,Dollars (millions),H31,Shareholders funds or owners equity,Financial position,"8,541",ANZSIC06 groups K631 and K632
2020,Level 3,KK12,Insurance,Dollars,H34,Total income per employee count,Financial ratios,"1,332,100",ANZSIC06 groups K631 and K632
2020,Level 3,KK12,Insurance,Dollars,H35,Surplus per employee count,Financial ratios,"166,300",ANZSIC06 groups K631 and K632
2020,Level 3,KK12,Insurance,Percentage,H39,Return on equity,Financial ratios,16,ANZSIC06 groups K631 and K632
2020,Level 3,KK12,Insurance,Percentage,H40,Return on total assets,Financial ratios,4,ANZSIC06 groups K631 and K632
2020,Level 3,KK12,Insurance,Percentage,H41,Liabilities structure,Financial ratios,27,ANZSIC06 groups K631 and K632
2020,Level 4,KK121,Life Insurance,Dollars (millions),H01,Total income,Financial performance,"3,838",ANZSIC06 group K631
2020,Level 4,KK121,Life Insurance,Dollars (millions),H04,Sales of goods and services,Financial performance,"2,453",ANZSIC06 group K631
2020,Level 4,KK121,Life Insurance,Dollars (millions),H05,"Interest, dividends and donations",Financial performance,226,ANZSIC06 group K631
2020,Level 4,KK121,Life Insurance,Dollars (millions),H06,"Government funding, grants and subsidies",Financial performance,0,ANZSIC06 group K631
2020,Level 4,KK121,Life Insurance,Dollars (millions),H07,Non-operating income,Financial performance,"1,159",ANZSIC06 group K631
2020,Level 4,KK121,Life Insurance,Dollars (millions),H08,Total expenditure,Financial performance,"3,337",ANZSIC06 group K631
2020,Level 4,KK121,Life Insurance,Dollars (millions),H09,Interest and donations,Financial performance,4,ANZSIC06 group K631
2020,Level 4,KK121,Life Insurance,Dollars (millions),H10,Indirect taxes,Financial performance,1,ANZSIC06 group K631
2020,Level 4,KK121,Life Insurance,Dollars (millions),H11,Depreciation,Financial performance,24,ANZSIC06 group K631
2020,Level 4,KK121,Life Insurance,Dollars (millions),H12,Salaries and wages paid,Financial performance,117,ANZSIC06 group K631
2020,Level 4,KK121,Life Insurance,Dollars (millions),H13,Redundancy and severance,Financial performance,C,ANZSIC06 group K631
2020,Level 4,KK121,Life Insurance,Dollars (millions),H14,Salaries and wages to self employed commission agents,Financial performance,282,ANZSIC06 group K631
2020,Level 4,KK121,Life Insurance,Dollars (millions),H19,Purchases and other operating expenses,Financial performance,"2,049",ANZSIC06 group K631
2020,Level 4,KK121,Life Insurance,Dollars (millions),H20,Non-operating expenses,Financial performance,860,ANZSIC06 group K631
2020,Level 4,KK121,Life Insurance,Dollars (millions),H21,Opening stocks,Financial performance,0,ANZSIC06 group K631
2020,Level 4,KK121,Life Insurance,Dollars (millions),H22,Closing stocks,Financial performance,0,ANZSIC06 group K631
2020,Level 4,KK121,Life Insurance,Dollars (millions),H23,Surplus before income tax,Financial performance,501,ANZSIC06 group K631
2020,Level 4,KK121,Life Insurance,Dollars (millions),H24,Total assets,Financial position,"16,859",ANZSIC06 group K631
2020,Level 4,KK121,Life Insurance,Dollars (millions),H30,Total equity and liabilities,Financial position,"16,859",ANZSIC06 group K631
2020,Level 4,KK121,Life Insurance,Dollars (millions),H31,Shareholders funds or owners equity,Financial position,"4,335",ANZSIC06 group K631
2020,Level 4,KK121,Life Insurance,Dollars,H34,Total income per employee count,Financial ratios,"3,682,100",ANZSIC06 group K631
2020,Level 4,KK121,Life Insurance,Dollars,H35,Surplus per employee count,Financial ratios,"480,200",ANZSIC06 group K631
2020,Level 4,KK121,Life Insurance,Percentage,H39,Return on equity,Financial ratios,12,ANZSIC06 group K631
2020,Level 4,KK121,Life Insurance,Percentage,H40,Return on total assets,Financial ratios,3,ANZSIC06 group K631
2020,Level 4,KK121,Life Insurance,Percentage,H41,Liabilities structure,Financial ratios,26,ANZSIC06 group K631
2020,Level 4,KK122,Health and General Insurance,Dollars (millions),H01,Total income,Financial performance,"7,340",ANZSIC06 group K632
2020,Level 4,KK122,Health and General Insurance,Dollars (millions),H04,Sales of goods and services,Financial performance,"7,075",ANZSIC06 group K632
2020,Level 4,KK122,Health and General Insurance,Dollars (millions),H05,"Interest, dividends and donations",Financial performance,196,ANZSIC06 group K632
2020,Level 4,KK122,Health and General Insurance,Dollars (millions),H06,"Government funding, grants and subsidies",Financial performance,1,ANZSIC06 group K632
2020,Level 4,KK122,Health and General Insurance,Dollars (millions),H07,Non-operating income,Financial performance,68,ANZSIC06 group K632
2020,Level 4,KK122,Health and General Insurance,Dollars (millions),H08,Total expenditure,Financial performance,"6,445",ANZSIC06 group K632
2020,Level 4,KK122,Health and General Insurance,Dollars (millions),H09,Interest and donations,Financial performance,11,ANZSIC06 group K632
2020,Level 4,KK122,Health and General Insurance,Dollars (millions),H10,Indirect taxes,Financial performance,9,ANZSIC06 group K632
2020,Level 4,KK122,Health and General Insurance,Dollars (millions),H11,Depreciation,Financial performance,108,ANZSIC06 group K632
2020,Level 4,KK122,Health and General Insurance,Dollars (millions),H12,Salaries and wages paid,Financial performance,758,ANZSIC06 group K632
2020,Level 4,KK122,Health and General Insurance,Dollars (millions),H13,Redundancy and severance,Financial performance,C,ANZSIC06 group K632
2020,Level 4,KK122,Health and General Insurance,Dollars (millions),H14,Salaries and wages to self employed commission agents,Financial performance,122,ANZSIC06 group K632
2020,Level 4,KK122,Health and General Insurance,Dollars (millions),H19,Purchases and other operating expenses,Financial performance,"5,384",ANZSIC06 group K632
2020,Level 4,KK122,Health and General Insurance,Dollars (millions),H20,Non-operating expenses,Financial performance,53,ANZSIC06 group K632
2020,Level 4,KK122,Health and General Insurance,Dollars (millions),H21,Opening stocks,Financial performance,0,ANZSIC06 group K632
2020,Level 4,KK122,Health and General Insurance,Dollars (millions),H22,Closing stocks,Financial performance,0,ANZSIC06 group K632
2020,Level 4,KK122,Health and General Insurance,Dollars (millions),H23,Surplus before income tax,Financial performance,895,ANZSIC06 group K632
2020,Level 4,KK122,Health and General Insurance,Dollars (millions),H24,Total assets,Financial position,"14,685",ANZSIC06 group K632
2020,Level 4,KK122,Health and General Insurance,Dollars (millions),H30,Total equity and liabilities,Financial position,"14,685",ANZSIC06 group K632
2020,Level 4,KK122,Health and General Insurance,Dollars (millions),H31,Shareholders funds or owners equity,Financial position,"4,205",ANZSIC06 group K632
2020,Level 4,KK122,Health and General Insurance,Dollars,H34,Total income per employee count,Financial ratios,"998,800",ANZSIC06 group K632
2020,Level 4,KK122,Health and General Insurance,Dollars,H35,Surplus per employee count,Financial ratios,"121,800",ANZSIC06 group K632
2020,Level 4,KK122,Health and General Insurance,Percentage,H39,Return on equity,Financial ratios,21,ANZSIC06 group K632
2020,Level 4,KK122,Health and General Insurance,Percentage,H40,Return on total assets,Financial ratios,6,ANZSIC06 group K632
2020,Level 4,KK122,Health and General Insurance,Percentage,H41,Liabilities structure,Financial ratios,29,ANZSIC06 group K632
2020,Level 3,KK13,Auxiliary Finance and Insurance Services,Dollars (millions),H01,Total income,Financial performance,"7,221",ANZSIC06 groups K641 and K642
2020,Level 3,KK13,Auxiliary Finance and Insurance Services,Dollars (millions),H04,Sales of goods and services,Financial performance,"6,687",ANZSIC06 groups K641 and K642
2020,Level 3,KK13,Auxiliary Finance and Insurance Services,Dollars (millions),H05,"Interest, dividends and donations",Financial performance,325,ANZSIC06 groups K641 and K642
2020,Level 3,KK13,Auxiliary Finance and Insurance Services,Dollars (millions),H06,"Government funding, grants and subsidies",Financial performance,14,ANZSIC06 groups K641 and K642
2020,Level 3,KK13,Auxiliary Finance and Insurance Services,Dollars (millions),H07,Non-operating income,Financial performance,194,ANZSIC06 groups K641 and K642
2020,Level 3,KK13,Auxiliary Finance and Insurance Services,Dollars (millions),H08,Total expenditure,Financial performance,"5,832",ANZSIC06 groups K641 and K642
2020,Level 3,KK13,Auxiliary Finance and Insurance Services,Dollars (millions),H09,Interest and donations,Financial performance,146,ANZSIC06 groups K641 and K642
2020,Level 3,KK13,Auxiliary Finance and Insurance Services,Dollars (millions),H10,Indirect taxes,Financial performance,C,ANZSIC06 groups K641 and K642
2020,Level 3,KK13,Auxiliary Finance and Insurance Services,Dollars (millions),H11,Depreciation,Financial performance,223,ANZSIC06 groups K641 and K642
2020,Level 3,KK13,Auxiliary Finance and Insurance Services,Dollars (millions),H12,Salaries and wages paid,Financial performance,"2,319",ANZSIC06 groups K641 and K642
2020,Level 3,KK13,Auxiliary Finance and Insurance Services,Dollars (millions),H13,Redundancy and severance,Financial performance,6,ANZSIC06 groups K641 and K642
2020,Level 3,KK13,Auxiliary Finance and Insurance Services,Dollars (millions),H14,Salaries and wages to self employed commission agents,Financial performance,C,ANZSIC06 groups K641 and K642
2020,Level 3,KK13,Auxiliary Finance and Insurance Services,Dollars (millions),H19,Purchases and other operating expenses,Financial performance,"2,942",ANZSIC06 groups K641 and K642
2020,Level 3,KK13,Auxiliary Finance and Insurance Services,Dollars (millions),H20,Non-operating expenses,Financial performance,164,ANZSIC06 groups K641 and K642
2020,Level 3,KK13,Auxiliary Finance and Insurance Services,Dollars (millions),H21,Opening stocks,Financial performance,53,ANZSIC06 groups K641 and K642
2020,Level 3,KK13,Auxiliary Finance and Insurance Services,Dollars (millions),H22,Closing stocks,Financial performance,50,ANZSIC06 groups K641 and K642
2020,Level 3,KK13,Auxiliary Finance and Insurance Services,Dollars (millions),H23,Surplus before income tax,Financial performance,"1,386",ANZSIC06 groups K641 and K642
2020,Level 3,KK13,Auxiliary Finance and Insurance Services,Dollars (millions),H24,Total assets,Financial position,"15,069",ANZSIC06 groups K641 and K642
2020,Level 3,KK13,Auxiliary Finance and Insurance Services,Dollars (millions),H30,Total equity and liabilities,Financial position,"15,069",ANZSIC06 groups K641 and K642
2020,Level 3,KK13,Auxiliary Finance and Insurance Services,Dollars (millions),H31,Shareholders funds or owners equity,Financial position,"5,101",ANZSIC06 groups K641 and K642
2020,Level 3,KK13,Auxiliary Finance and Insurance Services,Dollars,H34,Total income per employee count,Financial ratios,"403,600",ANZSIC06 groups K641 and K642
2020,Level 3,KK13,Auxiliary Finance and Insurance Services,Dollars,H35,Surplus per employee count,Financial ratios,"77,400",ANZSIC06 groups K641 and K642
2020,Level 3,KK13,Auxiliary Finance and Insurance Services,Percentage,H39,Return on equity,Financial ratios,27,ANZSIC06 groups K641 and K642
2020,Level 3,KK13,Auxiliary Finance and Insurance Services,Percentage,H40,Return on total assets,Financial ratios,9,ANZSIC06 groups K641 and K642
2020,Level 3,KK13,Auxiliary Finance and Insurance Services,Percentage,H41,Liabilities structure,Financial ratios,34,ANZSIC06 groups K641 and K642
2020,Level 4,KK131,Auxiliary Finance and Insurance Services,Dollars (millions),H01,Total income,Financial performance,"7,221",ANZSIC06 groups K641 and K642
2020,Level 4,KK131,Auxiliary Finance and Insurance Services,Dollars (millions),H04,Sales of goods and services,Financial performance,"6,687",ANZSIC06 groups K641 and K642
2020,Level 4,KK131,Auxiliary Finance and Insurance Services,Dollars (millions),H05,"Interest, dividends and donations",Financial performance,325,ANZSIC06 groups K641 and K642
2020,Level 4,KK131,Auxiliary Finance and Insurance Services,Dollars (millions),H06,"Government funding, grants and subsidies",Financial performance,14,ANZSIC06 groups K641 and K642
2020,Level 4,KK131,Auxiliary Finance and Insurance Services,Dollars (millions),H07,Non-operating income,Financial performance,194,ANZSIC06 groups K641 and K642
2020,Level 4,KK131,Auxiliary Finance and Insurance Services,Dollars (millions),H08,Total expenditure,Financial performance,"5,832",ANZSIC06 groups K641 and K642
2020,Level 4,KK131,Auxiliary Finance and Insurance Services,Dollars (millions),H09,Interest and donations,Financial performance,146,ANZSIC06 groups K641 and K642
2020,Level 4,KK131,Auxiliary Finance and Insurance Services,Dollars (millions),H10,Indirect taxes,Financial performance,C,ANZSIC06 groups K641 and K642
2020,Level 4,KK131,Auxiliary Finance and Insurance Services,Dollars (millions),H11,Depreciation,Financial performance,223,ANZSIC06 groups K641 and K642
2020,Level 4,KK131,Auxiliary Finance and Insurance Services,Dollars (millions),H12,Salaries and wages paid,Financial performance,"2,319",ANZSIC06 groups K641 and K642
2020,Level 4,KK131,Auxiliary Finance and Insurance Services,Dollars (millions),H13,Redundancy and severance,Financial performance,6,ANZSIC06 groups K641 and K642
2020,Level 4,KK131,Auxiliary Finance and Insurance Services,Dollars (millions),H14,Salaries and wages to self employed commission agents,Financial performance,C,ANZSIC06 groups K641 and K642
2020,Level 4,KK131,Auxiliary Finance and Insurance Services,Dollars (millions),H19,Purchases and other operating expenses,Financial performance,"2,942",ANZSIC06 groups K641 and K642
2020,Level 4,KK131,Auxiliary Finance and Insurance Services,Dollars (millions),H20,Non-operating expenses,Financial performance,164,ANZSIC06 groups K641 and K642
2020,Level 4,KK131,Auxiliary Finance and Insurance Services,Dollars (millions),H21,Opening stocks,Financial performance,53,ANZSIC06 groups K641 and K642
2020,Level 4,KK131,Auxiliary Finance and Insurance Services,Dollars (millions),H22,Closing stocks,Financial performance,50,ANZSIC06 groups K641 and K642
2020,Level 4,KK131,Auxiliary Finance and Insurance Services,Dollars (millions),H23,Surplus before income tax,Financial performance,"1,386",ANZSIC06 groups K641 and K642
2020,Level 4,KK131,Auxiliary Finance and Insurance Services,Dollars (millions),H24,Total assets,Financial position,"15,069",ANZSIC06 groups K641 and K642
2020,Level 4,KK131,Auxiliary Finance and Insurance Services,Dollars (millions),H30,Total equity and liabilities,Financial position,"15,069",ANZSIC06 groups K641 and K642
2020,Level 4,KK131,Auxiliary Finance and Insurance Services,Dollars (millions),H31,Shareholders funds or owners equity,Financial position,"5,101",ANZSIC06 groups K641 and K642
2020,Level 4,KK131,Auxiliary Finance and Insurance Services,Dollars,H34,Total income per employee count,Financial ratios,"403,600",ANZSIC06 groups K641 and K642
2020,Level 4,KK131,Auxiliary Finance and Insurance Services,Dollars,H35,Surplus per employee count,Financial ratios,"77,400",ANZSIC06 groups K641 and K642
2020,Level 4,KK131,Auxiliary Finance and Insurance Services,Percentage,H39,Return on equity,Financial ratios,27,ANZSIC06 groups K641 and K642
2020,Level 4,KK131,Auxiliary Finance and Insurance Services,Percentage,H40,Return on total assets,Financial ratios,9,ANZSIC06 groups K641 and K642
2020,Level 4,KK131,Auxiliary Finance and Insurance Services,Percentage,H41,Liabilities structure,Financial ratios,34,ANZSIC06 groups K641 and K642
2020,Level 1,LL,"Rental, Hiring and Real Estate Services",Dollars (millions),H01,Total income,Financial performance,"35,866",ANZSIC06 division L
2020,Level 1,LL,"Rental, Hiring and Real Estate Services",Dollars (millions),H04,Sales of goods and services,Financial performance,"30,262",ANZSIC06 division L
2020,Level 1,LL,"Rental, Hiring and Real Estate Services",Dollars (millions),H05,"Interest, dividends and donations",Financial performance,"1,553",ANZSIC06 division L
2020,Level 1,LL,"Rental, Hiring and Real Estate Services",Dollars (millions),H06,"Government funding, grants and subsidies",Financial performance,43,ANZSIC06 division L
2020,Level 1,LL,"Rental, Hiring and Real Estate Services",Dollars (millions),H07,Non-operating income,Financial performance,"4,008",ANZSIC06 division L
2020,Level 1,LL,"Rental, Hiring and Real Estate Services",Dollars (millions),H08,Total expenditure,Financial performance,"24,554",ANZSIC06 division L
2020,Level 1,LL,"Rental, Hiring and Real Estate Services",Dollars (millions),H09,Interest and donations,Financial performance,"4,153",ANZSIC06 division L
2020,Level 1,LL,"Rental, Hiring and Real Estate Services",Dollars (millions),H10,Indirect taxes,Financial performance,810,ANZSIC06 division L
2020,Level 1,LL,"Rental, Hiring and Real Estate Services",Dollars (millions),H11,Depreciation,Financial performance,"2,817",ANZSIC06 division L
2020,Level 1,LL,"Rental, Hiring and Real Estate Services",Dollars (millions),H12,Salaries and wages paid,Financial performance,"2,763",ANZSIC06 division L
2020,Level 1,LL,"Rental, Hiring and Real Estate Services",Dollars (millions),H13,Redundancy and severance,Financial performance,5,ANZSIC06 division L
2020,Level 1,LL,"Rental, Hiring and Real Estate Services",Dollars (millions),H14,Salaries and wages to self employed commission agents,Financial performance,"1,198",ANZSIC06 division L
2020,Level 1,LL,"Rental, Hiring and Real Estate Services",Dollars (millions),H19,Purchases and other operating expenses,Financial performance,"11,253",ANZSIC06 division L
2020,Level 1,LL,"Rental, Hiring and Real Estate Services",Dollars (millions),H20,Non-operating expenses,Financial performance,"1,561",ANZSIC06 division L
2020,Level 1,LL,"Rental, Hiring and Real Estate Services",Dollars (millions),H21,Opening stocks,Financial performance,"3,350",ANZSIC06 division L
2020,Level 1,LL,"Rental, Hiring and Real Estate Services",Dollars (millions),H22,Closing stocks,Financial performance,"3,526",ANZSIC06 division L
2020,Level 1,LL,"Rental, Hiring and Real Estate Services",Dollars (millions),H23,Surplus before income tax,Financial performance,"11,489",ANZSIC06 division L
2020,Level 1,LL,"Rental, Hiring and Real Estate Services",Dollars (millions),H24,Total assets,Financial position,"301,105",ANZSIC06 division L
