Year,Industry_aggregation_NZSIOC,Industry_code_NZSIOC,Industry_name_NZSIOC,Units,Variable_code,Variable_name,Variable_category,Value,Industry_code_ANZSIC06
2019,Level 4,AA131,Dairy Cattle Farming,Dollars (millions),H29,Other assets,Financial position,"10,926",ANZSIC06 group A016
2019,Level 4,AA131,Dairy Cattle Farming,Dollars (millions),H30,Total equity and liabilities,Financial position,"65,924",ANZSIC06 group A016
2019,Level 4,AA131,Dairy Cattle Farming,Dollars (millions),H31,Shareholders funds or owners equity,Financial position,"21,877",ANZSIC06 group A016
2019,Level 4,AA131,Dairy Cattle Farming,Dollars (millions),H32,Current liabilities,Financial position,"11,350",ANZSIC06 group A016
2019,Level 4,AA131,Dairy Cattle Farming,Dollars (millions),H33,Other liabilities,Financial position,"32,697",ANZSIC06 group A016
2019,Level 4,AA131,Dairy Cattle Farming,Dollars,H34,Total income per employee count,Financial ratios,"534,300",ANZSIC06 group A016
2019,Level 4,AA131,Dairy Cattle Farming,Dollars,H35,Surplus per employee count,Financial ratios,"59,100",ANZSIC06 group A016
2019,Level 4,AA131,Dairy Cattle Farming,Percentage,H36,Current ratio,Financial ratios,105,ANZSIC06 group A016
2019,Level 4,AA131,Dairy Cattle Farming,Percentage,H37,Quick ratio,Financial ratios,49,ANZSIC06 group A016
2019,Level 4,AA131,Dairy Cattle Farming,Percentage,H39,Return on equity,Financial ratios,7,ANZSIC06 group A016
2019,Level 4,AA131,Dairy Cattle Farming,Percentage,H40,Return on total assets,Financial ratios,2,ANZSIC06 group A016
2019,Level 4,AA131,Dairy Cattle Farming,Percentage,H41,Liabilities structure,Financial ratios,33,ANZSIC06 group A016
2019,Level 3,AA14,"Poultry, Deer and Other Livestock Farming",Dollars (millions),H01,Total income,Financial performance,"2,170","ANZSIC06 groups A017, A018, and A019"
2019,Level 3,AA14,"Poultry, Deer and Other Livestock Farming",Dollars (millions),H04,"Sales, government funding, grants and subsidies",Financial performance,"2,113","ANZSIC06 groups A017, A018, and A019"
2019,Level 3,AA14,"Poultry, Deer and Other Livestock Farming",Dollars (millions),H05,"Interest, dividends and donations",Financial performance,22,"ANZSIC06 groups A017, A018, and A019"
2019,Level 3,AA14,"Poultry, Deer and Other Livestock Farming",Dollars (millions),H07,Non-operating income,Financial performance,35,"ANZSIC06 groups A017, A018, and A019"
2019,Level 3,AA14,"Poultry, Deer and Other Livestock Farming",Dollars (millions),H08,Total expenditure,Financial performance,"2,027","ANZSIC06 groups A017, A018, and A019"
2019,Level 3,AA14,"Poultry, Deer and Other Livestock Farming",Dollars (millions),H09,Interest and donations,Financial performance,101,"ANZSIC06 groups A017, A018, and A019"
2019,Level 3,AA14,"Poultry, Deer and Other Livestock Farming",Dollars (millions),H10,Indirect taxes,Financial performance,15,"ANZSIC06 groups A017, A018, and A019"
2019,Level 3,AA14,"Poultry, Deer and Other Livestock Farming",Dollars (millions),H11,Depreciation,Financial performance,112,"ANZSIC06 groups A017, A018, and A019"
2019,Level 3,AA14,"Poultry, Deer and Other Livestock Farming",Dollars (millions),H12,Salaries and wages paid,Financial performance,294,"ANZSIC06 groups A017, A018, and A019"
2019,Level 3,AA14,"Poultry, Deer and Other Livestock Farming",Dollars (millions),H13,Redundancy and severance,Financial performance,0,"ANZSIC06 groups A017, A018, and A019"
2019,Level 3,AA14,"Poultry, Deer and Other Livestock Farming",Dollars (millions),H19,Purchases and other operating expenses,Financial performance,"1,497","ANZSIC06 groups A017, A018, and A019"
2019,Level 3,AA14,"Poultry, Deer and Other Livestock Farming",Dollars (millions),H20,Non-operating expenses,Financial performance,7,"ANZSIC06 groups A017, A018, and A019"
2019,Level 3,AA14,"Poultry, Deer and Other Livestock Farming",Dollars (millions),H21,Opening stocks,Financial performance,684,"ANZSIC06 groups A017, A018, and A019"
2019,Level 3,AA14,"Poultry, Deer and Other Livestock Farming",Dollars (millions),H22,Closing stocks,Financial performance,728,"ANZSIC06 groups A017, A018, and A019"
2019,Level 3,AA14,"Poultry, Deer and Other Livestock Farming",Dollars (millions),H23,Surplus before income tax,Financial performance,187,"ANZSIC06 groups A017, A018, and A019"
2019,Level 3,AA14,"Poultry, Deer and Other Livestock Farming",Dollars (millions),H24,Total assets,Financial position,"6,782","ANZSIC06 groups A017, A018, and A019"
2019,Level 3,AA14,"Poultry, Deer and Other Livestock Farming",Dollars (millions),H25,Current assets,Financial position,"1,911","ANZSIC06 groups A017, A018, and A019"
2019,Level 3,AA14,"Poultry, Deer and Other Livestock Farming",Dollars (millions),H26,Fixed tangible assets,Financial position,"3,934","ANZSIC06 groups A017, A018, and A019"
2019,Level 3,AA14,"Poultry, Deer and Other Livestock Farming",Dollars (millions),H29,Other assets,Financial position,936,"ANZSIC06 groups A017, A018, and A019"
2019,Level 3,AA14,"Poultry, Deer and Other Livestock Farming",Dollars (millions),H30,Total equity and liabilities,Financial position,"6,782","ANZSIC06 groups A017, A018, and A019"
2019,Level 3,AA14,"Poultry, Deer and Other Livestock Farming",Dollars (millions),H31,Shareholders funds or owners equity,Financial position,"2,881","ANZSIC06 groups A017, A018, and A019"
2019,Level 3,AA14,"Poultry, Deer and Other Livestock Farming",Dollars (millions),H32,Current liabilities,Financial position,"1,687","ANZSIC06 groups A017, A018, and A019"
2019,Level 3,AA14,"Poultry, Deer and Other Livestock Farming",Dollars (millions),H33,Other liabilities,Financial position,"2,214","ANZSIC06 groups A017, A018, and A019"
2019,Level 3,AA14,"Poultry, Deer and Other Livestock Farming",Dollars,H34,Total income per employee count,Financial ratios,"348,500","ANZSIC06 groups A017, A018, and A019"
2019,Level 3,AA14,"Poultry, Deer and Other Livestock Farming",Dollars,H35,Surplus per employee count,Financial ratios,"30,000","ANZSIC06 groups A017, A018, and A019"
2019,Level 3,AA14,"Poultry, Deer and Other Livestock Farming",Percentage,H36,Current ratio,Financial ratios,113,"ANZSIC06 groups A017, A018, and A019"
2019,Level 3,AA14,"Poultry, Deer and Other Livestock Farming",Percentage,H37,Quick ratio,Financial ratios,70,"ANZSIC06 groups A017, A018, and A019"
2019,Level 3,AA14,"Poultry, Deer and Other Livestock Farming",Percentage,H39,Return on equity,Financial ratios,6,"ANZSIC06 groups A017, A018, and A019"
2019,Level 3,AA14,"Poultry, Deer and Other Livestock Farming",Percentage,H40,Return on total assets,Financial ratios,3,"ANZSIC06 groups A017, A018, and A019"
2019,Level 3,AA14,"Poultry, Deer and Other Livestock Farming",Percentage,H41,Liabilities structure,Financial ratios,42,"ANZSIC06 groups A017, A018, and A019"
2019,Level 4,AA141,"Poultry, Deer and Other Livestock Farming",Dollars (millions),H01,Total income,Financial performance,"2,170","ANZSIC06 groups A017, A018, and A019"
2019,Level 4,AA141,"Poultry, Deer and Other Livestock Farming",Dollars (millions),H04,"Sales, government funding, grants and subsidies",Financial performance,"2,113","ANZSIC06 groups A017, A018, and A019"
2019,Level 4,AA141,"Poultry, Deer and Other Livestock Farming",Dollars (millions),H05,"Interest, dividends and donations",Financial performance,22,"ANZSIC06 groups A017, A018, and A019"
2019,Level 4,AA141,"Poultry, Deer and Other Livestock Farming",Dollars (millions),H07,Non-operating income,Financial performance,35,"ANZSIC06 groups A017, A018, and A019"
2019,Level 4,AA141,"Poultry, Deer and Other Livestock Farming",Dollars (millions),H08,Total expenditure,Financial performance,"2,027","ANZSIC06 groups A017, A018, and A019"
2019,Level 4,AA141,"Poultry, Deer and Other Livestock Farming",Dollars (millions),H09,Interest and donations,Financial performance,101,"ANZSIC06 groups A017, A018, and A019"
2019,Level 4,AA141,"Poultry, Deer and Other Livestock Farming",Dollars (millions),H10,Indirect taxes,Financial performance,15,"ANZSIC06 groups A017, A018, and A019"
2019,Level 4,AA141,"Poultry, Deer and Other Livestock Farming",Dollars (millions),H11,Depreciation,Financial performance,112,"ANZSIC06 groups A017, A018, and A019"
2019,Level 4,AA141,"Poultry, Deer and Other Livestock Farming",Dollars (millions),H12,Salaries and wages paid,Financial performance,294,"ANZSIC06 groups A017, A018, and A019"
2019,Level 4,AA141,"Poultry, Deer and Other Livestock Farming",Dollars (millions),H13,Redundancy and severance,Financial performance,0,"ANZSIC06 groups A017, A018, and A019"
2019,Level 4,AA141,"Poultry, Deer and Other Livestock Farming",Dollars (millions),H19,Purchases and other operating expenses,Financial performance,"1,497","ANZSIC06 groups A017, A018, and A019"
2019,Level 4,AA141,"Poultry, Deer and Other Livestock Farming",Dollars (millions),H20,Non-operating expenses,Financial performance,7,"ANZSIC06 groups A017, A018, and A019"
2019,Level 4,AA141,"Poultry, Deer and Other Livestock Farming",Dollars (millions),H21,Opening stocks,Financial performance,684,"ANZSIC06 groups A017, A018, and A019"
2019,Level 4,AA141,"Poultry, Deer and Other Livestock Farming",Dollars (millions),H22,Closing stocks,Financial performance,728,"ANZSIC06 groups A017, A018, and A019"
2019,Level 4,AA141,"Poultry, Deer and Other Livestock Farming",Dollars (millions),H23,Surplus before income tax,Financial performance,187,"ANZSIC06 groups A017, A018, and A019"
2019,Level 4,AA141,"Poultry, Deer and Other Livestock Farming",Dollars (millions),H24,Total assets,Financial position,"6,782","ANZSIC06 groups A017, A018, and A019"
2019,Level 4,AA141,"Poultry, Deer and Other Livestock Farming",Dollars (millions),H25,Current assets,Financial position,"1,911","ANZSIC06 groups A017, A018, and A019"
2019,Level 4,AA141,"Poultry, Deer and Other Livestock Farming",Dollars (millions),H26,Fixed tangible assets,Financial position,"3,934","ANZSIC06 groups A017, A018, and A019"
2019,Level 4,AA141,"Poultry, Deer and Other Livestock Farming",Dollars (millions),H29,Other assets,Financial position,936,"ANZSIC06 groups A017, A018, and A019"
2019,Level 4,AA141,"Poultry, Deer and Other Livestock Farming",Dollars (millions),H30,Total equity and liabilities,Financial position,"6,782","ANZSIC06 groups A017, A018, and A019"
2019,Level 4,AA141,"Poultry, Deer and Other Livestock Farming",Dollars (millions),H31,Shareholders funds or owners equity,Financial position,"2,881","ANZSIC06 groups A017, A018, and A019"
2019,Level 4,AA141,"Poultry, Deer and Other Livestock Farming",Dollars (millions),H32,Current liabilities,Financial position,"1,687","ANZSIC06 groups A017, A018, and A019"
2019,Level 4,AA141,"Poultry, Deer and Other Livestock Farming",Dollars (millions),H33,Other liabilities,Financial position,"2,214","ANZSIC06 groups A017, A018, and A019"
2019,Level 4,AA141,"Poultry, Deer and Other Livestock Farming",Dollars,H34,Total income per employee count,Financial ratios,"348,500","ANZSIC06 groups A017, A018, and A019"
2019,Level 4,AA141,"Poultry, Deer and Other Livestock Farming",Dollars,H35,Surplus per employee count,Financial ratios,"30,000","ANZSIC06 groups A017, A018, and A019"
2019,Level 4,AA141,"Poultry, Deer and Other Livestock Farming",Percentage,H36,Current ratio,Financial ratios,113,"ANZSIC06 groups A017, A018, and A019"
2019,Level 4,AA141,"Poultry, Deer and Other Livestock Farming",Percentage,H37,Quick ratio,Financial ratios,70,"ANZSIC06 groups A017, A018, and A019"
2019,Level 4,AA141,"Poultry, Deer and Other Livestock Farming",Percentage,H39,Return on equity,Financial ratios,6,"ANZSIC06 groups A017, A018, and A019"
2019,Level 4,AA141,"Poultry, Deer and Other Livestock Farming",Percentage,H40,Return on total assets,Financial ratios,3,"ANZSIC06 groups A017, A018, and A019"
2019,Level 4,AA141,"Poultry, Deer and Other Livestock Farming",Percentage,H41,Liabilities structure,Financial ratios,42,"ANZSIC06 groups A017, A018, and A019"
2019,Level 3,AA21,Forestry and Logging,Dollars (millions),H01,Total income,Financial performance,"6,766",ANZSIC06 group A030
2019,Level 3,AA21,Forestry and Logging,Dollars (millions),H04,Sales of goods and services,Financial performance,"6,021",ANZSIC06 group A030
2019,Level 3,AA21,Forestry and Logging,Dollars (millions),H05,"Interest, dividends and donations",Financial performance,25,ANZSIC06 group A030
2019,Level 3,AA21,Forestry and Logging,Dollars (millions),H06,"Government funding, grants and subsidies",Financial performance,0,ANZSIC06 group A030
2019,Level 3,AA21,Forestry and Logging,Dollars (millions),H07,Non-operating income,Financial performance,721,ANZSIC06 group A030
2019,Level 3,AA21,Forestry and Logging,Dollars (millions),H08,Total expenditure,Financial performance,"5,092",ANZSIC06 group A030
2019,Level 3,AA21,Forestry and Logging,Dollars (millions),H09,Interest and donations,Financial performance,172,ANZSIC06 group A030
2019,Level 3,AA21,Forestry and Logging,Dollars (millions),H10,Indirect taxes,Financial performance,20,ANZSIC06 group A030
2019,Level 3,AA21,Forestry and Logging,Dollars (millions),H11,Depreciation,Financial performance,187,ANZSIC06 group A030
2019,Level 3,AA21,Forestry and Logging,Dollars (millions),H12,Salaries and wages paid,Financial performance,407,ANZSIC06 group A030
2019,Level 3,AA21,Forestry and Logging,Dollars (millions),H13,Redundancy and severance,Financial performance,0,ANZSIC06 group A030
2019,Level 3,AA21,Forestry and Logging,Dollars (millions),H19,Purchases and other operating expenses,Financial performance,"3,915",ANZSIC06 group A030
2019,Level 3,AA21,Forestry and Logging,Dollars (millions),H20,Non-operating expenses,Financial performance,391,ANZSIC06 group A030
2019,Level 3,AA21,Forestry and Logging,Dollars (millions),H21,Opening stocks,Financial performance,293,ANZSIC06 group A030
2019,Level 3,AA21,Forestry and Logging,Dollars (millions),H22,Closing stocks,Financial performance,269,ANZSIC06 group A030
2019,Level 3,AA21,Forestry and Logging,Dollars (millions),H23,Surplus before income tax,Financial performance,"1,650",ANZSIC06 group A030
2019,Level 3,AA21,Forestry and Logging,Dollars (millions),H24,Total assets,Financial position,"23,670",ANZSIC06 group A030
2019,Level 3,AA21,Forestry and Logging,Dollars (millions),H25,Current assets,Financial position,"2,505",ANZSIC06 group A030
2019,Level 3,AA21,Forestry and Logging,Dollars (millions),H26,Fixed tangible assets,Financial position,"4,315",ANZSIC06 group A030
2019,Level 3,AA21,Forestry and Logging,Dollars (millions),H29,Other assets,Financial position,"16,851",ANZSIC06 group A030
2019,Level 3,AA21,Forestry and Logging,Dollars (millions),H30,Total equity and liabilities,Financial position,"23,670",ANZSIC06 group A030
2019,Level 3,AA21,Forestry and Logging,Dollars (millions),H31,Shareholders funds or owners equity,Financial position,"15,167",ANZSIC06 group A030
2019,Level 3,AA21,Forestry and Logging,Dollars (millions),H32,Current liabilities,Financial position,"2,660",ANZSIC06 group A030
2019,Level 3,AA21,Forestry and Logging,Dollars (millions),H33,Other liabilities,Financial position,"5,843",ANZSIC06 group A030
2019,Level 3,AA21,Forestry and Logging,Dollars,H34,Total income per employee count,Financial ratios,"1,329,400",ANZSIC06 group A030
2019,Level 3,AA21,Forestry and Logging,Dollars,H35,Surplus per employee count,Financial ratios,"324,300",ANZSIC06 group A030
2019,Level 3,AA21,Forestry and Logging,Percentage,H36,Current ratio,Financial ratios,94,ANZSIC06 group A030
2019,Level 3,AA21,Forestry and Logging,Percentage,H37,Quick ratio,Financial ratios,84,ANZSIC06 group A030
