Year,Industry_aggregation_NZSIOC,Industry_code_NZSIOC,Industry_name_NZSIOC,Units,Variable_code,Variable_name,Variable_category,Value,Industry_code_ANZSIC06
2020,Level 1,LL,"Rental, Hiring and Real Estate Services",Dollars (millions),H25,Current assets,Financial position,"38,879",ANZSIC06 division L
2020,Level 1,LL,"Rental, Hiring and Real Estate Services",Dollars (millions),H26,Fixed tangible assets,Financial position,"218,022",ANZSIC06 division L
2020,Level 1,LL,"Rental, Hiring and Real Estate Services",Dollars (millions),H27,Additions to fixed assets,Financial position,"26,835",ANZSIC06 division L
2020,Level 1,LL,"Rental, Hiring and Real Estate Services",Dollars (millions),H28,Disposals of fixed assets,Financial position,"12,847",ANZSIC06 division L
2020,Level 1,LL,"Rental, Hiring and Real Estate Services",Dollars (millions),H29,Other assets,Financial position,"44,204",ANZSIC06 division L
2020,Level 1,LL,"Rental, Hiring and Real Estate Services",Dollars (millions),H30,Total equity and liabilities,Financial position,"301,105",ANZSIC06 division L
2020,Level 1,LL,"Rental, Hiring and Real Estate Services",Dollars (millions),H31,Shareholders funds or owners equity,Financial position,"138,374",ANZSIC06 division L
2020,Level 1,LL,"Rental, Hiring and Real Estate Services",Dollars (millions),H32,Current liabilities,Financial position,"59,551",ANZSIC06 division L
2020,Level 1,LL,"Rental, Hiring and Real Estate Services",Dollars (millions),H33,Other liabilities,Financial position,"103,180",ANZSIC06 division L
2020,Level 1,LL,"Rental, Hiring and Real Estate Services",Dollars,H34,Total income per employee count,Financial ratios,"1,091,800",ANZSIC06 division L
2020,Level 1,LL,"Rental, Hiring and Real Estate Services",Dollars,H35,Surplus per employee count,Financial ratios,"349,700",ANZSIC06 division L
2020,Level 1,LL,"Rental, Hiring and Real Estate Services",Percentage,H36,Current ratio,Financial ratios,65,ANZSIC06 division L
2020,Level 1,LL,"Rental, Hiring and Real Estate Services",Percentage,H37,Quick ratio,Financial ratios,59,ANZSIC06 division L
2020,Level 1,LL,"Rental, Hiring and Real Estate Services",Percentage,H39,Return on equity,Financial ratios,8,ANZSIC06 division L
2020,Level 1,LL,"Rental, Hiring and Real Estate Services",Percentage,H40,Return on total assets,Financial ratios,4,ANZSIC06 division L
2020,Level 1,LL,"Rental, Hiring and Real Estate Services",Percentage,H41,Liabilities structure,Financial ratios,46,ANZSIC06 division L
2020,Level 3,LL11,Rental and Hiring Services (except Real Estate),Dollars (millions),H01,Total income,Financial performance,"7,188","ANZSIC06 groups L661, L662, L663, and L664"
2020,Level 3,LL11,Rental and Hiring Services (except Real Estate),Dollars (millions),H04,Sales of goods and services,Financial performance,"6,773","ANZSIC06 groups L661, L662, L663, and L664"
2020,Level 3,LL11,Rental and Hiring Services (except Real Estate),Dollars (millions),H05,"Interest, dividends and donations",Financial performance,267,"ANZSIC06 groups L661, L662, L663, and L664"
2020,Level 3,LL11,Rental and Hiring Services (except Real Estate),Dollars (millions),H06,"Government funding, grants and subsidies",Financial performance,24,"ANZSIC06 groups L661, L662, L663, and L664"
2020,Level 3,LL11,Rental and Hiring Services (except Real Estate),Dollars (millions),H07,Non-operating income,Financial performance,125,"ANZSIC06 groups L661, L662, L663, and L664"
2020,Level 3,LL11,Rental and Hiring Services (except Real Estate),Dollars (millions),H08,Total expenditure,Financial performance,"6,337","ANZSIC06 groups L661, L662, L663, and L664"
2020,Level 3,LL11,Rental and Hiring Services (except Real Estate),Dollars (millions),H09,Interest and donations,Financial performance,446,"ANZSIC06 groups L661, L662, L663, and L664"
2020,Level 3,LL11,Rental and Hiring Services (except Real Estate),Dollars (millions),H10,Indirect taxes,Financial performance,73,"ANZSIC06 groups L661, L662, L663, and L664"
2020,Level 3,LL11,Rental and Hiring Services (except Real Estate),Dollars (millions),H11,Depreciation,Financial performance,"1,507","ANZSIC06 groups L661, L662, L663, and L664"
2020,Level 3,LL11,Rental and Hiring Services (except Real Estate),Dollars (millions),H12,Salaries and wages paid,Financial performance,991,"ANZSIC06 groups L661, L662, L663, and L664"
2020,Level 3,LL11,Rental and Hiring Services (except Real Estate),Dollars (millions),H13,Redundancy and severance,Financial performance,1,"ANZSIC06 groups L661, L662, L663, and L664"
2020,Level 3,LL11,Rental and Hiring Services (except Real Estate),Dollars (millions),H14,Salaries and wages to self employed commission agents,Financial performance,0,"ANZSIC06 groups L661, L662, L663, and L664"
2020,Level 3,LL11,Rental and Hiring Services (except Real Estate),Dollars (millions),H19,Purchases and other operating expenses,Financial performance,"2,989","ANZSIC06 groups L661, L662, L663, and L664"
2020,Level 3,LL11,Rental and Hiring Services (except Real Estate),Dollars (millions),H20,Non-operating expenses,Financial performance,330,"ANZSIC06 groups L661, L662, L663, and L664"
2020,Level 3,LL11,Rental and Hiring Services (except Real Estate),Dollars (millions),H21,Opening stocks,Financial performance,272,"ANZSIC06 groups L661, L662, L663, and L664"
2020,Level 3,LL11,Rental and Hiring Services (except Real Estate),Dollars (millions),H22,Closing stocks,Financial performance,302,"ANZSIC06 groups L661, L662, L663, and L664"
2020,Level 3,LL11,Rental and Hiring Services (except Real Estate),Dollars (millions),H23,Surplus before income tax,Financial performance,881,"ANZSIC06 groups L661, L662, L663, and L664"
2020,Level 3,LL11,Rental and Hiring Services (except Real Estate),Dollars (millions),H24,Total assets,Financial position,"28,526","ANZSIC06 groups L661, L662, L663, and L664"
2020,Level 3,LL11,Rental and Hiring Services (except Real Estate),Dollars (millions),H25,Current assets,Financial position,"6,028","ANZSIC06 groups L661, L662, L663, and L664"
2020,Level 3,LL11,Rental and Hiring Services (except Real Estate),Dollars (millions),H26,Fixed tangible assets,Financial position,"14,023","ANZSIC06 groups L661, L662, L663, and L664"
2020,Level 3,LL11,Rental and Hiring Services (except Real Estate),Dollars (millions),H27,Additions to fixed assets,Financial position,"3,481","ANZSIC06 groups L661, L662, L663, and L664"
2020,Level 3,LL11,Rental and Hiring Services (except Real Estate),Dollars (millions),H28,Disposals of fixed assets,Financial position,"1,183","ANZSIC06 groups L661, L662, L663, and L664"
2020,Level 3,LL11,Rental and Hiring Services (except Real Estate),Dollars (millions),H29,Other assets,Financial position,"8,475","ANZSIC06 groups L661, L662, L663, and L664"
2020,Level 3,LL11,Rental and Hiring Services (except Real Estate),Dollars (millions),H30,Total equity and liabilities,Financial position,"28,526","ANZSIC06 groups L661, L662, L663, and L664"
2020,Level 3,LL11,Rental and Hiring Services (except Real Estate),Dollars (millions),H31,Shareholders funds or owners equity,Financial position,"10,249","ANZSIC06 groups L661, L662, L663, and L664"
2020,Level 3,LL11,Rental and Hiring Services (except Real Estate),Dollars (millions),H32,Current liabilities,Financial position,"7,525","ANZSIC06 groups L661, L662, L663, and L664"
2020,Level 3,LL11,Rental and Hiring Services (except Real Estate),Dollars (millions),H33,Other liabilities,Financial position,"10,753","ANZSIC06 groups L661, L662, L663, and L664"
2020,Level 3,LL11,Rental and Hiring Services (except Real Estate),Dollars,H34,Total income per employee count,Financial ratios,"480,800","ANZSIC06 groups L661, L662, L663, and L664"
2020,Level 3,LL11,Rental and Hiring Services (except Real Estate),Dollars,H35,Surplus per employee count,Financial ratios,"58,900","ANZSIC06 groups L661, L662, L663, and L664"
2020,Level 3,LL11,Rental and Hiring Services (except Real Estate),Percentage,H36,Current ratio,Financial ratios,80,"ANZSIC06 groups L661, L662, L663, and L664"
2020,Level 3,LL11,Rental and Hiring Services (except Real Estate),Percentage,H37,Quick ratio,Financial ratios,76,"ANZSIC06 groups L661, L662, L663, and L664"
2020,Level 3,LL11,Rental and Hiring Services (except Real Estate),Percentage,H39,Return on equity,Financial ratios,9,"ANZSIC06 groups L661, L662, L663, and L664"
2020,Level 3,LL11,Rental and Hiring Services (except Real Estate),Percentage,H40,Return on total assets,Financial ratios,3,"ANZSIC06 groups L661, L662, L663, and L664"
2020,Level 3,LL11,Rental and Hiring Services (except Real Estate),Percentage,H41,Liabilities structure,Financial ratios,36,"ANZSIC06 groups L661, L662, L663, and L664"
2020,Level 4,LL111,Rental and Hiring Services (except Real Estate),Dollars (millions),H01,Total income,Financial performance,"5,765","ANZSIC06 groups L661, L662, and L663"
2020,Level 4,LL111,Rental and Hiring Services (except Real Estate),Dollars (millions),H04,Sales of goods and services,Financial performance,"5,432","ANZSIC06 groups L661, L662, and L663"
2020,Level 4,LL111,Rental and Hiring Services (except Real Estate),Dollars (millions),H05,"Interest, dividends and donations",Financial performance,210,"ANZSIC06 groups L661, L662, and L663"
2020,Level 4,LL111,Rental and Hiring Services (except Real Estate),Dollars (millions),H06,"Government funding, grants and subsidies",Financial performance,20,"ANZSIC06 groups L661, L662, and L663"
2020,Level 4,LL111,Rental and Hiring Services (except Real Estate),Dollars (millions),H07,Non-operating income,Financial performance,103,"ANZSIC06 groups L661, L662, and L663"
2020,Level 4,LL111,Rental and Hiring Services (except Real Estate),Dollars (millions),H08,Total expenditure,Financial performance,"5,171","ANZSIC06 groups L661, L662, and L663"
2020,Level 4,LL111,Rental and Hiring Services (except Real Estate),Dollars (millions),H09,Interest and donations,Financial performance,399,"ANZSIC06 groups L661, L662, and L663"
2020,Level 4,LL111,Rental and Hiring Services (except Real Estate),Dollars (millions),H10,Indirect taxes,Financial performance,69,"ANZSIC06 groups L661, L662, and L663"
2020,Level 4,LL111,Rental and Hiring Services (except Real Estate),Dollars (millions),H11,Depreciation,Financial performance,"1,464","ANZSIC06 groups L661, L662, and L663"
2020,Level 4,LL111,Rental and Hiring Services (except Real Estate),Dollars (millions),H12,Salaries and wages paid,Financial performance,816,"ANZSIC06 groups L661, L662, and L663"
2020,Level 4,LL111,Rental and Hiring Services (except Real Estate),Dollars (millions),H13,Redundancy and severance,Financial performance,1,"ANZSIC06 groups L661, L662, and L663"
2020,Level 4,LL111,Rental and Hiring Services (except Real Estate),Dollars (millions),H14,Salaries and wages to self employed commission agents,Financial performance,0,"ANZSIC06 groups L661, L662, and L663"
2020,Level 4,LL111,Rental and Hiring Services (except Real Estate),Dollars (millions),H19,Purchases and other operating expenses,Financial performance,"2,167","ANZSIC06 groups L661, L662, and L663"
2020,Level 4,LL111,Rental and Hiring Services (except Real Estate),Dollars (millions),H20,Non-operating expenses,Financial performance,255,"ANZSIC06 groups L661, L662, and L663"
2020,Level 4,LL111,Rental and Hiring Services (except Real Estate),Dollars (millions),H21,Opening stocks,Financial performance,222,"ANZSIC06 groups L661, L662, and L663"
2020,Level 4,LL111,Rental and Hiring Services (except Real Estate),Dollars (millions),H22,Closing stocks,Financial performance,253,"ANZSIC06 groups L661, L662, and L663"
2020,Level 4,LL111,Rental and Hiring Services (except Real Estate),Dollars (millions),H23,Surplus before income tax,Financial performance,625,"ANZSIC06 groups L661, L662, and L663"
2020,Level 4,LL111,Rental and Hiring Services (except Real Estate),Dollars (millions),H24,Total assets,Financial position,"21,563","ANZSIC06 groups L661, L662, and L663"
2020,Level 4,LL111,Rental and Hiring Services (except Real Estate),Dollars (millions),H25,Current assets,Financial position,"3,564","ANZSIC06 groups L661, L662, and L663"
2020,Level 4,LL111,Rental and Hiring Services (except Real Estate),Dollars (millions),H26,Fixed tangible assets,Financial position,"12,900","ANZSIC06 groups L661, L662, and L663"
2020,Level 4,LL111,Rental and Hiring Services (except Real Estate),Dollars (millions),H27,Additions to fixed assets,Financial position,"3,197","ANZSIC06 groups L661, L662, and L663"
2020,Level 4,LL111,Rental and Hiring Services (except Real Estate),Dollars (millions),H28,Disposals of fixed assets,Financial position,"1,126","ANZSIC06 groups L661, L662, and L663"
2020,Level 4,LL111,Rental and Hiring Services (except Real Estate),Dollars (millions),H29,Other assets,Financial position,"5,099","ANZSIC06 groups L661, L662, and L663"
2020,Level 4,LL111,Rental and Hiring Services (except Real Estate),Dollars (millions),H30,Total equity and liabilities,Financial position,"21,563","ANZSIC06 groups L661, L662, and L663"
2020,Level 4,LL111,Rental and Hiring Services (except Real Estate),Dollars (millions),H31,Shareholders funds or owners equity,Financial position,"6,563","ANZSIC06 groups L661, L662, and L663"
2020,Level 4,LL111,Rental and Hiring Services (except Real Estate),Dollars (millions),H32,Current liabilities,Financial position,"5,643","ANZSIC06 groups L661, L662, and L663"
2020,Level 4,LL111,Rental and Hiring Services (except Real Estate),Dollars (millions),H33,Other liabilities,Financial position,"9,356","ANZSIC06 groups L661, L662, and L663"
2020,Level 4,LL111,Rental and Hiring Services (except Real Estate),Dollars,H34,Total income per employee count,Financial ratios,"437,200","ANZSIC06 groups L661, L662, and L663"
2020,Level 4,LL111,Rental and Hiring Services (except Real Estate),Dollars,H35,Surplus per employee count,Financial ratios,"47,400","ANZSIC06 groups L661, L662, and L663"
2020,Level 4,LL111,Rental and Hiring Services (except Real Estate),Percentage,H36,Current ratio,Financial ratios,63,"ANZSIC06 groups L661, L662, and L663"
2020,Level 4,LL111,Rental and Hiring Services (except Real Estate),Percentage,H37,Quick ratio,Financial ratios,59,"ANZSIC06 groups L661, L662, and L663"
2020,Level 4,LL111,Rental and Hiring Services (except Real Estate),Percentage,H39,Return on equity,Financial ratios,10,"ANZSIC06 groups L661, L662, and L663"
2020,Level 4,LL111,Rental and Hiring Services (except Real Estate),Percentage,H40,Return on total assets,Financial ratios,3,"ANZSIC06 groups L661, L662, and L663"
2020,Level 4,LL111,Rental and Hiring Services (except Real Estate),Percentage,H41,Liabilities structure,Financial ratios,30,"ANZSIC06 groups L661, L662, and L663"
2020,Level 4,LL112,Non-Financial Asset Leasing,Dollars (millions),H01,Total income,Financial performance,"1,423",ANZSIC06 group L664
2020,Level 4,LL112,Non-Financial Asset Leasing,Dollars (millions),H04,Sales of goods and services,Financial performance,"1,341",ANZSIC06 group L664
2020,Level 4,LL112,Non-Financial Asset Leasing,Dollars (millions),H05,"Interest, dividends and donations",Financial performance,57,ANZSIC06 group L664
2020,Level 4,LL112,Non-Financial Asset Leasing,Dollars (millions),H06,"Government funding, grants and subsidies",Financial performance,4,ANZSIC06 group L664
2020,Level 4,LL112,Non-Financial Asset Leasing,Dollars (millions),H07,Non-operating income,Financial performance,21,ANZSIC06 group L664
2020,Level 4,LL112,Non-Financial Asset Leasing,Dollars (millions),H08,Total expenditure,Financial performance,"1,166",ANZSIC06 group L664
2020,Level 4,LL112,Non-Financial Asset Leasing,Dollars (millions),H09,Interest and donations,Financial performance,47,ANZSIC06 group L664
2020,Level 4,LL112,Non-Financial Asset Leasing,Dollars (millions),H10,Indirect taxes,Financial performance,3,ANZSIC06 group L664
2020,Level 4,LL112,Non-Financial Asset Leasing,Dollars (millions),H11,Depreciation,Financial performance,44,ANZSIC06 group L664
2020,Level 4,LL112,Non-Financial Asset Leasing,Dollars (millions),H12,Salaries and wages paid,Financial performance,175,ANZSIC06 group L664
2020,Level 4,LL112,Non-Financial Asset Leasing,Dollars (millions),H13,Redundancy and severance,Financial performance,0,ANZSIC06 group L664
2020,Level 4,LL112,Non-Financial Asset Leasing,Dollars (millions),H14,Salaries and wages to self employed commission agents,Financial performance,0,ANZSIC06 group L664
2020,Level 4,LL112,Non-Financial Asset Leasing,Dollars (millions),H19,Purchases and other operating expenses,Financial performance,822,ANZSIC06 group L664
2020,Level 4,LL112,Non-Financial Asset Leasing,Dollars (millions),H20,Non-operating expenses,Financial performance,75,ANZSIC06 group L664
2020,Level 4,LL112,Non-Financial Asset Leasing,Dollars (millions),H21,Opening stocks,Financial performance,50,ANZSIC06 group L664
2020,Level 4,LL112,Non-Financial Asset Leasing,Dollars (millions),H22,Closing stocks,Financial performance,49,ANZSIC06 group L664
