Year,Industry_aggregation_NZSIOC,Industry_code_NZSIOC,Industry_name_NZSIOC,Units,Variable_code,Variable_name,Variable_category,Value,Industry_code_ANZSIC06
2015,Level 4,GH132,"Recreational, Clothing, Footwear and Personal Accessory Retailing",Dollars (millions),H25,Current assets,Financial position,"2,064",ANZSIC06 groups G424 and G425
2015,Level 4,GH132,"Recreational, Clothing, Footwear and Personal Accessory Retailing",Dollars (millions),H26,Fixed tangible assets,Financial position,668,ANZSIC06 groups G424 and G425
2015,Level 4,GH132,"Recreational, Clothing, Footwear and Personal Accessory Retailing",Dollars (millions),H27,Additions to fixed assets,Financial position,207,ANZSIC06 groups G424 and G425
2015,Level 4,GH132,"Recreational, Clothing, Footwear and Personal Accessory Retailing",Dollars (millions),H28,Disposals of fixed assets,Financial position,53,ANZSIC06 groups G424 and G425
2015,Level 4,GH132,"Recreational, Clothing, Footwear and Personal Accessory Retailing",Dollars (millions),H29,Other assets,Financial position,922,ANZSIC06 groups G424 and G425
2015,Level 4,GH132,"Recreational, Clothing, Footwear and Personal Accessory Retailing",Dollars (millions),H30,Total equity and liabilities,Financial position,"3,654",ANZSIC06 groups G424 and G425
2015,Level 4,GH132,"Recreational, Clothing, Footwear and Personal Accessory Retailing",Dollars (millions),H31,Shareholders funds or owners equity,Financial position,824,ANZSIC06 groups G424 and G425
2015,Level 4,GH132,"Recreational, Clothing, Footwear and Personal Accessory Retailing",Dollars (millions),H32,Current liabilities,Financial position,"1,874",ANZSIC06 groups G424 and G425
2015,Level 4,GH132,"Recreational, Clothing, Footwear and Personal Accessory Retailing",Dollars (millions),H33,Other liabilities,Financial position,956,ANZSIC06 groups G424 and G425
2015,Level 4,GH132,"Recreational, Clothing, Footwear and Personal Accessory Retailing",Dollars,H34,Total income per employee count,Financial ratios,"179,400",ANZSIC06 groups G424 and G425
2015,Level 4,GH132,"Recreational, Clothing, Footwear and Personal Accessory Retailing",Dollars,H35,Surplus per employee count,Financial ratios,"4,800",ANZSIC06 groups G424 and G425
2015,Level 4,GH132,"Recreational, Clothing, Footwear and Personal Accessory Retailing",Percentage,H36,Current ratio,Financial ratios,110,ANZSIC06 groups G424 and G425
2015,Level 4,GH132,"Recreational, Clothing, Footwear and Personal Accessory Retailing",Percentage,H37,Quick ratio,Financial ratios,40,ANZSIC06 groups G424 and G425
2015,Level 4,GH132,"Recreational, Clothing, Footwear and Personal Accessory Retailing",Percentage,H38,Margin on sales of goods for resale,Financial ratios,46,ANZSIC06 groups G424 and G425
2015,Level 4,GH132,"Recreational, Clothing, Footwear and Personal Accessory Retailing",Percentage,H39,Return on equity,Financial ratios,18,ANZSIC06 groups G424 and G425
2015,Level 4,GH132,"Recreational, Clothing, Footwear and Personal Accessory Retailing",Percentage,H40,Return on total assets,Financial ratios,4,ANZSIC06 groups G424 and G425
2015,Level 4,GH132,"Recreational, Clothing, Footwear and Personal Accessory Retailing",Percentage,H41,Liabilities structure,Financial ratios,23,ANZSIC06 groups G424 and G425
2015,Level 4,GH133,Department Stores,Dollars (millions),H01,Total income,Financial performance,"4,309",ANZSIC06 group G426
2015,Level 4,GH133,Department Stores,Dollars (millions),H02,Sales of goods not further processed,Financial performance,"4,264",ANZSIC06 group G426
2015,Level 4,GH133,Department Stores,Dollars (millions),H03,Sales of other goods and services,Financial performance,24,ANZSIC06 group G426
2015,Level 4,GH133,Department Stores,Dollars (millions),H05,"Interest, dividends and donations",Financial performance,9,ANZSIC06 group G426
2015,Level 4,GH133,Department Stores,Dollars (millions),H06,"Government funding, grants and subsidies",Financial performance,C,ANZSIC06 group G426
2015,Level 4,GH133,Department Stores,Dollars (millions),H07,Non-operating income,Financial performance,C,ANZSIC06 group G426
2015,Level 4,GH133,Department Stores,Dollars (millions),H08,Total expenditure,Financial performance,"4,158",ANZSIC06 group G426
2015,Level 4,GH133,Department Stores,Dollars (millions),H09,Interest and donations,Financial performance,C,ANZSIC06 group G426
2015,Level 4,GH133,Department Stores,Dollars (millions),H10,Indirect taxes,Financial performance,21,ANZSIC06 group G426
2015,Level 4,GH133,Department Stores,Dollars (millions),H11,Depreciation,Financial performance,72,ANZSIC06 group G426
2015,Level 4,GH133,Department Stores,Dollars (millions),H12,Salaries and wages paid,Financial performance,662,ANZSIC06 group G426
2015,Level 4,GH133,Department Stores,Dollars (millions),H13,Redundancy and severance,Financial performance,3,ANZSIC06 group G426
2015,Level 4,GH133,Department Stores,Dollars (millions),H17,Purchases of goods bought for resale,Financial performance,"2,747",ANZSIC06 group G426
2015,Level 4,GH133,Department Stores,Dollars (millions),H18,Other Purchases and operating expenses,Financial performance,624,ANZSIC06 group G426
2015,Level 4,GH133,Department Stores,Dollars (millions),H20,Non-operating expenses,Financial performance,C,ANZSIC06 group G426
2015,Level 4,GH133,Department Stores,Dollars (millions),H21,Opening stocks,Financial performance,711,ANZSIC06 group G426
2015,Level 4,GH133,Department Stores,Dollars (millions),H22,Closing stocks,Financial performance,750,ANZSIC06 group G426
2015,Level 4,GH133,Department Stores,Dollars (millions),H23,Surplus before income tax,Financial performance,189,ANZSIC06 group G426
2015,Level 4,GH133,Department Stores,Dollars (millions),H24,Total assets,Financial position,"2,154",ANZSIC06 group G426
2015,Level 4,GH133,Department Stores,Dollars (millions),H25,Current assets,Financial position,"1,104",ANZSIC06 group G426
2015,Level 4,GH133,Department Stores,Dollars (millions),H26,Fixed tangible assets,Financial position,517,ANZSIC06 group G426
2015,Level 4,GH133,Department Stores,Dollars (millions),H27,Additions to fixed assets,Financial position,102,ANZSIC06 group G426
2015,Level 4,GH133,Department Stores,Dollars (millions),H28,Disposals of fixed assets,Financial position,4,ANZSIC06 group G426
2015,Level 4,GH133,Department Stores,Dollars (millions),H29,Other assets,Financial position,532,ANZSIC06 group G426
2015,Level 4,GH133,Department Stores,Dollars (millions),H30,Total equity and liabilities,Financial position,"2,154",ANZSIC06 group G426
2015,Level 4,GH133,Department Stores,Dollars (millions),H31,Shareholders funds or owners equity,Financial position,"1,161",ANZSIC06 group G426
2015,Level 4,GH133,Department Stores,Dollars (millions),H32,Current liabilities,Financial position,485,ANZSIC06 group G426
2015,Level 4,GH133,Department Stores,Dollars (millions),H33,Other liabilities,Financial position,508,ANZSIC06 group G426
2015,Level 4,GH133,Department Stores,Dollars,H34,Total income per employee count,Financial ratios,"229,600",ANZSIC06 group G426
2015,Level 4,GH133,Department Stores,Dollars,H35,Surplus per employee count,Financial ratios,"10,100",ANZSIC06 group G426
2015,Level 4,GH133,Department Stores,Percentage,H36,Current ratio,Financial ratios,228,ANZSIC06 group G426
2015,Level 4,GH133,Department Stores,Percentage,H37,Quick ratio,Financial ratios,73,ANZSIC06 group G426
2015,Level 4,GH133,Department Stores,Percentage,H38,Margin on sales of goods for resale,Financial ratios,36,ANZSIC06 group G426
2015,Level 4,GH133,Department Stores,Percentage,H39,Return on equity,Financial ratios,16,ANZSIC06 group G426
2015,Level 4,GH133,Department Stores,Percentage,H40,Return on total assets,Financial ratios,9,ANZSIC06 group G426
2015,Level 4,GH133,Department Stores,Percentage,H41,Liabilities structure,Financial ratios,54,ANZSIC06 group G426
2015,Level 4,GH134,Pharmaceutical and Other Store Based Retailing,Dollars (millions),H01,Total income,Financial performance,"4,807",ANZSIC06 group G427
2015,Level 4,GH134,Pharmaceutical and Other Store Based Retailing,Dollars (millions),H02,Sales of goods not further processed,Financial performance,"4,329",ANZSIC06 group G427
2015,Level 4,GH134,Pharmaceutical and Other Store Based Retailing,Dollars (millions),H03,Sales of other goods and services,Financial performance,431,ANZSIC06 group G427
2015,Level 4,GH134,Pharmaceutical and Other Store Based Retailing,Dollars (millions),H05,"Interest, dividends and donations",Financial performance,30,ANZSIC06 group G427
2015,Level 4,GH134,Pharmaceutical and Other Store Based Retailing,Dollars (millions),H06,"Government funding, grants and subsidies",Financial performance,0,ANZSIC06 group G427
2015,Level 4,GH134,Pharmaceutical and Other Store Based Retailing,Dollars (millions),H07,Non-operating income,Financial performance,16,ANZSIC06 group G427
2015,Level 4,GH134,Pharmaceutical and Other Store Based Retailing,Dollars (millions),H08,Total expenditure,Financial performance,"4,534",ANZSIC06 group G427
2015,Level 4,GH134,Pharmaceutical and Other Store Based Retailing,Dollars (millions),H09,Interest and donations,Financial performance,C,ANZSIC06 group G427
2015,Level 4,GH134,Pharmaceutical and Other Store Based Retailing,Dollars (millions),H10,Indirect taxes,Financial performance,16,ANZSIC06 group G427
2015,Level 4,GH134,Pharmaceutical and Other Store Based Retailing,Dollars (millions),H11,Depreciation,Financial performance,66,ANZSIC06 group G427
2015,Level 4,GH134,Pharmaceutical and Other Store Based Retailing,Dollars (millions),H12,Salaries and wages paid,Financial performance,835,ANZSIC06 group G427
2015,Level 4,GH134,Pharmaceutical and Other Store Based Retailing,Dollars (millions),H13,Redundancy and severance,Financial performance,1,ANZSIC06 group G427
2015,Level 4,GH134,Pharmaceutical and Other Store Based Retailing,Dollars (millions),H17,Purchases of goods bought for resale,Financial performance,"2,510",ANZSIC06 group G427
2015,Level 4,GH134,Pharmaceutical and Other Store Based Retailing,Dollars (millions),H18,Other Purchases and operating expenses,Financial performance,"1,051",ANZSIC06 group G427
2015,Level 4,GH134,Pharmaceutical and Other Store Based Retailing,Dollars (millions),H20,Non-operating expenses,Financial performance,C,ANZSIC06 group G427
2015,Level 4,GH134,Pharmaceutical and Other Store Based Retailing,Dollars (millions),H21,Opening stocks,Financial performance,552,ANZSIC06 group G427
2015,Level 4,GH134,Pharmaceutical and Other Store Based Retailing,Dollars (millions),H22,Closing stocks,Financial performance,561,ANZSIC06 group G427
2015,Level 4,GH134,Pharmaceutical and Other Store Based Retailing,Dollars (millions),H23,Surplus before income tax,Financial performance,282,ANZSIC06 group G427
2015,Level 4,GH134,Pharmaceutical and Other Store Based Retailing,Dollars (millions),H24,Total assets,Financial position,"2,543",ANZSIC06 group G427
2015,Level 4,GH134,Pharmaceutical and Other Store Based Retailing,Dollars (millions),H25,Current assets,Financial position,"1,404",ANZSIC06 group G427
2015,Level 4,GH134,Pharmaceutical and Other Store Based Retailing,Dollars (millions),H26,Fixed tangible assets,Financial position,571,ANZSIC06 group G427
2015,Level 4,GH134,Pharmaceutical and Other Store Based Retailing,Dollars (millions),H27,Additions to fixed assets,Financial position,131,ANZSIC06 group G427
2015,Level 4,GH134,Pharmaceutical and Other Store Based Retailing,Dollars (millions),H28,Disposals of fixed assets,Financial position,51,ANZSIC06 group G427
2015,Level 4,GH134,Pharmaceutical and Other Store Based Retailing,Dollars (millions),H29,Other assets,Financial position,569,ANZSIC06 group G427
2015,Level 4,GH134,Pharmaceutical and Other Store Based Retailing,Dollars (millions),H30,Total equity and liabilities,Financial position,"2,543",ANZSIC06 group G427
2015,Level 4,GH134,Pharmaceutical and Other Store Based Retailing,Dollars (millions),H31,Shareholders funds or owners equity,Financial position,921,ANZSIC06 group G427
2015,Level 4,GH134,Pharmaceutical and Other Store Based Retailing,Dollars (millions),H32,Current liabilities,Financial position,"1,044",ANZSIC06 group G427
2015,Level 4,GH134,Pharmaceutical and Other Store Based Retailing,Dollars (millions),H33,Other liabilities,Financial position,578,ANZSIC06 group G427
2015,Level 4,GH134,Pharmaceutical and Other Store Based Retailing,Dollars,H34,Total income per employee count,Financial ratios,"211,200",ANZSIC06 group G427
2015,Level 4,GH134,Pharmaceutical and Other Store Based Retailing,Dollars,H35,Surplus per employee count,Financial ratios,"12,400",ANZSIC06 group G427
2015,Level 4,GH134,Pharmaceutical and Other Store Based Retailing,Percentage,H36,Current ratio,Financial ratios,134,ANZSIC06 group G427
2015,Level 4,GH134,Pharmaceutical and Other Store Based Retailing,Percentage,H37,Quick ratio,Financial ratios,81,ANZSIC06 group G427
2015,Level 4,GH134,Pharmaceutical and Other Store Based Retailing,Percentage,H38,Margin on sales of goods for resale,Financial ratios,42,ANZSIC06 group G427
2015,Level 4,GH134,Pharmaceutical and Other Store Based Retailing,Percentage,H39,Return on equity,Financial ratios,31,ANZSIC06 group G427
2015,Level 4,GH134,Pharmaceutical and Other Store Based Retailing,Percentage,H40,Return on total assets,Financial ratios,11,ANZSIC06 group G427
2015,Level 4,GH134,Pharmaceutical and Other Store Based Retailing,Percentage,H41,Liabilities structure,Financial ratios,36,ANZSIC06 group G427
2015,Level 4,GH135,Non-Store and Commission Based Retailing,Dollars (millions),H01,Total income,Financial performance,"1,091",ANZSIC06 groups G431 and G432
2015,Level 4,GH135,Non-Store and Commission Based Retailing,Dollars (millions),H02,Sales of goods not further processed,Financial performance,884,ANZSIC06 groups G431 and G432
2015,Level 4,GH135,Non-Store and Commission Based Retailing,Dollars (millions),H03,Sales of other goods and services,Financial performance,192,ANZSIC06 groups G431 and G432
2015,Level 4,GH135,Non-Store and Commission Based Retailing,Dollars (millions),H05,"Interest, dividends and donations",Financial performance,12,ANZSIC06 groups G431 and G432
2015,Level 4,GH135,Non-Store and Commission Based Retailing,Dollars (millions),H06,"Government funding, grants and subsidies",Financial performance,0,ANZSIC06 groups G431 and G432
2015,Level 4,GH135,Non-Store and Commission Based Retailing,Dollars (millions),H07,Non-operating income,Financial performance,3,ANZSIC06 groups G431 and G432
2015,Level 4,GH135,Non-Store and Commission Based Retailing,Dollars (millions),H08,Total expenditure,Financial performance,"1,057",ANZSIC06 groups G431 and G432
2015,Level 4,GH135,Non-Store and Commission Based Retailing,Dollars (millions),H09,Interest and donations,Financial performance,11,ANZSIC06 groups G431 and G432
2015,Level 4,GH135,Non-Store and Commission Based Retailing,Dollars (millions),H10,Indirect taxes,Financial performance,2,ANZSIC06 groups G431 and G432
2015,Level 4,GH135,Non-Store and Commission Based Retailing,Dollars (millions),H11,Depreciation,Financial performance,20,ANZSIC06 groups G431 and G432
2015,Level 4,GH135,Non-Store and Commission Based Retailing,Dollars (millions),H12,Salaries and wages paid,Financial performance,175,ANZSIC06 groups G431 and G432
