Year,Industry_aggregation_NZSIOC,Industry_code_NZSIOC,Industry_name_NZSIOC,Units,Variable_code,Variable_name,Variable_category,Value,Industry_code_ANZSIC06
2019,Level 4,LL111,Rental and Hiring Services (except Real Estate),Dollars (millions),H22,Closing stocks,Financial performance,248,"ANZSIC06 groups L661, L662, and L663"
2019,Level 4,LL111,Rental and Hiring Services (except Real Estate),Dollars (millions),H23,Surplus before income tax,Financial performance,713,"ANZSIC06 groups L661, L662, and L663"
2019,Level 4,LL111,Rental and Hiring Services (except Real Estate),Dollars (millions),H24,Total assets,Financial position,"18,580","ANZSIC06 groups L661, L662, and L663"
2019,Level 4,LL111,Rental and Hiring Services (except Real Estate),Dollars (millions),H25,Current assets,Financial position,"2,931","ANZSIC06 groups L661, L662, and L663"
2019,Level 4,LL111,Rental and Hiring Services (except Real Estate),Dollars (millions),H26,Fixed tangible assets,Financial position,"12,757","ANZSIC06 groups L661, L662, and L663"
2019,Level 4,LL111,Rental and Hiring Services (except Real Estate),Dollars (millions),H27,Additions to fixed assets,Financial position,"4,031","ANZSIC06 groups L661, L662, and L663"
2019,Level 4,LL111,Rental and Hiring Services (except Real Estate),Dollars (millions),H28,Disposals of fixed assets,Financial position,"1,249","ANZSIC06 groups L661, L662, and L663"
2019,Level 4,LL111,Rental and Hiring Services (except Real Estate),Dollars (millions),H29,Other assets,Financial position,"2,892","ANZSIC06 groups L661, L662, and L663"
2019,Level 4,LL111,Rental and Hiring Services (except Real Estate),Dollars (millions),H30,Total equity and liabilities,Financial position,"18,580","ANZSIC06 groups L661, L662, and L663"
2019,Level 4,LL111,Rental and Hiring Services (except Real Estate),Dollars (millions),H31,Shareholders funds or owners equity,Financial position,"5,626","ANZSIC06 groups L661, L662, and L663"
2019,Level 4,LL111,Rental and Hiring Services (except Real Estate),Dollars (millions),H32,Current liabilities,Financial position,"5,233","ANZSIC06 groups L661, L662, and L663"
2019,Level 4,LL111,Rental and Hiring Services (except Real Estate),Dollars (millions),H33,Other liabilities,Financial position,"7,721","ANZSIC06 groups L661, L662, and L663"
2019,Level 4,LL111,Rental and Hiring Services (except Real Estate),Dollars,H34,Total income per employee count,Financial ratios,"418,700","ANZSIC06 groups L661, L662, and L663"
2019,Level 4,LL111,Rental and Hiring Services (except Real Estate),Dollars,H35,Surplus per employee count,Financial ratios,"53,500","ANZSIC06 groups L661, L662, and L663"
2019,Level 4,LL111,Rental and Hiring Services (except Real Estate),Percentage,H36,Current ratio,Financial ratios,56,"ANZSIC06 groups L661, L662, and L663"
2019,Level 4,LL111,Rental and Hiring Services (except Real Estate),Percentage,H37,Quick ratio,Financial ratios,51,"ANZSIC06 groups L661, L662, and L663"
2019,Level 4,LL111,Rental and Hiring Services (except Real Estate),Percentage,H39,Return on equity,Financial ratios,13,"ANZSIC06 groups L661, L662, and L663"
2019,Level 4,LL111,Rental and Hiring Services (except Real Estate),Percentage,H40,Return on total assets,Financial ratios,4,"ANZSIC06 groups L661, L662, and L663"
2019,Level 4,LL111,Rental and Hiring Services (except Real Estate),Percentage,H41,Liabilities structure,Financial ratios,30,"ANZSIC06 groups L661, L662, and L663"
2019,Level 4,LL112,Non-Financial Asset Leasing,Dollars (millions),H01,Total income,Financial performance,"1,271",ANZSIC06 group L664
2019,Level 4,LL112,Non-Financial Asset Leasing,Dollars (millions),H04,Sales of goods and services,Financial performance,"1,171",ANZSIC06 group L664
2019,Level 4,LL112,Non-Financial Asset Leasing,Dollars (millions),H05,"Interest, dividends and donations",Financial performance,C,ANZSIC06 group L664
2019,Level 4,LL112,Non-Financial Asset Leasing,Dollars (millions),H06,"Government funding, grants and subsidies",Financial performance,C,ANZSIC06 group L664
2019,Level 4,LL112,Non-Financial Asset Leasing,Dollars (millions),H07,Non-operating income,Financial performance,43,ANZSIC06 group L664
2019,Level 4,LL112,Non-Financial Asset Leasing,Dollars (millions),H08,Total expenditure,Financial performance,892,ANZSIC06 group L664
2019,Level 4,LL112,Non-Financial Asset Leasing,Dollars (millions),H09,Interest and donations,Financial performance,37,ANZSIC06 group L664
2019,Level 4,LL112,Non-Financial Asset Leasing,Dollars (millions),H10,Indirect taxes,Financial performance,3,ANZSIC06 group L664
2019,Level 4,LL112,Non-Financial Asset Leasing,Dollars (millions),H11,Depreciation,Financial performance,32,ANZSIC06 group L664
2019,Level 4,LL112,Non-Financial Asset Leasing,Dollars (millions),H12,Salaries and wages paid,Financial performance,155,ANZSIC06 group L664
2019,Level 4,LL112,Non-Financial Asset Leasing,Dollars (millions),H13,Redundancy and severance,Financial performance,1,ANZSIC06 group L664
2019,Level 4,LL112,Non-Financial Asset Leasing,Dollars (millions),H14,Salaries and wages to self employed commission agents,Financial performance,1,ANZSIC06 group L664
2019,Level 4,LL112,Non-Financial Asset Leasing,Dollars (millions),H19,Purchases and other operating expenses,Financial performance,644,ANZSIC06 group L664
2019,Level 4,LL112,Non-Financial Asset Leasing,Dollars (millions),H20,Non-operating expenses,Financial performance,22,ANZSIC06 group L664
2019,Level 4,LL112,Non-Financial Asset Leasing,Dollars (millions),H21,Opening stocks,Financial performance,23,ANZSIC06 group L664
2019,Level 4,LL112,Non-Financial Asset Leasing,Dollars (millions),H22,Closing stocks,Financial performance,42,ANZSIC06 group L664
2019,Level 4,LL112,Non-Financial Asset Leasing,Dollars (millions),H23,Surplus before income tax,Financial performance,397,ANZSIC06 group L664
2019,Level 4,LL112,Non-Financial Asset Leasing,Dollars (millions),H24,Total assets,Financial position,"6,131",ANZSIC06 group L664
2019,Level 4,LL112,Non-Financial Asset Leasing,Dollars (millions),H25,Current assets,Financial position,"1,914",ANZSIC06 group L664
2019,Level 4,LL112,Non-Financial Asset Leasing,Dollars (millions),H26,Fixed tangible assets,Financial position,933,ANZSIC06 group L664
2019,Level 4,LL112,Non-Financial Asset Leasing,Dollars (millions),H27,Additions to fixed assets,Financial position,308,ANZSIC06 group L664
2019,Level 4,LL112,Non-Financial Asset Leasing,Dollars (millions),H28,Disposals of fixed assets,Financial position,190,ANZSIC06 group L664
2019,Level 4,LL112,Non-Financial Asset Leasing,Dollars (millions),H29,Other assets,Financial position,"3,284",ANZSIC06 group L664
2019,Level 4,LL112,Non-Financial Asset Leasing,Dollars (millions),H30,Total equity and liabilities,Financial position,"6,131",ANZSIC06 group L664
2019,Level 4,LL112,Non-Financial Asset Leasing,Dollars (millions),H31,Shareholders funds or owners equity,Financial position,"3,480",ANZSIC06 group L664
2019,Level 4,LL112,Non-Financial Asset Leasing,Dollars (millions),H32,Current liabilities,Financial position,"1,485",ANZSIC06 group L664
2019,Level 4,LL112,Non-Financial Asset Leasing,Dollars (millions),H33,Other liabilities,Financial position,"1,166",ANZSIC06 group L664
2019,Level 4,LL112,Non-Financial Asset Leasing,Dollars,H34,Total income per employee count,Financial ratios,"751,800",ANZSIC06 group L664
2019,Level 4,LL112,Non-Financial Asset Leasing,Dollars,H35,Surplus per employee count,Financial ratios,"235,000",ANZSIC06 group L664
2019,Level 4,LL112,Non-Financial Asset Leasing,Percentage,H36,Current ratio,Financial ratios,129,ANZSIC06 group L664
2019,Level 4,LL112,Non-Financial Asset Leasing,Percentage,H37,Quick ratio,Financial ratios,126,ANZSIC06 group L664
2019,Level 4,LL112,Non-Financial Asset Leasing,Percentage,H39,Return on equity,Financial ratios,11,ANZSIC06 group L664
2019,Level 4,LL112,Non-Financial Asset Leasing,Percentage,H40,Return on total assets,Financial ratios,6,ANZSIC06 group L664
2019,Level 4,LL112,Non-Financial Asset Leasing,Percentage,H41,Liabilities structure,Financial ratios,57,ANZSIC06 group L664
2019,Level 3,LL12,Property Operators and Real Estate Services,Dollars (millions),H01,Total income,Financial performance,"28,373","ANZSIC06 groups L671 (excluding class L6711), and L672"
2019,Level 3,LL12,Property Operators and Real Estate Services,Dollars (millions),H04,Sales of goods and services,Financial performance,"22,744","ANZSIC06 groups L671 (excluding class L6711), and L672"
2019,Level 3,LL12,Property Operators and Real Estate Services,Dollars (millions),H05,"Interest, dividends and donations",Financial performance,C,"ANZSIC06 groups L671 (excluding class L6711), and L672"
2019,Level 3,LL12,Property Operators and Real Estate Services,Dollars (millions),H06,"Government funding, grants and subsidies",Financial performance,C,"ANZSIC06 groups L671 (excluding class L6711), and L672"
2019,Level 3,LL12,Property Operators and Real Estate Services,Dollars (millions),H07,Non-operating income,Financial performance,"4,204","ANZSIC06 groups L671 (excluding class L6711), and L672"
2019,Level 3,LL12,Property Operators and Real Estate Services,Dollars (millions),H08,Total expenditure,Financial performance,"16,786","ANZSIC06 groups L671 (excluding class L6711), and L672"
2019,Level 3,LL12,Property Operators and Real Estate Services,Dollars (millions),H09,Interest and donations,Financial performance,"3,666","ANZSIC06 groups L671 (excluding class L6711), and L672"
2019,Level 3,LL12,Property Operators and Real Estate Services,Dollars (millions),H10,Indirect taxes,Financial performance,691,"ANZSIC06 groups L671 (excluding class L6711), and L672"
2019,Level 3,LL12,Property Operators and Real Estate Services,Dollars (millions),H11,Depreciation,Financial performance,"1,148","ANZSIC06 groups L671 (excluding class L6711), and L672"
2019,Level 3,LL12,Property Operators and Real Estate Services,Dollars (millions),H12,Salaries and wages paid,Financial performance,"1,719","ANZSIC06 groups L671 (excluding class L6711), and L672"
2019,Level 3,LL12,Property Operators and Real Estate Services,Dollars (millions),H13,Redundancy and severance,Financial performance,1,"ANZSIC06 groups L671 (excluding class L6711), and L672"
2019,Level 3,LL12,Property Operators and Real Estate Services,Dollars (millions),H14,Salaries and wages to self employed commission agents,Financial performance,"1,202","ANZSIC06 groups L671 (excluding class L6711), and L672"
2019,Level 3,LL12,Property Operators and Real Estate Services,Dollars (millions),H19,Purchases and other operating expenses,Financial performance,"7,820","ANZSIC06 groups L671 (excluding class L6711), and L672"
2019,Level 3,LL12,Property Operators and Real Estate Services,Dollars (millions),H20,Non-operating expenses,Financial performance,541,"ANZSIC06 groups L671 (excluding class L6711), and L672"
2019,Level 3,LL12,Property Operators and Real Estate Services,Dollars (millions),H21,Opening stocks,Financial performance,"2,619","ANZSIC06 groups L671 (excluding class L6711), and L672"
2019,Level 3,LL12,Property Operators and Real Estate Services,Dollars (millions),H22,Closing stocks,Financial performance,"2,769","ANZSIC06 groups L671 (excluding class L6711), and L672"
2019,Level 3,LL12,Property Operators and Real Estate Services,Dollars (millions),H23,Surplus before income tax,Financial performance,"11,737","ANZSIC06 groups L671 (excluding class L6711), and L672"
2019,Level 3,LL12,Property Operators and Real Estate Services,Dollars (millions),H24,Total assets,Financial position,"251,646","ANZSIC06 groups L671 (excluding class L6711), and L672"
2019,Level 3,LL12,Property Operators and Real Estate Services,Dollars (millions),H25,Current assets,Financial position,"30,659","ANZSIC06 groups L671 (excluding class L6711), and L672"
2019,Level 3,LL12,Property Operators and Real Estate Services,Dollars (millions),H26,Fixed tangible assets,Financial position,"187,823","ANZSIC06 groups L671 (excluding class L6711), and L672"
2019,Level 3,LL12,Property Operators and Real Estate Services,Dollars (millions),H27,Additions to fixed assets,Financial position,"27,199","ANZSIC06 groups L671 (excluding class L6711), and L672"
2019,Level 3,LL12,Property Operators and Real Estate Services,Dollars (millions),H28,Disposals of fixed assets,Financial position,"15,073","ANZSIC06 groups L671 (excluding class L6711), and L672"
2019,Level 3,LL12,Property Operators and Real Estate Services,Dollars (millions),H29,Other assets,Financial position,"33,163","ANZSIC06 groups L671 (excluding class L6711), and L672"
2019,Level 3,LL12,Property Operators and Real Estate Services,Dollars (millions),H30,Total equity and liabilities,Financial position,"251,646","ANZSIC06 groups L671 (excluding class L6711), and L672"
2019,Level 3,LL12,Property Operators and Real Estate Services,Dollars (millions),H31,Shareholders funds or owners equity,Financial position,"116,566","ANZSIC06 groups L671 (excluding class L6711), and L672"
2019,Level 3,LL12,Property Operators and Real Estate Services,Dollars (millions),H32,Current liabilities,Financial position,"48,020","ANZSIC06 groups L671 (excluding class L6711), and L672"
2019,Level 3,LL12,Property Operators and Real Estate Services,Dollars (millions),H33,Other liabilities,Financial position,"87,060","ANZSIC06 groups L671 (excluding class L6711), and L672"
2019,Level 3,LL12,Property Operators and Real Estate Services,Dollars,H34,Total income per employee count,Financial ratios,"1,610,500","ANZSIC06 groups L671 (excluding class L6711), and L672"
2019,Level 3,LL12,Property Operators and Real Estate Services,Dollars,H35,Surplus per employee count,Financial ratios,"666,200","ANZSIC06 groups L671 (excluding class L6711), and L672"
2019,Level 3,LL12,Property Operators and Real Estate Services,Percentage,H36,Current ratio,Financial ratios,64,"ANZSIC06 groups L671 (excluding class L6711), and L672"
2019,Level 3,LL12,Property Operators and Real Estate Services,Percentage,H37,Quick ratio,Financial ratios,58,"ANZSIC06 groups L671 (excluding class L6711), and L672"
2019,Level 3,LL12,Property Operators and Real Estate Services,Percentage,H39,Return on equity,Financial ratios,10,"ANZSIC06 groups L671 (excluding class L6711), and L672"
2019,Level 3,LL12,Property Operators and Real Estate Services,Percentage,H40,Return on total assets,Financial ratios,5,"ANZSIC06 groups L671 (excluding class L6711), and L672"
2019,Level 3,LL12,Property Operators and Real Estate Services,Percentage,H41,Liabilities structure,Financial ratios,46,"ANZSIC06 groups L671 (excluding class L6711), and L672"
2019,Level 4,LL122,Non-Residential Property Operation,Dollars (millions),H01,Total income,Financial performance,"23,512",ANZSIC06 class L671200
2019,Level 4,LL122,Non-Residential Property Operation,Dollars (millions),H04,Sales of goods and services,Financial performance,"18,022",ANZSIC06 class L671200
2019,Level 4,LL122,Non-Residential Property Operation,Dollars (millions),H05,"Interest, dividends and donations",Financial performance,C,ANZSIC06 class L671200
2019,Level 4,LL122,Non-Residential Property Operation,Dollars (millions),H06,"Government funding, grants and subsidies",Financial performance,C,ANZSIC06 class L671200
2019,Level 4,LL122,Non-Residential Property Operation,Dollars (millions),H07,Non-operating income,Financial performance,"4,131",ANZSIC06 class L671200
2019,Level 4,LL122,Non-Residential Property Operation,Dollars (millions),H08,Total expenditure,Financial performance,"12,917",ANZSIC06 class L671200
2019,Level 4,LL122,Non-Residential Property Operation,Dollars (millions),H09,Interest and donations,Financial performance,"3,601",ANZSIC06 class L671200
2019,Level 4,LL122,Non-Residential Property Operation,Dollars (millions),H10,Indirect taxes,Financial performance,667,ANZSIC06 class L671200
2019,Level 4,LL122,Non-Residential Property Operation,Dollars (millions),H11,Depreciation,Financial performance,"1,046",ANZSIC06 class L671200
2019,Level 4,LL122,Non-Residential Property Operation,Dollars (millions),H12,Salaries and wages paid,Financial performance,772,ANZSIC06 class L671200
2019,Level 4,LL122,Non-Residential Property Operation,Dollars (millions),H13,Redundancy and severance,Financial performance,0,ANZSIC06 class L671200
2019,Level 4,LL122,Non-Residential Property Operation,Dollars (millions),H14,Salaries and wages to self employed commission agents,Financial performance,0,ANZSIC06 class L671200
2019,Level 4,LL122,Non-Residential Property Operation,Dollars (millions),H19,Purchases and other operating expenses,Financial performance,"6,343",ANZSIC06 class L671200
