Year,Industry_aggregation_NZSIOC,Industry_code_NZSIOC,Industry_name_NZSIOC,Units,Variable_code,Variable_name,Variable_category,Value,Industry_code_ANZSIC06
2019,Level 3,MN11,"Professional, Scientific and Technical Services",Dollars (millions),H20,Non-operating expenses,Financial performance,864,ANZSIC06 division M
2019,Level 3,MN11,"Professional, Scientific and Technical Services",Dollars (millions),H21,Opening stocks,Financial performance,746,ANZSIC06 division M
2019,Level 3,MN11,"Professional, Scientific and Technical Services",Dollars (millions),H22,Closing stocks,Financial performance,773,ANZSIC06 division M
2019,Level 3,MN11,"Professional, Scientific and Technical Services",Dollars (millions),H23,Surplus before income tax,Financial performance,"6,577",ANZSIC06 division M
2019,Level 3,MN11,"Professional, Scientific and Technical Services",Dollars (millions),H24,Total assets,Financial position,"64,821",ANZSIC06 division M
2019,Level 3,MN11,"Professional, Scientific and Technical Services",Dollars (millions),H25,Current assets,Financial position,"25,364",ANZSIC06 division M
2019,Level 3,MN11,"Professional, Scientific and Technical Services",Dollars (millions),H26,Fixed tangible assets,Financial position,"6,822",ANZSIC06 division M
2019,Level 3,MN11,"Professional, Scientific and Technical Services",Dollars (millions),H27,Additions to fixed assets,Financial position,"1,942",ANZSIC06 division M
2019,Level 3,MN11,"Professional, Scientific and Technical Services",Dollars (millions),H28,Disposals of fixed assets,Financial position,822,ANZSIC06 division M
2019,Level 3,MN11,"Professional, Scientific and Technical Services",Dollars (millions),H29,Other assets,Financial position,"32,635",ANZSIC06 division M
2019,Level 3,MN11,"Professional, Scientific and Technical Services",Dollars (millions),H30,Total equity and liabilities,Financial position,"64,821",ANZSIC06 division M
2019,Level 3,MN11,"Professional, Scientific and Technical Services",Dollars (millions),H31,Shareholders funds or owners equity,Financial position,"24,979",ANZSIC06 division M
2019,Level 3,MN11,"Professional, Scientific and Technical Services",Dollars (millions),H32,Current liabilities,Financial position,"23,893",ANZSIC06 division M
2019,Level 3,MN11,"Professional, Scientific and Technical Services",Dollars (millions),H33,Other liabilities,Financial position,"15,949",ANZSIC06 division M
2019,Level 3,MN11,"Professional, Scientific and Technical Services",Dollars,H34,Total income per employee count,Financial ratios,"273,500",ANZSIC06 division M
2019,Level 3,MN11,"Professional, Scientific and Technical Services",Dollars,H35,Surplus per employee count,Financial ratios,"41,100",ANZSIC06 division M
2019,Level 3,MN11,"Professional, Scientific and Technical Services",Percentage,H36,Current ratio,Financial ratios,106,ANZSIC06 division M
2019,Level 3,MN11,"Professional, Scientific and Technical Services",Percentage,H37,Quick ratio,Financial ratios,103,ANZSIC06 division M
2019,Level 3,MN11,"Professional, Scientific and Technical Services",Percentage,H39,Return on equity,Financial ratios,26,ANZSIC06 division M
2019,Level 3,MN11,"Professional, Scientific and Technical Services",Percentage,H40,Return on total assets,Financial ratios,10,ANZSIC06 division M
2019,Level 3,MN11,"Professional, Scientific and Technical Services",Percentage,H41,Liabilities structure,Financial ratios,39,ANZSIC06 division M
2019,Level 4,MN111,"Scientific, Architectural and Engineering Services",Dollars (millions),H01,Total income,Financial performance,"10,435",ANZSIC06 groups M691 and M692
2019,Level 4,MN111,"Scientific, Architectural and Engineering Services",Dollars (millions),H04,Sales of goods and services,Financial performance,"10,231",ANZSIC06 groups M691 and M692
2019,Level 4,MN111,"Scientific, Architectural and Engineering Services",Dollars (millions),H05,"Interest, dividends and donations",Financial performance,100,ANZSIC06 groups M691 and M692
2019,Level 4,MN111,"Scientific, Architectural and Engineering Services",Dollars (millions),H06,"Government funding, grants and subsidies",Financial performance,51,ANZSIC06 groups M691 and M692
2019,Level 4,MN111,"Scientific, Architectural and Engineering Services",Dollars (millions),H07,Non-operating income,Financial performance,52,ANZSIC06 groups M691 and M692
2019,Level 4,MN111,"Scientific, Architectural and Engineering Services",Dollars (millions),H08,Total expenditure,Financial performance,"9,222",ANZSIC06 groups M691 and M692
2019,Level 4,MN111,"Scientific, Architectural and Engineering Services",Dollars (millions),H09,Interest and donations,Financial performance,69,ANZSIC06 groups M691 and M692
2019,Level 4,MN111,"Scientific, Architectural and Engineering Services",Dollars (millions),H10,Indirect taxes,Financial performance,28,ANZSIC06 groups M691 and M692
2019,Level 4,MN111,"Scientific, Architectural and Engineering Services",Dollars (millions),H11,Depreciation,Financial performance,224,ANZSIC06 groups M691 and M692
2019,Level 4,MN111,"Scientific, Architectural and Engineering Services",Dollars (millions),H12,Salaries and wages paid,Financial performance,"4,141",ANZSIC06 groups M691 and M692
2019,Level 4,MN111,"Scientific, Architectural and Engineering Services",Dollars (millions),H13,Redundancy and severance,Financial performance,4,ANZSIC06 groups M691 and M692
2019,Level 4,MN111,"Scientific, Architectural and Engineering Services",Dollars (millions),H19,Purchases and other operating expenses,Financial performance,"4,645",ANZSIC06 groups M691 and M692
2019,Level 4,MN111,"Scientific, Architectural and Engineering Services",Dollars (millions),H20,Non-operating expenses,Financial performance,114,ANZSIC06 groups M691 and M692
2019,Level 4,MN111,"Scientific, Architectural and Engineering Services",Dollars (millions),H21,Opening stocks,Financial performance,245,ANZSIC06 groups M691 and M692
2019,Level 4,MN111,"Scientific, Architectural and Engineering Services",Dollars (millions),H22,Closing stocks,Financial performance,277,ANZSIC06 groups M691 and M692
2019,Level 4,MN111,"Scientific, Architectural and Engineering Services",Dollars (millions),H23,Surplus before income tax,Financial performance,"1,245",ANZSIC06 groups M691 and M692
2019,Level 4,MN111,"Scientific, Architectural and Engineering Services",Dollars (millions),H24,Total assets,Financial position,"6,237",ANZSIC06 groups M691 and M692
2019,Level 4,MN111,"Scientific, Architectural and Engineering Services",Dollars (millions),H25,Current assets,Financial position,"3,767",ANZSIC06 groups M691 and M692
2019,Level 4,MN111,"Scientific, Architectural and Engineering Services",Dollars (millions),H26,Fixed tangible assets,Financial position,"1,192",ANZSIC06 groups M691 and M692
2019,Level 4,MN111,"Scientific, Architectural and Engineering Services",Dollars (millions),H27,Additions to fixed assets,Financial position,351,ANZSIC06 groups M691 and M692
2019,Level 4,MN111,"Scientific, Architectural and Engineering Services",Dollars (millions),H28,Disposals of fixed assets,Financial position,143,ANZSIC06 groups M691 and M692
2019,Level 4,MN111,"Scientific, Architectural and Engineering Services",Dollars (millions),H29,Other assets,Financial position,"1,278",ANZSIC06 groups M691 and M692
2019,Level 4,MN111,"Scientific, Architectural and Engineering Services",Dollars (millions),H30,Total equity and liabilities,Financial position,"6,237",ANZSIC06 groups M691 and M692
2019,Level 4,MN111,"Scientific, Architectural and Engineering Services",Dollars (millions),H31,Shareholders funds or owners equity,Financial position,"2,721",ANZSIC06 groups M691 and M692
2019,Level 4,MN111,"Scientific, Architectural and Engineering Services",Dollars (millions),H32,Current liabilities,Financial position,"2,521",ANZSIC06 groups M691 and M692
2019,Level 4,MN111,"Scientific, Architectural and Engineering Services",Dollars (millions),H33,Other liabilities,Financial position,995,ANZSIC06 groups M691 and M692
2019,Level 4,MN111,"Scientific, Architectural and Engineering Services",Dollars,H34,Total income per employee count,Financial ratios,"235,200",ANZSIC06 groups M691 and M692
2019,Level 4,MN111,"Scientific, Architectural and Engineering Services",Dollars,H35,Surplus per employee count,Financial ratios,"28,100",ANZSIC06 groups M691 and M692
2019,Level 4,MN111,"Scientific, Architectural and Engineering Services",Percentage,H36,Current ratio,Financial ratios,149,ANZSIC06 groups M691 and M692
2019,Level 4,MN111,"Scientific, Architectural and Engineering Services",Percentage,H37,Quick ratio,Financial ratios,138,ANZSIC06 groups M691 and M692
2019,Level 4,MN111,"Scientific, Architectural and Engineering Services",Percentage,H39,Return on equity,Financial ratios,46,ANZSIC06 groups M691 and M692
2019,Level 4,MN111,"Scientific, Architectural and Engineering Services",Percentage,H40,Return on total assets,Financial ratios,20,ANZSIC06 groups M691 and M692
2019,Level 4,MN111,"Scientific, Architectural and Engineering Services",Percentage,H41,Liabilities structure,Financial ratios,44,ANZSIC06 groups M691 and M692
2019,Level 4,MN112,Legal and Accounting Services,Dollars (millions),H01,Total income,Financial performance,"6,929",ANZSIC06 group M693
2019,Level 4,MN112,Legal and Accounting Services,Dollars (millions),H04,Sales of goods and services,Financial performance,"6,874",ANZSIC06 group M693
2019,Level 4,MN112,Legal and Accounting Services,Dollars (millions),H05,"Interest, dividends and donations",Financial performance,20,ANZSIC06 group M693
2019,Level 4,MN112,Legal and Accounting Services,Dollars (millions),H06,"Government funding, grants and subsidies",Financial performance,5,ANZSIC06 group M693
2019,Level 4,MN112,Legal and Accounting Services,Dollars (millions),H07,Non-operating income,Financial performance,30,ANZSIC06 group M693
2019,Level 4,MN112,Legal and Accounting Services,Dollars (millions),H08,Total expenditure,Financial performance,"5,014",ANZSIC06 group M693
2019,Level 4,MN112,Legal and Accounting Services,Dollars (millions),H09,Interest and donations,Financial performance,83,ANZSIC06 group M693
2019,Level 4,MN112,Legal and Accounting Services,Dollars (millions),H10,Indirect taxes,Financial performance,15,ANZSIC06 group M693
2019,Level 4,MN112,Legal and Accounting Services,Dollars (millions),H11,Depreciation,Financial performance,105,ANZSIC06 group M693
2019,Level 4,MN112,Legal and Accounting Services,Dollars (millions),H12,Salaries and wages paid,Financial performance,"2,743",ANZSIC06 group M693
2019,Level 4,MN112,Legal and Accounting Services,Dollars (millions),H13,Redundancy and severance,Financial performance,1,ANZSIC06 group M693
2019,Level 4,MN112,Legal and Accounting Services,Dollars (millions),H19,Purchases and other operating expenses,Financial performance,"2,009",ANZSIC06 group M693
2019,Level 4,MN112,Legal and Accounting Services,Dollars (millions),H20,Non-operating expenses,Financial performance,60,ANZSIC06 group M693
2019,Level 4,MN112,Legal and Accounting Services,Dollars (millions),H21,Opening stocks,Financial performance,116,ANZSIC06 group M693
2019,Level 4,MN112,Legal and Accounting Services,Dollars (millions),H22,Closing stocks,Financial performance,133,ANZSIC06 group M693
2019,Level 4,MN112,Legal and Accounting Services,Dollars (millions),H23,Surplus before income tax,Financial performance,"1,931",ANZSIC06 group M693
2019,Level 4,MN112,Legal and Accounting Services,Dollars (millions),H24,Total assets,Financial position,"3,669",ANZSIC06 group M693
2019,Level 4,MN112,Legal and Accounting Services,Dollars (millions),H25,Current assets,Financial position,"2,056",ANZSIC06 group M693
2019,Level 4,MN112,Legal and Accounting Services,Dollars (millions),H26,Fixed tangible assets,Financial position,723,ANZSIC06 group M693
2019,Level 4,MN112,Legal and Accounting Services,Dollars (millions),H27,Additions to fixed assets,Financial position,204,ANZSIC06 group M693
2019,Level 4,MN112,Legal and Accounting Services,Dollars (millions),H28,Disposals of fixed assets,Financial position,70,ANZSIC06 group M693
2019,Level 4,MN112,Legal and Accounting Services,Dollars (millions),H29,Other assets,Financial position,889,ANZSIC06 group M693
2019,Level 4,MN112,Legal and Accounting Services,Dollars (millions),H30,Total equity and liabilities,Financial position,"3,668",ANZSIC06 group M693
2019,Level 4,MN112,Legal and Accounting Services,Dollars (millions),H31,Shareholders funds or owners equity,Financial position,"1,363",ANZSIC06 group M693
2019,Level 4,MN112,Legal and Accounting Services,Dollars (millions),H32,Current liabilities,Financial position,"1,506",ANZSIC06 group M693
2019,Level 4,MN112,Legal and Accounting Services,Dollars (millions),H33,Other liabilities,Financial position,800,ANZSIC06 group M693
2019,Level 4,MN112,Legal and Accounting Services,Dollars,H34,Total income per employee count,Financial ratios,"202,000",ANZSIC06 group M693
2019,Level 4,MN112,Legal and Accounting Services,Dollars,H35,Surplus per employee count,Financial ratios,"56,300",ANZSIC06 group M693
2019,Level 4,MN112,Legal and Accounting Services,Percentage,H36,Current ratio,Financial ratios,137,ANZSIC06 group M693
2019,Level 4,MN112,Legal and Accounting Services,Percentage,H37,Quick ratio,Financial ratios,128,ANZSIC06 group M693
2019,Level 4,MN112,Legal and Accounting Services,Percentage,H39,Return on equity,Financial ratios,142,ANZSIC06 group M693
2019,Level 4,MN112,Legal and Accounting Services,Percentage,H40,Return on total assets,Financial ratios,53,ANZSIC06 group M693
2019,Level 4,MN112,Legal and Accounting Services,Percentage,H41,Liabilities structure,Financial ratios,37,ANZSIC06 group M693
2019,Level 4,MN113,"Advertising, Market Research and Management Services",Dollars (millions),H01,Total income,Financial performance,"14,098","ANZSIC06 groups M694, M695, and M696"
2019,Level 4,MN113,"Advertising, Market Research and Management Services",Dollars (millions),H04,Sales of goods and services,Financial performance,"11,208","ANZSIC06 groups M694, M695, and M696"
2019,Level 4,MN113,"Advertising, Market Research and Management Services",Dollars (millions),H05,"Interest, dividends and donations",Financial performance,"2,440","ANZSIC06 groups M694, M695, and M696"
2019,Level 4,MN113,"Advertising, Market Research and Management Services",Dollars (millions),H06,"Government funding, grants and subsidies",Financial performance,192,"ANZSIC06 groups M694, M695, and M696"
2019,Level 4,MN113,"Advertising, Market Research and Management Services",Dollars (millions),H07,Non-operating income,Financial performance,258,"ANZSIC06 groups M694, M695, and M696"
2019,Level 4,MN113,"Advertising, Market Research and Management Services",Dollars (millions),H08,Total expenditure,Financial performance,"11,990","ANZSIC06 groups M694, M695, and M696"
2019,Level 4,MN113,"Advertising, Market Research and Management Services",Dollars (millions),H09,Interest and donations,Financial performance,773,"ANZSIC06 groups M694, M695, and M696"
2019,Level 4,MN113,"Advertising, Market Research and Management Services",Dollars (millions),H10,Indirect taxes,Financial performance,43,"ANZSIC06 groups M694, M695, and M696"
2019,Level 4,MN113,"Advertising, Market Research and Management Services",Dollars (millions),H11,Depreciation,Financial performance,334,"ANZSIC06 groups M694, M695, and M696"
2019,Level 4,MN113,"Advertising, Market Research and Management Services",Dollars (millions),H12,Salaries and wages paid,Financial performance,"4,251","ANZSIC06 groups M694, M695, and M696"
2019,Level 4,MN113,"Advertising, Market Research and Management Services",Dollars (millions),H13,Redundancy and severance,Financial performance,15,"ANZSIC06 groups M694, M695, and M696"
2019,Level 4,MN113,"Advertising, Market Research and Management Services",Dollars (millions),H19,Purchases and other operating expenses,Financial performance,"6,087","ANZSIC06 groups M694, M695, and M696"
2019,Level 4,MN113,"Advertising, Market Research and Management Services",Dollars (millions),H20,Non-operating expenses,Financial performance,503,"ANZSIC06 groups M694, M695, and M696"
