Year,Industry_aggregation_NZSIOC,Industry_code_NZSIOC,Industry_name_NZSIOC,Units,Variable_code,Variable_name,Variable_category,Value,Industry_code_ANZSIC06
2016,Level 4,MN113,"Advertising, Market Research and Management Services",Dollars (millions),H11,Depreciation,Financial performance,234,"ANZSIC06 groups M694, M695, and M696"
2016,Level 4,MN113,"Advertising, Market Research and Management Services",Dollars (millions),H12,Salaries and wages paid,Financial performance,"3,259","ANZSIC06 groups M694, M695, and M696"
2016,Level 4,MN113,"Advertising, Market Research and Management Services",Dollars (millions),H13,Redundancy and severance,Financial performance,19,"ANZSIC06 groups M694, M695, and M696"
2016,Level 4,MN113,"Advertising, Market Research and Management Services",Dollars (millions),H19,Purchases and other operating expenses,Financial performance,"4,505","ANZSIC06 groups M694, M695, and M696"
2016,Level 4,MN113,"Advertising, Market Research and Management Services",Dollars (millions),H20,Non-operating expenses,Financial performance,169,"ANZSIC06 groups M694, M695, and M696"
2016,Level 4,MN113,"Advertising, Market Research and Management Services",Dollars (millions),H21,Opening stocks,Financial performance,135,"ANZSIC06 groups M694, M695, and M696"
2016,Level 4,MN113,"Advertising, Market Research and Management Services",Dollars (millions),H22,Closing stocks,Financial performance,155,"ANZSIC06 groups M694, M695, and M696"
2016,Level 4,MN113,"Advertising, Market Research and Management Services",Dollars (millions),H23,Surplus before income tax,Financial performance,"1,607","ANZSIC06 groups M694, M695, and M696"
2016,Level 4,MN113,"Advertising, Market Research and Management Services",Dollars (millions),H24,Total assets,Financial position,"42,019","ANZSIC06 groups M694, M695, and M696"
2016,Level 4,MN113,"Advertising, Market Research and Management Services",Dollars (millions),H25,Current assets,Financial position,"10,400","ANZSIC06 groups M694, M695, and M696"
2016,Level 4,MN113,"Advertising, Market Research and Management Services",Dollars (millions),H26,Fixed tangible assets,Financial position,"2,619","ANZSIC06 groups M694, M695, and M696"
2016,Level 4,MN113,"Advertising, Market Research and Management Services",Dollars (millions),H27,Additions to fixed assets,Financial position,622,"ANZSIC06 groups M694, M695, and M696"
2016,Level 4,MN113,"Advertising, Market Research and Management Services",Dollars (millions),H28,Disposals of fixed assets,Financial position,286,"ANZSIC06 groups M694, M695, and M696"
2016,Level 4,MN113,"Advertising, Market Research and Management Services",Dollars (millions),H29,Other assets,Financial position,"29,001","ANZSIC06 groups M694, M695, and M696"
2016,Level 4,MN113,"Advertising, Market Research and Management Services",Dollars (millions),H30,Total equity and liabilities,Financial position,"42,019","ANZSIC06 groups M694, M695, and M696"
2016,Level 4,MN113,"Advertising, Market Research and Management Services",Dollars (millions),H31,Shareholders funds or owners equity,Financial position,"15,470","ANZSIC06 groups M694, M695, and M696"
2016,Level 4,MN113,"Advertising, Market Research and Management Services",Dollars (millions),H32,Current liabilities,Financial position,"14,615","ANZSIC06 groups M694, M695, and M696"
2016,Level 4,MN113,"Advertising, Market Research and Management Services",Dollars (millions),H33,Other liabilities,Financial position,"11,935","ANZSIC06 groups M694, M695, and M696"
2016,Level 4,MN113,"Advertising, Market Research and Management Services",Dollars,H34,Total income per employee count,Financial ratios,"312,800","ANZSIC06 groups M694, M695, and M696"
2016,Level 4,MN113,"Advertising, Market Research and Management Services",Dollars,H35,Surplus per employee count,Financial ratios,"47,600","ANZSIC06 groups M694, M695, and M696"
2016,Level 4,MN113,"Advertising, Market Research and Management Services",Percentage,H36,Current ratio,Financial ratios,71,"ANZSIC06 groups M694, M695, and M696"
2016,Level 4,MN113,"Advertising, Market Research and Management Services",Percentage,H37,Quick ratio,Financial ratios,70,"ANZSIC06 groups M694, M695, and M696"
2016,Level 4,MN113,"Advertising, Market Research and Management Services",Percentage,H39,Return on equity,Financial ratios,10,"ANZSIC06 groups M694, M695, and M696"
2016,Level 4,MN113,"Advertising, Market Research and Management Services",Percentage,H40,Return on total assets,Financial ratios,4,"ANZSIC06 groups M694, M695, and M696"
2016,Level 4,MN113,"Advertising, Market Research and Management Services",Percentage,H41,Liabilities structure,Financial ratios,37,"ANZSIC06 groups M694, M695, and M696"
2016,Level 4,MN114,Veterinary and Other Professional Services,Dollars (millions),H01,Total income,Financial performance,"1,346",ANZSIC06 groups M697 and M699
2016,Level 4,MN114,Veterinary and Other Professional Services,Dollars (millions),H04,Sales of goods and services,Financial performance,"1,325",ANZSIC06 groups M697 and M699
2016,Level 4,MN114,Veterinary and Other Professional Services,Dollars (millions),H05,"Interest, dividends and donations",Financial performance,7,ANZSIC06 groups M697 and M699
2016,Level 4,MN114,Veterinary and Other Professional Services,Dollars (millions),H06,"Government funding, grants and subsidies",Financial performance,0,ANZSIC06 groups M697 and M699
2016,Level 4,MN114,Veterinary and Other Professional Services,Dollars (millions),H07,Non-operating income,Financial performance,14,ANZSIC06 groups M697 and M699
2016,Level 4,MN114,Veterinary and Other Professional Services,Dollars (millions),H08,Total expenditure,Financial performance,"1,204",ANZSIC06 groups M697 and M699
2016,Level 4,MN114,Veterinary and Other Professional Services,Dollars (millions),H09,Interest and donations,Financial performance,13,ANZSIC06 groups M697 and M699
2016,Level 4,MN114,Veterinary and Other Professional Services,Dollars (millions),H10,Indirect taxes,Financial performance,4,ANZSIC06 groups M697 and M699
2016,Level 4,MN114,Veterinary and Other Professional Services,Dollars (millions),H11,Depreciation,Financial performance,37,ANZSIC06 groups M697 and M699
2016,Level 4,MN114,Veterinary and Other Professional Services,Dollars (millions),H12,Salaries and wages paid,Financial performance,413,ANZSIC06 groups M697 and M699
2016,Level 4,MN114,Veterinary and Other Professional Services,Dollars (millions),H13,Redundancy and severance,Financial performance,0,ANZSIC06 groups M697 and M699
2016,Level 4,MN114,Veterinary and Other Professional Services,Dollars (millions),H19,Purchases and other operating expenses,Financial performance,731,ANZSIC06 groups M697 and M699
2016,Level 4,MN114,Veterinary and Other Professional Services,Dollars (millions),H20,Non-operating expenses,Financial performance,6,ANZSIC06 groups M697 and M699
2016,Level 4,MN114,Veterinary and Other Professional Services,Dollars (millions),H21,Opening stocks,Financial performance,67,ANZSIC06 groups M697 and M699
2016,Level 4,MN114,Veterinary and Other Professional Services,Dollars (millions),H22,Closing stocks,Financial performance,70,ANZSIC06 groups M697 and M699
2016,Level 4,MN114,Veterinary and Other Professional Services,Dollars (millions),H23,Surplus before income tax,Financial performance,146,ANZSIC06 groups M697 and M699
2016,Level 4,MN114,Veterinary and Other Professional Services,Dollars (millions),H24,Total assets,Financial position,841,ANZSIC06 groups M697 and M699
2016,Level 4,MN114,Veterinary and Other Professional Services,Dollars (millions),H25,Current assets,Financial position,381,ANZSIC06 groups M697 and M699
2016,Level 4,MN114,Veterinary and Other Professional Services,Dollars (millions),H26,Fixed tangible assets,Financial position,246,ANZSIC06 groups M697 and M699
2016,Level 4,MN114,Veterinary and Other Professional Services,Dollars (millions),H27,Additions to fixed assets,Financial position,60,ANZSIC06 groups M697 and M699
2016,Level 4,MN114,Veterinary and Other Professional Services,Dollars (millions),H28,Disposals of fixed assets,Financial position,41,ANZSIC06 groups M697 and M699
2016,Level 4,MN114,Veterinary and Other Professional Services,Dollars (millions),H29,Other assets,Financial position,214,ANZSIC06 groups M697 and M699
2016,Level 4,MN114,Veterinary and Other Professional Services,Dollars (millions),H30,Total equity and liabilities,Financial position,841,ANZSIC06 groups M697 and M699
2016,Level 4,MN114,Veterinary and Other Professional Services,Dollars (millions),H31,Shareholders funds or owners equity,Financial position,372,ANZSIC06 groups M697 and M699
2016,Level 4,MN114,Veterinary and Other Professional Services,Dollars (millions),H32,Current liabilities,Financial position,282,ANZSIC06 groups M697 and M699
2016,Level 4,MN114,Veterinary and Other Professional Services,Dollars (millions),H33,Other liabilities,Financial position,187,ANZSIC06 groups M697 and M699
2016,Level 4,MN114,Veterinary and Other Professional Services,Dollars,H34,Total income per employee count,Financial ratios,"190,700",ANZSIC06 groups M697 and M699
2016,Level 4,MN114,Veterinary and Other Professional Services,Dollars,H35,Surplus per employee count,Financial ratios,"20,600",ANZSIC06 groups M697 and M699
2016,Level 4,MN114,Veterinary and Other Professional Services,Percentage,H36,Current ratio,Financial ratios,135,ANZSIC06 groups M697 and M699
2016,Level 4,MN114,Veterinary and Other Professional Services,Percentage,H37,Quick ratio,Financial ratios,110,ANZSIC06 groups M697 and M699
2016,Level 4,MN114,Veterinary and Other Professional Services,Percentage,H39,Return on equity,Financial ratios,39,ANZSIC06 groups M697 and M699
2016,Level 4,MN114,Veterinary and Other Professional Services,Percentage,H40,Return on total assets,Financial ratios,17,ANZSIC06 groups M697 and M699
2016,Level 4,MN114,Veterinary and Other Professional Services,Percentage,H41,Liabilities structure,Financial ratios,44,ANZSIC06 groups M697 and M699
2016,Level 4,MN115,Computer System Design and Related Services,Dollars (millions),H01,Total income,Financial performance,"7,478",ANZSIC06 group M700
2016,Level 4,MN115,Computer System Design and Related Services,Dollars (millions),H04,Sales of goods and services,Financial performance,"7,369",ANZSIC06 group M700
2016,Level 4,MN115,Computer System Design and Related Services,Dollars (millions),H05,"Interest, dividends and donations",Financial performance,56,ANZSIC06 group M700
2016,Level 4,MN115,Computer System Design and Related Services,Dollars (millions),H06,"Government funding, grants and subsidies",Financial performance,16,ANZSIC06 group M700
2016,Level 4,MN115,Computer System Design and Related Services,Dollars (millions),H07,Non-operating income,Financial performance,37,ANZSIC06 group M700
2016,Level 4,MN115,Computer System Design and Related Services,Dollars (millions),H08,Total expenditure,Financial performance,"6,902",ANZSIC06 group M700
2016,Level 4,MN115,Computer System Design and Related Services,Dollars (millions),H09,Interest and donations,Financial performance,34,ANZSIC06 group M700
2016,Level 4,MN115,Computer System Design and Related Services,Dollars (millions),H10,Indirect taxes,Financial performance,19,ANZSIC06 group M700
2016,Level 4,MN115,Computer System Design and Related Services,Dollars (millions),H11,Depreciation,Financial performance,182,ANZSIC06 group M700
2016,Level 4,MN115,Computer System Design and Related Services,Dollars (millions),H12,Salaries and wages paid,Financial performance,"3,066",ANZSIC06 group M700
2016,Level 4,MN115,Computer System Design and Related Services,Dollars (millions),H13,Redundancy and severance,Financial performance,7,ANZSIC06 group M700
2016,Level 4,MN115,Computer System Design and Related Services,Dollars (millions),H19,Purchases and other operating expenses,Financial performance,"3,521",ANZSIC06 group M700
2016,Level 4,MN115,Computer System Design and Related Services,Dollars (millions),H20,Non-operating expenses,Financial performance,80,ANZSIC06 group M700
2016,Level 4,MN115,Computer System Design and Related Services,Dollars (millions),H21,Opening stocks,Financial performance,37,ANZSIC06 group M700
2016,Level 4,MN115,Computer System Design and Related Services,Dollars (millions),H22,Closing stocks,Financial performance,50,ANZSIC06 group M700
2016,Level 4,MN115,Computer System Design and Related Services,Dollars (millions),H23,Surplus before income tax,Financial performance,590,ANZSIC06 group M700
2016,Level 4,MN115,Computer System Design and Related Services,Dollars (millions),H24,Total assets,Financial position,"4,713",ANZSIC06 group M700
2016,Level 4,MN115,Computer System Design and Related Services,Dollars (millions),H25,Current assets,Financial position,"3,043",ANZSIC06 group M700
2016,Level 4,MN115,Computer System Design and Related Services,Dollars (millions),H26,Fixed tangible assets,Financial position,525,ANZSIC06 group M700
2016,Level 4,MN115,Computer System Design and Related Services,Dollars (millions),H27,Additions to fixed assets,Financial position,226,ANZSIC06 group M700
2016,Level 4,MN115,Computer System Design and Related Services,Dollars (millions),H28,Disposals of fixed assets,Financial position,53,ANZSIC06 group M700
2016,Level 4,MN115,Computer System Design and Related Services,Dollars (millions),H29,Other assets,Financial position,"1,146",ANZSIC06 group M700
2016,Level 4,MN115,Computer System Design and Related Services,Dollars (millions),H30,Total equity and liabilities,Financial position,"4,713",ANZSIC06 group M700
2016,Level 4,MN115,Computer System Design and Related Services,Dollars (millions),H31,Shareholders funds or owners equity,Financial position,"1,725",ANZSIC06 group M700
2016,Level 4,MN115,Computer System Design and Related Services,Dollars (millions),H32,Current liabilities,Financial position,"2,359",ANZSIC06 group M700
2016,Level 4,MN115,Computer System Design and Related Services,Dollars (millions),H33,Other liabilities,Financial position,630,ANZSIC06 group M700
2016,Level 4,MN115,Computer System Design and Related Services,Dollars,H34,Total income per employee count,Financial ratios,"253,200",ANZSIC06 group M700
2016,Level 4,MN115,Computer System Design and Related Services,Dollars,H35,Surplus per employee count,Financial ratios,"20,000",ANZSIC06 group M700
2016,Level 4,MN115,Computer System Design and Related Services,Percentage,H36,Current ratio,Financial ratios,129,ANZSIC06 group M700
2016,Level 4,MN115,Computer System Design and Related Services,Percentage,H37,Quick ratio,Financial ratios,127,ANZSIC06 group M700
2016,Level 4,MN115,Computer System Design and Related Services,Percentage,H39,Return on equity,Financial ratios,34,ANZSIC06 group M700
2016,Level 4,MN115,Computer System Design and Related Services,Percentage,H40,Return on total assets,Financial ratios,13,ANZSIC06 group M700
2016,Level 4,MN115,Computer System Design and Related Services,Percentage,H41,Liabilities structure,Financial ratios,37,ANZSIC06 group M700
2016,Level 3,MN21,Administrative and Support Services,Dollars (millions),H01,Total income,Financial performance,"10,036",ANZSIC06 division N
2016,Level 3,MN21,Administrative and Support Services,Dollars (millions),H04,Sales of goods and services,Financial performance,"9,679",ANZSIC06 division N
2016,Level 3,MN21,Administrative and Support Services,Dollars (millions),H05,"Interest, dividends and donations",Financial performance,218,ANZSIC06 division N
2016,Level 3,MN21,Administrative and Support Services,Dollars (millions),H06,"Government funding, grants and subsidies",Financial performance,49,ANZSIC06 division N
2016,Level 3,MN21,Administrative and Support Services,Dollars (millions),H07,Non-operating income,Financial performance,91,ANZSIC06 division N
2016,Level 3,MN21,Administrative and Support Services,Dollars (millions),H08,Total expenditure,Financial performance,"9,284",ANZSIC06 division N
2016,Level 3,MN21,Administrative and Support Services,Dollars (millions),H09,Interest and donations,Financial performance,116,ANZSIC06 division N
2016,Level 3,MN21,Administrative and Support Services,Dollars (millions),H10,Indirect taxes,Financial performance,29,ANZSIC06 division N
2016,Level 3,MN21,Administrative and Support Services,Dollars (millions),H11,Depreciation,Financial performance,243,ANZSIC06 division N
