Year,Industry_aggregation_NZSIOC,Industry_code_NZSIOC,Industry_name_NZSIOC,Units,Variable_code,Variable_name,Variable_category,Value,Industry_code_ANZSIC06
2017,Level 4,KK121,Life Insurance,Dollars (millions),H20,Non-operating expenses,Financial performance,311,ANZSIC06 group K631
2017,Level 4,KK121,Life Insurance,Dollars (millions),H21,Opening stocks,Financial performance,0,ANZSIC06 group K631
2017,Level 4,KK121,Life Insurance,Dollars (millions),H22,Closing stocks,Financial performance,0,ANZSIC06 group K631
2017,Level 4,KK121,Life Insurance,Dollars (millions),H23,Surplus before income tax,Financial performance,634,ANZSIC06 group K631
2017,Level 4,KK121,Life Insurance,Dollars (millions),H24,Total assets,Financial position,"13,720",ANZSIC06 group K631
2017,Level 4,KK121,Life Insurance,Dollars (millions),H30,Total equity and liabilities,Financial position,"13,720",ANZSIC06 group K631
2017,Level 4,KK121,Life Insurance,Dollars (millions),H31,Shareholders funds or owners equity,Financial position,"3,898",ANZSIC06 group K631
2017,Level 4,KK121,Life Insurance,Dollars,H34,Total income per employee count,Financial ratios,"3,530,500",ANZSIC06 group K631
2017,Level 4,KK121,Life Insurance,Dollars,H35,Surplus per employee count,Financial ratios,"661,200",ANZSIC06 group K631
2017,Level 4,KK121,Life Insurance,Percentage,H39,Return on equity,Financial ratios,16,ANZSIC06 group K631
2017,Level 4,KK121,Life Insurance,Percentage,H40,Return on total assets,Financial ratios,5,ANZSIC06 group K631
2017,Level 4,KK121,Life Insurance,Percentage,H41,Liabilities structure,Financial ratios,28,ANZSIC06 group K631
2017,Level 4,KK122,Health and General Insurance,Dollars (millions),H01,Total income,Financial performance,"6,213",ANZSIC06 group K632
2017,Level 4,KK122,Health and General Insurance,Dollars (millions),H04,Sales of goods and services,Financial performance,"5,946",ANZSIC06 group K632
2017,Level 4,KK122,Health and General Insurance,Dollars (millions),H05,"Interest, dividends and donations",Financial performance,197,ANZSIC06 group K632
2017,Level 4,KK122,Health and General Insurance,Dollars (millions),H06,"Government funding, grants and subsidies",Financial performance,0,ANZSIC06 group K632
2017,Level 4,KK122,Health and General Insurance,Dollars (millions),H07,Non-operating income,Financial performance,70,ANZSIC06 group K632
2017,Level 4,KK122,Health and General Insurance,Dollars (millions),H08,Total expenditure,Financial performance,"5,880",ANZSIC06 group K632
2017,Level 4,KK122,Health and General Insurance,Dollars (millions),H09,Interest and donations,Financial performance,C,ANZSIC06 group K632
2017,Level 4,KK122,Health and General Insurance,Dollars (millions),H10,Indirect taxes,Financial performance,C,ANZSIC06 group K632
2017,Level 4,KK122,Health and General Insurance,Dollars (millions),H11,Depreciation,Financial performance,64,ANZSIC06 group K632
2017,Level 4,KK122,Health and General Insurance,Dollars (millions),H12,Salaries and wages paid,Financial performance,717,ANZSIC06 group K632
2017,Level 4,KK122,Health and General Insurance,Dollars (millions),H13,Redundancy and severance,Financial performance,7,ANZSIC06 group K632
2017,Level 4,KK122,Health and General Insurance,Dollars (millions),H14,Salaries and wages to self employed commission agents,Financial performance,207,ANZSIC06 group K632
2017,Level 4,KK122,Health and General Insurance,Dollars (millions),H19,Purchases and other operating expenses,Financial performance,"4,818",ANZSIC06 group K632
2017,Level 4,KK122,Health and General Insurance,Dollars (millions),H20,Non-operating expenses,Financial performance,62,ANZSIC06 group K632
2017,Level 4,KK122,Health and General Insurance,Dollars (millions),H21,Opening stocks,Financial performance,0,ANZSIC06 group K632
2017,Level 4,KK122,Health and General Insurance,Dollars (millions),H22,Closing stocks,Financial performance,0,ANZSIC06 group K632
2017,Level 4,KK122,Health and General Insurance,Dollars (millions),H23,Surplus before income tax,Financial performance,333,ANZSIC06 group K632
2017,Level 4,KK122,Health and General Insurance,Dollars (millions),H24,Total assets,Financial position,"15,030",ANZSIC06 group K632
2017,Level 4,KK122,Health and General Insurance,Dollars (millions),H30,Total equity and liabilities,Financial position,"15,030",ANZSIC06 group K632
2017,Level 4,KK122,Health and General Insurance,Dollars (millions),H31,Shareholders funds or owners equity,Financial position,"3,846",ANZSIC06 group K632
2017,Level 4,KK122,Health and General Insurance,Dollars,H34,Total income per employee count,Financial ratios,"760,200",ANZSIC06 group K632
2017,Level 4,KK122,Health and General Insurance,Dollars,H35,Surplus per employee count,Financial ratios,"40,700",ANZSIC06 group K632
2017,Level 4,KK122,Health and General Insurance,Percentage,H39,Return on equity,Financial ratios,9,ANZSIC06 group K632
2017,Level 4,KK122,Health and General Insurance,Percentage,H40,Return on total assets,Financial ratios,2,ANZSIC06 group K632
2017,Level 4,KK122,Health and General Insurance,Percentage,H41,Liabilities structure,Financial ratios,26,ANZSIC06 group K632
2017,Level 3,KK13,Auxiliary Finance and Insurance Services,Dollars (millions),H01,Total income,Financial performance,"6,466",ANZSIC06 groups K641 and K642
2017,Level 3,KK13,Auxiliary Finance and Insurance Services,Dollars (millions),H04,Sales of goods and services,Financial performance,"5,581",ANZSIC06 groups K641 and K642
2017,Level 3,KK13,Auxiliary Finance and Insurance Services,Dollars (millions),H05,"Interest, dividends and donations",Financial performance,540,ANZSIC06 groups K641 and K642
2017,Level 3,KK13,Auxiliary Finance and Insurance Services,Dollars (millions),H06,"Government funding, grants and subsidies",Financial performance,13,ANZSIC06 groups K641 and K642
2017,Level 3,KK13,Auxiliary Finance and Insurance Services,Dollars (millions),H07,Non-operating income,Financial performance,332,ANZSIC06 groups K641 and K642
2017,Level 3,KK13,Auxiliary Finance and Insurance Services,Dollars (millions),H08,Total expenditure,Financial performance,"5,319",ANZSIC06 groups K641 and K642
2017,Level 3,KK13,Auxiliary Finance and Insurance Services,Dollars (millions),H09,Interest and donations,Financial performance,145,ANZSIC06 groups K641 and K642
2017,Level 3,KK13,Auxiliary Finance and Insurance Services,Dollars (millions),H10,Indirect taxes,Financial performance,C,ANZSIC06 groups K641 and K642
2017,Level 3,KK13,Auxiliary Finance and Insurance Services,Dollars (millions),H11,Depreciation,Financial performance,140,ANZSIC06 groups K641 and K642
2017,Level 3,KK13,Auxiliary Finance and Insurance Services,Dollars (millions),H12,Salaries and wages paid,Financial performance,"1,899",ANZSIC06 groups K641 and K642
2017,Level 3,KK13,Auxiliary Finance and Insurance Services,Dollars (millions),H13,Redundancy and severance,Financial performance,4,ANZSIC06 groups K641 and K642
2017,Level 3,KK13,Auxiliary Finance and Insurance Services,Dollars (millions),H14,Salaries and wages to self employed commission agents,Financial performance,C,ANZSIC06 groups K641 and K642
2017,Level 3,KK13,Auxiliary Finance and Insurance Services,Dollars (millions),H19,Purchases and other operating expenses,Financial performance,"2,952",ANZSIC06 groups K641 and K642
2017,Level 3,KK13,Auxiliary Finance and Insurance Services,Dollars (millions),H20,Non-operating expenses,Financial performance,144,ANZSIC06 groups K641 and K642
2017,Level 3,KK13,Auxiliary Finance and Insurance Services,Dollars (millions),H21,Opening stocks,Financial performance,33,ANZSIC06 groups K641 and K642
2017,Level 3,KK13,Auxiliary Finance and Insurance Services,Dollars (millions),H22,Closing stocks,Financial performance,41,ANZSIC06 groups K641 and K642
2017,Level 3,KK13,Auxiliary Finance and Insurance Services,Dollars (millions),H23,Surplus before income tax,Financial performance,"1,155",ANZSIC06 groups K641 and K642
2017,Level 3,KK13,Auxiliary Finance and Insurance Services,Dollars (millions),H24,Total assets,Financial position,"13,925",ANZSIC06 groups K641 and K642
2017,Level 3,KK13,Auxiliary Finance and Insurance Services,Dollars (millions),H30,Total equity and liabilities,Financial position,"13,925",ANZSIC06 groups K641 and K642
2017,Level 3,KK13,Auxiliary Finance and Insurance Services,Dollars (millions),H31,Shareholders funds or owners equity,Financial position,"5,939",ANZSIC06 groups K641 and K642
2017,Level 3,KK13,Auxiliary Finance and Insurance Services,Dollars,H34,Total income per employee count,Financial ratios,"405,600",ANZSIC06 groups K641 and K642
2017,Level 3,KK13,Auxiliary Finance and Insurance Services,Dollars,H35,Surplus per employee count,Financial ratios,"72,500",ANZSIC06 groups K641 and K642
2017,Level 3,KK13,Auxiliary Finance and Insurance Services,Percentage,H39,Return on equity,Financial ratios,19,ANZSIC06 groups K641 and K642
2017,Level 3,KK13,Auxiliary Finance and Insurance Services,Percentage,H40,Return on total assets,Financial ratios,8,ANZSIC06 groups K641 and K642
2017,Level 3,KK13,Auxiliary Finance and Insurance Services,Percentage,H41,Liabilities structure,Financial ratios,43,ANZSIC06 groups K641 and K642
2017,Level 4,KK131,Auxiliary Finance and Insurance Services,Dollars (millions),H01,Total income,Financial performance,"6,466",ANZSIC06 groups K641 and K642
2017,Level 4,KK131,Auxiliary Finance and Insurance Services,Dollars (millions),H04,Sales of goods and services,Financial performance,"5,581",ANZSIC06 groups K641 and K642
2017,Level 4,KK131,Auxiliary Finance and Insurance Services,Dollars (millions),H05,"Interest, dividends and donations",Financial performance,540,ANZSIC06 groups K641 and K642
2017,Level 4,KK131,Auxiliary Finance and Insurance Services,Dollars (millions),H06,"Government funding, grants and subsidies",Financial performance,13,ANZSIC06 groups K641 and K642
2017,Level 4,KK131,Auxiliary Finance and Insurance Services,Dollars (millions),H07,Non-operating income,Financial performance,332,ANZSIC06 groups K641 and K642
2017,Level 4,KK131,Auxiliary Finance and Insurance Services,Dollars (millions),H08,Total expenditure,Financial performance,"5,319",ANZSIC06 groups K641 and K642
2017,Level 4,KK131,Auxiliary Finance and Insurance Services,Dollars (millions),H09,Interest and donations,Financial performance,145,ANZSIC06 groups K641 and K642
2017,Level 4,KK131,Auxiliary Finance and Insurance Services,Dollars (millions),H10,Indirect taxes,Financial performance,C,ANZSIC06 groups K641 and K642
2017,Level 4,KK131,Auxiliary Finance and Insurance Services,Dollars (millions),H11,Depreciation,Financial performance,140,ANZSIC06 groups K641 and K642
2017,Level 4,KK131,Auxiliary Finance and Insurance Services,Dollars (millions),H12,Salaries and wages paid,Financial performance,"1,899",ANZSIC06 groups K641 and K642
2017,Level 4,KK131,Auxiliary Finance and Insurance Services,Dollars (millions),H13,Redundancy and severance,Financial performance,4,ANZSIC06 groups K641 and K642
2017,Level 4,KK131,Auxiliary Finance and Insurance Services,Dollars (millions),H14,Salaries and wages to self employed commission agents,Financial performance,C,ANZSIC06 groups K641 and K642
2017,Level 4,KK131,Auxiliary Finance and Insurance Services,Dollars (millions),H19,Purchases and other operating expenses,Financial performance,"2,952",ANZSIC06 groups K641 and K642
2017,Level 4,KK131,Auxiliary Finance and Insurance Services,Dollars (millions),H20,Non-operating expenses,Financial performance,144,ANZSIC06 groups K641 and K642
2017,Level 4,KK131,Auxiliary Finance and Insurance Services,Dollars (millions),H21,Opening stocks,Financial performance,33,ANZSIC06 groups K641 and K642
2017,Level 4,KK131,Auxiliary Finance and Insurance Services,Dollars (millions),H22,Closing stocks,Financial performance,41,ANZSIC06 groups K641 and K642
2017,Level 4,KK131,Auxiliary Finance and Insurance Services,Dollars (millions),H23,Surplus before income tax,Financial performance,"1,155",ANZSIC06 groups K641 and K642
2017,Level 4,KK131,Auxiliary Finance and Insurance Services,Dollars (millions),H24,Total assets,Financial position,"13,925",ANZSIC06 groups K641 and K642
2017,Level 4,KK131,Auxiliary Finance and Insurance Services,Dollars (millions),H30,Total equity and liabilities,Financial position,"13,925",ANZSIC06 groups K641 and K642
2017,Level 4,KK131,Auxiliary Finance and Insurance Services,Dollars (millions),H31,Shareholders funds or owners equity,Financial position,"5,939",ANZSIC06 groups K641 and K642
2017,Level 4,KK131,Auxiliary Finance and Insurance Services,Dollars,H34,Total income per employee count,Financial ratios,"405,600",ANZSIC06 groups K641 and K642
2017,Level 4,KK131,Auxiliary Finance and Insurance Services,Dollars,H35,Surplus per employee count,Financial ratios,"72,500",ANZSIC06 groups K641 and K642
2017,Level 4,KK131,Auxiliary Finance and Insurance Services,Percentage,H39,Return on equity,Financial ratios,19,ANZSIC06 groups K641 and K642
2017,Level 4,KK131,Auxiliary Finance and Insurance Services,Percentage,H40,Return on total assets,Financial ratios,8,ANZSIC06 groups K641 and K642
2017,Level 4,KK131,Auxiliary Finance and Insurance Services,Percentage,H41,Liabilities structure,Financial ratios,43,ANZSIC06 groups K641 and K642
2017,Level 1,LL,"Rental, Hiring and Real Estate Services",Dollars (millions),H01,Total income,Financial performance,"31,914",ANZSIC06 division L
2017,Level 1,LL,"Rental, Hiring and Real Estate Services",Dollars (millions),H04,Sales of goods and services,Financial performance,"26,936",ANZSIC06 division L
2017,Level 1,LL,"Rental, Hiring and Real Estate Services",Dollars (millions),H05,"Interest, dividends and donations",Financial performance,"1,253",ANZSIC06 division L
2017,Level 1,LL,"Rental, Hiring and Real Estate Services",Dollars (millions),H06,"Government funding, grants and subsidies",Financial performance,1,ANZSIC06 division L
2017,Level 1,LL,"Rental, Hiring and Real Estate Services",Dollars (millions),H07,Non-operating income,Financial performance,"3,724",ANZSIC06 division L
2017,Level 1,LL,"Rental, Hiring and Real Estate Services",Dollars (millions),H08,Total expenditure,Financial performance,"20,468",ANZSIC06 division L
2017,Level 1,LL,"Rental, Hiring and Real Estate Services",Dollars (millions),H09,Interest and donations,Financial performance,"3,588",ANZSIC06 division L
2017,Level 1,LL,"Rental, Hiring and Real Estate Services",Dollars (millions),H10,Indirect taxes,Financial performance,655,ANZSIC06 division L
2017,Level 1,LL,"Rental, Hiring and Real Estate Services",Dollars (millions),H11,Depreciation,Financial performance,"1,999",ANZSIC06 division L
2017,Level 1,LL,"Rental, Hiring and Real Estate Services",Dollars (millions),H12,Salaries and wages paid,Financial performance,"2,256",ANZSIC06 division L
2017,Level 1,LL,"Rental, Hiring and Real Estate Services",Dollars (millions),H13,Redundancy and severance,Financial performance,1,ANZSIC06 division L
2017,Level 1,LL,"Rental, Hiring and Real Estate Services",Dollars (millions),H14,Salaries and wages to self employed commission agents,Financial performance,"1,292",ANZSIC06 division L
2017,Level 1,LL,"Rental, Hiring and Real Estate Services",Dollars (millions),H19,Purchases and other operating expenses,Financial performance,"9,907",ANZSIC06 division L
