Year,Industry_aggregation_NZSIOC,Industry_code_NZSIOC,Industry_name_NZSIOC,Units,Variable_code,Variable_name,Variable_category,Value,Industry_code_ANZSIC06
2021,Level 3,LL12,Property Operators and Real Estate Services,Dollars (millions),H24,Total assets,Financial position,"291,022","ANZSIC06 groups L671 (excluding class L6711), and L672"
2021,Level 3,LL12,Property Operators and Real Estate Services,Dollars (millions),H25,Current assets,Financial position,"33,920","ANZSIC06 groups L671 (excluding class L6711), and L672"
2021,Level 3,LL12,Property Operators and Real Estate Services,Dollars (millions),H26,Fixed tangible assets,Financial position,"221,340","ANZSIC06 groups L671 (excluding class L6711), and L672"
2021,Level 3,LL12,Property Operators and Real Estate Services,Dollars (millions),H27,Additions to fixed assets,Financial position,"28,612","ANZSIC06 groups L671 (excluding class L6711), and L672"
2021,Level 3,LL12,Property Operators and Real Estate Services,Dollars (millions),H28,Disposals of fixed assets,Financial position,"15,087","ANZSIC06 groups L671 (excluding class L6711), and L672"
2021,Level 3,LL12,Property Operators and Real Estate Services,Dollars (millions),H29,Other assets,Financial position,"35,762","ANZSIC06 groups L671 (excluding class L6711), and L672"
2021,Level 3,LL12,Property Operators and Real Estate Services,Dollars (millions),H30,Total equity and liabilities,Financial position,"291,022","ANZSIC06 groups L671 (excluding class L6711), and L672"
2021,Level 3,LL12,Property Operators and Real Estate Services,Dollars (millions),H31,Shareholders funds or owners equity,Financial position,"137,810","ANZSIC06 groups L671 (excluding class L6711), and L672"
2021,Level 3,LL12,Property Operators and Real Estate Services,Dollars (millions),H32,Current liabilities,Financial position,"54,368","ANZSIC06 groups L671 (excluding class L6711), and L672"
2021,Level 3,LL12,Property Operators and Real Estate Services,Dollars (millions),H33,Other liabilities,Financial position,"98,844","ANZSIC06 groups L671 (excluding class L6711), and L672"
2021,Level 3,LL12,Property Operators and Real Estate Services,Dollars,H34,Total income per employee count,Financial ratios,"1,891,300","ANZSIC06 groups L671 (excluding class L6711), and L672"
2021,Level 3,LL12,Property Operators and Real Estate Services,Dollars,H35,Surplus per employee count,Financial ratios,"804,400","ANZSIC06 groups L671 (excluding class L6711), and L672"
2021,Level 3,LL12,Property Operators and Real Estate Services,Percentage,H36,Current ratio,Financial ratios,62,"ANZSIC06 groups L671 (excluding class L6711), and L672"
2021,Level 3,LL12,Property Operators and Real Estate Services,Percentage,H37,Quick ratio,Financial ratios,56,"ANZSIC06 groups L671 (excluding class L6711), and L672"
2021,Level 3,LL12,Property Operators and Real Estate Services,Percentage,H39,Return on equity,Financial ratios,10,"ANZSIC06 groups L671 (excluding class L6711), and L672"
2021,Level 3,LL12,Property Operators and Real Estate Services,Percentage,H40,Return on total assets,Financial ratios,5,"ANZSIC06 groups L671 (excluding class L6711), and L672"
2021,Level 3,LL12,Property Operators and Real Estate Services,Percentage,H41,Liabilities structure,Financial ratios,47,"ANZSIC06 groups L671 (excluding class L6711), and L672"
2021,Level 4,LL122,Non-Residential Property Operation,Dollars (millions),H01,Total income,Financial performance,"26,985",ANZSIC06 class L671200
2021,Level 4,LL122,Non-Residential Property Operation,Dollars (millions),H04,Sales of goods and services,Financial performance,"18,751",ANZSIC06 class L671200
2021,Level 4,LL122,Non-Residential Property Operation,Dollars (millions),H05,"Interest, dividends and donations",Financial performance,"1,561",ANZSIC06 class L671200
2021,Level 4,LL122,Non-Residential Property Operation,Dollars (millions),H06,"Government funding, grants and subsidies",Financial performance,64,ANZSIC06 class L671200
2021,Level 4,LL122,Non-Residential Property Operation,Dollars (millions),H07,Non-operating income,Financial performance,"6,610",ANZSIC06 class L671200
2021,Level 4,LL122,Non-Residential Property Operation,Dollars (millions),H08,Total expenditure,Financial performance,"14,578",ANZSIC06 class L671200
2021,Level 4,LL122,Non-Residential Property Operation,Dollars (millions),H09,Interest and donations,Financial performance,"3,281",ANZSIC06 class L671200
2021,Level 4,LL122,Non-Residential Property Operation,Dollars (millions),H10,Indirect taxes,Financial performance,750,ANZSIC06 class L671200
2021,Level 4,LL122,Non-Residential Property Operation,Dollars (millions),H11,Depreciation,Financial performance,S,ANZSIC06 class L671200
2021,Level 4,LL122,Non-Residential Property Operation,Dollars (millions),H12,Salaries and wages paid,Financial performance,796,ANZSIC06 class L671200
2021,Level 4,LL122,Non-Residential Property Operation,Dollars (millions),H13,Redundancy and severance,Financial performance,2,ANZSIC06 class L671200
2021,Level 4,LL122,Non-Residential Property Operation,Dollars (millions),H14,Salaries and wages to self employed commission agents,Financial performance,0,ANZSIC06 class L671200
2021,Level 4,LL122,Non-Residential Property Operation,Dollars (millions),H19,Purchases and other operating expenses,Financial performance,"6,484",ANZSIC06 class L671200
2021,Level 4,LL122,Non-Residential Property Operation,Dollars (millions),H20,Non-operating expenses,Financial performance,"1,534",ANZSIC06 class L671200
2021,Level 4,LL122,Non-Residential Property Operation,Dollars (millions),H21,Opening stocks,Financial performance,"3,242",ANZSIC06 class L671200
2021,Level 4,LL122,Non-Residential Property Operation,Dollars (millions),H22,Closing stocks,Financial performance,"3,354",ANZSIC06 class L671200
2021,Level 4,LL122,Non-Residential Property Operation,Dollars (millions),H23,Surplus before income tax,Financial performance,"12,519",ANZSIC06 class L671200
2021,Level 4,LL122,Non-Residential Property Operation,Dollars (millions),H24,Total assets,Financial position,"285,656",ANZSIC06 class L671200
2021,Level 4,LL122,Non-Residential Property Operation,Dollars (millions),H25,Current assets,Financial position,"31,939",ANZSIC06 class L671200
2021,Level 4,LL122,Non-Residential Property Operation,Dollars (millions),H26,Fixed tangible assets,Financial position,"219,266",ANZSIC06 class L671200
2021,Level 4,LL122,Non-Residential Property Operation,Dollars (millions),H27,Additions to fixed assets,Financial position,S,ANZSIC06 class L671200
2021,Level 4,LL122,Non-Residential Property Operation,Dollars (millions),H28,Disposals of fixed assets,Financial position,S,ANZSIC06 class L671200
2021,Level 4,LL122,Non-Residential Property Operation,Dollars (millions),H29,Other assets,Financial position,"34,450",ANZSIC06 class L671200
2021,Level 4,LL122,Non-Residential Property Operation,Dollars (millions),H30,Total equity and liabilities,Financial position,"285,656",ANZSIC06 class L671200
2021,Level 4,LL122,Non-Residential Property Operation,Dollars (millions),H31,Shareholders funds or owners equity,Financial position,"135,491",ANZSIC06 class L671200
2021,Level 4,LL122,Non-Residential Property Operation,Dollars (millions),H32,Current liabilities,Financial position,"52,661",ANZSIC06 class L671200
2021,Level 4,LL122,Non-Residential Property Operation,Dollars (millions),H33,Other liabilities,Financial position,"97,503",ANZSIC06 class L671200
2021,Level 4,LL122,Non-Residential Property Operation,Dollars,H34,Total income per employee count,Financial ratios,"4,679,800",ANZSIC06 class L671200
2021,Level 4,LL122,Non-Residential Property Operation,Dollars,H35,Surplus per employee count,Financial ratios,"2,171,000",ANZSIC06 class L671200
2021,Level 4,LL122,Non-Residential Property Operation,Percentage,H36,Current ratio,Financial ratios,61,ANZSIC06 class L671200
2021,Level 4,LL122,Non-Residential Property Operation,Percentage,H37,Quick ratio,Financial ratios,54,ANZSIC06 class L671200
2021,Level 4,LL122,Non-Residential Property Operation,Percentage,H39,Return on equity,Financial ratios,9,ANZSIC06 class L671200
2021,Level 4,LL122,Non-Residential Property Operation,Percentage,H40,Return on total assets,Financial ratios,4,ANZSIC06 class L671200
2021,Level 4,LL122,Non-Residential Property Operation,Percentage,H41,Liabilities structure,Financial ratios,47,ANZSIC06 class L671200
2021,Level 4,LL123,Real Estate Services,Dollars (millions),H01,Total income,Financial performance,"6,200",ANZSIC06 group L672
2021,Level 4,LL123,Real Estate Services,Dollars (millions),H04,Sales of goods and services,Financial performance,"5,968",ANZSIC06 group L672
2021,Level 4,LL123,Real Estate Services,Dollars (millions),H05,"Interest, dividends and donations",Financial performance,49,ANZSIC06 group L672
2021,Level 4,LL123,Real Estate Services,Dollars (millions),H06,"Government funding, grants and subsidies",Financial performance,118,ANZSIC06 group L672
2021,Level 4,LL123,Real Estate Services,Dollars (millions),H07,Non-operating income,Financial performance,65,ANZSIC06 group L672
2021,Level 4,LL123,Real Estate Services,Dollars (millions),H08,Total expenditure,Financial performance,"4,609",ANZSIC06 group L672
2021,Level 4,LL123,Real Estate Services,Dollars (millions),H09,Interest and donations,Financial performance,57,ANZSIC06 group L672
2021,Level 4,LL123,Real Estate Services,Dollars (millions),H10,Indirect taxes,Financial performance,22,ANZSIC06 group L672
2021,Level 4,LL123,Real Estate Services,Dollars (millions),H11,Depreciation,Financial performance,127,ANZSIC06 group L672
2021,Level 4,LL123,Real Estate Services,Dollars (millions),H12,Salaries and wages paid,Financial performance,"1,085",ANZSIC06 group L672
2021,Level 4,LL123,Real Estate Services,Dollars (millions),H13,Redundancy and severance,Financial performance,2,ANZSIC06 group L672
2021,Level 4,LL123,Real Estate Services,Dollars (millions),H14,Salaries and wages to self employed commission agents,Financial performance,"1,566",ANZSIC06 group L672
2021,Level 4,LL123,Real Estate Services,Dollars (millions),H19,Purchases and other operating expenses,Financial performance,"1,727",ANZSIC06 group L672
2021,Level 4,LL123,Real Estate Services,Dollars (millions),H20,Non-operating expenses,Financial performance,25,ANZSIC06 group L672
2021,Level 4,LL123,Real Estate Services,Dollars (millions),H21,Opening stocks,Financial performance,47,ANZSIC06 group L672
2021,Level 4,LL123,Real Estate Services,Dollars (millions),H22,Closing stocks,Financial performance,51,ANZSIC06 group L672
2021,Level 4,LL123,Real Estate Services,Dollars (millions),H23,Surplus before income tax,Financial performance,"1,594",ANZSIC06 group L672
2021,Level 4,LL123,Real Estate Services,Dollars (millions),H24,Total assets,Financial position,"5,366",ANZSIC06 group L672
2021,Level 4,LL123,Real Estate Services,Dollars (millions),H25,Current assets,Financial position,"1,980",ANZSIC06 group L672
2021,Level 4,LL123,Real Estate Services,Dollars (millions),H26,Fixed tangible assets,Financial position,"2,074",ANZSIC06 group L672
2021,Level 4,LL123,Real Estate Services,Dollars (millions),H27,Additions to fixed assets,Financial position,570,ANZSIC06 group L672
2021,Level 4,LL123,Real Estate Services,Dollars (millions),H28,Disposals of fixed assets,Financial position,229,ANZSIC06 group L672
2021,Level 4,LL123,Real Estate Services,Dollars (millions),H29,Other assets,Financial position,"1,312",ANZSIC06 group L672
2021,Level 4,LL123,Real Estate Services,Dollars (millions),H30,Total equity and liabilities,Financial position,"5,366",ANZSIC06 group L672
2021,Level 4,LL123,Real Estate Services,Dollars (millions),H31,Shareholders funds or owners equity,Financial position,"2,319",ANZSIC06 group L672
2021,Level 4,LL123,Real Estate Services,Dollars (millions),H32,Current liabilities,Financial position,"1,707",ANZSIC06 group L672
2021,Level 4,LL123,Real Estate Services,Dollars (millions),H33,Other liabilities,Financial position,"1,340",ANZSIC06 group L672
2021,Level 4,LL123,Real Estate Services,Dollars,H34,Total income per employee count,Financial ratios,"526,300",ANZSIC06 group L672
2021,Level 4,LL123,Real Estate Services,Dollars,H35,Surplus per employee count,Financial ratios,"135,400",ANZSIC06 group L672
2021,Level 4,LL123,Real Estate Services,Percentage,H36,Current ratio,Financial ratios,116,ANZSIC06 group L672
2021,Level 4,LL123,Real Estate Services,Percentage,H37,Quick ratio,Financial ratios,113,ANZSIC06 group L672
2021,Level 4,LL123,Real Estate Services,Percentage,H39,Return on equity,Financial ratios,69,ANZSIC06 group L672
2021,Level 4,LL123,Real Estate Services,Percentage,H40,Return on total assets,Financial ratios,30,ANZSIC06 group L672
2021,Level 4,LL123,Real Estate Services,Percentage,H41,Liabilities structure,Financial ratios,43,ANZSIC06 group L672
2021,Level 1,MN,"Professional, Scientific, Technical, Administrative and Support Services",Dollars (millions),H01,Total income,Financial performance,"58,903",ANZSIC06 divisions M and N
2021,Level 1,MN,"Professional, Scientific, Technical, Administrative and Support Services",Dollars (millions),H04,Sales of goods and services,Financial performance,"54,522",ANZSIC06 divisions M and N
2021,Level 1,MN,"Professional, Scientific, Technical, Administrative and Support Services",Dollars (millions),H05,"Interest, dividends and donations",Financial performance,"1,362",ANZSIC06 divisions M and N
2021,Level 1,MN,"Professional, Scientific, Technical, Administrative and Support Services",Dollars (millions),H06,"Government funding, grants and subsidies",Financial performance,"1,699",ANZSIC06 divisions M and N
2021,Level 1,MN,"Professional, Scientific, Technical, Administrative and Support Services",Dollars (millions),H07,Non-operating income,Financial performance,"1,319",ANZSIC06 divisions M and N
2021,Level 1,MN,"Professional, Scientific, Technical, Administrative and Support Services",Dollars (millions),H08,Total expenditure,Financial performance,"51,584",ANZSIC06 divisions M and N
2021,Level 1,MN,"Professional, Scientific, Technical, Administrative and Support Services",Dollars (millions),H09,Interest and donations,Financial performance,929,ANZSIC06 divisions M and N
2021,Level 1,MN,"Professional, Scientific, Technical, Administrative and Support Services",Dollars (millions),H10,Indirect taxes,Financial performance,162,ANZSIC06 divisions M and N
2021,Level 1,MN,"Professional, Scientific, Technical, Administrative and Support Services",Dollars (millions),H11,Depreciation,Financial performance,"1,853",ANZSIC06 divisions M and N
2021,Level 1,MN,"Professional, Scientific, Technical, Administrative and Support Services",Dollars (millions),H12,Salaries and wages paid,Financial performance,"22,085",ANZSIC06 divisions M and N
2021,Level 1,MN,"Professional, Scientific, Technical, Administrative and Support Services",Dollars (millions),H13,Redundancy and severance,Financial performance,50,ANZSIC06 divisions M and N
2021,Level 1,MN,"Professional, Scientific, Technical, Administrative and Support Services",Dollars (millions),H19,Purchases and other operating expenses,Financial performance,"25,251",ANZSIC06 divisions M and N
2021,Level 1,MN,"Professional, Scientific, Technical, Administrative and Support Services",Dollars (millions),H20,Non-operating expenses,Financial performance,"1,303",ANZSIC06 divisions M and N
2021,Level 1,MN,"Professional, Scientific, Technical, Administrative and Support Services",Dollars (millions),H21,Opening stocks,Financial performance,"1,152",ANZSIC06 divisions M and N
2021,Level 1,MN,"Professional, Scientific, Technical, Administrative and Support Services",Dollars (millions),H22,Closing stocks,Financial performance,"1,229",ANZSIC06 divisions M and N
