Year,Industry_aggregation_NZSIOC,Industry_code_NZSIOC,Industry_name_NZSIOC,Units,Variable_code,Variable_name,Variable_category,Value,Industry_code_ANZSIC06
2019,Level 4,II132,Transport Support Services,Dollars (millions),H12,Salaries and wages paid,Financial performance,"1,458","ANZSIC06 groups I521, I522, and I529"
2019,Level 4,II132,Transport Support Services,Dollars (millions),H13,Redundancy and severance,Financial performance,C,"ANZSIC06 groups I521, I522, and I529"
2019,Level 4,II132,Transport Support Services,Dollars (millions),H19,Purchases and other operating expenses,Financial performance,"1,940","ANZSIC06 groups I521, I522, and I529"
2019,Level 4,II132,Transport Support Services,Dollars (millions),H20,Non-operating expenses,Financial performance,C,"ANZSIC06 groups I521, I522, and I529"
2019,Level 4,II132,Transport Support Services,Dollars (millions),H21,Opening stocks,Financial performance,166,"ANZSIC06 groups I521, I522, and I529"
2019,Level 4,II132,Transport Support Services,Dollars (millions),H22,Closing stocks,Financial performance,166,"ANZSIC06 groups I521, I522, and I529"
2019,Level 4,II132,Transport Support Services,Dollars (millions),H23,Surplus before income tax,Financial performance,"1,200","ANZSIC06 groups I521, I522, and I529"
2019,Level 4,II132,Transport Support Services,Dollars (millions),H24,Total assets,Financial position,"26,556","ANZSIC06 groups I521, I522, and I529"
2019,Level 4,II132,Transport Support Services,Dollars (millions),H25,Current assets,Financial position,"3,237","ANZSIC06 groups I521, I522, and I529"
2019,Level 4,II132,Transport Support Services,Dollars (millions),H26,Fixed tangible assets,Financial position,"21,433","ANZSIC06 groups I521, I522, and I529"
2019,Level 4,II132,Transport Support Services,Dollars (millions),H27,Additions to fixed assets,Financial position,"1,822","ANZSIC06 groups I521, I522, and I529"
2019,Level 4,II132,Transport Support Services,Dollars (millions),H28,Disposals of fixed assets,Financial position,268,"ANZSIC06 groups I521, I522, and I529"
2019,Level 4,II132,Transport Support Services,Dollars (millions),H29,Other assets,Financial position,"1,886","ANZSIC06 groups I521, I522, and I529"
2019,Level 4,II132,Transport Support Services,Dollars (millions),H30,Total equity and liabilities,Financial position,"26,556","ANZSIC06 groups I521, I522, and I529"
2019,Level 4,II132,Transport Support Services,Dollars (millions),H31,Shareholders funds or owners equity,Financial position,"17,440","ANZSIC06 groups I521, I522, and I529"
2019,Level 4,II132,Transport Support Services,Dollars (millions),H32,Current liabilities,Financial position,"3,358","ANZSIC06 groups I521, I522, and I529"
2019,Level 4,II132,Transport Support Services,Dollars (millions),H33,Other liabilities,Financial position,"5,758","ANZSIC06 groups I521, I522, and I529"
2019,Level 4,II132,Transport Support Services,Dollars,H34,Total income per employee count,Financial ratios,"314,300","ANZSIC06 groups I521, I522, and I529"
2019,Level 4,II132,Transport Support Services,Dollars,H35,Surplus per employee count,Financial ratios,"65,000","ANZSIC06 groups I521, I522, and I529"
2019,Level 4,II132,Transport Support Services,Percentage,H36,Current ratio,Financial ratios,96,"ANZSIC06 groups I521, I522, and I529"
2019,Level 4,II132,Transport Support Services,Percentage,H37,Quick ratio,Financial ratios,91,"ANZSIC06 groups I521, I522, and I529"
2019,Level 4,II132,Transport Support Services,Percentage,H39,Return on equity,Financial ratios,7,"ANZSIC06 groups I521, I522, and I529"
2019,Level 4,II132,Transport Support Services,Percentage,H40,Return on total assets,Financial ratios,5,"ANZSIC06 groups I521, I522, and I529"
2019,Level 4,II132,Transport Support Services,Percentage,H41,Liabilities structure,Financial ratios,66,"ANZSIC06 groups I521, I522, and I529"
2019,Level 4,II133,Warehousing and Storage Services,Dollars (millions),H01,Total income,Financial performance,"1,288",ANZSIC06 group I530
2019,Level 4,II133,Warehousing and Storage Services,Dollars (millions),H04,Sales of goods and services,Financial performance,"1,210",ANZSIC06 group I530
2019,Level 4,II133,Warehousing and Storage Services,Dollars (millions),H05,"Interest, dividends and donations",Financial performance,C,ANZSIC06 group I530
2019,Level 4,II133,Warehousing and Storage Services,Dollars (millions),H06,"Government funding, grants and subsidies",Financial performance,0,ANZSIC06 group I530
2019,Level 4,II133,Warehousing and Storage Services,Dollars (millions),H07,Non-operating income,Financial performance,C,ANZSIC06 group I530
2019,Level 4,II133,Warehousing and Storage Services,Dollars (millions),H08,Total expenditure,Financial performance,"1,115",ANZSIC06 group I530
2019,Level 4,II133,Warehousing and Storage Services,Dollars (millions),H09,Interest and donations,Financial performance,41,ANZSIC06 group I530
2019,Level 4,II133,Warehousing and Storage Services,Dollars (millions),H10,Indirect taxes,Financial performance,28,ANZSIC06 group I530
2019,Level 4,II133,Warehousing and Storage Services,Dollars (millions),H11,Depreciation,Financial performance,77,ANZSIC06 group I530
2019,Level 4,II133,Warehousing and Storage Services,Dollars (millions),H12,Salaries and wages paid,Financial performance,303,ANZSIC06 group I530
2019,Level 4,II133,Warehousing and Storage Services,Dollars (millions),H13,Redundancy and severance,Financial performance,0,ANZSIC06 group I530
2019,Level 4,II133,Warehousing and Storage Services,Dollars (millions),H19,Purchases and other operating expenses,Financial performance,652,ANZSIC06 group I530
2019,Level 4,II133,Warehousing and Storage Services,Dollars (millions),H20,Non-operating expenses,Financial performance,13,ANZSIC06 group I530
2019,Level 4,II133,Warehousing and Storage Services,Dollars (millions),H21,Opening stocks,Financial performance,7,ANZSIC06 group I530
2019,Level 4,II133,Warehousing and Storage Services,Dollars (millions),H22,Closing stocks,Financial performance,12,ANZSIC06 group I530
2019,Level 4,II133,Warehousing and Storage Services,Dollars (millions),H23,Surplus before income tax,Financial performance,178,ANZSIC06 group I530
2019,Level 4,II133,Warehousing and Storage Services,Dollars (millions),H24,Total assets,Financial position,"2,473",ANZSIC06 group I530
2019,Level 4,II133,Warehousing and Storage Services,Dollars (millions),H25,Current assets,Financial position,475,ANZSIC06 group I530
2019,Level 4,II133,Warehousing and Storage Services,Dollars (millions),H26,Fixed tangible assets,Financial position,C,ANZSIC06 group I530
2019,Level 4,II133,Warehousing and Storage Services,Dollars (millions),H27,Additions to fixed assets,Financial position,382,ANZSIC06 group I530
2019,Level 4,II133,Warehousing and Storage Services,Dollars (millions),H28,Disposals of fixed assets,Financial position,44,ANZSIC06 group I530
2019,Level 4,II133,Warehousing and Storage Services,Dollars (millions),H29,Other assets,Financial position,C,ANZSIC06 group I530
2019,Level 4,II133,Warehousing and Storage Services,Dollars (millions),H30,Total equity and liabilities,Financial position,"2,473",ANZSIC06 group I530
2019,Level 4,II133,Warehousing and Storage Services,Dollars (millions),H31,Shareholders funds or owners equity,Financial position,"1,015",ANZSIC06 group I530
2019,Level 4,II133,Warehousing and Storage Services,Dollars (millions),H32,Current liabilities,Financial position,696,ANZSIC06 group I530
2019,Level 4,II133,Warehousing and Storage Services,Dollars (millions),H33,Other liabilities,Financial position,762,ANZSIC06 group I530
2019,Level 4,II133,Warehousing and Storage Services,Dollars,H34,Total income per employee count,Financial ratios,"254,600",ANZSIC06 group I530
2019,Level 4,II133,Warehousing and Storage Services,Dollars,H35,Surplus per employee count,Financial ratios,"35,300",ANZSIC06 group I530
2019,Level 4,II133,Warehousing and Storage Services,Percentage,H36,Current ratio,Financial ratios,68,ANZSIC06 group I530
2019,Level 4,II133,Warehousing and Storage Services,Percentage,H37,Quick ratio,Financial ratios,66,ANZSIC06 group I530
2019,Level 4,II133,Warehousing and Storage Services,Percentage,H39,Return on equity,Financial ratios,18,ANZSIC06 group I530
2019,Level 4,II133,Warehousing and Storage Services,Percentage,H40,Return on total assets,Financial ratios,7,ANZSIC06 group I530
2019,Level 4,II133,Warehousing and Storage Services,Percentage,H41,Liabilities structure,Financial ratios,41,ANZSIC06 group I530
2019,Level 1,JJ,Information Media and Telecommunications,Dollars (millions),H01,Total income,Financial performance,"14,249",ANZSIC06 division J
2019,Level 1,JJ,Information Media and Telecommunications,Dollars (millions),H04,Sales of goods and services,Financial performance,"13,776",ANZSIC06 division J
2019,Level 1,JJ,Information Media and Telecommunications,Dollars (millions),H05,"Interest, dividends and donations",Financial performance,C,ANZSIC06 division J
2019,Level 1,JJ,Information Media and Telecommunications,Dollars (millions),H06,"Government funding, grants and subsidies",Financial performance,C,ANZSIC06 division J
2019,Level 1,JJ,Information Media and Telecommunications,Dollars (millions),H07,Non-operating income,Financial performance,C,ANZSIC06 division J
2019,Level 1,JJ,Information Media and Telecommunications,Dollars (millions),H08,Total expenditure,Financial performance,"14,070",ANZSIC06 division J
2019,Level 1,JJ,Information Media and Telecommunications,Dollars (millions),H09,Interest and donations,Financial performance,558,ANZSIC06 division J
2019,Level 1,JJ,Information Media and Telecommunications,Dollars (millions),H10,Indirect taxes,Financial performance,41,ANZSIC06 division J
2019,Level 1,JJ,Information Media and Telecommunications,Dollars (millions),H11,Depreciation,Financial performance,"1,667",ANZSIC06 division J
2019,Level 1,JJ,Information Media and Telecommunications,Dollars (millions),H12,Salaries and wages paid,Financial performance,"2,374",ANZSIC06 division J
2019,Level 1,JJ,Information Media and Telecommunications,Dollars (millions),H13,Redundancy and severance,Financial performance,13,ANZSIC06 division J
2019,Level 1,JJ,Information Media and Telecommunications,Dollars (millions),H19,Purchases and other operating expenses,Financial performance,"8,453",ANZSIC06 division J
2019,Level 1,JJ,Information Media and Telecommunications,Dollars (millions),H20,Non-operating expenses,Financial performance,977,ANZSIC06 division J
2019,Level 1,JJ,Information Media and Telecommunications,Dollars (millions),H21,Opening stocks,Financial performance,317,ANZSIC06 division J
2019,Level 1,JJ,Information Media and Telecommunications,Dollars (millions),H22,Closing stocks,Financial performance,381,ANZSIC06 division J
2019,Level 1,JJ,Information Media and Telecommunications,Dollars (millions),H23,Surplus before income tax,Financial performance,243,ANZSIC06 division J
2019,Level 1,JJ,Information Media and Telecommunications,Dollars (millions),H24,Total assets,Financial position,"23,590",ANZSIC06 division J
2019,Level 1,JJ,Information Media and Telecommunications,Dollars (millions),H25,Current assets,Financial position,"8,332",ANZSIC06 division J
2019,Level 1,JJ,Information Media and Telecommunications,Dollars (millions),H26,Fixed tangible assets,Financial position,"9,126",ANZSIC06 division J
2019,Level 1,JJ,Information Media and Telecommunications,Dollars (millions),H27,Additions to fixed assets,Financial position,"1,676",ANZSIC06 division J
2019,Level 1,JJ,Information Media and Telecommunications,Dollars (millions),H28,Disposals of fixed assets,Financial position,68,ANZSIC06 division J
2019,Level 1,JJ,Information Media and Telecommunications,Dollars (millions),H29,Other assets,Financial position,"6,131",ANZSIC06 division J
2019,Level 1,JJ,Information Media and Telecommunications,Dollars (millions),H30,Total equity and liabilities,Financial position,"23,590",ANZSIC06 division J
2019,Level 1,JJ,Information Media and Telecommunications,Dollars (millions),H31,Shareholders funds or owners equity,Financial position,"8,589",ANZSIC06 division J
2019,Level 1,JJ,Information Media and Telecommunications,Dollars (millions),H32,Current liabilities,Financial position,"8,363",ANZSIC06 division J
2019,Level 1,JJ,Information Media and Telecommunications,Dollars (millions),H33,Other liabilities,Financial position,"6,638",ANZSIC06 division J
2019,Level 1,JJ,Information Media and Telecommunications,Dollars,H34,Total income per employee count,Financial ratios,"445,900",ANZSIC06 division J
2019,Level 1,JJ,Information Media and Telecommunications,Dollars,H35,Surplus per employee count,Financial ratios,"7,600",ANZSIC06 division J
2019,Level 1,JJ,Information Media and Telecommunications,Percentage,H36,Current ratio,Financial ratios,100,ANZSIC06 division J
2019,Level 1,JJ,Information Media and Telecommunications,Percentage,H37,Quick ratio,Financial ratios,95,ANZSIC06 division J
2019,Level 1,JJ,Information Media and Telecommunications,Percentage,H39,Return on equity,Financial ratios,3,ANZSIC06 division J
2019,Level 1,JJ,Information Media and Telecommunications,Percentage,H40,Return on total assets,Financial ratios,1,ANZSIC06 division J
2019,Level 1,JJ,Information Media and Telecommunications,Percentage,H41,Liabilities structure,Financial ratios,36,ANZSIC06 division J
2019,Level 3,JJ11,Information Media Services,Dollars (millions),H01,Total income,Financial performance,"5,310","ANZSIC06 groups J541, J542, J551, J552, J561, J562, and J570"
2019,Level 3,JJ11,Information Media Services,Dollars (millions),H04,Sales of goods and services,Financial performance,C,"ANZSIC06 groups J541, J542, J551, J552, J561, J562, and J570"
2019,Level 3,JJ11,Information Media Services,Dollars (millions),H05,"Interest, dividends and donations",Financial performance,C,"ANZSIC06 groups J541, J542, J551, J552, J561, J562, and J570"
2019,Level 3,JJ11,Information Media Services,Dollars (millions),H06,"Government funding, grants and subsidies",Financial performance,C,"ANZSIC06 groups J541, J542, J551, J552, J561, J562, and J570"
2019,Level 3,JJ11,Information Media Services,Dollars (millions),H07,Non-operating income,Financial performance,C,"ANZSIC06 groups J541, J542, J551, J552, J561, J562, and J570"
2019,Level 3,JJ11,Information Media Services,Dollars (millions),H08,Total expenditure,Financial performance,"5,774","ANZSIC06 groups J541, J542, J551, J552, J561, J562, and J570"
2019,Level 3,JJ11,Information Media Services,Dollars (millions),H09,Interest and donations,Financial performance,35,"ANZSIC06 groups J541, J542, J551, J552, J561, J562, and J570"
2019,Level 3,JJ11,Information Media Services,Dollars (millions),H10,Indirect taxes,Financial performance,13,"ANZSIC06 groups J541, J542, J551, J552, J561, J562, and J570"
2019,Level 3,JJ11,Information Media Services,Dollars (millions),H11,Depreciation,Financial performance,303,"ANZSIC06 groups J541, J542, J551, J552, J561, J562, and J570"
2019,Level 3,JJ11,Information Media Services,Dollars (millions),H12,Salaries and wages paid,Financial performance,"1,095","ANZSIC06 groups J541, J542, J551, J552, J561, J562, and J570"
