Year,Industry_aggregation_NZSIOC,Industry_code_NZSIOC,Industry_name_NZSIOC,Units,Variable_code,Variable_name,Variable_category,Value,Industry_code_ANZSIC06
2013,Level 4,PP112,School Education,Dollars (millions),H28,Disposals of fixed assets,Financial position,15,ANZSIC06 group P802
2013,Level 4,PP112,School Education,Dollars (millions),H29,Other assets,Financial position,C,ANZSIC06 group P802
2013,Level 4,PP112,School Education,Dollars (millions),H30,Total equity and liabilities,Financial position,"1,593",ANZSIC06 group P802
2013,Level 4,PP112,School Education,Dollars (millions),H31,Shareholders funds or owners equity,Financial position,"1,298",ANZSIC06 group P802
2013,Level 4,PP112,School Education,Dollars (millions),H32,Current liabilities,Financial position,184,ANZSIC06 group P802
2013,Level 4,PP112,School Education,Dollars (millions),H33,Other liabilities,Financial position,111,ANZSIC06 group P802
2013,Level 4,PP112,School Education,Percentage,H36,Current ratio,Financial ratios,C,ANZSIC06 group P802
2013,Level 4,PP112,School Education,Percentage,H37,Quick ratio,Financial ratios,C,ANZSIC06 group P802
2013,Level 4,PP112,School Education,Percentage,H39,Return on equity,Financial ratios,3,ANZSIC06 group P802
2013,Level 4,PP112,School Education,Percentage,H40,Return on total assets,Financial ratios,2,ANZSIC06 group P802
2013,Level 4,PP112,School Education,Percentage,H41,Liabilities structure,Financial ratios,81,ANZSIC06 group P802
2013,Level 4,PP113,Tertiary Education,Dollars (millions),H01,Total income,Financial performance,729,ANZSIC06 group P810
2013,Level 4,PP113,Tertiary Education,Dollars (millions),H05,"Interest, dividends and donations",Financial performance,35,ANZSIC06 group P810
2013,Level 4,PP113,Tertiary Education,Dollars (millions),H06,"Sales, government funding, grants and subsidies",Financial performance,690,ANZSIC06 group P810
2013,Level 4,PP113,Tertiary Education,Dollars (millions),H07,Non-operating income,Financial performance,4,ANZSIC06 group P810
2013,Level 4,PP113,Tertiary Education,Dollars (millions),H08,Total expenditure,Financial performance,656,ANZSIC06 group P810
2013,Level 4,PP113,Tertiary Education,Dollars (millions),H09,Interest and donations,Financial performance,3,ANZSIC06 group P810
2013,Level 4,PP113,Tertiary Education,Dollars (millions),H10,Indirect taxes,Financial performance,2,ANZSIC06 group P810
2013,Level 4,PP113,Tertiary Education,Dollars (millions),H11,Depreciation,Financial performance,18,ANZSIC06 group P810
2013,Level 4,PP113,Tertiary Education,Dollars (millions),H12,Salaries and wages paid,Financial performance,293,ANZSIC06 group P810
2013,Level 4,PP113,Tertiary Education,Dollars (millions),H13,Redundancy and severance,Financial performance,C,ANZSIC06 group P810
2013,Level 4,PP113,Tertiary Education,Dollars (millions),H19,Purchases and other operating expenses,Financial performance,330,ANZSIC06 group P810
2013,Level 4,PP113,Tertiary Education,Dollars (millions),H20,Non-operating expenses,Financial performance,9,ANZSIC06 group P810
2013,Level 4,PP113,Tertiary Education,Dollars (millions),H21,Opening stocks,Financial performance,0,ANZSIC06 group P810
2013,Level 4,PP113,Tertiary Education,Dollars (millions),H22,Closing stocks,Financial performance,0,ANZSIC06 group P810
2013,Level 4,PP113,Tertiary Education,Dollars (millions),H23,Surplus before income tax,Financial performance,74,ANZSIC06 group P810
2013,Level 4,PP113,Tertiary Education,Dollars (millions),H24,Total assets,Financial position,498,ANZSIC06 group P810
2013,Level 4,PP113,Tertiary Education,Dollars (millions),H25,Current assets,Financial position,308,ANZSIC06 group P810
2013,Level 4,PP113,Tertiary Education,Dollars (millions),H26,Fixed tangible assets,Financial position,126,ANZSIC06 group P810
2013,Level 4,PP113,Tertiary Education,Dollars (millions),H27,Additions to fixed assets,Financial position,28,ANZSIC06 group P810
2013,Level 4,PP113,Tertiary Education,Dollars (millions),H28,Disposals of fixed assets,Financial position,15,ANZSIC06 group P810
2013,Level 4,PP113,Tertiary Education,Dollars (millions),H29,Other assets,Financial position,64,ANZSIC06 group P810
2013,Level 4,PP113,Tertiary Education,Dollars (millions),H30,Total equity and liabilities,Financial position,498,ANZSIC06 group P810
2013,Level 4,PP113,Tertiary Education,Dollars (millions),H31,Shareholders funds or owners equity,Financial position,230,ANZSIC06 group P810
2013,Level 4,PP113,Tertiary Education,Dollars (millions),H32,Current liabilities,Financial position,211,ANZSIC06 group P810
2013,Level 4,PP113,Tertiary Education,Dollars (millions),H33,Other liabilities,Financial position,57,ANZSIC06 group P810
2013,Level 4,PP113,Tertiary Education,Percentage,H36,Current ratio,Financial ratios,146,ANZSIC06 group P810
2013,Level 4,PP113,Tertiary Education,Percentage,H37,Quick ratio,Financial ratios,146,ANZSIC06 group P810
2013,Level 4,PP113,Tertiary Education,Percentage,H39,Return on equity,Financial ratios,32,ANZSIC06 group P810
2013,Level 4,PP113,Tertiary Education,Percentage,H40,Return on total assets,Financial ratios,15,ANZSIC06 group P810
2013,Level 4,PP113,Tertiary Education,Percentage,H41,Liabilities structure,Financial ratios,46,ANZSIC06 group P810
2013,Level 4,PP114,"Adult, Community and Other Education",Dollars (millions),H01,Total income,Financial performance,"1,171",ANZSIC06 groups P821 and P822
2013,Level 4,PP114,"Adult, Community and Other Education",Dollars (millions),H05,"Interest, dividends and donations",Financial performance,88,ANZSIC06 groups P821 and P822
2013,Level 4,PP114,"Adult, Community and Other Education",Dollars (millions),H06,"Sales, government funding, grants and subsidies",Financial performance,"1,079",ANZSIC06 groups P821 and P822
2013,Level 4,PP114,"Adult, Community and Other Education",Dollars (millions),H07,Non-operating income,Financial performance,4,ANZSIC06 groups P821 and P822
2013,Level 4,PP114,"Adult, Community and Other Education",Dollars (millions),H08,Total expenditure,Financial performance,"1,086",ANZSIC06 groups P821 and P822
2013,Level 4,PP114,"Adult, Community and Other Education",Dollars (millions),H09,Interest and donations,Financial performance,13,ANZSIC06 groups P821 and P822
2013,Level 4,PP114,"Adult, Community and Other Education",Dollars (millions),H10,Indirect taxes,Financial performance,3,ANZSIC06 groups P821 and P822
2013,Level 4,PP114,"Adult, Community and Other Education",Dollars (millions),H11,Depreciation,Financial performance,39,ANZSIC06 groups P821 and P822
2013,Level 4,PP114,"Adult, Community and Other Education",Dollars (millions),H12,Salaries and wages paid,Financial performance,434,ANZSIC06 groups P821 and P822
2013,Level 4,PP114,"Adult, Community and Other Education",Dollars (millions),H13,Redundancy and severance,Financial performance,C,ANZSIC06 groups P821 and P822
2013,Level 4,PP114,"Adult, Community and Other Education",Dollars (millions),H19,Purchases and other operating expenses,Financial performance,587,ANZSIC06 groups P821 and P822
2013,Level 4,PP114,"Adult, Community and Other Education",Dollars (millions),H20,Non-operating expenses,Financial performance,11,ANZSIC06 groups P821 and P822
2013,Level 4,PP114,"Adult, Community and Other Education",Dollars (millions),H21,Opening stocks,Financial performance,C,ANZSIC06 groups P821 and P822
2013,Level 4,PP114,"Adult, Community and Other Education",Dollars (millions),H22,Closing stocks,Financial performance,C,ANZSIC06 groups P821 and P822
2013,Level 4,PP114,"Adult, Community and Other Education",Dollars (millions),H23,Surplus before income tax,Financial performance,84,ANZSIC06 groups P821 and P822
2013,Level 4,PP114,"Adult, Community and Other Education",Dollars (millions),H24,Total assets,Financial position,"1,051",ANZSIC06 groups P821 and P822
2013,Level 4,PP114,"Adult, Community and Other Education",Dollars (millions),H25,Current assets,Financial position,C,ANZSIC06 groups P821 and P822
2013,Level 4,PP114,"Adult, Community and Other Education",Dollars (millions),H26,Fixed tangible assets,Financial position,423,ANZSIC06 groups P821 and P822
2013,Level 4,PP114,"Adult, Community and Other Education",Dollars (millions),H27,Additions to fixed assets,Financial position,66,ANZSIC06 groups P821 and P822
2013,Level 4,PP114,"Adult, Community and Other Education",Dollars (millions),H28,Disposals of fixed assets,Financial position,31,ANZSIC06 groups P821 and P822
2013,Level 4,PP114,"Adult, Community and Other Education",Dollars (millions),H29,Other assets,Financial position,C,ANZSIC06 groups P821 and P822
2013,Level 4,PP114,"Adult, Community and Other Education",Dollars (millions),H30,Total equity and liabilities,Financial position,"1,051",ANZSIC06 groups P821 and P822
2013,Level 4,PP114,"Adult, Community and Other Education",Dollars (millions),H31,Shareholders funds or owners equity,Financial position,584,ANZSIC06 groups P821 and P822
2013,Level 4,PP114,"Adult, Community and Other Education",Dollars (millions),H32,Current liabilities,Financial position,361,ANZSIC06 groups P821 and P822
2013,Level 4,PP114,"Adult, Community and Other Education",Dollars (millions),H33,Other liabilities,Financial position,106,ANZSIC06 groups P821 and P822
2013,Level 4,PP114,"Adult, Community and Other Education",Percentage,H36,Current ratio,Financial ratios,C,ANZSIC06 groups P821 and P822
2013,Level 4,PP114,"Adult, Community and Other Education",Percentage,H37,Quick ratio,Financial ratios,C,ANZSIC06 groups P821 and P822
2013,Level 4,PP114,"Adult, Community and Other Education",Percentage,H39,Return on equity,Financial ratios,14,ANZSIC06 groups P821 and P822
2013,Level 4,PP114,"Adult, Community and Other Education",Percentage,H40,Return on total assets,Financial ratios,8,ANZSIC06 groups P821 and P822
2013,Level 4,PP114,"Adult, Community and Other Education",Percentage,H41,Liabilities structure,Financial ratios,56,ANZSIC06 groups P821 and P822
2013,Level 1,QQ,Health Care and Social Assistance,Dollars (millions),H01,Total income,Financial performance,"13,520",ANZSIC06 division Q
2013,Level 1,QQ,Health Care and Social Assistance,Dollars (millions),H05,"Interest, dividends and donations",Financial performance,528,ANZSIC06 division Q
2013,Level 1,QQ,Health Care and Social Assistance,Dollars (millions),H06,"Sales, government funding, grants and subsidies",Financial performance,"12,857",ANZSIC06 division Q
2013,Level 1,QQ,Health Care and Social Assistance,Dollars (millions),H07,Non-operating income,Financial performance,134,ANZSIC06 division Q
2013,Level 1,QQ,Health Care and Social Assistance,Dollars (millions),H08,Total expenditure,Financial performance,"12,061",ANZSIC06 division Q
2013,Level 1,QQ,Health Care and Social Assistance,Dollars (millions),H09,Interest and donations,Financial performance,259,ANZSIC06 division Q
2013,Level 1,QQ,Health Care and Social Assistance,Dollars (millions),H10,Indirect taxes,Financial performance,49,ANZSIC06 division Q
2013,Level 1,QQ,Health Care and Social Assistance,Dollars (millions),H11,Depreciation,Financial performance,378,ANZSIC06 division Q
2013,Level 1,QQ,Health Care and Social Assistance,Dollars (millions),H12,Salaries and wages paid,Financial performance,"5,568",ANZSIC06 division Q
2013,Level 1,QQ,Health Care and Social Assistance,Dollars (millions),H13,Redundancy and severance,Financial performance,2,ANZSIC06 division Q
2013,Level 1,QQ,Health Care and Social Assistance,Dollars (millions),H19,Purchases and other operating expenses,Financial performance,"5,630",ANZSIC06 division Q
2013,Level 1,QQ,Health Care and Social Assistance,Dollars (millions),H20,Non-operating expenses,Financial performance,177,ANZSIC06 division Q
2013,Level 1,QQ,Health Care and Social Assistance,Dollars (millions),H21,Opening stocks,Financial performance,36,ANZSIC06 division Q
2013,Level 1,QQ,Health Care and Social Assistance,Dollars (millions),H22,Closing stocks,Financial performance,37,ANZSIC06 division Q
2013,Level 1,QQ,Health Care and Social Assistance,Dollars (millions),H23,Surplus before income tax,Financial performance,"1,459",ANZSIC06 division Q
2013,Level 1,QQ,Health Care and Social Assistance,Dollars (millions),H24,Total assets,Financial position,"14,227",ANZSIC06 division Q
2013,Level 1,QQ,Health Care and Social Assistance,Dollars (millions),H25,Current assets,Financial position,"3,732",ANZSIC06 division Q
2013,Level 1,QQ,Health Care and Social Assistance,Dollars (millions),H26,Fixed tangible assets,Financial position,"5,582",ANZSIC06 division Q
2013,Level 1,QQ,Health Care and Social Assistance,Dollars (millions),H27,Additions to fixed assets,Financial position,809,ANZSIC06 division Q
2013,Level 1,QQ,Health Care and Social Assistance,Dollars (millions),H28,Disposals of fixed assets,Financial position,375,ANZSIC06 division Q
2013,Level 1,QQ,Health Care and Social Assistance,Dollars (millions),H29,Other assets,Financial position,"4,913",ANZSIC06 division Q
2013,Level 1,QQ,Health Care and Social Assistance,Dollars (millions),H30,Total equity and liabilities,Financial position,"14,227",ANZSIC06 division Q
2013,Level 1,QQ,Health Care and Social Assistance,Dollars (millions),H31,Shareholders funds or owners equity,Financial position,"7,618",ANZSIC06 division Q
2013,Level 1,QQ,Health Care and Social Assistance,Dollars (millions),H32,Current liabilities,Financial position,"3,377",ANZSIC06 division Q
2013,Level 1,QQ,Health Care and Social Assistance,Dollars (millions),H33,Other liabilities,Financial position,"3,232",ANZSIC06 division Q
2013,Level 1,QQ,Health Care and Social Assistance,Percentage,H36,Current ratio,Financial ratios,110,ANZSIC06 division Q
2013,Level 1,QQ,Health Care and Social Assistance,Percentage,H37,Quick ratio,Financial ratios,109,ANZSIC06 division Q
2013,Level 1,QQ,Health Care and Social Assistance,Percentage,H39,Return on equity,Financial ratios,19,ANZSIC06 division Q
2013,Level 1,QQ,Health Care and Social Assistance,Percentage,H40,Return on total assets,Financial ratios,10,ANZSIC06 division Q
