Year,Industry_aggregation_NZSIOC,Industry_code_NZSIOC,Industry_name_NZSIOC,Units,Variable_code,Variable_name,Variable_category,Value,Industry_code_ANZSIC06
2020,Level 4,CC912,Other Manufacturing,Dollars (millions),H31,Shareholders funds or owners equity,Financial position,210,ANZSIC06 group C259
2020,Level 4,CC912,Other Manufacturing,Dollars (millions),H32,Current liabilities,Financial position,251,ANZSIC06 group C259
2020,Level 4,CC912,Other Manufacturing,Dollars (millions),H33,Other liabilities,Financial position,110,ANZSIC06 group C259
2020,Level 4,CC912,Other Manufacturing,Dollars,H34,Total income per employee count,Financial ratios,"259,600",ANZSIC06 group C259
2020,Level 4,CC912,Other Manufacturing,Dollars,H35,Surplus per employee count,Financial ratios,"26,800",ANZSIC06 group C259
2020,Level 4,CC912,Other Manufacturing,Percentage,H36,Current ratio,Financial ratios,138,ANZSIC06 group C259
2020,Level 4,CC912,Other Manufacturing,Percentage,H37,Quick ratio,Financial ratios,81,ANZSIC06 group C259
2020,Level 4,CC912,Other Manufacturing,Percentage,H38,Margin on sales of goods for resale,Financial ratios,36,ANZSIC06 group C259
2020,Level 4,CC912,Other Manufacturing,Percentage,H39,Return on equity,Financial ratios,40,ANZSIC06 group C259
2020,Level 4,CC912,Other Manufacturing,Percentage,H40,Return on total assets,Financial ratios,15,ANZSIC06 group C259
2020,Level 4,CC912,Other Manufacturing,Percentage,H41,Liabilities structure,Financial ratios,37,ANZSIC06 group C259
2020,Level 1,DD,"Electricity, Gas, Water and Waste Services",Dollars (millions),H01,Total income,Financial performance,"20,576",ANZSIC06 division D
2020,Level 1,DD,"Electricity, Gas, Water and Waste Services",Dollars (millions),H04,Sales of goods and services,Financial performance,"20,293",ANZSIC06 division D
2020,Level 1,DD,"Electricity, Gas, Water and Waste Services",Dollars (millions),H05,"Interest, dividends and donations",Financial performance,63,ANZSIC06 division D
2020,Level 1,DD,"Electricity, Gas, Water and Waste Services",Dollars (millions),H06,"Government funding, grants and subsidies",Financial performance,11,ANZSIC06 division D
2020,Level 1,DD,"Electricity, Gas, Water and Waste Services",Dollars (millions),H07,Non-operating income,Financial performance,208,ANZSIC06 division D
2020,Level 1,DD,"Electricity, Gas, Water and Waste Services",Dollars (millions),H08,Total expenditure,Financial performance,"18,189",ANZSIC06 division D
2020,Level 1,DD,"Electricity, Gas, Water and Waste Services",Dollars (millions),H09,Interest and donations,Financial performance,959,ANZSIC06 division D
2020,Level 1,DD,"Electricity, Gas, Water and Waste Services",Dollars (millions),H10,Indirect taxes,Financial performance,106,ANZSIC06 division D
2020,Level 1,DD,"Electricity, Gas, Water and Waste Services",Dollars (millions),H11,Depreciation,Financial performance,"2,487",ANZSIC06 division D
2020,Level 1,DD,"Electricity, Gas, Water and Waste Services",Dollars (millions),H12,Salaries and wages paid,Financial performance,"1,653",ANZSIC06 division D
2020,Level 1,DD,"Electricity, Gas, Water and Waste Services",Dollars (millions),H13,Redundancy and severance,Financial performance,9,ANZSIC06 division D
2020,Level 1,DD,"Electricity, Gas, Water and Waste Services",Dollars (millions),H19,Purchases and other operating expenses,Financial performance,"12,601",ANZSIC06 division D
2020,Level 1,DD,"Electricity, Gas, Water and Waste Services",Dollars (millions),H20,Non-operating expenses,Financial performance,382,ANZSIC06 division D
2020,Level 1,DD,"Electricity, Gas, Water and Waste Services",Dollars (millions),H21,Opening stocks,Financial performance,383,ANZSIC06 division D
2020,Level 1,DD,"Electricity, Gas, Water and Waste Services",Dollars (millions),H22,Closing stocks,Financial performance,378,ANZSIC06 division D
2020,Level 1,DD,"Electricity, Gas, Water and Waste Services",Dollars (millions),H23,Surplus before income tax,Financial performance,"2,382",ANZSIC06 division D
2020,Level 1,DD,"Electricity, Gas, Water and Waste Services",Dollars (millions),H24,Total assets,Financial position,"75,653",ANZSIC06 division D
2020,Level 1,DD,"Electricity, Gas, Water and Waste Services",Dollars (millions),H25,Current assets,Financial position,"4,753",ANZSIC06 division D
2020,Level 1,DD,"Electricity, Gas, Water and Waste Services",Dollars (millions),H26,Fixed tangible assets,Financial position,"59,957",ANZSIC06 division D
2020,Level 1,DD,"Electricity, Gas, Water and Waste Services",Dollars (millions),H27,Additions to fixed assets,Financial position,"3,468",ANZSIC06 division D
2020,Level 1,DD,"Electricity, Gas, Water and Waste Services",Dollars (millions),H28,Disposals of fixed assets,Financial position,286,ANZSIC06 division D
2020,Level 1,DD,"Electricity, Gas, Water and Waste Services",Dollars (millions),H29,Other assets,Financial position,"10,944",ANZSIC06 division D
2020,Level 1,DD,"Electricity, Gas, Water and Waste Services",Dollars (millions),H30,Total equity and liabilities,Financial position,"75,653",ANZSIC06 division D
2020,Level 1,DD,"Electricity, Gas, Water and Waste Services",Dollars (millions),H31,Shareholders funds or owners equity,Financial position,"38,177",ANZSIC06 division D
2020,Level 1,DD,"Electricity, Gas, Water and Waste Services",Dollars (millions),H32,Current liabilities,Financial position,"6,422",ANZSIC06 division D
2020,Level 1,DD,"Electricity, Gas, Water and Waste Services",Dollars (millions),H33,Other liabilities,Financial position,"31,053",ANZSIC06 division D
2020,Level 1,DD,"Electricity, Gas, Water and Waste Services",Dollars,H34,Total income per employee count,Financial ratios,"1,026,700",ANZSIC06 division D
2020,Level 1,DD,"Electricity, Gas, Water and Waste Services",Dollars,H35,Surplus per employee count,Financial ratios,"118,900",ANZSIC06 division D
2020,Level 1,DD,"Electricity, Gas, Water and Waste Services",Percentage,H36,Current ratio,Financial ratios,74,ANZSIC06 division D
2020,Level 1,DD,"Electricity, Gas, Water and Waste Services",Percentage,H37,Quick ratio,Financial ratios,68,ANZSIC06 division D
2020,Level 1,DD,"Electricity, Gas, Water and Waste Services",Percentage,H39,Return on equity,Financial ratios,6,ANZSIC06 division D
2020,Level 1,DD,"Electricity, Gas, Water and Waste Services",Percentage,H40,Return on total assets,Financial ratios,3,ANZSIC06 division D
2020,Level 1,DD,"Electricity, Gas, Water and Waste Services",Percentage,H41,Liabilities structure,Financial ratios,50,ANZSIC06 division D
2020,Level 3,DD11,Electricity and Gas Supply,Dollars (millions),H01,Total income,Financial performance,"17,517","ANZSIC06 groups D261, D262, D263, D264, and D270"
2020,Level 3,DD11,Electricity and Gas Supply,Dollars (millions),H04,Sales of goods and services,Financial performance,"17,273","ANZSIC06 groups D261, D262, D263, D264, and D270"
2020,Level 3,DD11,Electricity and Gas Supply,Dollars (millions),H05,"Interest, dividends and donations",Financial performance,36,"ANZSIC06 groups D261, D262, D263, D264, and D270"
2020,Level 3,DD11,Electricity and Gas Supply,Dollars (millions),H06,"Government funding, grants and subsidies",Financial performance,2,"ANZSIC06 groups D261, D262, D263, D264, and D270"
2020,Level 3,DD11,Electricity and Gas Supply,Dollars (millions),H07,Non-operating income,Financial performance,206,"ANZSIC06 groups D261, D262, D263, D264, and D270"
2020,Level 3,DD11,Electricity and Gas Supply,Dollars (millions),H08,Total expenditure,Financial performance,"15,561","ANZSIC06 groups D261, D262, D263, D264, and D270"
2020,Level 3,DD11,Electricity and Gas Supply,Dollars (millions),H09,Interest and donations,Financial performance,856,"ANZSIC06 groups D261, D262, D263, D264, and D270"
2020,Level 3,DD11,Electricity and Gas Supply,Dollars (millions),H10,Indirect taxes,Financial performance,73,"ANZSIC06 groups D261, D262, D263, D264, and D270"
2020,Level 3,DD11,Electricity and Gas Supply,Dollars (millions),H11,Depreciation,Financial performance,"2,017","ANZSIC06 groups D261, D262, D263, D264, and D270"
2020,Level 3,DD11,Electricity and Gas Supply,Dollars (millions),H12,Salaries and wages paid,Financial performance,"1,097","ANZSIC06 groups D261, D262, D263, D264, and D270"
2020,Level 3,DD11,Electricity and Gas Supply,Dollars (millions),H13,Redundancy and severance,Financial performance,8,"ANZSIC06 groups D261, D262, D263, D264, and D270"
2020,Level 3,DD11,Electricity and Gas Supply,Dollars (millions),H19,Purchases and other operating expenses,Financial performance,"11,159","ANZSIC06 groups D261, D262, D263, D264, and D270"
2020,Level 3,DD11,Electricity and Gas Supply,Dollars (millions),H20,Non-operating expenses,Financial performance,359,"ANZSIC06 groups D261, D262, D263, D264, and D270"
2020,Level 3,DD11,Electricity and Gas Supply,Dollars (millions),H21,Opening stocks,Financial performance,336,"ANZSIC06 groups D261, D262, D263, D264, and D270"
2020,Level 3,DD11,Electricity and Gas Supply,Dollars (millions),H22,Closing stocks,Financial performance,330,"ANZSIC06 groups D261, D262, D263, D264, and D270"
2020,Level 3,DD11,Electricity and Gas Supply,Dollars (millions),H23,Surplus before income tax,Financial performance,"1,949","ANZSIC06 groups D261, D262, D263, D264, and D270"
2020,Level 3,DD11,Electricity and Gas Supply,Dollars (millions),H24,Total assets,Financial position,"61,162","ANZSIC06 groups D261, D262, D263, D264, and D270"
2020,Level 3,DD11,Electricity and Gas Supply,Dollars (millions),H25,Current assets,Financial position,"4,004","ANZSIC06 groups D261, D262, D263, D264, and D270"
2020,Level 3,DD11,Electricity and Gas Supply,Dollars (millions),H26,Fixed tangible assets,Financial position,"47,392","ANZSIC06 groups D261, D262, D263, D264, and D270"
2020,Level 3,DD11,Electricity and Gas Supply,Dollars (millions),H27,Additions to fixed assets,Financial position,"2,454","ANZSIC06 groups D261, D262, D263, D264, and D270"
2020,Level 3,DD11,Electricity and Gas Supply,Dollars (millions),H28,Disposals of fixed assets,Financial position,241,"ANZSIC06 groups D261, D262, D263, D264, and D270"
2020,Level 3,DD11,Electricity and Gas Supply,Dollars (millions),H29,Other assets,Financial position,"9,765","ANZSIC06 groups D261, D262, D263, D264, and D270"
2020,Level 3,DD11,Electricity and Gas Supply,Dollars (millions),H30,Total equity and liabilities,Financial position,"61,162","ANZSIC06 groups D261, D262, D263, D264, and D270"
2020,Level 3,DD11,Electricity and Gas Supply,Dollars (millions),H31,Shareholders funds or owners equity,Financial position,C,"ANZSIC06 groups D261, D262, D263, D264, and D270"
2020,Level 3,DD11,Electricity and Gas Supply,Dollars (millions),H32,Current liabilities,Financial position,C,"ANZSIC06 groups D261, D262, D263, D264, and D270"
2020,Level 3,DD11,Electricity and Gas Supply,Dollars (millions),H33,Other liabilities,Financial position,"26,165","ANZSIC06 groups D261, D262, D263, D264, and D270"
2020,Level 3,DD11,Electricity and Gas Supply,Dollars,H34,Total income per employee count,Financial ratios,"1,488,200","ANZSIC06 groups D261, D262, D263, D264, and D270"
2020,Level 3,DD11,Electricity and Gas Supply,Dollars,H35,Surplus per employee count,Financial ratios,"165,600","ANZSIC06 groups D261, D262, D263, D264, and D270"
2020,Level 3,DD11,Electricity and Gas Supply,Percentage,H36,Current ratio,Financial ratios,C,"ANZSIC06 groups D261, D262, D263, D264, and D270"
2020,Level 3,DD11,Electricity and Gas Supply,Percentage,H37,Quick ratio,Financial ratios,C,"ANZSIC06 groups D261, D262, D263, D264, and D270"
2020,Level 3,DD11,Electricity and Gas Supply,Percentage,H39,Return on equity,Financial ratios,C,"ANZSIC06 groups D261, D262, D263, D264, and D270"
2020,Level 3,DD11,Electricity and Gas Supply,Percentage,H40,Return on total assets,Financial ratios,3,"ANZSIC06 groups D261, D262, D263, D264, and D270"
2020,Level 3,DD11,Electricity and Gas Supply,Percentage,H41,Liabilities structure,Financial ratios,C,"ANZSIC06 groups D261, D262, D263, D264, and D270"
2020,Level 3,DD12,"Water, Sewerage, Drainage and Waste Services",Dollars (millions),H01,Total income,Financial performance,"3,059","ANZSIC06 groups D281, D291, and D292"
2020,Level 3,DD12,"Water, Sewerage, Drainage and Waste Services",Dollars (millions),H04,Sales of goods and services,Financial performance,"3,020","ANZSIC06 groups D281, D291, and D292"
2020,Level 3,DD12,"Water, Sewerage, Drainage and Waste Services",Dollars (millions),H05,"Interest, dividends and donations",Financial performance,27,"ANZSIC06 groups D281, D291, and D292"
2020,Level 3,DD12,"Water, Sewerage, Drainage and Waste Services",Dollars (millions),H06,"Government funding, grants and subsidies",Financial performance,9,"ANZSIC06 groups D281, D291, and D292"
2020,Level 3,DD12,"Water, Sewerage, Drainage and Waste Services",Dollars (millions),H07,Non-operating income,Financial performance,3,"ANZSIC06 groups D281, D291, and D292"
2020,Level 3,DD12,"Water, Sewerage, Drainage and Waste Services",Dollars (millions),H08,Total expenditure,Financial performance,"2,628","ANZSIC06 groups D281, D291, and D292"
2020,Level 3,DD12,"Water, Sewerage, Drainage and Waste Services",Dollars (millions),H09,Interest and donations,Financial performance,103,"ANZSIC06 groups D281, D291, and D292"
2020,Level 3,DD12,"Water, Sewerage, Drainage and Waste Services",Dollars (millions),H10,Indirect taxes,Financial performance,33,"ANZSIC06 groups D281, D291, and D292"
2020,Level 3,DD12,"Water, Sewerage, Drainage and Waste Services",Dollars (millions),H11,Depreciation,Financial performance,470,"ANZSIC06 groups D281, D291, and D292"
2020,Level 3,DD12,"Water, Sewerage, Drainage and Waste Services",Dollars (millions),H12,Salaries and wages paid,Financial performance,556,"ANZSIC06 groups D281, D291, and D292"
2020,Level 3,DD12,"Water, Sewerage, Drainage and Waste Services",Dollars (millions),H13,Redundancy and severance,Financial performance,1,"ANZSIC06 groups D281, D291, and D292"
2020,Level 3,DD12,"Water, Sewerage, Drainage and Waste Services",Dollars (millions),H19,Purchases and other operating expenses,Financial performance,"1,442","ANZSIC06 groups D281, D291, and D292"
2020,Level 3,DD12,"Water, Sewerage, Drainage and Waste Services",Dollars (millions),H20,Non-operating expenses,Financial performance,24,"ANZSIC06 groups D281, D291, and D292"
2020,Level 3,DD12,"Water, Sewerage, Drainage and Waste Services",Dollars (millions),H21,Opening stocks,Financial performance,46,"ANZSIC06 groups D281, D291, and D292"
2020,Level 3,DD12,"Water, Sewerage, Drainage and Waste Services",Dollars (millions),H22,Closing stocks,Financial performance,48,"ANZSIC06 groups D281, D291, and D292"
2020,Level 3,DD12,"Water, Sewerage, Drainage and Waste Services",Dollars (millions),H23,Surplus before income tax,Financial performance,433,"ANZSIC06 groups D281, D291, and D292"
2020,Level 3,DD12,"Water, Sewerage, Drainage and Waste Services",Dollars (millions),H24,Total assets,Financial position,"14,491","ANZSIC06 groups D281, D291, and D292"
2020,Level 3,DD12,"Water, Sewerage, Drainage and Waste Services",Dollars (millions),H25,Current assets,Financial position,749,"ANZSIC06 groups D281, D291, and D292"
2020,Level 3,DD12,"Water, Sewerage, Drainage and Waste Services",Dollars (millions),H26,Fixed tangible assets,Financial position,"12,564","ANZSIC06 groups D281, D291, and D292"
2020,Level 3,DD12,"Water, Sewerage, Drainage and Waste Services",Dollars (millions),H27,Additions to fixed assets,Financial position,"1,014","ANZSIC06 groups D281, D291, and D292"
2020,Level 3,DD12,"Water, Sewerage, Drainage and Waste Services",Dollars (millions),H28,Disposals of fixed assets,Financial position,45,"ANZSIC06 groups D281, D291, and D292"
2020,Level 3,DD12,"Water, Sewerage, Drainage and Waste Services",Dollars (millions),H29,Other assets,Financial position,"1,178","ANZSIC06 groups D281, D291, and D292"
2020,Level 3,DD12,"Water, Sewerage, Drainage and Waste Services",Dollars (millions),H30,Total equity and liabilities,Financial position,"14,491","ANZSIC06 groups D281, D291, and D292"
