Year,Industry_aggregation_NZSIOC,Industry_code_NZSIOC,Industry_name_NZSIOC,Units,Variable_code,Variable_name,Variable_category,Value,Industry_code_ANZSIC06
2019,Level 3,KK12,Insurance,Dollars (millions),H11,Depreciation,Financial performance,94,ANZSIC06 groups K631 and K632
2019,Level 3,KK12,Insurance,Dollars (millions),H12,Salaries and wages paid,Financial performance,845,ANZSIC06 groups K631 and K632
2019,Level 3,KK12,Insurance,Dollars (millions),H13,Redundancy and severance,Financial performance,11,ANZSIC06 groups K631 and K632
2019,Level 3,KK12,Insurance,Dollars (millions),H14,Salaries and wages to self employed commission agents,Financial performance,414,ANZSIC06 groups K631 and K632
2019,Level 3,KK12,Insurance,Dollars (millions),H19,Purchases and other operating expenses,Financial performance,"8,725",ANZSIC06 groups K631 and K632
2019,Level 3,KK12,Insurance,Dollars (millions),H20,Non-operating expenses,Financial performance,383,ANZSIC06 groups K631 and K632
2019,Level 3,KK12,Insurance,Dollars (millions),H21,Opening stocks,Financial performance,0,ANZSIC06 groups K631 and K632
2019,Level 3,KK12,Insurance,Dollars (millions),H22,Closing stocks,Financial performance,0,ANZSIC06 groups K631 and K632
2019,Level 3,KK12,Insurance,Dollars (millions),H23,Surplus before income tax,Financial performance,"1,704",ANZSIC06 groups K631 and K632
2019,Level 3,KK12,Insurance,Dollars (millions),H24,Total assets,Financial position,"29,947",ANZSIC06 groups K631 and K632
2019,Level 3,KK12,Insurance,Dollars (millions),H30,Total equity and liabilities,Financial position,"29,947",ANZSIC06 groups K631 and K632
2019,Level 3,KK12,Insurance,Dollars (millions),H31,Shareholders funds or owners equity,Financial position,"8,126",ANZSIC06 groups K631 and K632
2019,Level 3,KK12,Insurance,Dollars,H34,Total income per employee count,Financial ratios,"1,434,200",ANZSIC06 groups K631 and K632
2019,Level 3,KK12,Insurance,Dollars,H35,Surplus per employee count,Financial ratios,"200,600",ANZSIC06 groups K631 and K632
2019,Level 3,KK12,Insurance,Percentage,H39,Return on equity,Financial ratios,21,ANZSIC06 groups K631 and K632
2019,Level 3,KK12,Insurance,Percentage,H40,Return on total assets,Financial ratios,6,ANZSIC06 groups K631 and K632
2019,Level 3,KK12,Insurance,Percentage,H41,Liabilities structure,Financial ratios,27,ANZSIC06 groups K631 and K632
2019,Level 4,KK121,Life Insurance,Dollars (millions),H01,Total income,Financial performance,"5,298",ANZSIC06 group K631
2019,Level 4,KK121,Life Insurance,Dollars (millions),H04,Sales of goods and services,Financial performance,"4,542",ANZSIC06 group K631
2019,Level 4,KK121,Life Insurance,Dollars (millions),H05,"Interest, dividends and donations",Financial performance,284,ANZSIC06 group K631
2019,Level 4,KK121,Life Insurance,Dollars (millions),H06,"Government funding, grants and subsidies",Financial performance,0,ANZSIC06 group K631
2019,Level 4,KK121,Life Insurance,Dollars (millions),H07,Non-operating income,Financial performance,472,ANZSIC06 group K631
2019,Level 4,KK121,Life Insurance,Dollars (millions),H08,Total expenditure,Financial performance,"4,616",ANZSIC06 group K631
2019,Level 4,KK121,Life Insurance,Dollars (millions),H09,Interest and donations,Financial performance,C,ANZSIC06 group K631
2019,Level 4,KK121,Life Insurance,Dollars (millions),H10,Indirect taxes,Financial performance,C,ANZSIC06 group K631
2019,Level 4,KK121,Life Insurance,Dollars (millions),H11,Depreciation,Financial performance,13,ANZSIC06 group K631
2019,Level 4,KK121,Life Insurance,Dollars (millions),H12,Salaries and wages paid,Financial performance,116,ANZSIC06 group K631
2019,Level 4,KK121,Life Insurance,Dollars (millions),H13,Redundancy and severance,Financial performance,3,ANZSIC06 group K631
2019,Level 4,KK121,Life Insurance,Dollars (millions),H14,Salaries and wages to self employed commission agents,Financial performance,294,ANZSIC06 group K631
2019,Level 4,KK121,Life Insurance,Dollars (millions),H19,Purchases and other operating expenses,Financial performance,"3,824",ANZSIC06 group K631
2019,Level 4,KK121,Life Insurance,Dollars (millions),H20,Non-operating expenses,Financial performance,363,ANZSIC06 group K631
2019,Level 4,KK121,Life Insurance,Dollars (millions),H21,Opening stocks,Financial performance,0,ANZSIC06 group K631
2019,Level 4,KK121,Life Insurance,Dollars (millions),H22,Closing stocks,Financial performance,0,ANZSIC06 group K631
2019,Level 4,KK121,Life Insurance,Dollars (millions),H23,Surplus before income tax,Financial performance,682,ANZSIC06 group K631
2019,Level 4,KK121,Life Insurance,Dollars (millions),H24,Total assets,Financial position,"16,067",ANZSIC06 group K631
2019,Level 4,KK121,Life Insurance,Dollars (millions),H30,Total equity and liabilities,Financial position,"16,067",ANZSIC06 group K631
2019,Level 4,KK121,Life Insurance,Dollars (millions),H31,Shareholders funds or owners equity,Financial position,"4,013",ANZSIC06 group K631
2019,Level 4,KK121,Life Insurance,Dollars,H34,Total income per employee count,Financial ratios,"4,875,900",ANZSIC06 group K631
2019,Level 4,KK121,Life Insurance,Dollars,H35,Surplus per employee count,Financial ratios,"627,800",ANZSIC06 group K631
2019,Level 4,KK121,Life Insurance,Percentage,H39,Return on equity,Financial ratios,17,ANZSIC06 group K631
2019,Level 4,KK121,Life Insurance,Percentage,H40,Return on total assets,Financial ratios,4,ANZSIC06 group K631
2019,Level 4,KK121,Life Insurance,Percentage,H41,Liabilities structure,Financial ratios,25,ANZSIC06 group K631
2019,Level 4,KK122,Health and General Insurance,Dollars (millions),H01,Total income,Financial performance,"6,886",ANZSIC06 group K632
2019,Level 4,KK122,Health and General Insurance,Dollars (millions),H04,Sales of goods and services,Financial performance,"6,593",ANZSIC06 group K632
2019,Level 4,KK122,Health and General Insurance,Dollars (millions),H05,"Interest, dividends and donations",Financial performance,198,ANZSIC06 group K632
2019,Level 4,KK122,Health and General Insurance,Dollars (millions),H06,"Government funding, grants and subsidies",Financial performance,0,ANZSIC06 group K632
2019,Level 4,KK122,Health and General Insurance,Dollars (millions),H07,Non-operating income,Financial performance,95,ANZSIC06 group K632
2019,Level 4,KK122,Health and General Insurance,Dollars (millions),H08,Total expenditure,Financial performance,"5,864",ANZSIC06 group K632
2019,Level 4,KK122,Health and General Insurance,Dollars (millions),H09,Interest and donations,Financial performance,C,ANZSIC06 group K632
2019,Level 4,KK122,Health and General Insurance,Dollars (millions),H10,Indirect taxes,Financial performance,C,ANZSIC06 group K632
2019,Level 4,KK122,Health and General Insurance,Dollars (millions),H11,Depreciation,Financial performance,81,ANZSIC06 group K632
2019,Level 4,KK122,Health and General Insurance,Dollars (millions),H12,Salaries and wages paid,Financial performance,729,ANZSIC06 group K632
2019,Level 4,KK122,Health and General Insurance,Dollars (millions),H13,Redundancy and severance,Financial performance,9,ANZSIC06 group K632
2019,Level 4,KK122,Health and General Insurance,Dollars (millions),H14,Salaries and wages to self employed commission agents,Financial performance,120,ANZSIC06 group K632
2019,Level 4,KK122,Health and General Insurance,Dollars (millions),H19,Purchases and other operating expenses,Financial performance,"4,901",ANZSIC06 group K632
2019,Level 4,KK122,Health and General Insurance,Dollars (millions),H20,Non-operating expenses,Financial performance,20,ANZSIC06 group K632
2019,Level 4,KK122,Health and General Insurance,Dollars (millions),H21,Opening stocks,Financial performance,0,ANZSIC06 group K632
2019,Level 4,KK122,Health and General Insurance,Dollars (millions),H22,Closing stocks,Financial performance,0,ANZSIC06 group K632
2019,Level 4,KK122,Health and General Insurance,Dollars (millions),H23,Surplus before income tax,Financial performance,"1,022",ANZSIC06 group K632
2019,Level 4,KK122,Health and General Insurance,Dollars (millions),H24,Total assets,Financial position,"13,880",ANZSIC06 group K632
2019,Level 4,KK122,Health and General Insurance,Dollars (millions),H30,Total equity and liabilities,Financial position,"13,880",ANZSIC06 group K632
2019,Level 4,KK122,Health and General Insurance,Dollars (millions),H31,Shareholders funds or owners equity,Financial position,"4,113",ANZSIC06 group K632
2019,Level 4,KK122,Health and General Insurance,Dollars,H34,Total income per employee count,Financial ratios,"929,400",ANZSIC06 group K632
2019,Level 4,KK122,Health and General Insurance,Dollars,H35,Surplus per employee count,Financial ratios,"137,900",ANZSIC06 group K632
2019,Level 4,KK122,Health and General Insurance,Percentage,H39,Return on equity,Financial ratios,25,ANZSIC06 group K632
2019,Level 4,KK122,Health and General Insurance,Percentage,H40,Return on total assets,Financial ratios,7,ANZSIC06 group K632
2019,Level 4,KK122,Health and General Insurance,Percentage,H41,Liabilities structure,Financial ratios,30,ANZSIC06 group K632
2019,Level 3,KK13,Auxiliary Finance and Insurance Services,Dollars (millions),H01,Total income,Financial performance,"6,750",ANZSIC06 groups K641 and K642
2019,Level 3,KK13,Auxiliary Finance and Insurance Services,Dollars (millions),H04,Sales of goods and services,Financial performance,"6,200",ANZSIC06 groups K641 and K642
2019,Level 3,KK13,Auxiliary Finance and Insurance Services,Dollars (millions),H05,"Interest, dividends and donations",Financial performance,322,ANZSIC06 groups K641 and K642
2019,Level 3,KK13,Auxiliary Finance and Insurance Services,Dollars (millions),H06,"Government funding, grants and subsidies",Financial performance,8,ANZSIC06 groups K641 and K642
2019,Level 3,KK13,Auxiliary Finance and Insurance Services,Dollars (millions),H07,Non-operating income,Financial performance,219,ANZSIC06 groups K641 and K642
2019,Level 3,KK13,Auxiliary Finance and Insurance Services,Dollars (millions),H08,Total expenditure,Financial performance,"5,378",ANZSIC06 groups K641 and K642
2019,Level 3,KK13,Auxiliary Finance and Insurance Services,Dollars (millions),H09,Interest and donations,Financial performance,134,ANZSIC06 groups K641 and K642
2019,Level 3,KK13,Auxiliary Finance and Insurance Services,Dollars (millions),H10,Indirect taxes,Financial performance,C,ANZSIC06 groups K641 and K642
2019,Level 3,KK13,Auxiliary Finance and Insurance Services,Dollars (millions),H11,Depreciation,Financial performance,158,ANZSIC06 groups K641 and K642
2019,Level 3,KK13,Auxiliary Finance and Insurance Services,Dollars (millions),H12,Salaries and wages paid,Financial performance,"2,117",ANZSIC06 groups K641 and K642
2019,Level 3,KK13,Auxiliary Finance and Insurance Services,Dollars (millions),H13,Redundancy and severance,Financial performance,4,ANZSIC06 groups K641 and K642
2019,Level 3,KK13,Auxiliary Finance and Insurance Services,Dollars (millions),H14,Salaries and wages to self employed commission agents,Financial performance,C,ANZSIC06 groups K641 and K642
2019,Level 3,KK13,Auxiliary Finance and Insurance Services,Dollars (millions),H19,Purchases and other operating expenses,Financial performance,"2,850",ANZSIC06 groups K641 and K642
2019,Level 3,KK13,Auxiliary Finance and Insurance Services,Dollars (millions),H20,Non-operating expenses,Financial performance,79,ANZSIC06 groups K641 and K642
2019,Level 3,KK13,Auxiliary Finance and Insurance Services,Dollars (millions),H21,Opening stocks,Financial performance,42,ANZSIC06 groups K641 and K642
2019,Level 3,KK13,Auxiliary Finance and Insurance Services,Dollars (millions),H22,Closing stocks,Financial performance,44,ANZSIC06 groups K641 and K642
2019,Level 3,KK13,Auxiliary Finance and Insurance Services,Dollars (millions),H23,Surplus before income tax,Financial performance,"1,374",ANZSIC06 groups K641 and K642
2019,Level 3,KK13,Auxiliary Finance and Insurance Services,Dollars (millions),H24,Total assets,Financial position,"13,247",ANZSIC06 groups K641 and K642
2019,Level 3,KK13,Auxiliary Finance and Insurance Services,Dollars (millions),H30,Total equity and liabilities,Financial position,"13,247",ANZSIC06 groups K641 and K642
2019,Level 3,KK13,Auxiliary Finance and Insurance Services,Dollars (millions),H31,Shareholders funds or owners equity,Financial position,"4,998",ANZSIC06 groups K641 and K642
2019,Level 3,KK13,Auxiliary Finance and Insurance Services,Dollars,H34,Total income per employee count,Financial ratios,"390,100",ANZSIC06 groups K641 and K642
2019,Level 3,KK13,Auxiliary Finance and Insurance Services,Dollars,H35,Surplus per employee count,Financial ratios,"79,400",ANZSIC06 groups K641 and K642
2019,Level 3,KK13,Auxiliary Finance and Insurance Services,Percentage,H39,Return on equity,Financial ratios,27,ANZSIC06 groups K641 and K642
2019,Level 3,KK13,Auxiliary Finance and Insurance Services,Percentage,H40,Return on total assets,Financial ratios,10,ANZSIC06 groups K641 and K642
2019,Level 3,KK13,Auxiliary Finance and Insurance Services,Percentage,H41,Liabilities structure,Financial ratios,38,ANZSIC06 groups K641 and K642
2019,Level 4,KK131,Auxiliary Finance and Insurance Services,Dollars (millions),H01,Total income,Financial performance,"6,750",ANZSIC06 groups K641 and K642
2019,Level 4,KK131,Auxiliary Finance and Insurance Services,Dollars (millions),H04,Sales of goods and services,Financial performance,"6,200",ANZSIC06 groups K641 and K642
2019,Level 4,KK131,Auxiliary Finance and Insurance Services,Dollars (millions),H05,"Interest, dividends and donations",Financial performance,322,ANZSIC06 groups K641 and K642
2019,Level 4,KK131,Auxiliary Finance and Insurance Services,Dollars (millions),H06,"Government funding, grants and subsidies",Financial performance,8,ANZSIC06 groups K641 and K642
2019,Level 4,KK131,Auxiliary Finance and Insurance Services,Dollars (millions),H07,Non-operating income,Financial performance,219,ANZSIC06 groups K641 and K642
2019,Level 4,KK131,Auxiliary Finance and Insurance Services,Dollars (millions),H08,Total expenditure,Financial performance,"5,378",ANZSIC06 groups K641 and K642
2019,Level 4,KK131,Auxiliary Finance and Insurance Services,Dollars (millions),H09,Interest and donations,Financial performance,134,ANZSIC06 groups K641 and K642
2019,Level 4,KK131,Auxiliary Finance and Insurance Services,Dollars (millions),H10,Indirect taxes,Financial performance,C,ANZSIC06 groups K641 and K642
