Year,Industry_aggregation_NZSIOC,Industry_code_NZSIOC,Industry_name_NZSIOC,Units,Variable_code,Variable_name,Variable_category,Value,Industry_code_ANZSIC06
2019,Level 4,OO213,"Public Order, Safety and Regulatory Services",Dollars (millions),H28,Disposals of fixed assets,Financial position,15,ANZSIC06 groups O771 and O772 (excluding class O7711)
2019,Level 4,OO213,"Public Order, Safety and Regulatory Services",Dollars (millions),H29,Other assets,Financial position,809,ANZSIC06 groups O771 and O772 (excluding class O7711)
2019,Level 4,OO213,"Public Order, Safety and Regulatory Services",Dollars (millions),H30,Total equity and liabilities,Financial position,"1,535",ANZSIC06 groups O771 and O772 (excluding class O7711)
2019,Level 4,OO213,"Public Order, Safety and Regulatory Services",Dollars (millions),H31,Shareholders funds or owners equity,Financial position,570,ANZSIC06 groups O771 and O772 (excluding class O7711)
2019,Level 4,OO213,"Public Order, Safety and Regulatory Services",Dollars (millions),H32,Current liabilities,Financial position,352,ANZSIC06 groups O771 and O772 (excluding class O7711)
2019,Level 4,OO213,"Public Order, Safety and Regulatory Services",Dollars (millions),H33,Other liabilities,Financial position,614,ANZSIC06 groups O771 and O772 (excluding class O7711)
2019,Level 4,OO213,"Public Order, Safety and Regulatory Services",Percentage,H36,Current ratio,Financial ratios,144,ANZSIC06 groups O771 and O772 (excluding class O7711)
2019,Level 4,OO213,"Public Order, Safety and Regulatory Services",Percentage,H37,Quick ratio,Financial ratios,137,ANZSIC06 groups O771 and O772 (excluding class O7711)
2019,Level 4,OO213,"Public Order, Safety and Regulatory Services",Percentage,H39,Return on equity,Financial ratios,21,ANZSIC06 groups O771 and O772 (excluding class O7711)
2019,Level 4,OO213,"Public Order, Safety and Regulatory Services",Percentage,H40,Return on total assets,Financial ratios,8,ANZSIC06 groups O771 and O772 (excluding class O7711)
2019,Level 4,OO213,"Public Order, Safety and Regulatory Services",Percentage,H41,Liabilities structure,Financial ratios,37,ANZSIC06 groups O771 and O772 (excluding class O7711)
2019,Level 1,PP,Education and Training,Dollars (millions),H01,Total income,Financial performance,"4,860",ANZSIC06 division P
2019,Level 1,PP,Education and Training,Dollars (millions),H05,"Interest, dividends and donations",Financial performance,245,ANZSIC06 division P
2019,Level 1,PP,Education and Training,Dollars (millions),H06,"Sales, government funding, grants and subsidies",Financial performance,"4,385",ANZSIC06 division P
2019,Level 1,PP,Education and Training,Dollars (millions),H07,Non-operating income,Financial performance,230,ANZSIC06 division P
2019,Level 1,PP,Education and Training,Dollars (millions),H08,Total expenditure,Financial performance,"4,324",ANZSIC06 division P
2019,Level 1,PP,Education and Training,Dollars (millions),H09,Interest and donations,Financial performance,41,ANZSIC06 division P
2019,Level 1,PP,Education and Training,Dollars (millions),H10,Indirect taxes,Financial performance,24,ANZSIC06 division P
2019,Level 1,PP,Education and Training,Dollars (millions),H11,Depreciation,Financial performance,148,ANZSIC06 division P
2019,Level 1,PP,Education and Training,Dollars (millions),H12,Salaries and wages paid,Financial performance,"2,260",ANZSIC06 division P
2019,Level 1,PP,Education and Training,Dollars (millions),H13,Redundancy and severance,Financial performance,1,ANZSIC06 division P
2019,Level 1,PP,Education and Training,Dollars (millions),H19,Purchases and other operating expenses,Financial performance,"1,799",ANZSIC06 division P
2019,Level 1,PP,Education and Training,Dollars (millions),H20,Non-operating expenses,Financial performance,52,ANZSIC06 division P
2019,Level 1,PP,Education and Training,Dollars (millions),H21,Opening stocks,Financial performance,9,ANZSIC06 division P
2019,Level 1,PP,Education and Training,Dollars (millions),H22,Closing stocks,Financial performance,9,ANZSIC06 division P
2019,Level 1,PP,Education and Training,Dollars (millions),H23,Surplus before income tax,Financial performance,536,ANZSIC06 division P
2019,Level 1,PP,Education and Training,Dollars (millions),H24,Total assets,Financial position,"6,354",ANZSIC06 division P
2019,Level 1,PP,Education and Training,Dollars (millions),H25,Current assets,Financial position,"1,612",ANZSIC06 division P
2019,Level 1,PP,Education and Training,Dollars (millions),H26,Fixed tangible assets,Financial position,"3,107",ANZSIC06 division P
2019,Level 1,PP,Education and Training,Dollars (millions),H27,Additions to fixed assets,Financial position,295,ANZSIC06 division P
2019,Level 1,PP,Education and Training,Dollars (millions),H28,Disposals of fixed assets,Financial position,77,ANZSIC06 division P
2019,Level 1,PP,Education and Training,Dollars (millions),H29,Other assets,Financial position,"1,635",ANZSIC06 division P
2019,Level 1,PP,Education and Training,Dollars (millions),H30,Total equity and liabilities,Financial position,"6,354",ANZSIC06 division P
2019,Level 1,PP,Education and Training,Dollars (millions),H31,Shareholders funds or owners equity,Financial position,"4,310",ANZSIC06 division P
2019,Level 1,PP,Education and Training,Dollars (millions),H32,Current liabilities,Financial position,"1,459",ANZSIC06 division P
2019,Level 1,PP,Education and Training,Dollars (millions),H33,Other liabilities,Financial position,585,ANZSIC06 division P
2019,Level 1,PP,Education and Training,Percentage,H36,Current ratio,Financial ratios,110,ANZSIC06 division P
2019,Level 1,PP,Education and Training,Percentage,H37,Quick ratio,Financial ratios,110,ANZSIC06 division P
2019,Level 1,PP,Education and Training,Percentage,H39,Return on equity,Financial ratios,12,ANZSIC06 division P
2019,Level 1,PP,Education and Training,Percentage,H40,Return on total assets,Financial ratios,8,ANZSIC06 division P
2019,Level 1,PP,Education and Training,Percentage,H41,Liabilities structure,Financial ratios,68,ANZSIC06 division P
2019,Level 4,PP111,Preschool Education,Dollars (millions),H01,Total income,Financial performance,"1,417",ANZSIC06 group P801
2019,Level 4,PP111,Preschool Education,Dollars (millions),H05,"Interest, dividends and donations",Financial performance,59,ANZSIC06 group P801
2019,Level 4,PP111,Preschool Education,Dollars (millions),H06,"Sales, government funding, grants and subsidies",Financial performance,"1,357",ANZSIC06 group P801
2019,Level 4,PP111,Preschool Education,Dollars (millions),H07,Non-operating income,Financial performance,2,ANZSIC06 group P801
2019,Level 4,PP111,Preschool Education,Dollars (millions),H08,Total expenditure,Financial performance,"1,352",ANZSIC06 group P801
2019,Level 4,PP111,Preschool Education,Dollars (millions),H09,Interest and donations,Financial performance,17,ANZSIC06 group P801
2019,Level 4,PP111,Preschool Education,Dollars (millions),H10,Indirect taxes,Financial performance,14,ANZSIC06 group P801
2019,Level 4,PP111,Preschool Education,Dollars (millions),H11,Depreciation,Financial performance,37,ANZSIC06 group P801
2019,Level 4,PP111,Preschool Education,Dollars (millions),H12,Salaries and wages paid,Financial performance,855,ANZSIC06 group P801
2019,Level 4,PP111,Preschool Education,Dollars (millions),H13,Redundancy and severance,Financial performance,0,ANZSIC06 group P801
2019,Level 4,PP111,Preschool Education,Dollars (millions),H19,Purchases and other operating expenses,Financial performance,418,ANZSIC06 group P801
2019,Level 4,PP111,Preschool Education,Dollars (millions),H20,Non-operating expenses,Financial performance,12,ANZSIC06 group P801
2019,Level 4,PP111,Preschool Education,Dollars (millions),H21,Opening stocks,Financial performance,1,ANZSIC06 group P801
2019,Level 4,PP111,Preschool Education,Dollars (millions),H22,Closing stocks,Financial performance,1,ANZSIC06 group P801
2019,Level 4,PP111,Preschool Education,Dollars (millions),H23,Surplus before income tax,Financial performance,65,ANZSIC06 group P801
2019,Level 4,PP111,Preschool Education,Dollars (millions),H24,Total assets,Financial position,"1,398",ANZSIC06 group P801
2019,Level 4,PP111,Preschool Education,Dollars (millions),H25,Current assets,Financial position,390,ANZSIC06 group P801
2019,Level 4,PP111,Preschool Education,Dollars (millions),H26,Fixed tangible assets,Financial position,648,ANZSIC06 group P801
2019,Level 4,PP111,Preschool Education,Dollars (millions),H27,Additions to fixed assets,Financial position,85,ANZSIC06 group P801
2019,Level 4,PP111,Preschool Education,Dollars (millions),H28,Disposals of fixed assets,Financial position,22,ANZSIC06 group P801
2019,Level 4,PP111,Preschool Education,Dollars (millions),H29,Other assets,Financial position,359,ANZSIC06 group P801
2019,Level 4,PP111,Preschool Education,Dollars (millions),H30,Total equity and liabilities,Financial position,"1,398",ANZSIC06 group P801
2019,Level 4,PP111,Preschool Education,Dollars (millions),H31,Shareholders funds or owners equity,Financial position,694,ANZSIC06 group P801
2019,Level 4,PP111,Preschool Education,Dollars (millions),H32,Current liabilities,Financial position,464,ANZSIC06 group P801
2019,Level 4,PP111,Preschool Education,Dollars (millions),H33,Other liabilities,Financial position,240,ANZSIC06 group P801
2019,Level 4,PP111,Preschool Education,Percentage,H36,Current ratio,Financial ratios,84,ANZSIC06 group P801
2019,Level 4,PP111,Preschool Education,Percentage,H37,Quick ratio,Financial ratios,84,ANZSIC06 group P801
2019,Level 4,PP111,Preschool Education,Percentage,H39,Return on equity,Financial ratios,9,ANZSIC06 group P801
2019,Level 4,PP111,Preschool Education,Percentage,H40,Return on total assets,Financial ratios,5,ANZSIC06 group P801
2019,Level 4,PP111,Preschool Education,Percentage,H41,Liabilities structure,Financial ratios,50,ANZSIC06 group P801
2019,Level 4,PP112,School Education,Dollars (millions),H01,Total income,Financial performance,949,ANZSIC06 group P802
2019,Level 4,PP112,School Education,Dollars (millions),H05,"Interest, dividends and donations",Financial performance,59,ANZSIC06 group P802
2019,Level 4,PP112,School Education,Dollars (millions),H06,"Sales, government funding, grants and subsidies",Financial performance,674,ANZSIC06 group P802
2019,Level 4,PP112,School Education,Dollars (millions),H07,Non-operating income,Financial performance,216,ANZSIC06 group P802
2019,Level 4,PP112,School Education,Dollars (millions),H08,Total expenditure,Financial performance,698,ANZSIC06 group P802
2019,Level 4,PP112,School Education,Dollars (millions),H09,Interest and donations,Financial performance,7,ANZSIC06 group P802
2019,Level 4,PP112,School Education,Dollars (millions),H10,Indirect taxes,Financial performance,1,ANZSIC06 group P802
2019,Level 4,PP112,School Education,Dollars (millions),H11,Depreciation,Financial performance,49,ANZSIC06 group P802
2019,Level 4,PP112,School Education,Dollars (millions),H12,Salaries and wages paid,Financial performance,381,ANZSIC06 group P802
2019,Level 4,PP112,School Education,Dollars (millions),H13,Redundancy and severance,Financial performance,0,ANZSIC06 group P802
2019,Level 4,PP112,School Education,Dollars (millions),H19,Purchases and other operating expenses,Financial performance,242,ANZSIC06 group P802
2019,Level 4,PP112,School Education,Dollars (millions),H20,Non-operating expenses,Financial performance,17,ANZSIC06 group P802
2019,Level 4,PP112,School Education,Dollars (millions),H21,Opening stocks,Financial performance,1,ANZSIC06 group P802
2019,Level 4,PP112,School Education,Dollars (millions),H22,Closing stocks,Financial performance,1,ANZSIC06 group P802
2019,Level 4,PP112,School Education,Dollars (millions),H23,Surplus before income tax,Financial performance,251,ANZSIC06 group P802
2019,Level 4,PP112,School Education,Dollars (millions),H24,Total assets,Financial position,"2,738",ANZSIC06 group P802
2019,Level 4,PP112,School Education,Dollars (millions),H25,Current assets,Financial position,197,ANZSIC06 group P802
2019,Level 4,PP112,School Education,Dollars (millions),H26,Fixed tangible assets,Financial position,"1,681",ANZSIC06 group P802
2019,Level 4,PP112,School Education,Dollars (millions),H27,Additions to fixed assets,Financial position,86,ANZSIC06 group P802
2019,Level 4,PP112,School Education,Dollars (millions),H28,Disposals of fixed assets,Financial position,20,ANZSIC06 group P802
2019,Level 4,PP112,School Education,Dollars (millions),H29,Other assets,Financial position,861,ANZSIC06 group P802
2019,Level 4,PP112,School Education,Dollars (millions),H30,Total equity and liabilities,Financial position,"2,738",ANZSIC06 group P802
2019,Level 4,PP112,School Education,Dollars (millions),H31,Shareholders funds or owners equity,Financial position,"2,338",ANZSIC06 group P802
2019,Level 4,PP112,School Education,Dollars (millions),H32,Current liabilities,Financial position,243,ANZSIC06 group P802
2019,Level 4,PP112,School Education,Dollars (millions),H33,Other liabilities,Financial position,158,ANZSIC06 group P802
2019,Level 4,PP112,School Education,Percentage,H36,Current ratio,Financial ratios,81,ANZSIC06 group P802
2019,Level 4,PP112,School Education,Percentage,H37,Quick ratio,Financial ratios,81,ANZSIC06 group P802
2019,Level 4,PP112,School Education,Percentage,H39,Return on equity,Financial ratios,11,ANZSIC06 group P802
2019,Level 4,PP112,School Education,Percentage,H40,Return on total assets,Financial ratios,9,ANZSIC06 group P802
