Year,Industry_aggregation_NZSIOC,Industry_code_NZSIOC,Industry_name_NZSIOC,Units,Variable_code,Variable_name,Variable_category,Value,Industry_code_ANZSIC06
2013,Level 4,CC521,Basic Chemical and Basic Polymer Manufacturing,Dollars (millions),H30,Total equity and liabilities,Financial position,"1,511",ANZSIC06 groups C181 and C182
2013,Level 4,CC521,Basic Chemical and Basic Polymer Manufacturing,Dollars (millions),H31,Shareholders funds or owners equity,Financial position,"1,074",ANZSIC06 groups C181 and C182
2013,Level 4,CC521,Basic Chemical and Basic Polymer Manufacturing,Dollars (millions),H32,Current liabilities,Financial position,319,ANZSIC06 groups C181 and C182
2013,Level 4,CC521,Basic Chemical and Basic Polymer Manufacturing,Dollars (millions),H33,Other liabilities,Financial position,119,ANZSIC06 groups C181 and C182
2013,Level 4,CC521,Basic Chemical and Basic Polymer Manufacturing,Dollars,H34,Total income per employee count,Financial ratios,"907,600",ANZSIC06 groups C181 and C182
2013,Level 4,CC521,Basic Chemical and Basic Polymer Manufacturing,Dollars,H35,Surplus per employee count,Financial ratios,"76,800",ANZSIC06 groups C181 and C182
2013,Level 4,CC521,Basic Chemical and Basic Polymer Manufacturing,Percentage,H36,Current ratio,Financial ratios,C,ANZSIC06 groups C181 and C182
2013,Level 4,CC521,Basic Chemical and Basic Polymer Manufacturing,Percentage,H37,Quick ratio,Financial ratios,C,ANZSIC06 groups C181 and C182
2013,Level 4,CC521,Basic Chemical and Basic Polymer Manufacturing,Percentage,H39,Return on equity,Financial ratios,11,ANZSIC06 groups C181 and C182
2013,Level 4,CC521,Basic Chemical and Basic Polymer Manufacturing,Percentage,H40,Return on total assets,Financial ratios,8,ANZSIC06 groups C181 and C182
2013,Level 4,CC521,Basic Chemical and Basic Polymer Manufacturing,Percentage,H41,Liabilities structure,Financial ratios,71,ANZSIC06 groups C181 and C182
2013,Level 4,CC522,Fertiliser and Pesticide Manufacturing,Dollars (millions),H01,Total income,Financial performance,"2,037",ANZSIC06 group C183
2013,Level 4,CC522,Fertiliser and Pesticide Manufacturing,Dollars (millions),H04,Sales of goods and services,Financial performance,C,ANZSIC06 group C183
2013,Level 4,CC522,Fertiliser and Pesticide Manufacturing,Dollars (millions),H05,"Interest, dividends and donations",Financial performance,C,ANZSIC06 group C183
2013,Level 4,CC522,Fertiliser and Pesticide Manufacturing,Dollars (millions),H06,"Government funding, grants and subsidies",Financial performance,C,ANZSIC06 group C183
2013,Level 4,CC522,Fertiliser and Pesticide Manufacturing,Dollars (millions),H07,Non-operating income,Financial performance,C,ANZSIC06 group C183
2013,Level 4,CC522,Fertiliser and Pesticide Manufacturing,Dollars (millions),H08,Total expenditure,Financial performance,"1,860",ANZSIC06 group C183
2013,Level 4,CC522,Fertiliser and Pesticide Manufacturing,Dollars (millions),H09,Interest and donations,Financial performance,C,ANZSIC06 group C183
2013,Level 4,CC522,Fertiliser and Pesticide Manufacturing,Dollars (millions),H10,Indirect taxes,Financial performance,5,ANZSIC06 group C183
2013,Level 4,CC522,Fertiliser and Pesticide Manufacturing,Dollars (millions),H11,Depreciation,Financial performance,60,ANZSIC06 group C183
2013,Level 4,CC522,Fertiliser and Pesticide Manufacturing,Dollars (millions),H12,Salaries and wages paid,Financial performance,135,ANZSIC06 group C183
2013,Level 4,CC522,Fertiliser and Pesticide Manufacturing,Dollars (millions),H13,Redundancy and severance,Financial performance,0,ANZSIC06 group C183
2013,Level 4,CC522,Fertiliser and Pesticide Manufacturing,Dollars (millions),H19,Purchases and other operating expenses,Financial performance,C,ANZSIC06 group C183
2013,Level 4,CC522,Fertiliser and Pesticide Manufacturing,Dollars (millions),H20,Non-operating expenses,Financial performance,C,ANZSIC06 group C183
2013,Level 4,CC522,Fertiliser and Pesticide Manufacturing,Dollars (millions),H21,Opening stocks,Financial performance,424,ANZSIC06 group C183
2013,Level 4,CC522,Fertiliser and Pesticide Manufacturing,Dollars (millions),H22,Closing stocks,Financial performance,362,ANZSIC06 group C183
2013,Level 4,CC522,Fertiliser and Pesticide Manufacturing,Dollars (millions),H23,Surplus before income tax,Financial performance,116,ANZSIC06 group C183
2013,Level 4,CC522,Fertiliser and Pesticide Manufacturing,Dollars (millions),H24,Total assets,Financial position,"1,500",ANZSIC06 group C183
2013,Level 4,CC522,Fertiliser and Pesticide Manufacturing,Dollars (millions),H25,Current assets,Financial position,C,ANZSIC06 group C183
2013,Level 4,CC522,Fertiliser and Pesticide Manufacturing,Dollars (millions),H26,Fixed tangible assets,Financial position,456,ANZSIC06 group C183
2013,Level 4,CC522,Fertiliser and Pesticide Manufacturing,Dollars (millions),H27,Additions to fixed assets,Financial position,60,ANZSIC06 group C183
2013,Level 4,CC522,Fertiliser and Pesticide Manufacturing,Dollars (millions),H28,Disposals of fixed assets,Financial position,C,ANZSIC06 group C183
2013,Level 4,CC522,Fertiliser and Pesticide Manufacturing,Dollars (millions),H29,Other assets,Financial position,C,ANZSIC06 group C183
2013,Level 4,CC522,Fertiliser and Pesticide Manufacturing,Dollars (millions),H30,Total equity and liabilities,Financial position,"1,500",ANZSIC06 group C183
2013,Level 4,CC522,Fertiliser and Pesticide Manufacturing,Dollars (millions),H31,Shareholders funds or owners equity,Financial position,951,ANZSIC06 group C183
2013,Level 4,CC522,Fertiliser and Pesticide Manufacturing,Dollars (millions),H32,Current liabilities,Financial position,383,ANZSIC06 group C183
2013,Level 4,CC522,Fertiliser and Pesticide Manufacturing,Dollars (millions),H33,Other liabilities,Financial position,167,ANZSIC06 group C183
2013,Level 4,CC522,Fertiliser and Pesticide Manufacturing,Dollars,H34,Total income per employee count,Financial ratios,"1,217,700",ANZSIC06 group C183
2013,Level 4,CC522,Fertiliser and Pesticide Manufacturing,Dollars,H35,Surplus per employee count,Financial ratios,"69,100",ANZSIC06 group C183
2013,Level 4,CC522,Fertiliser and Pesticide Manufacturing,Percentage,H36,Current ratio,Financial ratios,C,ANZSIC06 group C183
2013,Level 4,CC522,Fertiliser and Pesticide Manufacturing,Percentage,H37,Quick ratio,Financial ratios,C,ANZSIC06 group C183
2013,Level 4,CC522,Fertiliser and Pesticide Manufacturing,Percentage,H39,Return on equity,Financial ratios,12,ANZSIC06 group C183
2013,Level 4,CC522,Fertiliser and Pesticide Manufacturing,Percentage,H40,Return on total assets,Financial ratios,8,ANZSIC06 group C183
2013,Level 4,CC522,Fertiliser and Pesticide Manufacturing,Percentage,H41,Liabilities structure,Financial ratios,63,ANZSIC06 group C183
2013,Level 4,CC523,"Pharmaceutical, Cleaning and Other Chemical Manufacturing",Dollars (millions),H01,Total income,Financial performance,"1,495","ANZSIC06 groups C184, C185, and C189"
2013,Level 4,CC523,"Pharmaceutical, Cleaning and Other Chemical Manufacturing",Dollars (millions),H02,Sales of goods not further processed,Financial performance,415,"ANZSIC06 groups C184, C185, and C189"
2013,Level 4,CC523,"Pharmaceutical, Cleaning and Other Chemical Manufacturing",Dollars (millions),H03,Sales of other goods and services,Financial performance,"1,067","ANZSIC06 groups C184, C185, and C189"
2013,Level 4,CC523,"Pharmaceutical, Cleaning and Other Chemical Manufacturing",Dollars (millions),H05,"Interest, dividends and donations",Financial performance,5,"ANZSIC06 groups C184, C185, and C189"
2013,Level 4,CC523,"Pharmaceutical, Cleaning and Other Chemical Manufacturing",Dollars (millions),H06,"Government funding, grants and subsidies",Financial performance,C,"ANZSIC06 groups C184, C185, and C189"
2013,Level 4,CC523,"Pharmaceutical, Cleaning and Other Chemical Manufacturing",Dollars (millions),H07,Non-operating income,Financial performance,C,"ANZSIC06 groups C184, C185, and C189"
2013,Level 4,CC523,"Pharmaceutical, Cleaning and Other Chemical Manufacturing",Dollars (millions),H08,Total expenditure,Financial performance,"1,402","ANZSIC06 groups C184, C185, and C189"
2013,Level 4,CC523,"Pharmaceutical, Cleaning and Other Chemical Manufacturing",Dollars (millions),H09,Interest and donations,Financial performance,17,"ANZSIC06 groups C184, C185, and C189"
2013,Level 4,CC523,"Pharmaceutical, Cleaning and Other Chemical Manufacturing",Dollars (millions),H10,Indirect taxes,Financial performance,5,"ANZSIC06 groups C184, C185, and C189"
2013,Level 4,CC523,"Pharmaceutical, Cleaning and Other Chemical Manufacturing",Dollars (millions),H11,Depreciation,Financial performance,40,"ANZSIC06 groups C184, C185, and C189"
2013,Level 4,CC523,"Pharmaceutical, Cleaning and Other Chemical Manufacturing",Dollars (millions),H12,Salaries and wages paid,Financial performance,244,"ANZSIC06 groups C184, C185, and C189"
2013,Level 4,CC523,"Pharmaceutical, Cleaning and Other Chemical Manufacturing",Dollars (millions),H13,Redundancy and severance,Financial performance,C,"ANZSIC06 groups C184, C185, and C189"
2013,Level 4,CC523,"Pharmaceutical, Cleaning and Other Chemical Manufacturing",Dollars (millions),H17,Purchases of goods bought for resale,Financial performance,272,"ANZSIC06 groups C184, C185, and C189"
2013,Level 4,CC523,"Pharmaceutical, Cleaning and Other Chemical Manufacturing",Dollars (millions),H18,Other purchases and operating expenses,Financial performance,799,"ANZSIC06 groups C184, C185, and C189"
2013,Level 4,CC523,"Pharmaceutical, Cleaning and Other Chemical Manufacturing",Dollars (millions),H20,Non-operating expenses,Financial performance,25,"ANZSIC06 groups C184, C185, and C189"
2013,Level 4,CC523,"Pharmaceutical, Cleaning and Other Chemical Manufacturing",Dollars (millions),H21,Opening stocks,Financial performance,245,"ANZSIC06 groups C184, C185, and C189"
2013,Level 4,CC523,"Pharmaceutical, Cleaning and Other Chemical Manufacturing",Dollars (millions),H22,Closing stocks,Financial performance,261,"ANZSIC06 groups C184, C185, and C189"
2013,Level 4,CC523,"Pharmaceutical, Cleaning and Other Chemical Manufacturing",Dollars (millions),H23,Surplus before income tax,Financial performance,109,"ANZSIC06 groups C184, C185, and C189"
2013,Level 4,CC523,"Pharmaceutical, Cleaning and Other Chemical Manufacturing",Dollars (millions),H24,Total assets,Financial position,"1,247","ANZSIC06 groups C184, C185, and C189"
2013,Level 4,CC523,"Pharmaceutical, Cleaning and Other Chemical Manufacturing",Dollars (millions),H25,Current assets,Financial position,730,"ANZSIC06 groups C184, C185, and C189"
2013,Level 4,CC523,"Pharmaceutical, Cleaning and Other Chemical Manufacturing",Dollars (millions),H26,Fixed tangible assets,Financial position,281,"ANZSIC06 groups C184, C185, and C189"
2013,Level 4,CC523,"Pharmaceutical, Cleaning and Other Chemical Manufacturing",Dollars (millions),H27,Additions to fixed assets,Financial position,50,"ANZSIC06 groups C184, C185, and C189"
2013,Level 4,CC523,"Pharmaceutical, Cleaning and Other Chemical Manufacturing",Dollars (millions),H28,Disposals of fixed assets,Financial position,13,"ANZSIC06 groups C184, C185, and C189"
2013,Level 4,CC523,"Pharmaceutical, Cleaning and Other Chemical Manufacturing",Dollars (millions),H29,Other assets,Financial position,236,"ANZSIC06 groups C184, C185, and C189"
2013,Level 4,CC523,"Pharmaceutical, Cleaning and Other Chemical Manufacturing",Dollars (millions),H30,Total equity and liabilities,Financial position,"1,247","ANZSIC06 groups C184, C185, and C189"
2013,Level 4,CC523,"Pharmaceutical, Cleaning and Other Chemical Manufacturing",Dollars (millions),H31,Shareholders funds or owners equity,Financial position,619,"ANZSIC06 groups C184, C185, and C189"
2013,Level 4,CC523,"Pharmaceutical, Cleaning and Other Chemical Manufacturing",Dollars (millions),H32,Current liabilities,Financial position,382,"ANZSIC06 groups C184, C185, and C189"
2013,Level 4,CC523,"Pharmaceutical, Cleaning and Other Chemical Manufacturing",Dollars (millions),H33,Other liabilities,Financial position,246,"ANZSIC06 groups C184, C185, and C189"
2013,Level 4,CC523,"Pharmaceutical, Cleaning and Other Chemical Manufacturing",Dollars,H34,Total income per employee count,Financial ratios,"374,300","ANZSIC06 groups C184, C185, and C189"
2013,Level 4,CC523,"Pharmaceutical, Cleaning and Other Chemical Manufacturing",Dollars,H35,Surplus per employee count,Financial ratios,"27,200","ANZSIC06 groups C184, C185, and C189"
2013,Level 4,CC523,"Pharmaceutical, Cleaning and Other Chemical Manufacturing",Percentage,H36,Current ratio,Financial ratios,191,"ANZSIC06 groups C184, C185, and C189"
2013,Level 4,CC523,"Pharmaceutical, Cleaning and Other Chemical Manufacturing",Percentage,H37,Quick ratio,Financial ratios,123,"ANZSIC06 groups C184, C185, and C189"
2013,Level 4,CC523,"Pharmaceutical, Cleaning and Other Chemical Manufacturing",Percentage,H38,Margin on sales of goods for resale,Financial ratios,34,"ANZSIC06 groups C184, C185, and C189"
2013,Level 4,CC523,"Pharmaceutical, Cleaning and Other Chemical Manufacturing",Percentage,H39,Return on equity,Financial ratios,18,"ANZSIC06 groups C184, C185, and C189"
2013,Level 4,CC523,"Pharmaceutical, Cleaning and Other Chemical Manufacturing",Percentage,H40,Return on total assets,Financial ratios,9,"ANZSIC06 groups C184, C185, and C189"
2013,Level 4,CC523,"Pharmaceutical, Cleaning and Other Chemical Manufacturing",Percentage,H41,Liabilities structure,Financial ratios,50,"ANZSIC06 groups C184, C185, and C189"
2013,Level 3,CC53,Polymer Product and Rubber Product Manufacturing,Dollars (millions),H01,Total income,Financial performance,"3,650",ANZSIC06 groups C191 and C192
2013,Level 3,CC53,Polymer Product and Rubber Product Manufacturing,Dollars (millions),H02,Sales of goods not further processed,Financial performance,314,ANZSIC06 groups C191 and C192
2013,Level 3,CC53,Polymer Product and Rubber Product Manufacturing,Dollars (millions),H03,Sales of other goods and services,Financial performance,"3,300",ANZSIC06 groups C191 and C192
2013,Level 3,CC53,Polymer Product and Rubber Product Manufacturing,Dollars (millions),H05,"Interest, dividends and donations",Financial performance,18,ANZSIC06 groups C191 and C192
2013,Level 3,CC53,Polymer Product and Rubber Product Manufacturing,Dollars (millions),H06,"Government funding, grants and subsidies",Financial performance,0,ANZSIC06 groups C191 and C192
2013,Level 3,CC53,Polymer Product and Rubber Product Manufacturing,Dollars (millions),H07,Non-operating income,Financial performance,18,ANZSIC06 groups C191 and C192
2013,Level 3,CC53,Polymer Product and Rubber Product Manufacturing,Dollars (millions),H08,Total expenditure,Financial performance,"3,324",ANZSIC06 groups C191 and C192
2013,Level 3,CC53,Polymer Product and Rubber Product Manufacturing,Dollars (millions),H09,Interest and donations,Financial performance,33,ANZSIC06 groups C191 and C192
2013,Level 3,CC53,Polymer Product and Rubber Product Manufacturing,Dollars (millions),H10,Indirect taxes,Financial performance,17,ANZSIC06 groups C191 and C192
2013,Level 3,CC53,Polymer Product and Rubber Product Manufacturing,Dollars (millions),H11,Depreciation,Financial performance,110,ANZSIC06 groups C191 and C192
2013,Level 3,CC53,Polymer Product and Rubber Product Manufacturing,Dollars (millions),H12,Salaries and wages paid,Financial performance,700,ANZSIC06 groups C191 and C192
2013,Level 3,CC53,Polymer Product and Rubber Product Manufacturing,Dollars (millions),H13,Redundancy and severance,Financial performance,1,ANZSIC06 groups C191 and C192
2013,Level 3,CC53,Polymer Product and Rubber Product Manufacturing,Dollars (millions),H17,Purchases of goods bought for resale,Financial performance,185,ANZSIC06 groups C191 and C192
2013,Level 3,CC53,Polymer Product and Rubber Product Manufacturing,Dollars (millions),H18,Other purchases and operating expenses,Financial performance,"2,238",ANZSIC06 groups C191 and C192
2013,Level 3,CC53,Polymer Product and Rubber Product Manufacturing,Dollars (millions),H20,Non-operating expenses,Financial performance,41,ANZSIC06 groups C191 and C192
2013,Level 3,CC53,Polymer Product and Rubber Product Manufacturing,Dollars (millions),H21,Opening stocks,Financial performance,509,ANZSIC06 groups C191 and C192
2013,Level 3,CC53,Polymer Product and Rubber Product Manufacturing,Dollars (millions),H22,Closing stocks,Financial performance,533,ANZSIC06 groups C191 and C192
2013,Level 3,CC53,Polymer Product and Rubber Product Manufacturing,Dollars (millions),H23,Surplus before income tax,Financial performance,350,ANZSIC06 groups C191 and C192
2013,Level 3,CC53,Polymer Product and Rubber Product Manufacturing,Dollars (millions),H24,Total assets,Financial position,"2,945",ANZSIC06 groups C191 and C192
2013,Level 3,CC53,Polymer Product and Rubber Product Manufacturing,Dollars (millions),H25,Current assets,Financial position,"1,428",ANZSIC06 groups C191 and C192
