Year,Industry_aggregation_NZSIOC,Industry_code_NZSIOC,Industry_name_NZSIOC,Units,Variable_code,Variable_name,Variable_category,Value,Industry_code_ANZSIC06
2021,Level 4,II111,Road Transport,Dollars (millions),H19,Purchases and other operating expenses,Financial performance,"4,945",ANZSIC06 groups I461 and I462
2021,Level 4,II111,Road Transport,Dollars (millions),H20,Non-operating expenses,Financial performance,65,ANZSIC06 groups I461 and I462
2021,Level 4,II111,Road Transport,Dollars (millions),H21,Opening stocks,Financial performance,38,ANZSIC06 groups I461 and I462
2021,Level 4,II111,Road Transport,Dollars (millions),H22,Closing stocks,Financial performance,43,ANZSIC06 groups I461 and I462
2021,Level 4,II111,Road Transport,Dollars (millions),H23,Surplus before income tax,Financial performance,838,ANZSIC06 groups I461 and I462
2021,Level 4,II111,Road Transport,Dollars (millions),H24,Total assets,Financial position,"9,436",ANZSIC06 groups I461 and I462
2021,Level 4,II111,Road Transport,Dollars (millions),H25,Current assets,Financial position,"2,368",ANZSIC06 groups I461 and I462
2021,Level 4,II111,Road Transport,Dollars (millions),H26,Fixed tangible assets,Financial position,"5,071",ANZSIC06 groups I461 and I462
2021,Level 4,II111,Road Transport,Dollars (millions),H27,Additions to fixed assets,Financial position,946,ANZSIC06 groups I461 and I462
2021,Level 4,II111,Road Transport,Dollars (millions),H28,Disposals of fixed assets,Financial position,364,ANZSIC06 groups I461 and I462
2021,Level 4,II111,Road Transport,Dollars (millions),H29,Other assets,Financial position,"1,996",ANZSIC06 groups I461 and I462
2021,Level 4,II111,Road Transport,Dollars (millions),H30,Total equity and liabilities,Financial position,"9,436",ANZSIC06 groups I461 and I462
2021,Level 4,II111,Road Transport,Dollars (millions),H31,Shareholders funds or owners equity,Financial position,"3,541",ANZSIC06 groups I461 and I462
2021,Level 4,II111,Road Transport,Dollars (millions),H32,Current liabilities,Financial position,"2,435",ANZSIC06 groups I461 and I462
2021,Level 4,II111,Road Transport,Dollars (millions),H33,Other liabilities,Financial position,"3,460",ANZSIC06 groups I461 and I462
2021,Level 4,II111,Road Transport,Dollars,H34,Total income per employee count,Financial ratios,"244,600",ANZSIC06 groups I461 and I462
2021,Level 4,II111,Road Transport,Dollars,H35,Surplus per employee count,Financial ratios,"20,600",ANZSIC06 groups I461 and I462
2021,Level 4,II111,Road Transport,Percentage,H36,Current ratio,Financial ratios,97,ANZSIC06 groups I461 and I462
2021,Level 4,II111,Road Transport,Percentage,H37,Quick ratio,Financial ratios,96,ANZSIC06 groups I461 and I462
2021,Level 4,II111,Road Transport,Percentage,H39,Return on equity,Financial ratios,24,ANZSIC06 groups I461 and I462
2021,Level 4,II111,Road Transport,Percentage,H40,Return on total assets,Financial ratios,9,ANZSIC06 groups I461 and I462
2021,Level 4,II111,Road Transport,Percentage,H41,Liabilities structure,Financial ratios,38,ANZSIC06 groups I461 and I462
2021,Level 3,II12,"Rail, Water, Air and Other Transport",Dollars (millions),H01,Total income,Financial performance,"5,302","ANZSIC06 groups I471, I472, I481, I482, I490, I501, and I502"
2021,Level 3,II12,"Rail, Water, Air and Other Transport",Dollars (millions),H04,Sales of goods and services,Financial performance,"4,748","ANZSIC06 groups I471, I472, I481, I482, I490, I501, and I502"
2021,Level 3,II12,"Rail, Water, Air and Other Transport",Dollars (millions),H05,"Interest, dividends and donations",Financial performance,21,"ANZSIC06 groups I471, I472, I481, I482, I490, I501, and I502"
2021,Level 3,II12,"Rail, Water, Air and Other Transport",Dollars (millions),H06,"Government funding, grants and subsidies",Financial performance,372,"ANZSIC06 groups I471, I472, I481, I482, I490, I501, and I502"
2021,Level 3,II12,"Rail, Water, Air and Other Transport",Dollars (millions),H07,Non-operating income,Financial performance,161,"ANZSIC06 groups I471, I472, I481, I482, I490, I501, and I502"
2021,Level 3,II12,"Rail, Water, Air and Other Transport",Dollars (millions),H08,Total expenditure,Financial performance,"5,548","ANZSIC06 groups I471, I472, I481, I482, I490, I501, and I502"
2021,Level 3,II12,"Rail, Water, Air and Other Transport",Dollars (millions),H09,Interest and donations,Financial performance,150,"ANZSIC06 groups I471, I472, I481, I482, I490, I501, and I502"
2021,Level 3,II12,"Rail, Water, Air and Other Transport",Dollars (millions),H10,Indirect taxes,Financial performance,28,"ANZSIC06 groups I471, I472, I481, I482, I490, I501, and I502"
2021,Level 3,II12,"Rail, Water, Air and Other Transport",Dollars (millions),H11,Depreciation,Financial performance,"1,125","ANZSIC06 groups I471, I472, I481, I482, I490, I501, and I502"
2021,Level 3,II12,"Rail, Water, Air and Other Transport",Dollars (millions),H12,Salaries and wages paid,Financial performance,"1,383","ANZSIC06 groups I471, I472, I481, I482, I490, I501, and I502"
2021,Level 3,II12,"Rail, Water, Air and Other Transport",Dollars (millions),H13,Redundancy and severance,Financial performance,3,"ANZSIC06 groups I471, I472, I481, I482, I490, I501, and I502"
2021,Level 3,II12,"Rail, Water, Air and Other Transport",Dollars (millions),H19,Purchases and other operating expenses,Financial performance,"2,773","ANZSIC06 groups I471, I472, I481, I482, I490, I501, and I502"
2021,Level 3,II12,"Rail, Water, Air and Other Transport",Dollars (millions),H20,Non-operating expenses,Financial performance,90,"ANZSIC06 groups I471, I472, I481, I482, I490, I501, and I502"
2021,Level 3,II12,"Rail, Water, Air and Other Transport",Dollars (millions),H21,Opening stocks,Financial performance,55,"ANZSIC06 groups I471, I472, I481, I482, I490, I501, and I502"
2021,Level 3,II12,"Rail, Water, Air and Other Transport",Dollars (millions),H22,Closing stocks,Financial performance,46,"ANZSIC06 groups I471, I472, I481, I482, I490, I501, and I502"
2021,Level 3,II12,"Rail, Water, Air and Other Transport",Dollars (millions),H23,Surplus before income tax,Financial performance,-255,"ANZSIC06 groups I471, I472, I481, I482, I490, I501, and I502"
2021,Level 3,II12,"Rail, Water, Air and Other Transport",Dollars (millions),H24,Total assets,Financial position,"8,548","ANZSIC06 groups I471, I472, I481, I482, I490, I501, and I502"
2021,Level 3,II12,"Rail, Water, Air and Other Transport",Dollars (millions),H25,Current assets,Financial position,"2,148","ANZSIC06 groups I471, I472, I481, I482, I490, I501, and I502"
2021,Level 3,II12,"Rail, Water, Air and Other Transport",Dollars (millions),H26,Fixed tangible assets,Financial position,"2,842","ANZSIC06 groups I471, I472, I481, I482, I490, I501, and I502"
2021,Level 3,II12,"Rail, Water, Air and Other Transport",Dollars (millions),H27,Additions to fixed assets,Financial position,537,"ANZSIC06 groups I471, I472, I481, I482, I490, I501, and I502"
2021,Level 3,II12,"Rail, Water, Air and Other Transport",Dollars (millions),H28,Disposals of fixed assets,Financial position,193,"ANZSIC06 groups I471, I472, I481, I482, I490, I501, and I502"
2021,Level 3,II12,"Rail, Water, Air and Other Transport",Dollars (millions),H29,Other assets,Financial position,"3,558","ANZSIC06 groups I471, I472, I481, I482, I490, I501, and I502"
2021,Level 3,II12,"Rail, Water, Air and Other Transport",Dollars (millions),H30,Total equity and liabilities,Financial position,"8,548","ANZSIC06 groups I471, I472, I481, I482, I490, I501, and I502"
2021,Level 3,II12,"Rail, Water, Air and Other Transport",Dollars (millions),H31,Shareholders funds or owners equity,Financial position,"2,096","ANZSIC06 groups I471, I472, I481, I482, I490, I501, and I502"
2021,Level 3,II12,"Rail, Water, Air and Other Transport",Dollars (millions),H32,Current liabilities,Financial position,"3,238","ANZSIC06 groups I471, I472, I481, I482, I490, I501, and I502"
2021,Level 3,II12,"Rail, Water, Air and Other Transport",Dollars (millions),H33,Other liabilities,Financial position,"3,214","ANZSIC06 groups I471, I472, I481, I482, I490, I501, and I502"
2021,Level 3,II12,"Rail, Water, Air and Other Transport",Dollars,H34,Total income per employee count,Financial ratios,"278,500","ANZSIC06 groups I471, I472, I481, I482, I490, I501, and I502"
2021,Level 3,II12,"Rail, Water, Air and Other Transport",Dollars,H35,Surplus per employee count,Financial ratios,"-13,400","ANZSIC06 groups I471, I472, I481, I482, I490, I501, and I502"
2021,Level 3,II12,"Rail, Water, Air and Other Transport",Percentage,H36,Current ratio,Financial ratios,66,"ANZSIC06 groups I471, I472, I481, I482, I490, I501, and I502"
2021,Level 3,II12,"Rail, Water, Air and Other Transport",Percentage,H37,Quick ratio,Financial ratios,65,"ANZSIC06 groups I471, I472, I481, I482, I490, I501, and I502"
2021,Level 3,II12,"Rail, Water, Air and Other Transport",Percentage,H39,Return on equity,Financial ratios,-12,"ANZSIC06 groups I471, I472, I481, I482, I490, I501, and I502"
2021,Level 3,II12,"Rail, Water, Air and Other Transport",Percentage,H40,Return on total assets,Financial ratios,-3,"ANZSIC06 groups I471, I472, I481, I482, I490, I501, and I502"
2021,Level 3,II12,"Rail, Water, Air and Other Transport",Percentage,H41,Liabilities structure,Financial ratios,25,"ANZSIC06 groups I471, I472, I481, I482, I490, I501, and I502"
2021,Level 3,II13,"Postal, Courier, Transport Support, and Warehousing Services",Dollars (millions),H01,Total income,Financial performance,"10,154","ANZSIC06 groups I510, I521, I522, I529, and I530"
2021,Level 3,II13,"Postal, Courier, Transport Support, and Warehousing Services",Dollars (millions),H04,Sales of goods and services,Financial performance,"8,665","ANZSIC06 groups I510, I521, I522, I529, and I530"
2021,Level 3,II13,"Postal, Courier, Transport Support, and Warehousing Services",Dollars (millions),H05,"Interest, dividends and donations",Financial performance,74,"ANZSIC06 groups I510, I521, I522, I529, and I530"
2021,Level 3,II13,"Postal, Courier, Transport Support, and Warehousing Services",Dollars (millions),H06,"Government funding, grants and subsidies",Financial performance,458,"ANZSIC06 groups I510, I521, I522, I529, and I530"
2021,Level 3,II13,"Postal, Courier, Transport Support, and Warehousing Services",Dollars (millions),H07,Non-operating income,Financial performance,957,"ANZSIC06 groups I510, I521, I522, I529, and I530"
2021,Level 3,II13,"Postal, Courier, Transport Support, and Warehousing Services",Dollars (millions),H08,Total expenditure,Financial performance,"8,466","ANZSIC06 groups I510, I521, I522, I529, and I530"
2021,Level 3,II13,"Postal, Courier, Transport Support, and Warehousing Services",Dollars (millions),H09,Interest and donations,Financial performance,324,"ANZSIC06 groups I510, I521, I522, I529, and I530"
2021,Level 3,II13,"Postal, Courier, Transport Support, and Warehousing Services",Dollars (millions),H10,Indirect taxes,Financial performance,128,"ANZSIC06 groups I510, I521, I522, I529, and I530"
2021,Level 3,II13,"Postal, Courier, Transport Support, and Warehousing Services",Dollars (millions),H11,Depreciation,Financial performance,867,"ANZSIC06 groups I510, I521, I522, I529, and I530"
2021,Level 3,II13,"Postal, Courier, Transport Support, and Warehousing Services",Dollars (millions),H12,Salaries and wages paid,Financial performance,"2,525","ANZSIC06 groups I510, I521, I522, I529, and I530"
2021,Level 3,II13,"Postal, Courier, Transport Support, and Warehousing Services",Dollars (millions),H13,Redundancy and severance,Financial performance,15,"ANZSIC06 groups I510, I521, I522, I529, and I530"
2021,Level 3,II13,"Postal, Courier, Transport Support, and Warehousing Services",Dollars (millions),H19,Purchases and other operating expenses,Financial performance,"4,118","ANZSIC06 groups I510, I521, I522, I529, and I530"
2021,Level 3,II13,"Postal, Courier, Transport Support, and Warehousing Services",Dollars (millions),H20,Non-operating expenses,Financial performance,503,"ANZSIC06 groups I510, I521, I522, I529, and I530"
2021,Level 3,II13,"Postal, Courier, Transport Support, and Warehousing Services",Dollars (millions),H21,Opening stocks,Financial performance,163,"ANZSIC06 groups I510, I521, I522, I529, and I530"
2021,Level 3,II13,"Postal, Courier, Transport Support, and Warehousing Services",Dollars (millions),H22,Closing stocks,Financial performance,187,"ANZSIC06 groups I510, I521, I522, I529, and I530"
2021,Level 3,II13,"Postal, Courier, Transport Support, and Warehousing Services",Dollars (millions),H23,Surplus before income tax,Financial performance,"1,712","ANZSIC06 groups I510, I521, I522, I529, and I530"
2021,Level 3,II13,"Postal, Courier, Transport Support, and Warehousing Services",Dollars (millions),H24,Total assets,Financial position,"36,533","ANZSIC06 groups I510, I521, I522, I529, and I530"
2021,Level 3,II13,"Postal, Courier, Transport Support, and Warehousing Services",Dollars (millions),H25,Current assets,Financial position,"4,512","ANZSIC06 groups I510, I521, I522, I529, and I530"
2021,Level 3,II13,"Postal, Courier, Transport Support, and Warehousing Services",Dollars (millions),H26,Fixed tangible assets,Financial position,"27,006","ANZSIC06 groups I510, I521, I522, I529, and I530"
2021,Level 3,II13,"Postal, Courier, Transport Support, and Warehousing Services",Dollars (millions),H27,Additions to fixed assets,Financial position,"2,113","ANZSIC06 groups I510, I521, I522, I529, and I530"
2021,Level 3,II13,"Postal, Courier, Transport Support, and Warehousing Services",Dollars (millions),H28,Disposals of fixed assets,Financial position,251,"ANZSIC06 groups I510, I521, I522, I529, and I530"
2021,Level 3,II13,"Postal, Courier, Transport Support, and Warehousing Services",Dollars (millions),H29,Other assets,Financial position,"5,015","ANZSIC06 groups I510, I521, I522, I529, and I530"
2021,Level 3,II13,"Postal, Courier, Transport Support, and Warehousing Services",Dollars (millions),H30,Total equity and liabilities,Financial position,"36,533","ANZSIC06 groups I510, I521, I522, I529, and I530"
2021,Level 3,II13,"Postal, Courier, Transport Support, and Warehousing Services",Dollars (millions),H31,Shareholders funds or owners equity,Financial position,"23,919","ANZSIC06 groups I510, I521, I522, I529, and I530"
2021,Level 3,II13,"Postal, Courier, Transport Support, and Warehousing Services",Dollars (millions),H32,Current liabilities,Financial position,"4,375","ANZSIC06 groups I510, I521, I522, I529, and I530"
2021,Level 3,II13,"Postal, Courier, Transport Support, and Warehousing Services",Dollars (millions),H33,Other liabilities,Financial position,"8,238","ANZSIC06 groups I510, I521, I522, I529, and I530"
2021,Level 3,II13,"Postal, Courier, Transport Support, and Warehousing Services",Dollars,H34,Total income per employee count,Financial ratios,"291,200","ANZSIC06 groups I510, I521, I522, I529, and I530"
2021,Level 3,II13,"Postal, Courier, Transport Support, and Warehousing Services",Dollars,H35,Surplus per employee count,Financial ratios,"49,100","ANZSIC06 groups I510, I521, I522, I529, and I530"
2021,Level 3,II13,"Postal, Courier, Transport Support, and Warehousing Services",Percentage,H36,Current ratio,Financial ratios,103,"ANZSIC06 groups I510, I521, I522, I529, and I530"
2021,Level 3,II13,"Postal, Courier, Transport Support, and Warehousing Services",Percentage,H37,Quick ratio,Financial ratios,99,"ANZSIC06 groups I510, I521, I522, I529, and I530"
2021,Level 3,II13,"Postal, Courier, Transport Support, and Warehousing Services",Percentage,H39,Return on equity,Financial ratios,7,"ANZSIC06 groups I510, I521, I522, I529, and I530"
2021,Level 3,II13,"Postal, Courier, Transport Support, and Warehousing Services",Percentage,H40,Return on total assets,Financial ratios,5,"ANZSIC06 groups I510, I521, I522, I529, and I530"
2021,Level 3,II13,"Postal, Courier, Transport Support, and Warehousing Services",Percentage,H41,Liabilities structure,Financial ratios,65,"ANZSIC06 groups I510, I521, I522, I529, and I530"
2021,Level 4,II131,Postal and Courier Pick Up and Delivery Services,Dollars (millions),H01,Total income,Financial performance,"2,589",ANZSIC06 group I510
2021,Level 4,II131,Postal and Courier Pick Up and Delivery Services,Dollars (millions),H04,Sales of goods and services,Financial performance,"2,494",ANZSIC06 group I510
2021,Level 4,II131,Postal and Courier Pick Up and Delivery Services,Dollars (millions),H05,"Interest, dividends and donations",Financial performance,4,ANZSIC06 group I510
2021,Level 4,II131,Postal and Courier Pick Up and Delivery Services,Dollars (millions),H06,"Government funding, grants and subsidies",Financial performance,74,ANZSIC06 group I510
2021,Level 4,II131,Postal and Courier Pick Up and Delivery Services,Dollars (millions),H07,Non-operating income,Financial performance,17,ANZSIC06 group I510
2021,Level 4,II131,Postal and Courier Pick Up and Delivery Services,Dollars (millions),H08,Total expenditure,Financial performance,"2,328",ANZSIC06 group I510
2021,Level 4,II131,Postal and Courier Pick Up and Delivery Services,Dollars (millions),H09,Interest and donations,Financial performance,31,ANZSIC06 group I510
2021,Level 4,II131,Postal and Courier Pick Up and Delivery Services,Dollars (millions),H10,Indirect taxes,Financial performance,C,ANZSIC06 group I510
2021,Level 4,II131,Postal and Courier Pick Up and Delivery Services,Dollars (millions),H11,Depreciation,Financial performance,109,ANZSIC06 group I510
2021,Level 4,II131,Postal and Courier Pick Up and Delivery Services,Dollars (millions),H12,Salaries and wages paid,Financial performance,615,ANZSIC06 group I510
2021,Level 4,II131,Postal and Courier Pick Up and Delivery Services,Dollars (millions),H13,Redundancy and severance,Financial performance,C,ANZSIC06 group I510
2021,Level 4,II131,Postal and Courier Pick Up and Delivery Services,Dollars (millions),H19,Purchases and other operating expenses,Financial performance,"1,475",ANZSIC06 group I510
