Year,Industry_aggregation_NZSIOC,Industry_code_NZSIOC,Industry_name_NZSIOC,Units,Variable_code,Variable_name,Variable_category,Value,Industry_code_ANZSIC06
2016,Level 3,GH21,Accommodation and Food Services,Dollars (millions),H12,Salaries and wages paid,Financial performance,"3,677","ANZSIC06 groups H440, H451, H452, and H453"
2016,Level 3,GH21,Accommodation and Food Services,Dollars (millions),H13,Redundancy and severance,Financial performance,0,"ANZSIC06 groups H440, H451, H452, and H453"
2016,Level 3,GH21,Accommodation and Food Services,Dollars (millions),H17,Purchases of goods bought for resale,Financial performance,"1,404","ANZSIC06 groups H440, H451, H452, and H453"
2016,Level 3,GH21,Accommodation and Food Services,Dollars (millions),H18,Other Purchases and operating expenses,Financial performance,"6,170","ANZSIC06 groups H440, H451, H452, and H453"
2016,Level 3,GH21,Accommodation and Food Services,Dollars (millions),H20,Non-operating expenses,Financial performance,106,"ANZSIC06 groups H440, H451, H452, and H453"
2016,Level 3,GH21,Accommodation and Food Services,Dollars (millions),H21,Opening stocks,Financial performance,224,"ANZSIC06 groups H440, H451, H452, and H453"
2016,Level 3,GH21,Accommodation and Food Services,Dollars (millions),H22,Closing stocks,Financial performance,240,"ANZSIC06 groups H440, H451, H452, and H453"
2016,Level 3,GH21,Accommodation and Food Services,Dollars (millions),H23,Surplus before income tax,Financial performance,853,"ANZSIC06 groups H440, H451, H452, and H453"
2016,Level 3,GH21,Accommodation and Food Services,Dollars (millions),H24,Total assets,Financial position,"13,676","ANZSIC06 groups H440, H451, H452, and H453"
2016,Level 3,GH21,Accommodation and Food Services,Dollars (millions),H25,Current assets,Financial position,"2,728","ANZSIC06 groups H440, H451, H452, and H453"
2016,Level 3,GH21,Accommodation and Food Services,Dollars (millions),H26,Fixed tangible assets,Financial position,"8,328","ANZSIC06 groups H440, H451, H452, and H453"
2016,Level 3,GH21,Accommodation and Food Services,Dollars (millions),H27,Additions to fixed assets,Financial position,"1,511","ANZSIC06 groups H440, H451, H452, and H453"
2016,Level 3,GH21,Accommodation and Food Services,Dollars (millions),H28,Disposals of fixed assets,Financial position,690,"ANZSIC06 groups H440, H451, H452, and H453"
2016,Level 3,GH21,Accommodation and Food Services,Dollars (millions),H29,Other assets,Financial position,"2,619","ANZSIC06 groups H440, H451, H452, and H453"
2016,Level 3,GH21,Accommodation and Food Services,Dollars (millions),H30,Total equity and liabilities,Financial position,"13,676","ANZSIC06 groups H440, H451, H452, and H453"
2016,Level 3,GH21,Accommodation and Food Services,Dollars (millions),H31,Shareholders funds or owners equity,Financial position,"4,293","ANZSIC06 groups H440, H451, H452, and H453"
2016,Level 3,GH21,Accommodation and Food Services,Dollars (millions),H32,Current liabilities,Financial position,"4,736","ANZSIC06 groups H440, H451, H452, and H453"
2016,Level 3,GH21,Accommodation and Food Services,Dollars (millions),H33,Other liabilities,Financial position,"4,647","ANZSIC06 groups H440, H451, H452, and H453"
2016,Level 3,GH21,Accommodation and Food Services,Dollars,H34,Total income per employee count,Financial ratios,"90,400","ANZSIC06 groups H440, H451, H452, and H453"
2016,Level 3,GH21,Accommodation and Food Services,Dollars,H35,Surplus per employee count,Financial ratios,"6,000","ANZSIC06 groups H440, H451, H452, and H453"
2016,Level 3,GH21,Accommodation and Food Services,Percentage,H36,Current ratio,Financial ratios,58,"ANZSIC06 groups H440, H451, H452, and H453"
2016,Level 3,GH21,Accommodation and Food Services,Percentage,H37,Quick ratio,Financial ratios,53,"ANZSIC06 groups H440, H451, H452, and H453"
2016,Level 3,GH21,Accommodation and Food Services,Percentage,H38,Margin on sales of goods for resale,Financial ratios,54,"ANZSIC06 groups H440, H451, H452, and H453"
2016,Level 3,GH21,Accommodation and Food Services,Percentage,H39,Return on equity,Financial ratios,20,"ANZSIC06 groups H440, H451, H452, and H453"
2016,Level 3,GH21,Accommodation and Food Services,Percentage,H40,Return on total assets,Financial ratios,6,"ANZSIC06 groups H440, H451, H452, and H453"
2016,Level 3,GH21,Accommodation and Food Services,Percentage,H41,Liabilities structure,Financial ratios,31,"ANZSIC06 groups H440, H451, H452, and H453"
2016,Level 4,GH211,Accommodation,Dollars (millions),H01,Total income,Financial performance,"3,382",ANZSIC06 group H440
2016,Level 4,GH211,Accommodation,Dollars (millions),H02,Sales of goods not further processed,Financial performance,495,ANZSIC06 group H440
2016,Level 4,GH211,Accommodation,Dollars (millions),H03,Sales of other goods and services,Financial performance,"2,800",ANZSIC06 group H440
2016,Level 4,GH211,Accommodation,Dollars (millions),H05,"Interest, dividends and donations",Financial performance,28,ANZSIC06 group H440
2016,Level 4,GH211,Accommodation,Dollars (millions),H06,"Government funding, grants and subsidies",Financial performance,C,ANZSIC06 group H440
2016,Level 4,GH211,Accommodation,Dollars (millions),H07,Non-operating income,Financial performance,C,ANZSIC06 group H440
2016,Level 4,GH211,Accommodation,Dollars (millions),H08,Total expenditure,Financial performance,"3,008",ANZSIC06 group H440
2016,Level 4,GH211,Accommodation,Dollars (millions),H09,Interest and donations,Financial performance,122,ANZSIC06 group H440
2016,Level 4,GH211,Accommodation,Dollars (millions),H10,Indirect taxes,Financial performance,65,ANZSIC06 group H440
2016,Level 4,GH211,Accommodation,Dollars (millions),H11,Depreciation,Financial performance,137,ANZSIC06 group H440
2016,Level 4,GH211,Accommodation,Dollars (millions),H12,Salaries and wages paid,Financial performance,825,ANZSIC06 group H440
2016,Level 4,GH211,Accommodation,Dollars (millions),H13,Redundancy and severance,Financial performance,0,ANZSIC06 group H440
2016,Level 4,GH211,Accommodation,Dollars (millions),H17,Purchases of goods bought for resale,Financial performance,164,ANZSIC06 group H440
2016,Level 4,GH211,Accommodation,Dollars (millions),H18,Other Purchases and operating expenses,Financial performance,"1,627",ANZSIC06 group H440
2016,Level 4,GH211,Accommodation,Dollars (millions),H20,Non-operating expenses,Financial performance,68,ANZSIC06 group H440
2016,Level 4,GH211,Accommodation,Dollars (millions),H21,Opening stocks,Financial performance,49,ANZSIC06 group H440
2016,Level 4,GH211,Accommodation,Dollars (millions),H22,Closing stocks,Financial performance,55,ANZSIC06 group H440
2016,Level 4,GH211,Accommodation,Dollars (millions),H23,Surplus before income tax,Financial performance,381,ANZSIC06 group H440
2016,Level 4,GH211,Accommodation,Dollars (millions),H24,Total assets,Financial position,"8,040",ANZSIC06 group H440
2016,Level 4,GH211,Accommodation,Dollars (millions),H25,Current assets,Financial position,"1,320",ANZSIC06 group H440
2016,Level 4,GH211,Accommodation,Dollars (millions),H26,Fixed tangible assets,Financial position,"5,443",ANZSIC06 group H440
2016,Level 4,GH211,Accommodation,Dollars (millions),H27,Additions to fixed assets,Financial position,879,ANZSIC06 group H440
2016,Level 4,GH211,Accommodation,Dollars (millions),H28,Disposals of fixed assets,Financial position,369,ANZSIC06 group H440
2016,Level 4,GH211,Accommodation,Dollars (millions),H29,Other assets,Financial position,"1,276",ANZSIC06 group H440
2016,Level 4,GH211,Accommodation,Dollars (millions),H30,Total equity and liabilities,Financial position,"8,039",ANZSIC06 group H440
2016,Level 4,GH211,Accommodation,Dollars (millions),H31,Shareholders funds or owners equity,Financial position,"2,695",ANZSIC06 group H440
2016,Level 4,GH211,Accommodation,Dollars (millions),H32,Current liabilities,Financial position,"2,250",ANZSIC06 group H440
2016,Level 4,GH211,Accommodation,Dollars (millions),H33,Other liabilities,Financial position,"3,095",ANZSIC06 group H440
2016,Level 4,GH211,Accommodation,Dollars,H34,Total income per employee count,Financial ratios,"118,600",ANZSIC06 group H440
2016,Level 4,GH211,Accommodation,Dollars,H35,Surplus per employee count,Financial ratios,"13,400",ANZSIC06 group H440
2016,Level 4,GH211,Accommodation,Percentage,H36,Current ratio,Financial ratios,59,ANZSIC06 group H440
2016,Level 4,GH211,Accommodation,Percentage,H37,Quick ratio,Financial ratios,56,ANZSIC06 group H440
2016,Level 4,GH211,Accommodation,Percentage,H38,Margin on sales of goods for resale,Financial ratios,67,ANZSIC06 group H440
2016,Level 4,GH211,Accommodation,Percentage,H39,Return on equity,Financial ratios,14,ANZSIC06 group H440
2016,Level 4,GH211,Accommodation,Percentage,H40,Return on total assets,Financial ratios,5,ANZSIC06 group H440
2016,Level 4,GH211,Accommodation,Percentage,H41,Liabilities structure,Financial ratios,34,ANZSIC06 group H440
2016,Level 4,GH212,Food and Beverage Services,Dollars (millions),H01,Total income,Financial performance,"9,559","ANZSIC06 groups H451, H452, and H453"
2016,Level 4,GH212,Food and Beverage Services,Dollars (millions),H02,Sales of goods not further processed,Financial performance,"2,536","ANZSIC06 groups H451, H452, and H453"
2016,Level 4,GH212,Food and Beverage Services,Dollars (millions),H03,Sales of other goods and services,Financial performance,"6,937","ANZSIC06 groups H451, H452, and H453"
2016,Level 4,GH212,Food and Beverage Services,Dollars (millions),H05,"Interest, dividends and donations",Financial performance,35,"ANZSIC06 groups H451, H452, and H453"
2016,Level 4,GH212,Food and Beverage Services,Dollars (millions),H06,"Government funding, grants and subsidies",Financial performance,C,"ANZSIC06 groups H451, H452, and H453"
2016,Level 4,GH212,Food and Beverage Services,Dollars (millions),H07,Non-operating income,Financial performance,C,"ANZSIC06 groups H451, H452, and H453"
2016,Level 4,GH212,Food and Beverage Services,Dollars (millions),H08,Total expenditure,Financial performance,"9,098","ANZSIC06 groups H451, H452, and H453"
2016,Level 4,GH212,Food and Beverage Services,Dollars (millions),H09,Interest and donations,Financial performance,101,"ANZSIC06 groups H451, H452, and H453"
2016,Level 4,GH212,Food and Beverage Services,Dollars (millions),H10,Indirect taxes,Financial performance,49,"ANZSIC06 groups H451, H452, and H453"
2016,Level 4,GH212,Food and Beverage Services,Dollars (millions),H11,Depreciation,Financial performance,274,"ANZSIC06 groups H451, H452, and H453"
2016,Level 4,GH212,Food and Beverage Services,Dollars (millions),H12,Salaries and wages paid,Financial performance,"2,852","ANZSIC06 groups H451, H452, and H453"
2016,Level 4,GH212,Food and Beverage Services,Dollars (millions),H13,Redundancy and severance,Financial performance,0,"ANZSIC06 groups H451, H452, and H453"
2016,Level 4,GH212,Food and Beverage Services,Dollars (millions),H17,Purchases of goods bought for resale,Financial performance,"1,240","ANZSIC06 groups H451, H452, and H453"
2016,Level 4,GH212,Food and Beverage Services,Dollars (millions),H18,Other Purchases and operating expenses,Financial performance,"4,543","ANZSIC06 groups H451, H452, and H453"
2016,Level 4,GH212,Food and Beverage Services,Dollars (millions),H20,Non-operating expenses,Financial performance,38,"ANZSIC06 groups H451, H452, and H453"
2016,Level 4,GH212,Food and Beverage Services,Dollars (millions),H21,Opening stocks,Financial performance,175,"ANZSIC06 groups H451, H452, and H453"
2016,Level 4,GH212,Food and Beverage Services,Dollars (millions),H22,Closing stocks,Financial performance,185,"ANZSIC06 groups H451, H452, and H453"
2016,Level 4,GH212,Food and Beverage Services,Dollars (millions),H23,Surplus before income tax,Financial performance,471,"ANZSIC06 groups H451, H452, and H453"
2016,Level 4,GH212,Food and Beverage Services,Dollars (millions),H24,Total assets,Financial position,"5,636","ANZSIC06 groups H451, H452, and H453"
2016,Level 4,GH212,Food and Beverage Services,Dollars (millions),H25,Current assets,Financial position,"1,408","ANZSIC06 groups H451, H452, and H453"
2016,Level 4,GH212,Food and Beverage Services,Dollars (millions),H26,Fixed tangible assets,Financial position,"2,885","ANZSIC06 groups H451, H452, and H453"
2016,Level 4,GH212,Food and Beverage Services,Dollars (millions),H27,Additions to fixed assets,Financial position,631,"ANZSIC06 groups H451, H452, and H453"
2016,Level 4,GH212,Food and Beverage Services,Dollars (millions),H28,Disposals of fixed assets,Financial position,321,"ANZSIC06 groups H451, H452, and H453"
2016,Level 4,GH212,Food and Beverage Services,Dollars (millions),H29,Other assets,Financial position,"1,343","ANZSIC06 groups H451, H452, and H453"
2016,Level 4,GH212,Food and Beverage Services,Dollars (millions),H30,Total equity and liabilities,Financial position,"5,636","ANZSIC06 groups H451, H452, and H453"
2016,Level 4,GH212,Food and Beverage Services,Dollars (millions),H31,Shareholders funds or owners equity,Financial position,"1,598","ANZSIC06 groups H451, H452, and H453"
2016,Level 4,GH212,Food and Beverage Services,Dollars (millions),H32,Current liabilities,Financial position,"2,487","ANZSIC06 groups H451, H452, and H453"
2016,Level 4,GH212,Food and Beverage Services,Dollars (millions),H33,Other liabilities,Financial position,"1,552","ANZSIC06 groups H451, H452, and H453"
2016,Level 4,GH212,Food and Beverage Services,Dollars,H34,Total income per employee count,Financial ratios,"83,400","ANZSIC06 groups H451, H452, and H453"
2016,Level 4,GH212,Food and Beverage Services,Dollars,H35,Surplus per employee count,Financial ratios,"4,100","ANZSIC06 groups H451, H452, and H453"
2016,Level 4,GH212,Food and Beverage Services,Percentage,H36,Current ratio,Financial ratios,57,"ANZSIC06 groups H451, H452, and H453"
2016,Level 4,GH212,Food and Beverage Services,Percentage,H37,Quick ratio,Financial ratios,49,"ANZSIC06 groups H451, H452, and H453"
2016,Level 4,GH212,Food and Beverage Services,Percentage,H38,Margin on sales of goods for resale,Financial ratios,51,"ANZSIC06 groups H451, H452, and H453"
2016,Level 4,GH212,Food and Beverage Services,Percentage,H39,Return on equity,Financial ratios,29,"ANZSIC06 groups H451, H452, and H453"
2016,Level 4,GH212,Food and Beverage Services,Percentage,H40,Return on total assets,Financial ratios,8,"ANZSIC06 groups H451, H452, and H453"
2016,Level 4,GH212,Food and Beverage Services,Percentage,H41,Liabilities structure,Financial ratios,28,"ANZSIC06 groups H451, H452, and H453"
2016,Level 1,II,"Transport, Postal and Warehousing",Dollars (millions),H01,Total income,Financial performance,"23,965",ANZSIC06 division I
2016,Level 1,II,"Transport, Postal and Warehousing",Dollars (millions),H04,Sales of goods and services,Financial performance,"22,945",ANZSIC06 division I
