Year,Industry_aggregation_NZSIOC,Industry_code_NZSIOC,Industry_name_NZSIOC,Units,Variable_code,Variable_name,Variable_category,Value,Industry_code_ANZSIC06
2013,Level 3,MN21,Administrative and Support Services,Dollars (millions),H07,Non-operating income,Financial performance,51,ANZSIC06 division N
2013,Level 3,MN21,Administrative and Support Services,Dollars (millions),H08,Total expenditure,Financial performance,"8,062",ANZSIC06 division N
2013,Level 3,MN21,Administrative and Support Services,Dollars (millions),H09,Interest and donations,Financial performance,109,ANZSIC06 division N
2013,Level 3,MN21,Administrative and Support Services,Dollars (millions),H10,Indirect taxes,Financial performance,24,ANZSIC06 division N
2013,Level 3,MN21,Administrative and Support Services,Dollars (millions),H11,Depreciation,Financial performance,185,ANZSIC06 division N
2013,Level 3,MN21,Administrative and Support Services,Dollars (millions),H12,Salaries and wages paid,Financial performance,"3,120",ANZSIC06 division N
2013,Level 3,MN21,Administrative and Support Services,Dollars (millions),H13,Redundancy and severance,Financial performance,7,ANZSIC06 division N
2013,Level 3,MN21,Administrative and Support Services,Dollars (millions),H19,Purchases and other operating expenses,Financial performance,"4,476",ANZSIC06 division N
2013,Level 3,MN21,Administrative and Support Services,Dollars (millions),H20,Non-operating expenses,Financial performance,148,ANZSIC06 division N
2013,Level 3,MN21,Administrative and Support Services,Dollars (millions),H21,Opening stocks,Financial performance,94,ANZSIC06 division N
2013,Level 3,MN21,Administrative and Support Services,Dollars (millions),H22,Closing stocks,Financial performance,82,ANZSIC06 division N
2013,Level 3,MN21,Administrative and Support Services,Dollars (millions),H23,Surplus before income tax,Financial performance,601,ANZSIC06 division N
2013,Level 3,MN21,Administrative and Support Services,Dollars (millions),H24,Total assets,Financial position,"6,408",ANZSIC06 division N
2013,Level 3,MN21,Administrative and Support Services,Dollars (millions),H25,Current assets,Financial position,"3,001",ANZSIC06 division N
2013,Level 3,MN21,Administrative and Support Services,Dollars (millions),H26,Fixed tangible assets,Financial position,"1,875",ANZSIC06 division N
2013,Level 3,MN21,Administrative and Support Services,Dollars (millions),H27,Additions to fixed assets,Financial position,470,ANZSIC06 division N
2013,Level 3,MN21,Administrative and Support Services,Dollars (millions),H28,Disposals of fixed assets,Financial position,157,ANZSIC06 division N
2013,Level 3,MN21,Administrative and Support Services,Dollars (millions),H29,Other assets,Financial position,"1,532",ANZSIC06 division N
2013,Level 3,MN21,Administrative and Support Services,Dollars (millions),H30,Total equity and liabilities,Financial position,"6,408",ANZSIC06 division N
2013,Level 3,MN21,Administrative and Support Services,Dollars (millions),H31,Shareholders funds or owners equity,Financial position,"2,670",ANZSIC06 division N
2013,Level 3,MN21,Administrative and Support Services,Dollars (millions),H32,Current liabilities,Financial position,"2,387",ANZSIC06 division N
2013,Level 3,MN21,Administrative and Support Services,Dollars (millions),H33,Other liabilities,Financial position,"1,351",ANZSIC06 division N
2013,Level 3,MN21,Administrative and Support Services,Dollars,H34,Total income per employee count,Financial ratios,"92,800",ANZSIC06 division N
2013,Level 3,MN21,Administrative and Support Services,Dollars,H35,Surplus per employee count,Financial ratios,"6,400",ANZSIC06 division N
2013,Level 3,MN21,Administrative and Support Services,Percentage,H36,Current ratio,Financial ratios,126,ANZSIC06 division N
2013,Level 3,MN21,Administrative and Support Services,Percentage,H37,Quick ratio,Financial ratios,122,ANZSIC06 division N
2013,Level 3,MN21,Administrative and Support Services,Percentage,H39,Return on equity,Financial ratios,23,ANZSIC06 division N
2013,Level 3,MN21,Administrative and Support Services,Percentage,H40,Return on total assets,Financial ratios,9,ANZSIC06 division N
2013,Level 3,MN21,Administrative and Support Services,Percentage,H41,Liabilities structure,Financial ratios,42,ANZSIC06 division N
2013,Level 4,MN211,Travel Agency and Tour Arrangement Services,Dollars (millions),H01,Total income,Financial performance,705,ANZSIC06 group N722
2013,Level 4,MN211,Travel Agency and Tour Arrangement Services,Dollars (millions),H04,Sales of goods and services,Financial performance,684,ANZSIC06 group N722
2013,Level 4,MN211,Travel Agency and Tour Arrangement Services,Dollars (millions),H05,"Interest, dividends and donations",Financial performance,13,ANZSIC06 group N722
2013,Level 4,MN211,Travel Agency and Tour Arrangement Services,Dollars (millions),H06,"Government funding, grants and subsidies",Financial performance,C,ANZSIC06 group N722
2013,Level 4,MN211,Travel Agency and Tour Arrangement Services,Dollars (millions),H07,Non-operating income,Financial performance,C,ANZSIC06 group N722
2013,Level 4,MN211,Travel Agency and Tour Arrangement Services,Dollars (millions),H08,Total expenditure,Financial performance,668,ANZSIC06 group N722
2013,Level 4,MN211,Travel Agency and Tour Arrangement Services,Dollars (millions),H09,Interest and donations,Financial performance,4,ANZSIC06 group N722
2013,Level 4,MN211,Travel Agency and Tour Arrangement Services,Dollars (millions),H10,Indirect taxes,Financial performance,4,ANZSIC06 group N722
2013,Level 4,MN211,Travel Agency and Tour Arrangement Services,Dollars (millions),H11,Depreciation,Financial performance,17,ANZSIC06 group N722
2013,Level 4,MN211,Travel Agency and Tour Arrangement Services,Dollars (millions),H12,Salaries and wages paid,Financial performance,314,ANZSIC06 group N722
2013,Level 4,MN211,Travel Agency and Tour Arrangement Services,Dollars (millions),H13,Redundancy and severance,Financial performance,0,ANZSIC06 group N722
2013,Level 4,MN211,Travel Agency and Tour Arrangement Services,Dollars (millions),H19,Purchases and other operating expenses,Financial performance,322,ANZSIC06 group N722
2013,Level 4,MN211,Travel Agency and Tour Arrangement Services,Dollars (millions),H20,Non-operating expenses,Financial performance,7,ANZSIC06 group N722
2013,Level 4,MN211,Travel Agency and Tour Arrangement Services,Dollars (millions),H21,Opening stocks,Financial performance,3,ANZSIC06 group N722
2013,Level 4,MN211,Travel Agency and Tour Arrangement Services,Dollars (millions),H22,Closing stocks,Financial performance,3,ANZSIC06 group N722
2013,Level 4,MN211,Travel Agency and Tour Arrangement Services,Dollars (millions),H23,Surplus before income tax,Financial performance,37,ANZSIC06 group N722
2013,Level 4,MN211,Travel Agency and Tour Arrangement Services,Dollars (millions),H24,Total assets,Financial position,743,ANZSIC06 group N722
2013,Level 4,MN211,Travel Agency and Tour Arrangement Services,Dollars (millions),H25,Current assets,Financial position,545,ANZSIC06 group N722
2013,Level 4,MN211,Travel Agency and Tour Arrangement Services,Dollars (millions),H26,Fixed tangible assets,Financial position,74,ANZSIC06 group N722
2013,Level 4,MN211,Travel Agency and Tour Arrangement Services,Dollars (millions),H27,Additions to fixed assets,Financial position,15,ANZSIC06 group N722
2013,Level 4,MN211,Travel Agency and Tour Arrangement Services,Dollars (millions),H28,Disposals of fixed assets,Financial position,5,ANZSIC06 group N722
2013,Level 4,MN211,Travel Agency and Tour Arrangement Services,Dollars (millions),H29,Other assets,Financial position,124,ANZSIC06 group N722
2013,Level 4,MN211,Travel Agency and Tour Arrangement Services,Dollars (millions),H30,Total equity and liabilities,Financial position,743,ANZSIC06 group N722
2013,Level 4,MN211,Travel Agency and Tour Arrangement Services,Dollars (millions),H31,Shareholders funds or owners equity,Financial position,195,ANZSIC06 group N722
2013,Level 4,MN211,Travel Agency and Tour Arrangement Services,Dollars (millions),H32,Current liabilities,Financial position,484,ANZSIC06 group N722
2013,Level 4,MN211,Travel Agency and Tour Arrangement Services,Dollars (millions),H33,Other liabilities,Financial position,64,ANZSIC06 group N722
2013,Level 4,MN211,Travel Agency and Tour Arrangement Services,Dollars,H34,Total income per employee count,Financial ratios,"118,000",ANZSIC06 group N722
2013,Level 4,MN211,Travel Agency and Tour Arrangement Services,Dollars,H35,Surplus per employee count,Financial ratios,"6,100",ANZSIC06 group N722
2013,Level 4,MN211,Travel Agency and Tour Arrangement Services,Percentage,H36,Current ratio,Financial ratios,113,ANZSIC06 group N722
2013,Level 4,MN211,Travel Agency and Tour Arrangement Services,Percentage,H37,Quick ratio,Financial ratios,112,ANZSIC06 group N722
2013,Level 4,MN211,Travel Agency and Tour Arrangement Services,Percentage,H39,Return on equity,Financial ratios,19,ANZSIC06 group N722
2013,Level 4,MN211,Travel Agency and Tour Arrangement Services,Percentage,H40,Return on total assets,Financial ratios,5,ANZSIC06 group N722
2013,Level 4,MN211,Travel Agency and Tour Arrangement Services,Percentage,H41,Liabilities structure,Financial ratios,26,ANZSIC06 group N722
2013,Level 4,MN212,Employment and Other Administrative Services,Dollars (millions),H01,Total income,Financial performance,"5,418",ANZSIC06 groups N721 and N729
2013,Level 4,MN212,Employment and Other Administrative Services,Dollars (millions),H04,Sales of goods and services,Financial performance,"5,220",ANZSIC06 groups N721 and N729
2013,Level 4,MN212,Employment and Other Administrative Services,Dollars (millions),H05,"Interest, dividends and donations",Financial performance,121,ANZSIC06 groups N721 and N729
2013,Level 4,MN212,Employment and Other Administrative Services,Dollars (millions),H06,"Government funding, grants and subsidies",Financial performance,41,ANZSIC06 groups N721 and N729
2013,Level 4,MN212,Employment and Other Administrative Services,Dollars (millions),H07,Non-operating income,Financial performance,36,ANZSIC06 groups N721 and N729
2013,Level 4,MN212,Employment and Other Administrative Services,Dollars (millions),H08,Total expenditure,Financial performance,"5,024",ANZSIC06 groups N721 and N729
2013,Level 4,MN212,Employment and Other Administrative Services,Dollars (millions),H09,Interest and donations,Financial performance,70,ANZSIC06 groups N721 and N729
2013,Level 4,MN212,Employment and Other Administrative Services,Dollars (millions),H10,Indirect taxes,Financial performance,14,ANZSIC06 groups N721 and N729
2013,Level 4,MN212,Employment and Other Administrative Services,Dollars (millions),H11,Depreciation,Financial performance,87,ANZSIC06 groups N721 and N729
2013,Level 4,MN212,Employment and Other Administrative Services,Dollars (millions),H12,Salaries and wages paid,Financial performance,"1,849",ANZSIC06 groups N721 and N729
2013,Level 4,MN212,Employment and Other Administrative Services,Dollars (millions),H13,Redundancy and severance,Financial performance,5,ANZSIC06 groups N721 and N729
2013,Level 4,MN212,Employment and Other Administrative Services,Dollars (millions),H19,Purchases and other operating expenses,Financial performance,"2,940",ANZSIC06 groups N721 and N729
2013,Level 4,MN212,Employment and Other Administrative Services,Dollars (millions),H20,Non-operating expenses,Financial performance,64,ANZSIC06 groups N721 and N729
2013,Level 4,MN212,Employment and Other Administrative Services,Dollars (millions),H21,Opening stocks,Financial performance,34,ANZSIC06 groups N721 and N729
2013,Level 4,MN212,Employment and Other Administrative Services,Dollars (millions),H22,Closing stocks,Financial performance,36,ANZSIC06 groups N721 and N729
2013,Level 4,MN212,Employment and Other Administrative Services,Dollars (millions),H23,Surplus before income tax,Financial performance,396,ANZSIC06 groups N721 and N729
2013,Level 4,MN212,Employment and Other Administrative Services,Dollars (millions),H24,Total assets,Financial position,"4,040",ANZSIC06 groups N721 and N729
2013,Level 4,MN212,Employment and Other Administrative Services,Dollars (millions),H25,Current assets,Financial position,"1,920",ANZSIC06 groups N721 and N729
2013,Level 4,MN212,Employment and Other Administrative Services,Dollars (millions),H26,Fixed tangible assets,Financial position,"1,007",ANZSIC06 groups N721 and N729
2013,Level 4,MN212,Employment and Other Administrative Services,Dollars (millions),H27,Additions to fixed assets,Financial position,260,ANZSIC06 groups N721 and N729
2013,Level 4,MN212,Employment and Other Administrative Services,Dollars (millions),H28,Disposals of fixed assets,Financial position,83,ANZSIC06 groups N721 and N729
2013,Level 4,MN212,Employment and Other Administrative Services,Dollars (millions),H29,Other assets,Financial position,"1,114",ANZSIC06 groups N721 and N729
2013,Level 4,MN212,Employment and Other Administrative Services,Dollars (millions),H30,Total equity and liabilities,Financial position,"4,040",ANZSIC06 groups N721 and N729
2013,Level 4,MN212,Employment and Other Administrative Services,Dollars (millions),H31,Shareholders funds or owners equity,Financial position,"1,835",ANZSIC06 groups N721 and N729
2013,Level 4,MN212,Employment and Other Administrative Services,Dollars (millions),H32,Current liabilities,Financial position,"1,376",ANZSIC06 groups N721 and N729
2013,Level 4,MN212,Employment and Other Administrative Services,Dollars (millions),H33,Other liabilities,Financial position,830,ANZSIC06 groups N721 and N729
2013,Level 4,MN212,Employment and Other Administrative Services,Dollars,H34,Total income per employee count,Financial ratios,"99,900",ANZSIC06 groups N721 and N729
2013,Level 4,MN212,Employment and Other Administrative Services,Dollars,H35,Surplus per employee count,Financial ratios,"7,300",ANZSIC06 groups N721 and N729
2013,Level 4,MN212,Employment and Other Administrative Services,Percentage,H36,Current ratio,Financial ratios,140,ANZSIC06 groups N721 and N729
2013,Level 4,MN212,Employment and Other Administrative Services,Percentage,H37,Quick ratio,Financial ratios,137,ANZSIC06 groups N721 and N729
2013,Level 4,MN212,Employment and Other Administrative Services,Percentage,H39,Return on equity,Financial ratios,22,ANZSIC06 groups N721 and N729
2013,Level 4,MN212,Employment and Other Administrative Services,Percentage,H40,Return on total assets,Financial ratios,10,ANZSIC06 groups N721 and N729
2013,Level 4,MN212,Employment and Other Administrative Services,Percentage,H41,Liabilities structure,Financial ratios,45,ANZSIC06 groups N721 and N729
2013,Level 4,MN213,"Building Cleaning, Pest Control and Other Support Services",Dollars (millions),H01,Total income,Financial performance,"2,553",ANZSIC06 groups N731 and N732
2013,Level 4,MN213,"Building Cleaning, Pest Control and Other Support Services",Dollars (millions),H04,Sales of goods and services,Financial performance,"2,532",ANZSIC06 groups N731 and N732
2013,Level 4,MN213,"Building Cleaning, Pest Control and Other Support Services",Dollars (millions),H05,"Interest, dividends and donations",Financial performance,10,ANZSIC06 groups N731 and N732
2013,Level 4,MN213,"Building Cleaning, Pest Control and Other Support Services",Dollars (millions),H06,"Government funding, grants and subsidies",Financial performance,C,ANZSIC06 groups N731 and N732
2013,Level 4,MN213,"Building Cleaning, Pest Control and Other Support Services",Dollars (millions),H07,Non-operating income,Financial performance,C,ANZSIC06 groups N731 and N732
