Year,Industry_aggregation_NZSIOC,Industry_code_NZSIOC,Industry_name_NZSIOC,Units,Variable_code,Variable_name,Variable_category,Value,Industry_code_ANZSIC06
2013,Level 4,AA111,Horticulture and Fruit Growing,Percentage,H40,Return on total assets,Financial ratios,3,"ANZSIC06 groups A011, A012, and A013"
2013,Level 4,AA111,Horticulture and Fruit Growing,Percentage,H41,Liabilities structure,Financial ratios,41,"ANZSIC06 groups A011, A012, and A013"
2013,Level 3,AA12,"Sheep, Beef Cattle and Grain Farming",Dollars (millions),H01,Total income,Financial performance,"9,100",ANZSIC06 groups A014 and A015
2013,Level 3,AA12,"Sheep, Beef Cattle and Grain Farming",Dollars (millions),H04,"Sales, government funding, grants and subsidies",Financial performance,"8,494",ANZSIC06 groups A014 and A015
2013,Level 3,AA12,"Sheep, Beef Cattle and Grain Farming",Dollars (millions),H05,"Interest, dividends and donations",Financial performance,C,ANZSIC06 groups A014 and A015
2013,Level 3,AA12,"Sheep, Beef Cattle and Grain Farming",Dollars (millions),H07,Non-operating income,Financial performance,C,ANZSIC06 groups A014 and A015
2013,Level 3,AA12,"Sheep, Beef Cattle and Grain Farming",Dollars (millions),H08,Total expenditure,Financial performance,"8,146",ANZSIC06 groups A014 and A015
2013,Level 3,AA12,"Sheep, Beef Cattle and Grain Farming",Dollars (millions),H09,Interest and donations,Financial performance,667,ANZSIC06 groups A014 and A015
2013,Level 3,AA12,"Sheep, Beef Cattle and Grain Farming",Dollars (millions),H10,Indirect taxes,Financial performance,165,ANZSIC06 groups A014 and A015
2013,Level 3,AA12,"Sheep, Beef Cattle and Grain Farming",Dollars (millions),H11,Depreciation,Financial performance,444,ANZSIC06 groups A014 and A015
2013,Level 3,AA12,"Sheep, Beef Cattle and Grain Farming",Dollars (millions),H12,Salaries and wages paid,Financial performance,780,ANZSIC06 groups A014 and A015
2013,Level 3,AA12,"Sheep, Beef Cattle and Grain Farming",Dollars (millions),H13,Redundancy and severance,Financial performance,0,ANZSIC06 groups A014 and A015
2013,Level 3,AA12,"Sheep, Beef Cattle and Grain Farming",Dollars (millions),H19,Purchases and other operating expenses,Financial performance,"6,049",ANZSIC06 groups A014 and A015
2013,Level 3,AA12,"Sheep, Beef Cattle and Grain Farming",Dollars (millions),H20,Non-operating expenses,Financial performance,42,ANZSIC06 groups A014 and A015
2013,Level 3,AA12,"Sheep, Beef Cattle and Grain Farming",Dollars (millions),H21,Opening stocks,Financial performance,"5,238",ANZSIC06 groups A014 and A015
2013,Level 3,AA12,"Sheep, Beef Cattle and Grain Farming",Dollars (millions),H22,Closing stocks,Financial performance,"4,958",ANZSIC06 groups A014 and A015
2013,Level 3,AA12,"Sheep, Beef Cattle and Grain Farming",Dollars (millions),H23,Surplus before income tax,Financial performance,674,ANZSIC06 groups A014 and A015
2013,Level 3,AA12,"Sheep, Beef Cattle and Grain Farming",Dollars (millions),H24,Total assets,Financial position,"47,004",ANZSIC06 groups A014 and A015
2013,Level 3,AA12,"Sheep, Beef Cattle and Grain Farming",Dollars (millions),H25,Current assets,Financial position,"8,846",ANZSIC06 groups A014 and A015
2013,Level 3,AA12,"Sheep, Beef Cattle and Grain Farming",Dollars (millions),H26,Fixed tangible assets,Financial position,"29,719",ANZSIC06 groups A014 and A015
2013,Level 3,AA12,"Sheep, Beef Cattle and Grain Farming",Dollars (millions),H29,Other assets,Financial position,"8,438",ANZSIC06 groups A014 and A015
2013,Level 3,AA12,"Sheep, Beef Cattle and Grain Farming",Dollars (millions),H30,Total equity and liabilities,Financial position,"47,004",ANZSIC06 groups A014 and A015
2013,Level 3,AA12,"Sheep, Beef Cattle and Grain Farming",Dollars (millions),H31,Shareholders funds or owners equity,Financial position,"27,264",ANZSIC06 groups A014 and A015
2013,Level 3,AA12,"Sheep, Beef Cattle and Grain Farming",Dollars (millions),H32,Current liabilities,Financial position,"6,940",ANZSIC06 groups A014 and A015
2013,Level 3,AA12,"Sheep, Beef Cattle and Grain Farming",Dollars (millions),H33,Other liabilities,Financial position,"12,800",ANZSIC06 groups A014 and A015
2013,Level 3,AA12,"Sheep, Beef Cattle and Grain Farming",Dollars,H34,Total income per employee count,Financial ratios,"442,200",ANZSIC06 groups A014 and A015
2013,Level 3,AA12,"Sheep, Beef Cattle and Grain Farming",Dollars,H35,Surplus per employee count,Financial ratios,"32,800",ANZSIC06 groups A014 and A015
2013,Level 3,AA12,"Sheep, Beef Cattle and Grain Farming",Percentage,H36,Current ratio,Financial ratios,127,ANZSIC06 groups A014 and A015
2013,Level 3,AA12,"Sheep, Beef Cattle and Grain Farming",Percentage,H37,Quick ratio,Financial ratios,56,ANZSIC06 groups A014 and A015
2013,Level 3,AA12,"Sheep, Beef Cattle and Grain Farming",Percentage,H39,Return on equity,Financial ratios,2,ANZSIC06 groups A014 and A015
2013,Level 3,AA12,"Sheep, Beef Cattle and Grain Farming",Percentage,H40,Return on total assets,Financial ratios,1,ANZSIC06 groups A014 and A015
2013,Level 3,AA12,"Sheep, Beef Cattle and Grain Farming",Percentage,H41,Liabilities structure,Financial ratios,58,ANZSIC06 groups A014 and A015
2013,Level 4,AA121,"Sheep, Beef Cattle and Grain Farming",Dollars (millions),H01,Total income,Financial performance,"9,100",ANZSIC06 groups A014 and A015
2013,Level 4,AA121,"Sheep, Beef Cattle and Grain Farming",Dollars (millions),H04,"Sales, government funding, grants and subsidies",Financial performance,"8,494",ANZSIC06 groups A014 and A015
2013,Level 4,AA121,"Sheep, Beef Cattle and Grain Farming",Dollars (millions),H05,"Interest, dividends and donations",Financial performance,C,ANZSIC06 groups A014 and A015
2013,Level 4,AA121,"Sheep, Beef Cattle and Grain Farming",Dollars (millions),H07,Non-operating income,Financial performance,C,ANZSIC06 groups A014 and A015
2013,Level 4,AA121,"Sheep, Beef Cattle and Grain Farming",Dollars (millions),H08,Total expenditure,Financial performance,"8,146",ANZSIC06 groups A014 and A015
2013,Level 4,AA121,"Sheep, Beef Cattle and Grain Farming",Dollars (millions),H09,Interest and donations,Financial performance,667,ANZSIC06 groups A014 and A015
2013,Level 4,AA121,"Sheep, Beef Cattle and Grain Farming",Dollars (millions),H10,Indirect taxes,Financial performance,165,ANZSIC06 groups A014 and A015
2013,Level 4,AA121,"Sheep, Beef Cattle and Grain Farming",Dollars (millions),H11,Depreciation,Financial performance,444,ANZSIC06 groups A014 and A015
2013,Level 4,AA121,"Sheep, Beef Cattle and Grain Farming",Dollars (millions),H12,Salaries and wages paid,Financial performance,780,ANZSIC06 groups A014 and A015
2013,Level 4,AA121,"Sheep, Beef Cattle and Grain Farming",Dollars (millions),H13,Redundancy and severance,Financial performance,0,ANZSIC06 groups A014 and A015
2013,Level 4,AA121,"Sheep, Beef Cattle and Grain Farming",Dollars (millions),H19,Purchases and other operating expenses,Financial performance,"6,049",ANZSIC06 groups A014 and A015
2013,Level 4,AA121,"Sheep, Beef Cattle and Grain Farming",Dollars (millions),H20,Non-operating expenses,Financial performance,42,ANZSIC06 groups A014 and A015
2013,Level 4,AA121,"Sheep, Beef Cattle and Grain Farming",Dollars (millions),H21,Opening stocks,Financial performance,"5,238",ANZSIC06 groups A014 and A015
2013,Level 4,AA121,"Sheep, Beef Cattle and Grain Farming",Dollars (millions),H22,Closing stocks,Financial performance,"4,958",ANZSIC06 groups A014 and A015
2013,Level 4,AA121,"Sheep, Beef Cattle and Grain Farming",Dollars (millions),H23,Surplus before income tax,Financial performance,674,ANZSIC06 groups A014 and A015
2013,Level 4,AA121,"Sheep, Beef Cattle and Grain Farming",Dollars (millions),H24,Total assets,Financial position,"47,004",ANZSIC06 groups A014 and A015
2013,Level 4,AA121,"Sheep, Beef Cattle and Grain Farming",Dollars (millions),H25,Current assets,Financial position,"8,846",ANZSIC06 groups A014 and A015
2013,Level 4,AA121,"Sheep, Beef Cattle and Grain Farming",Dollars (millions),H26,Fixed tangible assets,Financial position,"29,719",ANZSIC06 groups A014 and A015
2013,Level 4,AA121,"Sheep, Beef Cattle and Grain Farming",Dollars (millions),H29,Other assets,Financial position,"8,438",ANZSIC06 groups A014 and A015
2013,Level 4,AA121,"Sheep, Beef Cattle and Grain Farming",Dollars (millions),H30,Total equity and liabilities,Financial position,"47,004",ANZSIC06 groups A014 and A015
2013,Level 4,AA121,"Sheep, Beef Cattle and Grain Farming",Dollars (millions),H31,Shareholders funds or owners equity,Financial position,"27,264",ANZSIC06 groups A014 and A015
2013,Level 4,AA121,"Sheep, Beef Cattle and Grain Farming",Dollars (millions),H32,Current liabilities,Financial position,"6,940",ANZSIC06 groups A014 and A015
2013,Level 4,AA121,"Sheep, Beef Cattle and Grain Farming",Dollars (millions),H33,Other liabilities,Financial position,"12,800",ANZSIC06 groups A014 and A015
2013,Level 4,AA121,"Sheep, Beef Cattle and Grain Farming",Dollars,H34,Total income per employee count,Financial ratios,"442,200",ANZSIC06 groups A014 and A015
2013,Level 4,AA121,"Sheep, Beef Cattle and Grain Farming",Dollars,H35,Surplus per employee count,Financial ratios,"32,800",ANZSIC06 groups A014 and A015
2013,Level 4,AA121,"Sheep, Beef Cattle and Grain Farming",Percentage,H36,Current ratio,Financial ratios,127,ANZSIC06 groups A014 and A015
2013,Level 4,AA121,"Sheep, Beef Cattle and Grain Farming",Percentage,H37,Quick ratio,Financial ratios,56,ANZSIC06 groups A014 and A015
2013,Level 4,AA121,"Sheep, Beef Cattle and Grain Farming",Percentage,H39,Return on equity,Financial ratios,2,ANZSIC06 groups A014 and A015
2013,Level 4,AA121,"Sheep, Beef Cattle and Grain Farming",Percentage,H40,Return on total assets,Financial ratios,1,ANZSIC06 groups A014 and A015
2013,Level 4,AA121,"Sheep, Beef Cattle and Grain Farming",Percentage,H41,Liabilities structure,Financial ratios,58,ANZSIC06 groups A014 and A015
2013,Level 3,AA13,Dairy Cattle Farming,Dollars (millions),H01,Total income,Financial performance,"12,261",ANZSIC06 group A016
2013,Level 3,AA13,Dairy Cattle Farming,Dollars (millions),H04,"Sales, government funding, grants and subsidies",Financial performance,"11,607",ANZSIC06 group A016
2013,Level 3,AA13,Dairy Cattle Farming,Dollars (millions),H05,"Interest, dividends and donations",Financial performance,239,ANZSIC06 group A016
2013,Level 3,AA13,Dairy Cattle Farming,Dollars (millions),H07,Non-operating income,Financial performance,415,ANZSIC06 group A016
2013,Level 3,AA13,Dairy Cattle Farming,Dollars (millions),H08,Total expenditure,Financial performance,"10,914",ANZSIC06 group A016
2013,Level 3,AA13,Dairy Cattle Farming,Dollars (millions),H09,Interest and donations,Financial performance,"1,632",ANZSIC06 group A016
2013,Level 3,AA13,Dairy Cattle Farming,Dollars (millions),H10,Indirect taxes,Financial performance,150,ANZSIC06 group A016
2013,Level 3,AA13,Dairy Cattle Farming,Dollars (millions),H11,Depreciation,Financial performance,574,ANZSIC06 group A016
2013,Level 3,AA13,Dairy Cattle Farming,Dollars (millions),H12,Salaries and wages paid,Financial performance,"1,229",ANZSIC06 group A016
2013,Level 3,AA13,Dairy Cattle Farming,Dollars (millions),H13,Redundancy and severance,Financial performance,0,ANZSIC06 group A016
2013,Level 3,AA13,Dairy Cattle Farming,Dollars (millions),H19,Purchases and other operating expenses,Financial performance,"7,293",ANZSIC06 group A016
2013,Level 3,AA13,Dairy Cattle Farming,Dollars (millions),H20,Non-operating expenses,Financial performance,37,ANZSIC06 group A016
2013,Level 3,AA13,Dairy Cattle Farming,Dollars (millions),H21,Opening stocks,Financial performance,"7,163",ANZSIC06 group A016
2013,Level 3,AA13,Dairy Cattle Farming,Dollars (millions),H22,Closing stocks,Financial performance,"7,025",ANZSIC06 group A016
2013,Level 3,AA13,Dairy Cattle Farming,Dollars (millions),H23,Surplus before income tax,Financial performance,"1,208",ANZSIC06 group A016
2013,Level 3,AA13,Dairy Cattle Farming,Dollars (millions),H24,Total assets,Financial position,"58,844",ANZSIC06 group A016
2013,Level 3,AA13,Dairy Cattle Farming,Dollars (millions),H25,Current assets,Financial position,"10,369",ANZSIC06 group A016
2013,Level 3,AA13,Dairy Cattle Farming,Dollars (millions),H26,Fixed tangible assets,Financial position,"34,113",ANZSIC06 group A016
2013,Level 3,AA13,Dairy Cattle Farming,Dollars (millions),H29,Other assets,Financial position,"14,363",ANZSIC06 group A016
2013,Level 3,AA13,Dairy Cattle Farming,Dollars (millions),H30,Total equity and liabilities,Financial position,"58,844",ANZSIC06 group A016
2013,Level 3,AA13,Dairy Cattle Farming,Dollars (millions),H31,Shareholders funds or owners equity,Financial position,"23,319",ANZSIC06 group A016
2013,Level 3,AA13,Dairy Cattle Farming,Dollars (millions),H32,Current liabilities,Financial position,"7,919",ANZSIC06 group A016
2013,Level 3,AA13,Dairy Cattle Farming,Dollars (millions),H33,Other liabilities,Financial position,"27,606",ANZSIC06 group A016
2013,Level 3,AA13,Dairy Cattle Farming,Dollars,H34,Total income per employee count,Financial ratios,"504,200",ANZSIC06 group A016
2013,Level 3,AA13,Dairy Cattle Farming,Dollars,H35,Surplus per employee count,Financial ratios,"49,700",ANZSIC06 group A016
2013,Level 3,AA13,Dairy Cattle Farming,Percentage,H36,Current ratio,Financial ratios,131,ANZSIC06 group A016
2013,Level 3,AA13,Dairy Cattle Farming,Percentage,H37,Quick ratio,Financial ratios,42,ANZSIC06 group A016
2013,Level 3,AA13,Dairy Cattle Farming,Percentage,H39,Return on equity,Financial ratios,5,ANZSIC06 group A016
2013,Level 3,AA13,Dairy Cattle Farming,Percentage,H40,Return on total assets,Financial ratios,2,ANZSIC06 group A016
2013,Level 3,AA13,Dairy Cattle Farming,Percentage,H41,Liabilities structure,Financial ratios,40,ANZSIC06 group A016
2013,Level 4,AA131,Dairy Cattle Farming,Dollars (millions),H01,Total income,Financial performance,"12,261",ANZSIC06 group A016
2013,Level 4,AA131,Dairy Cattle Farming,Dollars (millions),H04,"Sales, government funding, grants and subsidies",Financial performance,"11,607",ANZSIC06 group A016
2013,Level 4,AA131,Dairy Cattle Farming,Dollars (millions),H05,"Interest, dividends and donations",Financial performance,239,ANZSIC06 group A016
2013,Level 4,AA131,Dairy Cattle Farming,Dollars (millions),H07,Non-operating income,Financial performance,415,ANZSIC06 group A016
2013,Level 4,AA131,Dairy Cattle Farming,Dollars (millions),H08,Total expenditure,Financial performance,"10,914",ANZSIC06 group A016
2013,Level 4,AA131,Dairy Cattle Farming,Dollars (millions),H09,Interest and donations,Financial performance,"1,632",ANZSIC06 group A016
2013,Level 4,AA131,Dairy Cattle Farming,Dollars (millions),H10,Indirect taxes,Financial performance,150,ANZSIC06 group A016
2013,Level 4,AA131,Dairy Cattle Farming,Dollars (millions),H11,Depreciation,Financial performance,574,ANZSIC06 group A016
