Year,Industry_aggregation_NZSIOC,Industry_code_NZSIOC,Industry_name_NZSIOC,Units,Variable_code,Variable_name,Variable_category,Value,Industry_code_ANZSIC06
2020,Level 1,FF,Wholesale Trade,Dollars (millions),H32,Current liabilities,Financial position,"27,901",ANZSIC06 division F
2020,Level 1,FF,Wholesale Trade,Dollars (millions),H33,Other liabilities,Financial position,"10,778",ANZSIC06 division F
2020,Level 1,FF,Wholesale Trade,Dollars,H34,Total income per employee count,Financial ratios,"970,500",ANZSIC06 division F
2020,Level 1,FF,Wholesale Trade,Dollars,H35,Surplus per employee count,Financial ratios,"36,200",ANZSIC06 division F
2020,Level 1,FF,Wholesale Trade,Percentage,H36,Current ratio,Financial ratios,143,ANZSIC06 division F
2020,Level 1,FF,Wholesale Trade,Percentage,H37,Quick ratio,Financial ratios,92,ANZSIC06 division F
2020,Level 1,FF,Wholesale Trade,Percentage,H38,Margin on sales of goods for resale,Financial ratios,18,ANZSIC06 division F
2020,Level 1,FF,Wholesale Trade,Percentage,H39,Return on equity,Financial ratios,19,ANZSIC06 division F
2020,Level 1,FF,Wholesale Trade,Percentage,H40,Return on total assets,Financial ratios,7,ANZSIC06 division F
2020,Level 1,FF,Wholesale Trade,Percentage,H41,Liabilities structure,Financial ratios,36,ANZSIC06 division F
2020,Level 4,FF111,Basic Material Wholesaling,Dollars (millions),H01,Total income,Financial performance,"24,490","ANZSIC06 groups F331, F332, and F333"
2020,Level 4,FF111,Basic Material Wholesaling,Dollars (millions),H02,Sales of goods not further processed,Financial performance,"20,897","ANZSIC06 groups F331, F332, and F333"
2020,Level 4,FF111,Basic Material Wholesaling,Dollars (millions),H03,Sales of other goods and services,Financial performance,"3,364","ANZSIC06 groups F331, F332, and F333"
2020,Level 4,FF111,Basic Material Wholesaling,Dollars (millions),H05,"Interest, dividends and donations",Financial performance,134,"ANZSIC06 groups F331, F332, and F333"
2020,Level 4,FF111,Basic Material Wholesaling,Dollars (millions),H06,"Government funding, grants and subsidies",Financial performance,43,"ANZSIC06 groups F331, F332, and F333"
2020,Level 4,FF111,Basic Material Wholesaling,Dollars (millions),H07,Non-operating income,Financial performance,51,"ANZSIC06 groups F331, F332, and F333"
2020,Level 4,FF111,Basic Material Wholesaling,Dollars (millions),H08,Total expenditure,Financial performance,"23,708","ANZSIC06 groups F331, F332, and F333"
2020,Level 4,FF111,Basic Material Wholesaling,Dollars (millions),H09,Interest and donations,Financial performance,186,"ANZSIC06 groups F331, F332, and F333"
2020,Level 4,FF111,Basic Material Wholesaling,Dollars (millions),H10,Indirect taxes,Financial performance,71,"ANZSIC06 groups F331, F332, and F333"
2020,Level 4,FF111,Basic Material Wholesaling,Dollars (millions),H11,Depreciation,Financial performance,397,"ANZSIC06 groups F331, F332, and F333"
2020,Level 4,FF111,Basic Material Wholesaling,Dollars (millions),H12,Salaries and wages paid,Financial performance,"1,643","ANZSIC06 groups F331, F332, and F333"
2020,Level 4,FF111,Basic Material Wholesaling,Dollars (millions),H13,Redundancy and severance,Financial performance,7,"ANZSIC06 groups F331, F332, and F333"
2020,Level 4,FF111,Basic Material Wholesaling,Dollars (millions),H17,Purchases of goods bought for resale,Financial performance,"16,999","ANZSIC06 groups F331, F332, and F333"
2020,Level 4,FF111,Basic Material Wholesaling,Dollars (millions),H18,Other Purchases and operating expenses,Financial performance,"4,311","ANZSIC06 groups F331, F332, and F333"
2020,Level 4,FF111,Basic Material Wholesaling,Dollars (millions),H20,Non-operating expenses,Financial performance,102,"ANZSIC06 groups F331, F332, and F333"
2020,Level 4,FF111,Basic Material Wholesaling,Dollars (millions),H21,Opening stocks,Financial performance,"2,663","ANZSIC06 groups F331, F332, and F333"
2020,Level 4,FF111,Basic Material Wholesaling,Dollars (millions),H22,Closing stocks,Financial performance,"2,622","ANZSIC06 groups F331, F332, and F333"
2020,Level 4,FF111,Basic Material Wholesaling,Dollars (millions),H23,Surplus before income tax,Financial performance,741,"ANZSIC06 groups F331, F332, and F333"
2020,Level 4,FF111,Basic Material Wholesaling,Dollars (millions),H24,Total assets,Financial position,"13,769","ANZSIC06 groups F331, F332, and F333"
2020,Level 4,FF111,Basic Material Wholesaling,Dollars (millions),H25,Current assets,Financial position,"7,509","ANZSIC06 groups F331, F332, and F333"
2020,Level 4,FF111,Basic Material Wholesaling,Dollars (millions),H26,Fixed tangible assets,Financial position,"2,231","ANZSIC06 groups F331, F332, and F333"
2020,Level 4,FF111,Basic Material Wholesaling,Dollars (millions),H27,Additions to fixed assets,Financial position,526,"ANZSIC06 groups F331, F332, and F333"
2020,Level 4,FF111,Basic Material Wholesaling,Dollars (millions),H28,Disposals of fixed assets,Financial position,96,"ANZSIC06 groups F331, F332, and F333"
2020,Level 4,FF111,Basic Material Wholesaling,Dollars (millions),H29,Other assets,Financial position,"4,029","ANZSIC06 groups F331, F332, and F333"
2020,Level 4,FF111,Basic Material Wholesaling,Dollars (millions),H30,Total equity and liabilities,Financial position,"13,769","ANZSIC06 groups F331, F332, and F333"
2020,Level 4,FF111,Basic Material Wholesaling,Dollars (millions),H31,Shareholders funds or owners equity,Financial position,"5,059","ANZSIC06 groups F331, F332, and F333"
2020,Level 4,FF111,Basic Material Wholesaling,Dollars (millions),H32,Current liabilities,Financial position,"5,006","ANZSIC06 groups F331, F332, and F333"
2020,Level 4,FF111,Basic Material Wholesaling,Dollars (millions),H33,Other liabilities,Financial position,"3,704","ANZSIC06 groups F331, F332, and F333"
2020,Level 4,FF111,Basic Material Wholesaling,Dollars,H34,Total income per employee count,Financial ratios,"1,083,200","ANZSIC06 groups F331, F332, and F333"
2020,Level 4,FF111,Basic Material Wholesaling,Dollars,H35,Surplus per employee count,Financial ratios,"32,800","ANZSIC06 groups F331, F332, and F333"
2020,Level 4,FF111,Basic Material Wholesaling,Percentage,H36,Current ratio,Financial ratios,150,"ANZSIC06 groups F331, F332, and F333"
2020,Level 4,FF111,Basic Material Wholesaling,Percentage,H37,Quick ratio,Financial ratios,98,"ANZSIC06 groups F331, F332, and F333"
2020,Level 4,FF111,Basic Material Wholesaling,Percentage,H38,Margin on sales of goods for resale,Financial ratios,19,"ANZSIC06 groups F331, F332, and F333"
2020,Level 4,FF111,Basic Material Wholesaling,Percentage,H39,Return on equity,Financial ratios,15,"ANZSIC06 groups F331, F332, and F333"
2020,Level 4,FF111,Basic Material Wholesaling,Percentage,H40,Return on total assets,Financial ratios,5,"ANZSIC06 groups F331, F332, and F333"
2020,Level 4,FF111,Basic Material Wholesaling,Percentage,H41,Liabilities structure,Financial ratios,37,"ANZSIC06 groups F331, F332, and F333"
2020,Level 4,FF112,Machinery and Equipment Wholesaling,Dollars (millions),H01,Total income,Financial performance,"22,431",ANZSIC06 groups F341 and F349
2020,Level 4,FF112,Machinery and Equipment Wholesaling,Dollars (millions),H02,Sales of goods not further processed,Financial performance,"18,671",ANZSIC06 groups F341 and F349
2020,Level 4,FF112,Machinery and Equipment Wholesaling,Dollars (millions),H03,Sales of other goods and services,Financial performance,"3,438",ANZSIC06 groups F341 and F349
2020,Level 4,FF112,Machinery and Equipment Wholesaling,Dollars (millions),H05,"Interest, dividends and donations",Financial performance,193,ANZSIC06 groups F341 and F349
2020,Level 4,FF112,Machinery and Equipment Wholesaling,Dollars (millions),H06,"Government funding, grants and subsidies",Financial performance,48,ANZSIC06 groups F341 and F349
2020,Level 4,FF112,Machinery and Equipment Wholesaling,Dollars (millions),H07,Non-operating income,Financial performance,80,ANZSIC06 groups F341 and F349
2020,Level 4,FF112,Machinery and Equipment Wholesaling,Dollars (millions),H08,Total expenditure,Financial performance,"21,364",ANZSIC06 groups F341 and F349
2020,Level 4,FF112,Machinery and Equipment Wholesaling,Dollars (millions),H09,Interest and donations,Financial performance,162,ANZSIC06 groups F341 and F349
2020,Level 4,FF112,Machinery and Equipment Wholesaling,Dollars (millions),H10,Indirect taxes,Financial performance,61,ANZSIC06 groups F341 and F349
2020,Level 4,FF112,Machinery and Equipment Wholesaling,Dollars (millions),H11,Depreciation,Financial performance,371,ANZSIC06 groups F341 and F349
2020,Level 4,FF112,Machinery and Equipment Wholesaling,Dollars (millions),H12,Salaries and wages paid,Financial performance,"2,674",ANZSIC06 groups F341 and F349
2020,Level 4,FF112,Machinery and Equipment Wholesaling,Dollars (millions),H13,Redundancy and severance,Financial performance,3,ANZSIC06 groups F341 and F349
2020,Level 4,FF112,Machinery and Equipment Wholesaling,Dollars (millions),H17,Purchases of goods bought for resale,Financial performance,"14,764",ANZSIC06 groups F341 and F349
2020,Level 4,FF112,Machinery and Equipment Wholesaling,Dollars (millions),H18,Other Purchases and operating expenses,Financial performance,"3,189",ANZSIC06 groups F341 and F349
2020,Level 4,FF112,Machinery and Equipment Wholesaling,Dollars (millions),H20,Non-operating expenses,Financial performance,142,ANZSIC06 groups F341 and F349
2020,Level 4,FF112,Machinery and Equipment Wholesaling,Dollars (millions),H21,Opening stocks,Financial performance,"3,541",ANZSIC06 groups F341 and F349
2020,Level 4,FF112,Machinery and Equipment Wholesaling,Dollars (millions),H22,Closing stocks,Financial performance,"3,547",ANZSIC06 groups F341 and F349
2020,Level 4,FF112,Machinery and Equipment Wholesaling,Dollars (millions),H23,Surplus before income tax,Financial performance,"1,073",ANZSIC06 groups F341 and F349
2020,Level 4,FF112,Machinery and Equipment Wholesaling,Dollars (millions),H24,Total assets,Financial position,"14,503",ANZSIC06 groups F341 and F349
2020,Level 4,FF112,Machinery and Equipment Wholesaling,Dollars (millions),H25,Current assets,Financial position,"9,332",ANZSIC06 groups F341 and F349
2020,Level 4,FF112,Machinery and Equipment Wholesaling,Dollars (millions),H26,Fixed tangible assets,Financial position,"1,383",ANZSIC06 groups F341 and F349
2020,Level 4,FF112,Machinery and Equipment Wholesaling,Dollars (millions),H27,Additions to fixed assets,Financial position,467,ANZSIC06 groups F341 and F349
2020,Level 4,FF112,Machinery and Equipment Wholesaling,Dollars (millions),H28,Disposals of fixed assets,Financial position,200,ANZSIC06 groups F341 and F349
2020,Level 4,FF112,Machinery and Equipment Wholesaling,Dollars (millions),H29,Other assets,Financial position,"3,788",ANZSIC06 groups F341 and F349
2020,Level 4,FF112,Machinery and Equipment Wholesaling,Dollars (millions),H30,Total equity and liabilities,Financial position,"14,503",ANZSIC06 groups F341 and F349
2020,Level 4,FF112,Machinery and Equipment Wholesaling,Dollars (millions),H31,Shareholders funds or owners equity,Financial position,"5,902",ANZSIC06 groups F341 and F349
2020,Level 4,FF112,Machinery and Equipment Wholesaling,Dollars (millions),H32,Current liabilities,Financial position,"6,393",ANZSIC06 groups F341 and F349
2020,Level 4,FF112,Machinery and Equipment Wholesaling,Dollars (millions),H33,Other liabilities,Financial position,"2,208",ANZSIC06 groups F341 and F349
2020,Level 4,FF112,Machinery and Equipment Wholesaling,Dollars,H34,Total income per employee count,Financial ratios,"703,100",ANZSIC06 groups F341 and F349
2020,Level 4,FF112,Machinery and Equipment Wholesaling,Dollars,H35,Surplus per employee count,Financial ratios,"33,600",ANZSIC06 groups F341 and F349
2020,Level 4,FF112,Machinery and Equipment Wholesaling,Percentage,H36,Current ratio,Financial ratios,146,ANZSIC06 groups F341 and F349
2020,Level 4,FF112,Machinery and Equipment Wholesaling,Percentage,H37,Quick ratio,Financial ratios,90,ANZSIC06 groups F341 and F349
2020,Level 4,FF112,Machinery and Equipment Wholesaling,Percentage,H38,Margin on sales of goods for resale,Financial ratios,21,ANZSIC06 groups F341 and F349
2020,Level 4,FF112,Machinery and Equipment Wholesaling,Percentage,H39,Return on equity,Financial ratios,18,ANZSIC06 groups F341 and F349
2020,Level 4,FF112,Machinery and Equipment Wholesaling,Percentage,H40,Return on total assets,Financial ratios,7,ANZSIC06 groups F341 and F349
2020,Level 4,FF112,Machinery and Equipment Wholesaling,Percentage,H41,Liabilities structure,Financial ratios,41,ANZSIC06 groups F341 and F349
2020,Level 4,FF113,Motor Vehicle and Motor Vehicle Parts Wholesaling,Dollars (millions),H01,Total income,Financial performance,"10,550",ANZSIC06 group F350
2020,Level 4,FF113,Motor Vehicle and Motor Vehicle Parts Wholesaling,Dollars (millions),H02,Sales of goods not further processed,Financial performance,"9,974",ANZSIC06 group F350
2020,Level 4,FF113,Motor Vehicle and Motor Vehicle Parts Wholesaling,Dollars (millions),H03,Sales of other goods and services,Financial performance,531,ANZSIC06 group F350
2020,Level 4,FF113,Motor Vehicle and Motor Vehicle Parts Wholesaling,Dollars (millions),H05,"Interest, dividends and donations",Financial performance,17,ANZSIC06 group F350
2020,Level 4,FF113,Motor Vehicle and Motor Vehicle Parts Wholesaling,Dollars (millions),H06,"Government funding, grants and subsidies",Financial performance,9,ANZSIC06 group F350
2020,Level 4,FF113,Motor Vehicle and Motor Vehicle Parts Wholesaling,Dollars (millions),H07,Non-operating income,Financial performance,19,ANZSIC06 group F350
2020,Level 4,FF113,Motor Vehicle and Motor Vehicle Parts Wholesaling,Dollars (millions),H08,Total expenditure,Financial performance,"10,128",ANZSIC06 group F350
2020,Level 4,FF113,Motor Vehicle and Motor Vehicle Parts Wholesaling,Dollars (millions),H09,Interest and donations,Financial performance,63,ANZSIC06 group F350
2020,Level 4,FF113,Motor Vehicle and Motor Vehicle Parts Wholesaling,Dollars (millions),H10,Indirect taxes,Financial performance,19,ANZSIC06 group F350
2020,Level 4,FF113,Motor Vehicle and Motor Vehicle Parts Wholesaling,Dollars (millions),H11,Depreciation,Financial performance,98,ANZSIC06 group F350
2020,Level 4,FF113,Motor Vehicle and Motor Vehicle Parts Wholesaling,Dollars (millions),H12,Salaries and wages paid,Financial performance,628,ANZSIC06 group F350
2020,Level 4,FF113,Motor Vehicle and Motor Vehicle Parts Wholesaling,Dollars (millions),H13,Redundancy and severance,Financial performance,1,ANZSIC06 group F350
2020,Level 4,FF113,Motor Vehicle and Motor Vehicle Parts Wholesaling,Dollars (millions),H17,Purchases of goods bought for resale,Financial performance,"8,483",ANZSIC06 group F350
2020,Level 4,FF113,Motor Vehicle and Motor Vehicle Parts Wholesaling,Dollars (millions),H18,Other Purchases and operating expenses,Financial performance,799,ANZSIC06 group F350
2020,Level 4,FF113,Motor Vehicle and Motor Vehicle Parts Wholesaling,Dollars (millions),H20,Non-operating expenses,Financial performance,36,ANZSIC06 group F350
2020,Level 4,FF113,Motor Vehicle and Motor Vehicle Parts Wholesaling,Dollars (millions),H21,Opening stocks,Financial performance,"2,823",ANZSIC06 group F350
2020,Level 4,FF113,Motor Vehicle and Motor Vehicle Parts Wholesaling,Dollars (millions),H22,Closing stocks,Financial performance,"2,666",ANZSIC06 group F350
2020,Level 4,FF113,Motor Vehicle and Motor Vehicle Parts Wholesaling,Dollars (millions),H23,Surplus before income tax,Financial performance,266,ANZSIC06 group F350
