Year,Industry_aggregation_NZSIOC,Industry_code_NZSIOC,Industry_name_NZSIOC,Units,Variable_code,Variable_name,Variable_category,Value,Industry_code_ANZSIC06
2015,Level 4,FF116,Commission Based Wholesaling,Percentage,H41,Liabilities structure,Financial ratios,59,ANZSIC06 Group F380
2015,Level 1,GH,Retail Trade and Accommodation,Dollars (millions),H01,Total income,Financial performance,"75,095",ANZSIC06 divisions G and H
2015,Level 1,GH,Retail Trade and Accommodation,Dollars (millions),H02,Sales of goods not further processed,Financial performance,"63,837",ANZSIC06 divisions G and H
2015,Level 1,GH,Retail Trade and Accommodation,Dollars (millions),H03,Sales of other goods and services,Financial performance,"10,762",ANZSIC06 divisions G and H
2015,Level 1,GH,Retail Trade and Accommodation,Dollars (millions),H05,"Interest, dividends and donations",Financial performance,271,ANZSIC06 divisions G and H
2015,Level 1,GH,Retail Trade and Accommodation,Dollars (millions),H06,"Government funding, grants and subsidies",Financial performance,10,ANZSIC06 divisions G and H
2015,Level 1,GH,Retail Trade and Accommodation,Dollars (millions),H07,Non-operating income,Financial performance,216,ANZSIC06 divisions G and H
2015,Level 1,GH,Retail Trade and Accommodation,Dollars (millions),H08,Total expenditure,Financial performance,"72,310",ANZSIC06 divisions G and H
2015,Level 1,GH,Retail Trade and Accommodation,Dollars (millions),H09,Interest and donations,Financial performance,598,ANZSIC06 divisions G and H
2015,Level 1,GH,Retail Trade and Accommodation,Dollars (millions),H10,Indirect taxes,Financial performance,267,ANZSIC06 divisions G and H
2015,Level 1,GH,Retail Trade and Accommodation,Dollars (millions),H11,Depreciation,Financial performance,"1,077",ANZSIC06 divisions G and H
2015,Level 1,GH,Retail Trade and Accommodation,Dollars (millions),H12,Salaries and wages paid,Financial performance,"10,251",ANZSIC06 divisions G and H
2015,Level 1,GH,Retail Trade and Accommodation,Dollars (millions),H13,Redundancy and severance,Financial performance,10,ANZSIC06 divisions G and H
2015,Level 1,GH,Retail Trade and Accommodation,Dollars (millions),H17,Purchases of goods bought for resale,Financial performance,"46,826",ANZSIC06 divisions G and H
2015,Level 1,GH,Retail Trade and Accommodation,Dollars (millions),H18,Other Purchases and operating expenses,Financial performance,"13,019",ANZSIC06 divisions G and H
2015,Level 1,GH,Retail Trade and Accommodation,Dollars (millions),H20,Non-operating expenses,Financial performance,272,ANZSIC06 divisions G and H
2015,Level 1,GH,Retail Trade and Accommodation,Dollars (millions),H21,Opening stocks,Financial performance,"7,007",ANZSIC06 divisions G and H
2015,Level 1,GH,Retail Trade and Accommodation,Dollars (millions),H22,Closing stocks,Financial performance,"7,229",ANZSIC06 divisions G and H
2015,Level 1,GH,Retail Trade and Accommodation,Dollars (millions),H23,Surplus before income tax,Financial performance,"3,007",ANZSIC06 divisions G and H
2015,Level 1,GH,Retail Trade and Accommodation,Dollars (millions),H24,Total assets,Financial position,"36,669",ANZSIC06 divisions G and H
2015,Level 1,GH,Retail Trade and Accommodation,Dollars (millions),H25,Current assets,Financial position,"16,193",ANZSIC06 divisions G and H
2015,Level 1,GH,Retail Trade and Accommodation,Dollars (millions),H26,Fixed tangible assets,Financial position,"13,117",ANZSIC06 divisions G and H
2015,Level 1,GH,Retail Trade and Accommodation,Dollars (millions),H27,Additions to fixed assets,Financial position,"2,601",ANZSIC06 divisions G and H
2015,Level 1,GH,Retail Trade and Accommodation,Dollars (millions),H28,Disposals of fixed assets,Financial position,"1,148",ANZSIC06 divisions G and H
2015,Level 1,GH,Retail Trade and Accommodation,Dollars (millions),H29,Other assets,Financial position,"7,359",ANZSIC06 divisions G and H
2015,Level 1,GH,Retail Trade and Accommodation,Dollars (millions),H30,Total equity and liabilities,Financial position,"36,670",ANZSIC06 divisions G and H
2015,Level 1,GH,Retail Trade and Accommodation,Dollars (millions),H31,Shareholders funds or owners equity,Financial position,"11,819",ANZSIC06 divisions G and H
2015,Level 1,GH,Retail Trade and Accommodation,Dollars (millions),H32,Current liabilities,Financial position,"15,492",ANZSIC06 divisions G and H
2015,Level 1,GH,Retail Trade and Accommodation,Dollars (millions),H33,Other liabilities,Financial position,"9,359",ANZSIC06 divisions G and H
2015,Level 1,GH,Retail Trade and Accommodation,Dollars,H34,Total income per employee count,Financial ratios,"224,700",ANZSIC06 divisions G and H
2015,Level 1,GH,Retail Trade and Accommodation,Dollars,H35,Surplus per employee count,Financial ratios,"9,000",ANZSIC06 divisions G and H
2015,Level 1,GH,Retail Trade and Accommodation,Percentage,H36,Current ratio,Financial ratios,105,ANZSIC06 divisions G and H
2015,Level 1,GH,Retail Trade and Accommodation,Percentage,H37,Quick ratio,Financial ratios,58,ANZSIC06 divisions G and H
2015,Level 1,GH,Retail Trade and Accommodation,Percentage,H38,Margin on sales of goods for resale,Financial ratios,27,ANZSIC06 divisions G and H
2015,Level 1,GH,Retail Trade and Accommodation,Percentage,H39,Return on equity,Financial ratios,25,ANZSIC06 divisions G and H
2015,Level 1,GH,Retail Trade and Accommodation,Percentage,H40,Return on total assets,Financial ratios,8,ANZSIC06 divisions G and H
2015,Level 1,GH,Retail Trade and Accommodation,Percentage,H41,Liabilities structure,Financial ratios,32,ANZSIC06 divisions G and H
2015,Level 3,GH11,Motor Vehicle and Motor Vehicle Parts and Fuel Retailing,Dollars (millions),H01,Total income,Financial performance,"15,928","ANZSIC06 groups G391, G392, and G400"
2015,Level 3,GH11,Motor Vehicle and Motor Vehicle Parts and Fuel Retailing,Dollars (millions),H02,Sales of goods not further processed,Financial performance,"15,437","ANZSIC06 groups G391, G392, and G400"
2015,Level 3,GH11,Motor Vehicle and Motor Vehicle Parts and Fuel Retailing,Dollars (millions),H03,Sales of other goods and services,Financial performance,443,"ANZSIC06 groups G391, G392, and G400"
2015,Level 3,GH11,Motor Vehicle and Motor Vehicle Parts and Fuel Retailing,Dollars (millions),H05,"Interest, dividends and donations",Financial performance,36,"ANZSIC06 groups G391, G392, and G400"
2015,Level 3,GH11,Motor Vehicle and Motor Vehicle Parts and Fuel Retailing,Dollars (millions),H06,"Government funding, grants and subsidies",Financial performance,0,"ANZSIC06 groups G391, G392, and G400"
2015,Level 3,GH11,Motor Vehicle and Motor Vehicle Parts and Fuel Retailing,Dollars (millions),H07,Non-operating income,Financial performance,12,"ANZSIC06 groups G391, G392, and G400"
2015,Level 3,GH11,Motor Vehicle and Motor Vehicle Parts and Fuel Retailing,Dollars (millions),H08,Total expenditure,Financial performance,"15,684","ANZSIC06 groups G391, G392, and G400"
2015,Level 3,GH11,Motor Vehicle and Motor Vehicle Parts and Fuel Retailing,Dollars (millions),H09,Interest and donations,Financial performance,97,"ANZSIC06 groups G391, G392, and G400"
2015,Level 3,GH11,Motor Vehicle and Motor Vehicle Parts and Fuel Retailing,Dollars (millions),H10,Indirect taxes,Financial performance,32,"ANZSIC06 groups G391, G392, and G400"
2015,Level 3,GH11,Motor Vehicle and Motor Vehicle Parts and Fuel Retailing,Dollars (millions),H11,Depreciation,Financial performance,76,"ANZSIC06 groups G391, G392, and G400"
2015,Level 3,GH11,Motor Vehicle and Motor Vehicle Parts and Fuel Retailing,Dollars (millions),H12,Salaries and wages paid,Financial performance,"1,107","ANZSIC06 groups G391, G392, and G400"
2015,Level 3,GH11,Motor Vehicle and Motor Vehicle Parts and Fuel Retailing,Dollars (millions),H13,Redundancy and severance,Financial performance,0,"ANZSIC06 groups G391, G392, and G400"
2015,Level 3,GH11,Motor Vehicle and Motor Vehicle Parts and Fuel Retailing,Dollars (millions),H17,Purchases of goods bought for resale,Financial performance,"13,402","ANZSIC06 groups G391, G392, and G400"
2015,Level 3,GH11,Motor Vehicle and Motor Vehicle Parts and Fuel Retailing,Dollars (millions),H18,Other Purchases and operating expenses,Financial performance,954,"ANZSIC06 groups G391, G392, and G400"
2015,Level 3,GH11,Motor Vehicle and Motor Vehicle Parts and Fuel Retailing,Dollars (millions),H20,Non-operating expenses,Financial performance,16,"ANZSIC06 groups G391, G392, and G400"
2015,Level 3,GH11,Motor Vehicle and Motor Vehicle Parts and Fuel Retailing,Dollars (millions),H21,Opening stocks,Financial performance,"1,625","ANZSIC06 groups G391, G392, and G400"
2015,Level 3,GH11,Motor Vehicle and Motor Vehicle Parts and Fuel Retailing,Dollars (millions),H22,Closing stocks,Financial performance,"1,722","ANZSIC06 groups G391, G392, and G400"
2015,Level 3,GH11,Motor Vehicle and Motor Vehicle Parts and Fuel Retailing,Dollars (millions),H23,Surplus before income tax,Financial performance,341,"ANZSIC06 groups G391, G392, and G400"
2015,Level 3,GH11,Motor Vehicle and Motor Vehicle Parts and Fuel Retailing,Dollars (millions),H24,Total assets,Financial position,"4,083","ANZSIC06 groups G391, G392, and G400"
2015,Level 3,GH11,Motor Vehicle and Motor Vehicle Parts and Fuel Retailing,Dollars (millions),H25,Current assets,Financial position,"2,985","ANZSIC06 groups G391, G392, and G400"
2015,Level 3,GH11,Motor Vehicle and Motor Vehicle Parts and Fuel Retailing,Dollars (millions),H26,Fixed tangible assets,Financial position,703,"ANZSIC06 groups G391, G392, and G400"
2015,Level 3,GH11,Motor Vehicle and Motor Vehicle Parts and Fuel Retailing,Dollars (millions),H27,Additions to fixed assets,Financial position,151,"ANZSIC06 groups G391, G392, and G400"
2015,Level 3,GH11,Motor Vehicle and Motor Vehicle Parts and Fuel Retailing,Dollars (millions),H28,Disposals of fixed assets,Financial position,45,"ANZSIC06 groups G391, G392, and G400"
2015,Level 3,GH11,Motor Vehicle and Motor Vehicle Parts and Fuel Retailing,Dollars (millions),H29,Other assets,Financial position,395,"ANZSIC06 groups G391, G392, and G400"
2015,Level 3,GH11,Motor Vehicle and Motor Vehicle Parts and Fuel Retailing,Dollars (millions),H30,Total equity and liabilities,Financial position,"4,083","ANZSIC06 groups G391, G392, and G400"
2015,Level 3,GH11,Motor Vehicle and Motor Vehicle Parts and Fuel Retailing,Dollars (millions),H31,Shareholders funds or owners equity,Financial position,"1,143","ANZSIC06 groups G391, G392, and G400"
2015,Level 3,GH11,Motor Vehicle and Motor Vehicle Parts and Fuel Retailing,Dollars (millions),H32,Current liabilities,Financial position,"2,151","ANZSIC06 groups G391, G392, and G400"
2015,Level 3,GH11,Motor Vehicle and Motor Vehicle Parts and Fuel Retailing,Dollars (millions),H33,Other liabilities,Financial position,789,"ANZSIC06 groups G391, G392, and G400"
2015,Level 3,GH11,Motor Vehicle and Motor Vehicle Parts and Fuel Retailing,Dollars,H34,Total income per employee count,Financial ratios,"616,500","ANZSIC06 groups G391, G392, and G400"
2015,Level 3,GH11,Motor Vehicle and Motor Vehicle Parts and Fuel Retailing,Dollars,H35,Surplus per employee count,Financial ratios,"13,200","ANZSIC06 groups G391, G392, and G400"
2015,Level 3,GH11,Motor Vehicle and Motor Vehicle Parts and Fuel Retailing,Percentage,H36,Current ratio,Financial ratios,139,"ANZSIC06 groups G391, G392, and G400"
2015,Level 3,GH11,Motor Vehicle and Motor Vehicle Parts and Fuel Retailing,Percentage,H37,Quick ratio,Financial ratios,59,"ANZSIC06 groups G391, G392, and G400"
2015,Level 3,GH11,Motor Vehicle and Motor Vehicle Parts and Fuel Retailing,Percentage,H38,Margin on sales of goods for resale,Financial ratios,13,"ANZSIC06 groups G391, G392, and G400"
2015,Level 3,GH11,Motor Vehicle and Motor Vehicle Parts and Fuel Retailing,Percentage,H39,Return on equity,Financial ratios,30,"ANZSIC06 groups G391, G392, and G400"
2015,Level 3,GH11,Motor Vehicle and Motor Vehicle Parts and Fuel Retailing,Percentage,H40,Return on total assets,Financial ratios,8,"ANZSIC06 groups G391, G392, and G400"
2015,Level 3,GH11,Motor Vehicle and Motor Vehicle Parts and Fuel Retailing,Percentage,H41,Liabilities structure,Financial ratios,28,"ANZSIC06 groups G391, G392, and G400"
2015,Level 3,GH12,"Supermarket, Grocery Stores and Specialised Food Retailing",Dollars (millions),H01,Total income,Financial performance,"20,128",ANZSIC06 groups G411 and G412
2015,Level 3,GH12,"Supermarket, Grocery Stores and Specialised Food Retailing",Dollars (millions),H02,Sales of goods not further processed,Financial performance,"19,564",ANZSIC06 groups G411 and G412
2015,Level 3,GH12,"Supermarket, Grocery Stores and Specialised Food Retailing",Dollars (millions),H03,Sales of other goods and services,Financial performance,472,ANZSIC06 groups G411 and G412
2015,Level 3,GH12,"Supermarket, Grocery Stores and Specialised Food Retailing",Dollars (millions),H05,"Interest, dividends and donations",Financial performance,57,ANZSIC06 groups G411 and G412
2015,Level 3,GH12,"Supermarket, Grocery Stores and Specialised Food Retailing",Dollars (millions),H06,"Government funding, grants and subsidies",Financial performance,0,ANZSIC06 groups G411 and G412
2015,Level 3,GH12,"Supermarket, Grocery Stores and Specialised Food Retailing",Dollars (millions),H07,Non-operating income,Financial performance,34,ANZSIC06 groups G411 and G412
2015,Level 3,GH12,"Supermarket, Grocery Stores and Specialised Food Retailing",Dollars (millions),H08,Total expenditure,Financial performance,"19,334",ANZSIC06 groups G411 and G412
2015,Level 3,GH12,"Supermarket, Grocery Stores and Specialised Food Retailing",Dollars (millions),H09,Interest and donations,Financial performance,66,ANZSIC06 groups G411 and G412
2015,Level 3,GH12,"Supermarket, Grocery Stores and Specialised Food Retailing",Dollars (millions),H10,Indirect taxes,Financial performance,35,ANZSIC06 groups G411 and G412
2015,Level 3,GH12,"Supermarket, Grocery Stores and Specialised Food Retailing",Dollars (millions),H11,Depreciation,Financial performance,236,ANZSIC06 groups G411 and G412
2015,Level 3,GH12,"Supermarket, Grocery Stores and Specialised Food Retailing",Dollars (millions),H12,Salaries and wages paid,Financial performance,"1,776",ANZSIC06 groups G411 and G412
2015,Level 3,GH12,"Supermarket, Grocery Stores and Specialised Food Retailing",Dollars (millions),H13,Redundancy and severance,Financial performance,2,ANZSIC06 groups G411 and G412
2015,Level 3,GH12,"Supermarket, Grocery Stores and Specialised Food Retailing",Dollars (millions),H17,Purchases of goods bought for resale,Financial performance,"15,627",ANZSIC06 groups G411 and G412
2015,Level 3,GH12,"Supermarket, Grocery Stores and Specialised Food Retailing",Dollars (millions),H18,Other Purchases and operating expenses,Financial performance,"1,536",ANZSIC06 groups G411 and G412
2015,Level 3,GH12,"Supermarket, Grocery Stores and Specialised Food Retailing",Dollars (millions),H20,Non-operating expenses,Financial performance,58,ANZSIC06 groups G411 and G412
2015,Level 3,GH12,"Supermarket, Grocery Stores and Specialised Food Retailing",Dollars (millions),H21,Opening stocks,Financial performance,950,ANZSIC06 groups G411 and G412
2015,Level 3,GH12,"Supermarket, Grocery Stores and Specialised Food Retailing",Dollars (millions),H22,Closing stocks,Financial performance,"1,000",ANZSIC06 groups G411 and G412
2015,Level 3,GH12,"Supermarket, Grocery Stores and Specialised Food Retailing",Dollars (millions),H23,Surplus before income tax,Financial performance,844,ANZSIC06 groups G411 and G412
2015,Level 3,GH12,"Supermarket, Grocery Stores and Specialised Food Retailing",Dollars (millions),H24,Total assets,Financial position,"6,227",ANZSIC06 groups G411 and G412
2015,Level 3,GH12,"Supermarket, Grocery Stores and Specialised Food Retailing",Dollars (millions),H25,Current assets,Financial position,"2,554",ANZSIC06 groups G411 and G412
2015,Level 3,GH12,"Supermarket, Grocery Stores and Specialised Food Retailing",Dollars (millions),H26,Fixed tangible assets,Financial position,"1,922",ANZSIC06 groups G411 and G412
2015,Level 3,GH12,"Supermarket, Grocery Stores and Specialised Food Retailing",Dollars (millions),H27,Additions to fixed assets,Financial position,443,ANZSIC06 groups G411 and G412
2015,Level 3,GH12,"Supermarket, Grocery Stores and Specialised Food Retailing",Dollars (millions),H28,Disposals of fixed assets,Financial position,109,ANZSIC06 groups G411 and G412
2015,Level 3,GH12,"Supermarket, Grocery Stores and Specialised Food Retailing",Dollars (millions),H29,Other assets,Financial position,"1,750",ANZSIC06 groups G411 and G412
2015,Level 3,GH12,"Supermarket, Grocery Stores and Specialised Food Retailing",Dollars (millions),H30,Total equity and liabilities,Financial position,"6,227",ANZSIC06 groups G411 and G412
2015,Level 3,GH12,"Supermarket, Grocery Stores and Specialised Food Retailing",Dollars (millions),H31,Shareholders funds or owners equity,Financial position,"1,963",ANZSIC06 groups G411 and G412
2015,Level 3,GH12,"Supermarket, Grocery Stores and Specialised Food Retailing",Dollars (millions),H32,Current liabilities,Financial position,"3,112",ANZSIC06 groups G411 and G412
