Year,Industry_aggregation_NZSIOC,Industry_code_NZSIOC,Industry_name_NZSIOC,Units,Variable_code,Variable_name,Variable_category,Value,Industry_code_ANZSIC06
2019,Level 4,GH133,Department Stores,Dollars (millions),H29,Other assets,Financial position,C,ANZSIC06 group G426
2019,Level 4,GH133,Department Stores,Dollars (millions),H30,Total equity and liabilities,Financial position,"2,356",ANZSIC06 group G426
2019,Level 4,GH133,Department Stores,Dollars (millions),H31,Shareholders funds or owners equity,Financial position,"1,194",ANZSIC06 group G426
2019,Level 4,GH133,Department Stores,Dollars (millions),H32,Current liabilities,Financial position,805,ANZSIC06 group G426
2019,Level 4,GH133,Department Stores,Dollars (millions),H33,Other liabilities,Financial position,357,ANZSIC06 group G426
2019,Level 4,GH133,Department Stores,Dollars,H34,Total income per employee count,Financial ratios,"256,700",ANZSIC06 group G426
2019,Level 4,GH133,Department Stores,Dollars,H35,Surplus per employee count,Financial ratios,"12,100",ANZSIC06 group G426
2019,Level 4,GH133,Department Stores,Percentage,H36,Current ratio,Financial ratios,172,ANZSIC06 group G426
2019,Level 4,GH133,Department Stores,Percentage,H37,Quick ratio,Financial ratios,69,ANZSIC06 group G426
2019,Level 4,GH133,Department Stores,Percentage,H38,Margin on sales of goods for resale,Financial ratios,36,ANZSIC06 group G426
2019,Level 4,GH133,Department Stores,Percentage,H39,Return on equity,Financial ratios,21,ANZSIC06 group G426
2019,Level 4,GH133,Department Stores,Percentage,H40,Return on total assets,Financial ratios,10,ANZSIC06 group G426
2019,Level 4,GH133,Department Stores,Percentage,H41,Liabilities structure,Financial ratios,51,ANZSIC06 group G426
2019,Level 4,GH134,Pharmaceutical and Other Store Based Retailing,Dollars (millions),H01,Total income,Financial performance,"5,824",ANZSIC06 group G427
2019,Level 4,GH134,Pharmaceutical and Other Store Based Retailing,Dollars (millions),H02,Sales of goods not further processed,Financial performance,"5,127",ANZSIC06 group G427
2019,Level 4,GH134,Pharmaceutical and Other Store Based Retailing,Dollars (millions),H03,Sales of other goods and services,Financial performance,671,ANZSIC06 group G427
2019,Level 4,GH134,Pharmaceutical and Other Store Based Retailing,Dollars (millions),H05,"Interest, dividends and donations",Financial performance,13,ANZSIC06 group G427
2019,Level 4,GH134,Pharmaceutical and Other Store Based Retailing,Dollars (millions),H06,"Government funding, grants and subsidies",Financial performance,1,ANZSIC06 group G427
2019,Level 4,GH134,Pharmaceutical and Other Store Based Retailing,Dollars (millions),H07,Non-operating income,Financial performance,13,ANZSIC06 group G427
2019,Level 4,GH134,Pharmaceutical and Other Store Based Retailing,Dollars (millions),H08,Total expenditure,Financial performance,"5,567",ANZSIC06 group G427
2019,Level 4,GH134,Pharmaceutical and Other Store Based Retailing,Dollars (millions),H09,Interest and donations,Financial performance,C,ANZSIC06 group G427
2019,Level 4,GH134,Pharmaceutical and Other Store Based Retailing,Dollars (millions),H10,Indirect taxes,Financial performance,16,ANZSIC06 group G427
2019,Level 4,GH134,Pharmaceutical and Other Store Based Retailing,Dollars (millions),H11,Depreciation,Financial performance,79,ANZSIC06 group G427
2019,Level 4,GH134,Pharmaceutical and Other Store Based Retailing,Dollars (millions),H12,Salaries and wages paid,Financial performance,964,ANZSIC06 group G427
2019,Level 4,GH134,Pharmaceutical and Other Store Based Retailing,Dollars (millions),H13,Redundancy and severance,Financial performance,0,ANZSIC06 group G427
2019,Level 4,GH134,Pharmaceutical and Other Store Based Retailing,Dollars (millions),H17,Purchases of goods bought for resale,Financial performance,"3,077",ANZSIC06 group G427
2019,Level 4,GH134,Pharmaceutical and Other Store Based Retailing,Dollars (millions),H18,Other Purchases and operating expenses,Financial performance,"1,376",ANZSIC06 group G427
2019,Level 4,GH134,Pharmaceutical and Other Store Based Retailing,Dollars (millions),H20,Non-operating expenses,Financial performance,C,ANZSIC06 group G427
2019,Level 4,GH134,Pharmaceutical and Other Store Based Retailing,Dollars (millions),H21,Opening stocks,Financial performance,717,ANZSIC06 group G427
2019,Level 4,GH134,Pharmaceutical and Other Store Based Retailing,Dollars (millions),H22,Closing stocks,Financial performance,721,ANZSIC06 group G427
2019,Level 4,GH134,Pharmaceutical and Other Store Based Retailing,Dollars (millions),H23,Surplus before income tax,Financial performance,262,ANZSIC06 group G427
2019,Level 4,GH134,Pharmaceutical and Other Store Based Retailing,Dollars (millions),H24,Total assets,Financial position,"3,061",ANZSIC06 group G427
2019,Level 4,GH134,Pharmaceutical and Other Store Based Retailing,Dollars (millions),H25,Current assets,Financial position,"1,708",ANZSIC06 group G427
2019,Level 4,GH134,Pharmaceutical and Other Store Based Retailing,Dollars (millions),H26,Fixed tangible assets,Financial position,598,ANZSIC06 group G427
2019,Level 4,GH134,Pharmaceutical and Other Store Based Retailing,Dollars (millions),H27,Additions to fixed assets,Financial position,144,ANZSIC06 group G427
2019,Level 4,GH134,Pharmaceutical and Other Store Based Retailing,Dollars (millions),H28,Disposals of fixed assets,Financial position,51,ANZSIC06 group G427
2019,Level 4,GH134,Pharmaceutical and Other Store Based Retailing,Dollars (millions),H29,Other assets,Financial position,755,ANZSIC06 group G427
2019,Level 4,GH134,Pharmaceutical and Other Store Based Retailing,Dollars (millions),H30,Total equity and liabilities,Financial position,"3,060",ANZSIC06 group G427
2019,Level 4,GH134,Pharmaceutical and Other Store Based Retailing,Dollars (millions),H31,Shareholders funds or owners equity,Financial position,814,ANZSIC06 group G427
2019,Level 4,GH134,Pharmaceutical and Other Store Based Retailing,Dollars (millions),H32,Current liabilities,Financial position,"1,523",ANZSIC06 group G427
2019,Level 4,GH134,Pharmaceutical and Other Store Based Retailing,Dollars (millions),H33,Other liabilities,Financial position,723,ANZSIC06 group G427
2019,Level 4,GH134,Pharmaceutical and Other Store Based Retailing,Dollars,H34,Total income per employee count,Financial ratios,"241,600",ANZSIC06 group G427
2019,Level 4,GH134,Pharmaceutical and Other Store Based Retailing,Dollars,H35,Surplus per employee count,Financial ratios,"10,900",ANZSIC06 group G427
2019,Level 4,GH134,Pharmaceutical and Other Store Based Retailing,Percentage,H36,Current ratio,Financial ratios,112,ANZSIC06 group G427
2019,Level 4,GH134,Pharmaceutical and Other Store Based Retailing,Percentage,H37,Quick ratio,Financial ratios,65,ANZSIC06 group G427
2019,Level 4,GH134,Pharmaceutical and Other Store Based Retailing,Percentage,H38,Margin on sales of goods for resale,Financial ratios,40,ANZSIC06 group G427
2019,Level 4,GH134,Pharmaceutical and Other Store Based Retailing,Percentage,H39,Return on equity,Financial ratios,32,ANZSIC06 group G427
2019,Level 4,GH134,Pharmaceutical and Other Store Based Retailing,Percentage,H40,Return on total assets,Financial ratios,9,ANZSIC06 group G427
2019,Level 4,GH134,Pharmaceutical and Other Store Based Retailing,Percentage,H41,Liabilities structure,Financial ratios,27,ANZSIC06 group G427
2019,Level 4,GH135,Non-Store and Commission Based Retailing,Dollars (millions),H01,Total income,Financial performance,"1,826",ANZSIC06 groups G431 and G432
2019,Level 4,GH135,Non-Store and Commission Based Retailing,Dollars (millions),H02,Sales of goods not further processed,Financial performance,"1,617",ANZSIC06 groups G431 and G432
2019,Level 4,GH135,Non-Store and Commission Based Retailing,Dollars (millions),H03,Sales of other goods and services,Financial performance,191,ANZSIC06 groups G431 and G432
2019,Level 4,GH135,Non-Store and Commission Based Retailing,Dollars (millions),H05,"Interest, dividends and donations",Financial performance,9,ANZSIC06 groups G431 and G432
2019,Level 4,GH135,Non-Store and Commission Based Retailing,Dollars (millions),H06,"Government funding, grants and subsidies",Financial performance,0,ANZSIC06 groups G431 and G432
2019,Level 4,GH135,Non-Store and Commission Based Retailing,Dollars (millions),H07,Non-operating income,Financial performance,9,ANZSIC06 groups G431 and G432
2019,Level 4,GH135,Non-Store and Commission Based Retailing,Dollars (millions),H08,Total expenditure,Financial performance,"1,794",ANZSIC06 groups G431 and G432
2019,Level 4,GH135,Non-Store and Commission Based Retailing,Dollars (millions),H09,Interest and donations,Financial performance,16,ANZSIC06 groups G431 and G432
2019,Level 4,GH135,Non-Store and Commission Based Retailing,Dollars (millions),H10,Indirect taxes,Financial performance,2,ANZSIC06 groups G431 and G432
2019,Level 4,GH135,Non-Store and Commission Based Retailing,Dollars (millions),H11,Depreciation,Financial performance,28,ANZSIC06 groups G431 and G432
2019,Level 4,GH135,Non-Store and Commission Based Retailing,Dollars (millions),H12,Salaries and wages paid,Financial performance,237,ANZSIC06 groups G431 and G432
2019,Level 4,GH135,Non-Store and Commission Based Retailing,Dollars (millions),H13,Redundancy and severance,Financial performance,1,ANZSIC06 groups G431 and G432
2019,Level 4,GH135,Non-Store and Commission Based Retailing,Dollars (millions),H17,Purchases of goods bought for resale,Financial performance,"1,089",ANZSIC06 groups G431 and G432
2019,Level 4,GH135,Non-Store and Commission Based Retailing,Dollars (millions),H18,Other Purchases and operating expenses,Financial performance,413,ANZSIC06 groups G431 and G432
2019,Level 4,GH135,Non-Store and Commission Based Retailing,Dollars (millions),H20,Non-operating expenses,Financial performance,10,ANZSIC06 groups G431 and G432
2019,Level 4,GH135,Non-Store and Commission Based Retailing,Dollars (millions),H21,Opening stocks,Financial performance,173,ANZSIC06 groups G431 and G432
2019,Level 4,GH135,Non-Store and Commission Based Retailing,Dollars (millions),H22,Closing stocks,Financial performance,215,ANZSIC06 groups G431 and G432
2019,Level 4,GH135,Non-Store and Commission Based Retailing,Dollars (millions),H23,Surplus before income tax,Financial performance,74,ANZSIC06 groups G431 and G432
2019,Level 4,GH135,Non-Store and Commission Based Retailing,Dollars (millions),H24,Total assets,Financial position,"1,012",ANZSIC06 groups G431 and G432
2019,Level 4,GH135,Non-Store and Commission Based Retailing,Dollars (millions),H25,Current assets,Financial position,569,ANZSIC06 groups G431 and G432
2019,Level 4,GH135,Non-Store and Commission Based Retailing,Dollars (millions),H26,Fixed tangible assets,Financial position,C,ANZSIC06 groups G431 and G432
2019,Level 4,GH135,Non-Store and Commission Based Retailing,Dollars (millions),H27,Additions to fixed assets,Financial position,72,ANZSIC06 groups G431 and G432
2019,Level 4,GH135,Non-Store and Commission Based Retailing,Dollars (millions),H28,Disposals of fixed assets,Financial position,44,ANZSIC06 groups G431 and G432
2019,Level 4,GH135,Non-Store and Commission Based Retailing,Dollars (millions),H29,Other assets,Financial position,C,ANZSIC06 groups G431 and G432
2019,Level 4,GH135,Non-Store and Commission Based Retailing,Dollars (millions),H30,Total equity and liabilities,Financial position,"1,012",ANZSIC06 groups G431 and G432
2019,Level 4,GH135,Non-Store and Commission Based Retailing,Dollars (millions),H31,Shareholders funds or owners equity,Financial position,331,ANZSIC06 groups G431 and G432
2019,Level 4,GH135,Non-Store and Commission Based Retailing,Dollars (millions),H32,Current liabilities,Financial position,405,ANZSIC06 groups G431 and G432
2019,Level 4,GH135,Non-Store and Commission Based Retailing,Dollars (millions),H33,Other liabilities,Financial position,275,ANZSIC06 groups G431 and G432
2019,Level 4,GH135,Non-Store and Commission Based Retailing,Dollars,H34,Total income per employee count,Financial ratios,"479,100",ANZSIC06 groups G431 and G432
2019,Level 4,GH135,Non-Store and Commission Based Retailing,Dollars,H35,Surplus per employee count,Financial ratios,"19,300",ANZSIC06 groups G431 and G432
2019,Level 4,GH135,Non-Store and Commission Based Retailing,Percentage,H36,Current ratio,Financial ratios,140,ANZSIC06 groups G431 and G432
2019,Level 4,GH135,Non-Store and Commission Based Retailing,Percentage,H37,Quick ratio,Financial ratios,88,ANZSIC06 groups G431 and G432
2019,Level 4,GH135,Non-Store and Commission Based Retailing,Percentage,H38,Margin on sales of goods for resale,Financial ratios,33,ANZSIC06 groups G431 and G432
2019,Level 4,GH135,Non-Store and Commission Based Retailing,Percentage,H39,Return on equity,Financial ratios,22,ANZSIC06 groups G431 and G432
2019,Level 4,GH135,Non-Store and Commission Based Retailing,Percentage,H40,Return on total assets,Financial ratios,7,ANZSIC06 groups G431 and G432
2019,Level 4,GH135,Non-Store and Commission Based Retailing,Percentage,H41,Liabilities structure,Financial ratios,33,ANZSIC06 groups G431 and G432
2019,Level 3,GH21,Accommodation and Food Services,Dollars (millions),H01,Total income,Financial performance,"16,206","ANZSIC06 groups H440, H451, H452, and H453"
2019,Level 3,GH21,Accommodation and Food Services,Dollars (millions),H02,Sales of goods not further processed,Financial performance,"3,629","ANZSIC06 groups H440, H451, H452, and H453"
2019,Level 3,GH21,Accommodation and Food Services,Dollars (millions),H03,Sales of other goods and services,Financial performance,"12,321","ANZSIC06 groups H440, H451, H452, and H453"
2019,Level 3,GH21,Accommodation and Food Services,Dollars (millions),H05,"Interest, dividends and donations",Financial performance,94,"ANZSIC06 groups H440, H451, H452, and H453"
2019,Level 3,GH21,Accommodation and Food Services,Dollars (millions),H06,"Government funding, grants and subsidies",Financial performance,3,"ANZSIC06 groups H440, H451, H452, and H453"
2019,Level 3,GH21,Accommodation and Food Services,Dollars (millions),H07,Non-operating income,Financial performance,159,"ANZSIC06 groups H440, H451, H452, and H453"
2019,Level 3,GH21,Accommodation and Food Services,Dollars (millions),H08,Total expenditure,Financial performance,"14,971","ANZSIC06 groups H440, H451, H452, and H453"
2019,Level 3,GH21,Accommodation and Food Services,Dollars (millions),H09,Interest and donations,Financial performance,254,"ANZSIC06 groups H440, H451, H452, and H453"
2019,Level 3,GH21,Accommodation and Food Services,Dollars (millions),H10,Indirect taxes,Financial performance,133,"ANZSIC06 groups H440, H451, H452, and H453"
2019,Level 3,GH21,Accommodation and Food Services,Dollars (millions),H11,Depreciation,Financial performance,511,"ANZSIC06 groups H440, H451, H452, and H453"
2019,Level 3,GH21,Accommodation and Food Services,Dollars (millions),H12,Salaries and wages paid,Financial performance,"4,743","ANZSIC06 groups H440, H451, H452, and H453"
2019,Level 3,GH21,Accommodation and Food Services,Dollars (millions),H13,Redundancy and severance,Financial performance,C,"ANZSIC06 groups H440, H451, H452, and H453"
2019,Level 3,GH21,Accommodation and Food Services,Dollars (millions),H17,Purchases of goods bought for resale,Financial performance,"1,591","ANZSIC06 groups H440, H451, H452, and H453"
2019,Level 3,GH21,Accommodation and Food Services,Dollars (millions),H18,Other Purchases and operating expenses,Financial performance,"7,644","ANZSIC06 groups H440, H451, H452, and H453"
2019,Level 3,GH21,Accommodation and Food Services,Dollars (millions),H20,Non-operating expenses,Financial performance,95,"ANZSIC06 groups H440, H451, H452, and H453"
