Year,Industry_aggregation_NZSIOC,Industry_code_NZSIOC,Industry_name_NZSIOC,Units,Variable_code,Variable_name,Variable_category,Value,Industry_code_ANZSIC06
2016,Level 4,FF112,Machinery and Equipment Wholesaling,Dollars (millions),H20,Non-operating expenses,Financial performance,178,ANZSIC06 groups F341 and F349
2016,Level 4,FF112,Machinery and Equipment Wholesaling,Dollars (millions),H21,Opening stocks,Financial performance,"2,836",ANZSIC06 groups F341 and F349
2016,Level 4,FF112,Machinery and Equipment Wholesaling,Dollars (millions),H22,Closing stocks,Financial performance,"2,910",ANZSIC06 groups F341 and F349
2016,Level 4,FF112,Machinery and Equipment Wholesaling,Dollars (millions),H23,Surplus before income tax,Financial performance,853,ANZSIC06 groups F341 and F349
2016,Level 4,FF112,Machinery and Equipment Wholesaling,Dollars (millions),H24,Total assets,Financial position,"11,295",ANZSIC06 groups F341 and F349
2016,Level 4,FF112,Machinery and Equipment Wholesaling,Dollars (millions),H25,Current assets,Financial position,"7,607",ANZSIC06 groups F341 and F349
2016,Level 4,FF112,Machinery and Equipment Wholesaling,Dollars (millions),H26,Fixed tangible assets,Financial position,"1,095",ANZSIC06 groups F341 and F349
2016,Level 4,FF112,Machinery and Equipment Wholesaling,Dollars (millions),H27,Additions to fixed assets,Financial position,391,ANZSIC06 groups F341 and F349
2016,Level 4,FF112,Machinery and Equipment Wholesaling,Dollars (millions),H28,Disposals of fixed assets,Financial position,143,ANZSIC06 groups F341 and F349
2016,Level 4,FF112,Machinery and Equipment Wholesaling,Dollars (millions),H29,Other assets,Financial position,"2,593",ANZSIC06 groups F341 and F349
2016,Level 4,FF112,Machinery and Equipment Wholesaling,Dollars (millions),H30,Total equity and liabilities,Financial position,"11,295",ANZSIC06 groups F341 and F349
2016,Level 4,FF112,Machinery and Equipment Wholesaling,Dollars (millions),H31,Shareholders funds or owners equity,Financial position,"4,492",ANZSIC06 groups F341 and F349
2016,Level 4,FF112,Machinery and Equipment Wholesaling,Dollars (millions),H32,Current liabilities,Financial position,"5,048",ANZSIC06 groups F341 and F349
2016,Level 4,FF112,Machinery and Equipment Wholesaling,Dollars (millions),H33,Other liabilities,Financial position,"1,755",ANZSIC06 groups F341 and F349
2016,Level 4,FF112,Machinery and Equipment Wholesaling,Dollars,H34,Total income per employee count,Financial ratios,"575,900",ANZSIC06 groups F341 and F349
2016,Level 4,FF112,Machinery and Equipment Wholesaling,Dollars,H35,Surplus per employee count,Financial ratios,"26,900",ANZSIC06 groups F341 and F349
2016,Level 4,FF112,Machinery and Equipment Wholesaling,Percentage,H36,Current ratio,Financial ratios,151,ANZSIC06 groups F341 and F349
2016,Level 4,FF112,Machinery and Equipment Wholesaling,Percentage,H37,Quick ratio,Financial ratios,93,ANZSIC06 groups F341 and F349
2016,Level 4,FF112,Machinery and Equipment Wholesaling,Percentage,H38,Margin on sales of goods for resale,Financial ratios,23,ANZSIC06 groups F341 and F349
2016,Level 4,FF112,Machinery and Equipment Wholesaling,Percentage,H39,Return on equity,Financial ratios,19,ANZSIC06 groups F341 and F349
2016,Level 4,FF112,Machinery and Equipment Wholesaling,Percentage,H40,Return on total assets,Financial ratios,8,ANZSIC06 groups F341 and F349
2016,Level 4,FF112,Machinery and Equipment Wholesaling,Percentage,H41,Liabilities structure,Financial ratios,40,ANZSIC06 groups F341 and F349
2016,Level 4,FF113,Motor Vehicle and Motor Vehicle Parts Wholesaling,Dollars (millions),H01,Total income,Financial performance,"8,665",ANZSIC06 group F350
2016,Level 4,FF113,Motor Vehicle and Motor Vehicle Parts Wholesaling,Dollars (millions),H02,Sales of goods not further processed,Financial performance,"8,223",ANZSIC06 group F350
2016,Level 4,FF113,Motor Vehicle and Motor Vehicle Parts Wholesaling,Dollars (millions),H03,Sales of other goods and services,Financial performance,341,ANZSIC06 group F350
2016,Level 4,FF113,Motor Vehicle and Motor Vehicle Parts Wholesaling,Dollars (millions),H05,"Interest, dividends and donations",Financial performance,31,ANZSIC06 group F350
2016,Level 4,FF113,Motor Vehicle and Motor Vehicle Parts Wholesaling,Dollars (millions),H06,"Government funding, grants and subsidies",Financial performance,0,ANZSIC06 group F350
2016,Level 4,FF113,Motor Vehicle and Motor Vehicle Parts Wholesaling,Dollars (millions),H07,Non-operating income,Financial performance,69,ANZSIC06 group F350
2016,Level 4,FF113,Motor Vehicle and Motor Vehicle Parts Wholesaling,Dollars (millions),H08,Total expenditure,Financial performance,"8,408",ANZSIC06 group F350
2016,Level 4,FF113,Motor Vehicle and Motor Vehicle Parts Wholesaling,Dollars (millions),H09,Interest and donations,Financial performance,48,ANZSIC06 group F350
2016,Level 4,FF113,Motor Vehicle and Motor Vehicle Parts Wholesaling,Dollars (millions),H10,Indirect taxes,Financial performance,17,ANZSIC06 group F350
2016,Level 4,FF113,Motor Vehicle and Motor Vehicle Parts Wholesaling,Dollars (millions),H11,Depreciation,Financial performance,43,ANZSIC06 group F350
2016,Level 4,FF113,Motor Vehicle and Motor Vehicle Parts Wholesaling,Dollars (millions),H12,Salaries and wages paid,Financial performance,490,ANZSIC06 group F350
2016,Level 4,FF113,Motor Vehicle and Motor Vehicle Parts Wholesaling,Dollars (millions),H13,Redundancy and severance,Financial performance,0,ANZSIC06 group F350
2016,Level 4,FF113,Motor Vehicle and Motor Vehicle Parts Wholesaling,Dollars (millions),H17,Purchases of goods bought for resale,Financial performance,"6,898",ANZSIC06 group F350
2016,Level 4,FF113,Motor Vehicle and Motor Vehicle Parts Wholesaling,Dollars (millions),H18,Other Purchases and operating expenses,Financial performance,842,ANZSIC06 group F350
2016,Level 4,FF113,Motor Vehicle and Motor Vehicle Parts Wholesaling,Dollars (millions),H20,Non-operating expenses,Financial performance,70,ANZSIC06 group F350
2016,Level 4,FF113,Motor Vehicle and Motor Vehicle Parts Wholesaling,Dollars (millions),H21,Opening stocks,Financial performance,"1,920",ANZSIC06 group F350
2016,Level 4,FF113,Motor Vehicle and Motor Vehicle Parts Wholesaling,Dollars (millions),H22,Closing stocks,Financial performance,"2,005",ANZSIC06 group F350
2016,Level 4,FF113,Motor Vehicle and Motor Vehicle Parts Wholesaling,Dollars (millions),H23,Surplus before income tax,Financial performance,342,ANZSIC06 group F350
2016,Level 4,FF113,Motor Vehicle and Motor Vehicle Parts Wholesaling,Dollars (millions),H24,Total assets,Financial position,"4,202",ANZSIC06 group F350
2016,Level 4,FF113,Motor Vehicle and Motor Vehicle Parts Wholesaling,Dollars (millions),H25,Current assets,Financial position,"3,597",ANZSIC06 group F350
2016,Level 4,FF113,Motor Vehicle and Motor Vehicle Parts Wholesaling,Dollars (millions),H26,Fixed tangible assets,Financial position,365,ANZSIC06 group F350
2016,Level 4,FF113,Motor Vehicle and Motor Vehicle Parts Wholesaling,Dollars (millions),H27,Additions to fixed assets,Financial position,86,ANZSIC06 group F350
2016,Level 4,FF113,Motor Vehicle and Motor Vehicle Parts Wholesaling,Dollars (millions),H28,Disposals of fixed assets,Financial position,31,ANZSIC06 group F350
2016,Level 4,FF113,Motor Vehicle and Motor Vehicle Parts Wholesaling,Dollars (millions),H29,Other assets,Financial position,240,ANZSIC06 group F350
2016,Level 4,FF113,Motor Vehicle and Motor Vehicle Parts Wholesaling,Dollars (millions),H30,Total equity and liabilities,Financial position,"4,202",ANZSIC06 group F350
2016,Level 4,FF113,Motor Vehicle and Motor Vehicle Parts Wholesaling,Dollars (millions),H31,Shareholders funds or owners equity,Financial position,"1,555",ANZSIC06 group F350
2016,Level 4,FF113,Motor Vehicle and Motor Vehicle Parts Wholesaling,Dollars (millions),H32,Current liabilities,Financial position,"2,246",ANZSIC06 group F350
2016,Level 4,FF113,Motor Vehicle and Motor Vehicle Parts Wholesaling,Dollars (millions),H33,Other liabilities,Financial position,401,ANZSIC06 group F350
2016,Level 4,FF113,Motor Vehicle and Motor Vehicle Parts Wholesaling,Dollars,H34,Total income per employee count,Financial ratios,"1,151,600",ANZSIC06 group F350
2016,Level 4,FF113,Motor Vehicle and Motor Vehicle Parts Wholesaling,Dollars,H35,Surplus per employee count,Financial ratios,"45,400",ANZSIC06 group F350
2016,Level 4,FF113,Motor Vehicle and Motor Vehicle Parts Wholesaling,Percentage,H36,Current ratio,Financial ratios,160,ANZSIC06 group F350
2016,Level 4,FF113,Motor Vehicle and Motor Vehicle Parts Wholesaling,Percentage,H37,Quick ratio,Financial ratios,71,ANZSIC06 group F350
2016,Level 4,FF113,Motor Vehicle and Motor Vehicle Parts Wholesaling,Percentage,H38,Margin on sales of goods for resale,Financial ratios,16,ANZSIC06 group F350
2016,Level 4,FF113,Motor Vehicle and Motor Vehicle Parts Wholesaling,Percentage,H39,Return on equity,Financial ratios,22,ANZSIC06 group F350
2016,Level 4,FF113,Motor Vehicle and Motor Vehicle Parts Wholesaling,Percentage,H40,Return on total assets,Financial ratios,8,ANZSIC06 group F350
2016,Level 4,FF113,Motor Vehicle and Motor Vehicle Parts Wholesaling,Percentage,H41,Liabilities structure,Financial ratios,37,ANZSIC06 group F350
2016,Level 4,FF114,"Grocery, Liquor and Tobacco Product Wholesaling",Dollars (millions),H01,Total income,Financial performance,"30,232",ANZSIC06 group F360
2016,Level 4,FF114,"Grocery, Liquor and Tobacco Product Wholesaling",Dollars (millions),H02,Sales of goods not further processed,Financial performance,"27,864",ANZSIC06 group F360
2016,Level 4,FF114,"Grocery, Liquor and Tobacco Product Wholesaling",Dollars (millions),H03,Sales of other goods and services,Financial performance,"1,925",ANZSIC06 group F360
2016,Level 4,FF114,"Grocery, Liquor and Tobacco Product Wholesaling",Dollars (millions),H05,"Interest, dividends and donations",Financial performance,122,ANZSIC06 group F360
2016,Level 4,FF114,"Grocery, Liquor and Tobacco Product Wholesaling",Dollars (millions),H06,"Government funding, grants and subsidies",Financial performance,0,ANZSIC06 group F360
2016,Level 4,FF114,"Grocery, Liquor and Tobacco Product Wholesaling",Dollars (millions),H07,Non-operating income,Financial performance,321,ANZSIC06 group F360
2016,Level 4,FF114,"Grocery, Liquor and Tobacco Product Wholesaling",Dollars (millions),H08,Total expenditure,Financial performance,"29,286",ANZSIC06 group F360
2016,Level 4,FF114,"Grocery, Liquor and Tobacco Product Wholesaling",Dollars (millions),H09,Interest and donations,Financial performance,89,ANZSIC06 group F360
2016,Level 4,FF114,"Grocery, Liquor and Tobacco Product Wholesaling",Dollars (millions),H10,Indirect taxes,Financial performance,103,ANZSIC06 group F360
2016,Level 4,FF114,"Grocery, Liquor and Tobacco Product Wholesaling",Dollars (millions),H11,Depreciation,Financial performance,147,ANZSIC06 group F360
2016,Level 4,FF114,"Grocery, Liquor and Tobacco Product Wholesaling",Dollars (millions),H12,Salaries and wages paid,Financial performance,"1,218",ANZSIC06 group F360
2016,Level 4,FF114,"Grocery, Liquor and Tobacco Product Wholesaling",Dollars (millions),H13,Redundancy and severance,Financial performance,7,ANZSIC06 group F360
2016,Level 4,FF114,"Grocery, Liquor and Tobacco Product Wholesaling",Dollars (millions),H17,Purchases of goods bought for resale,Financial performance,"24,349",ANZSIC06 group F360
2016,Level 4,FF114,"Grocery, Liquor and Tobacco Product Wholesaling",Dollars (millions),H18,Other Purchases and operating expenses,Financial performance,"3,291",ANZSIC06 group F360
2016,Level 4,FF114,"Grocery, Liquor and Tobacco Product Wholesaling",Dollars (millions),H20,Non-operating expenses,Financial performance,89,ANZSIC06 group F360
2016,Level 4,FF114,"Grocery, Liquor and Tobacco Product Wholesaling",Dollars (millions),H21,Opening stocks,Financial performance,"1,797",ANZSIC06 group F360
2016,Level 4,FF114,"Grocery, Liquor and Tobacco Product Wholesaling",Dollars (millions),H22,Closing stocks,Financial performance,"1,845",ANZSIC06 group F360
2016,Level 4,FF114,"Grocery, Liquor and Tobacco Product Wholesaling",Dollars (millions),H23,Surplus before income tax,Financial performance,995,ANZSIC06 group F360
2016,Level 4,FF114,"Grocery, Liquor and Tobacco Product Wholesaling",Dollars (millions),H24,Total assets,Financial position,"9,156",ANZSIC06 group F360
2016,Level 4,FF114,"Grocery, Liquor and Tobacco Product Wholesaling",Dollars (millions),H25,Current assets,Financial position,"5,978",ANZSIC06 group F360
2016,Level 4,FF114,"Grocery, Liquor and Tobacco Product Wholesaling",Dollars (millions),H26,Fixed tangible assets,Financial position,"1,306",ANZSIC06 group F360
2016,Level 4,FF114,"Grocery, Liquor and Tobacco Product Wholesaling",Dollars (millions),H27,Additions to fixed assets,Financial position,248,ANZSIC06 group F360
2016,Level 4,FF114,"Grocery, Liquor and Tobacco Product Wholesaling",Dollars (millions),H28,Disposals of fixed assets,Financial position,30,ANZSIC06 group F360
2016,Level 4,FF114,"Grocery, Liquor and Tobacco Product Wholesaling",Dollars (millions),H29,Other assets,Financial position,"1,872",ANZSIC06 group F360
2016,Level 4,FF114,"Grocery, Liquor and Tobacco Product Wholesaling",Dollars (millions),H30,Total equity and liabilities,Financial position,"9,156",ANZSIC06 group F360
2016,Level 4,FF114,"Grocery, Liquor and Tobacco Product Wholesaling",Dollars (millions),H31,Shareholders funds or owners equity,Financial position,"3,779",ANZSIC06 group F360
2016,Level 4,FF114,"Grocery, Liquor and Tobacco Product Wholesaling",Dollars (millions),H32,Current liabilities,Financial position,"4,220",ANZSIC06 group F360
2016,Level 4,FF114,"Grocery, Liquor and Tobacco Product Wholesaling",Dollars (millions),H33,Other liabilities,Financial position,"1,157",ANZSIC06 group F360
2016,Level 4,FF114,"Grocery, Liquor and Tobacco Product Wholesaling",Dollars,H34,Total income per employee count,Financial ratios,"1,482,200",ANZSIC06 group F360
2016,Level 4,FF114,"Grocery, Liquor and Tobacco Product Wholesaling",Dollars,H35,Surplus per employee count,Financial ratios,"48,800",ANZSIC06 group F360
2016,Level 4,FF114,"Grocery, Liquor and Tobacco Product Wholesaling",Percentage,H36,Current ratio,Financial ratios,142,ANZSIC06 group F360
2016,Level 4,FF114,"Grocery, Liquor and Tobacco Product Wholesaling",Percentage,H37,Quick ratio,Financial ratios,98,ANZSIC06 group F360
2016,Level 4,FF114,"Grocery, Liquor and Tobacco Product Wholesaling",Percentage,H38,Margin on sales of goods for resale,Financial ratios,13,ANZSIC06 group F360
2016,Level 4,FF114,"Grocery, Liquor and Tobacco Product Wholesaling",Percentage,H39,Return on equity,Financial ratios,26,ANZSIC06 group F360
2016,Level 4,FF114,"Grocery, Liquor and Tobacco Product Wholesaling",Percentage,H40,Return on total assets,Financial ratios,11,ANZSIC06 group F360
2016,Level 4,FF114,"Grocery, Liquor and Tobacco Product Wholesaling",Percentage,H41,Liabilities structure,Financial ratios,41,ANZSIC06 group F360
2016,Level 4,FF115,Other Goods Wholesaling,Dollars (millions),H01,Total income,Financial performance,"15,212","ANZSIC06 groups F371, F372, and F373"
2016,Level 4,FF115,Other Goods Wholesaling,Dollars (millions),H02,Sales of goods not further processed,Financial performance,"14,051","ANZSIC06 groups F371, F372, and F373"
2016,Level 4,FF115,Other Goods Wholesaling,Dollars (millions),H03,Sales of other goods and services,Financial performance,989,"ANZSIC06 groups F371, F372, and F373"
2016,Level 4,FF115,Other Goods Wholesaling,Dollars (millions),H05,"Interest, dividends and donations",Financial performance,75,"ANZSIC06 groups F371, F372, and F373"
2016,Level 4,FF115,Other Goods Wholesaling,Dollars (millions),H06,"Government funding, grants and subsidies",Financial performance,5,"ANZSIC06 groups F371, F372, and F373"
2016,Level 4,FF115,Other Goods Wholesaling,Dollars (millions),H07,Non-operating income,Financial performance,92,"ANZSIC06 groups F371, F372, and F373"
