Year,Industry_aggregation_NZSIOC,Industry_code_NZSIOC,Industry_name_NZSIOC,Units,Variable_code,Variable_name,Variable_category,Value,Industry_code_ANZSIC06
2018,Level 4,RS113,Gambling Activities,Dollars (millions),H29,Other assets,Financial position,C,ANZSIC06 group R920
2018,Level 4,RS113,Gambling Activities,Dollars (millions),H30,Total equity and liabilities,Financial position,"1,784",ANZSIC06 group R920
2018,Level 4,RS113,Gambling Activities,Dollars (millions),H31,Shareholders funds or owners equity,Financial position,C,ANZSIC06 group R920
2018,Level 4,RS113,Gambling Activities,Dollars (millions),H32,Current liabilities,Financial position,C,ANZSIC06 group R920
2018,Level 4,RS113,Gambling Activities,Dollars (millions),H33,Other liabilities,Financial position,114,ANZSIC06 group R920
2018,Level 4,RS113,Gambling Activities,Dollars,H34,Total income per employee count,Financial ratios,"770,100",ANZSIC06 group R920
2018,Level 4,RS113,Gambling Activities,Dollars,H35,Surplus per employee count,Financial ratios,"113,900",ANZSIC06 group R920
2018,Level 4,RS113,Gambling Activities,Percentage,H36,Current ratio,Financial ratios,C,ANZSIC06 group R920
2018,Level 4,RS113,Gambling Activities,Percentage,H37,Quick ratio,Financial ratios,C,ANZSIC06 group R920
2018,Level 4,RS113,Gambling Activities,Percentage,H39,Return on equity,Financial ratios,C,ANZSIC06 group R920
2018,Level 4,RS113,Gambling Activities,Percentage,H40,Return on total assets,Financial ratios,37,ANZSIC06 group R920
2018,Level 4,RS113,Gambling Activities,Percentage,H41,Liabilities structure,Financial ratios,C,ANZSIC06 group R920
2018,Level 3,RS11,Arts and Recreation Services,Dollars (millions),H01,Total income,Financial performance,"8,554",ANZSIC06 division R
2018,Level 3,RS11,Arts and Recreation Services,Dollars (millions),H04,"Sales, government funding, grants and subsidies",Financial performance,"7,636",ANZSIC06 division R
2018,Level 3,RS11,Arts and Recreation Services,Dollars (millions),H05,"Interest, dividends and donations",Financial performance,787,ANZSIC06 division R
2018,Level 3,RS11,Arts and Recreation Services,Dollars (millions),H07,Non-operating income,Financial performance,131,ANZSIC06 division R
2018,Level 3,RS11,Arts and Recreation Services,Dollars (millions),H08,Total expenditure,Financial performance,"7,526",ANZSIC06 division R
2018,Level 3,RS11,Arts and Recreation Services,Dollars (millions),H09,Interest and donations,Financial performance,339,ANZSIC06 division R
2018,Level 3,RS11,Arts and Recreation Services,Dollars (millions),H10,Indirect taxes,Financial performance,202,ANZSIC06 division R
2018,Level 3,RS11,Arts and Recreation Services,Dollars (millions),H11,Depreciation,Financial performance,362,ANZSIC06 division R
2018,Level 3,RS11,Arts and Recreation Services,Dollars (millions),H12,Salaries and wages paid,Financial performance,"1,414",ANZSIC06 division R
2018,Level 3,RS11,Arts and Recreation Services,Dollars (millions),H13,Redundancy and severance,Financial performance,2,ANZSIC06 division R
2018,Level 3,RS11,Arts and Recreation Services,Dollars (millions),H19,Purchases and other operating expenses,Financial performance,"5,104",ANZSIC06 division R
2018,Level 3,RS11,Arts and Recreation Services,Dollars (millions),H20,Non-operating expenses,Financial performance,105,ANZSIC06 division R
2018,Level 3,RS11,Arts and Recreation Services,Dollars (millions),H21,Opening stocks,Financial performance,94,ANZSIC06 division R
2018,Level 3,RS11,Arts and Recreation Services,Dollars (millions),H22,Closing stocks,Financial performance,96,ANZSIC06 division R
2018,Level 3,RS11,Arts and Recreation Services,Dollars (millions),H23,Surplus before income tax,Financial performance,"1,030",ANZSIC06 division R
2018,Level 3,RS11,Arts and Recreation Services,Dollars (millions),H24,Total assets,Financial position,"10,857",ANZSIC06 division R
2018,Level 3,RS11,Arts and Recreation Services,Dollars (millions),H25,Current assets,Financial position,"2,020",ANZSIC06 division R
2018,Level 3,RS11,Arts and Recreation Services,Dollars (millions),H26,Fixed tangible assets,Financial position,"7,353",ANZSIC06 division R
2018,Level 3,RS11,Arts and Recreation Services,Dollars (millions),H27,Additions to fixed assets,Financial position,646,ANZSIC06 division R
2018,Level 3,RS11,Arts and Recreation Services,Dollars (millions),H28,Disposals of fixed assets,Financial position,184,ANZSIC06 division R
2018,Level 3,RS11,Arts and Recreation Services,Dollars (millions),H29,Other assets,Financial position,"1,484",ANZSIC06 division R
2018,Level 3,RS11,Arts and Recreation Services,Dollars (millions),H30,Total equity and liabilities,Financial position,"10,857",ANZSIC06 division R
2018,Level 3,RS11,Arts and Recreation Services,Dollars (millions),H31,Shareholders funds or owners equity,Financial position,"7,740",ANZSIC06 division R
2018,Level 3,RS11,Arts and Recreation Services,Dollars (millions),H32,Current liabilities,Financial position,"2,102",ANZSIC06 division R
2018,Level 3,RS11,Arts and Recreation Services,Dollars (millions),H33,Other liabilities,Financial position,"1,014",ANZSIC06 division R
2018,Level 3,RS11,Arts and Recreation Services,Dollars,H34,Total income per employee count,Financial ratios,"248,000",ANZSIC06 division R
2018,Level 3,RS11,Arts and Recreation Services,Dollars,H35,Surplus per employee count,Financial ratios,"29,900",ANZSIC06 division R
2018,Level 3,RS11,Arts and Recreation Services,Percentage,H36,Current ratio,Financial ratios,96,ANZSIC06 division R
2018,Level 3,RS11,Arts and Recreation Services,Percentage,H37,Quick ratio,Financial ratios,92,ANZSIC06 division R
2018,Level 3,RS11,Arts and Recreation Services,Percentage,H39,Return on equity,Financial ratios,13,ANZSIC06 division R
2018,Level 3,RS11,Arts and Recreation Services,Percentage,H40,Return on total assets,Financial ratios,9,ANZSIC06 division R
2018,Level 3,RS11,Arts and Recreation Services,Percentage,H41,Liabilities structure,Financial ratios,71,ANZSIC06 division R
2018,Level 4,RS211,Repair and Maintenance,Dollars (millions),H01,Total income,Financial performance,"5,747","ANZSIC06 groups S941, S942, and S949"
2018,Level 4,RS211,Repair and Maintenance,Dollars (millions),H04,"Sales, government funding, grants and subsidies",Financial performance,"5,723","ANZSIC06 groups S941, S942, and S949"
2018,Level 4,RS211,Repair and Maintenance,Dollars (millions),H05,"Interest, dividends and donations",Financial performance,10,"ANZSIC06 groups S941, S942, and S949"
2018,Level 4,RS211,Repair and Maintenance,Dollars (millions),H07,Non-operating income,Financial performance,14,"ANZSIC06 groups S941, S942, and S949"
2018,Level 4,RS211,Repair and Maintenance,Dollars (millions),H08,Total expenditure,Financial performance,"5,332","ANZSIC06 groups S941, S942, and S949"
2018,Level 4,RS211,Repair and Maintenance,Dollars (millions),H09,Interest and donations,Financial performance,49,"ANZSIC06 groups S941, S942, and S949"
2018,Level 4,RS211,Repair and Maintenance,Dollars (millions),H10,Indirect taxes,Financial performance,22,"ANZSIC06 groups S941, S942, and S949"
2018,Level 4,RS211,Repair and Maintenance,Dollars (millions),H11,Depreciation,Financial performance,119,"ANZSIC06 groups S941, S942, and S949"
2018,Level 4,RS211,Repair and Maintenance,Dollars (millions),H12,Salaries and wages paid,Financial performance,"1,575","ANZSIC06 groups S941, S942, and S949"
2018,Level 4,RS211,Repair and Maintenance,Dollars (millions),H13,Redundancy and severance,Financial performance,0,"ANZSIC06 groups S941, S942, and S949"
2018,Level 4,RS211,Repair and Maintenance,Dollars (millions),H19,Purchases and other operating expenses,Financial performance,"3,533","ANZSIC06 groups S941, S942, and S949"
2018,Level 4,RS211,Repair and Maintenance,Dollars (millions),H20,Non-operating expenses,Financial performance,34,"ANZSIC06 groups S941, S942, and S949"
2018,Level 4,RS211,Repair and Maintenance,Dollars (millions),H21,Opening stocks,Financial performance,291,"ANZSIC06 groups S941, S942, and S949"
2018,Level 4,RS211,Repair and Maintenance,Dollars (millions),H22,Closing stocks,Financial performance,313,"ANZSIC06 groups S941, S942, and S949"
2018,Level 4,RS211,Repair and Maintenance,Dollars (millions),H23,Surplus before income tax,Financial performance,436,"ANZSIC06 groups S941, S942, and S949"
2018,Level 4,RS211,Repair and Maintenance,Dollars (millions),H24,Total assets,Financial position,"2,785","ANZSIC06 groups S941, S942, and S949"
2018,Level 4,RS211,Repair and Maintenance,Dollars (millions),H25,Current assets,Financial position,"1,460","ANZSIC06 groups S941, S942, and S949"
2018,Level 4,RS211,Repair and Maintenance,Dollars (millions),H26,Fixed tangible assets,Financial position,945,"ANZSIC06 groups S941, S942, and S949"
2018,Level 4,RS211,Repair and Maintenance,Dollars (millions),H27,Additions to fixed assets,Financial position,266,"ANZSIC06 groups S941, S942, and S949"
2018,Level 4,RS211,Repair and Maintenance,Dollars (millions),H28,Disposals of fixed assets,Financial position,109,"ANZSIC06 groups S941, S942, and S949"
2018,Level 4,RS211,Repair and Maintenance,Dollars (millions),H29,Other assets,Financial position,380,"ANZSIC06 groups S941, S942, and S949"
2018,Level 4,RS211,Repair and Maintenance,Dollars (millions),H30,Total equity and liabilities,Financial position,"2,785","ANZSIC06 groups S941, S942, and S949"
2018,Level 4,RS211,Repair and Maintenance,Dollars (millions),H31,Shareholders funds or owners equity,Financial position,949,"ANZSIC06 groups S941, S942, and S949"
2018,Level 4,RS211,Repair and Maintenance,Dollars (millions),H32,Current liabilities,Financial position,"1,272","ANZSIC06 groups S941, S942, and S949"
2018,Level 4,RS211,Repair and Maintenance,Dollars (millions),H33,Other liabilities,Financial position,564,"ANZSIC06 groups S941, S942, and S949"
2018,Level 4,RS211,Repair and Maintenance,Dollars,H34,Total income per employee count,Financial ratios,"205,000","ANZSIC06 groups S941, S942, and S949"
2018,Level 4,RS211,Repair and Maintenance,Dollars,H35,Surplus per employee count,Financial ratios,"15,600","ANZSIC06 groups S941, S942, and S949"
2018,Level 4,RS211,Repair and Maintenance,Percentage,H36,Current ratio,Financial ratios,115,"ANZSIC06 groups S941, S942, and S949"
2018,Level 4,RS211,Repair and Maintenance,Percentage,H37,Quick ratio,Financial ratios,90,"ANZSIC06 groups S941, S942, and S949"
2018,Level 4,RS211,Repair and Maintenance,Percentage,H39,Return on equity,Financial ratios,46,"ANZSIC06 groups S941, S942, and S949"
2018,Level 4,RS211,Repair and Maintenance,Percentage,H40,Return on total assets,Financial ratios,16,"ANZSIC06 groups S941, S942, and S949"
2018,Level 4,RS211,Repair and Maintenance,Percentage,H41,Liabilities structure,Financial ratios,34,"ANZSIC06 groups S941, S942, and S949"
2018,Level 4,RS212,"Personal Care, Funeral and Other Personal Services",Dollars (millions),H01,Total income,Financial performance,"2,268","ANZSIC06 groups S951, S952, and S953"
2018,Level 4,RS212,"Personal Care, Funeral and Other Personal Services",Dollars (millions),H04,"Sales, government funding, grants and subsidies",Financial performance,"2,246","ANZSIC06 groups S951, S952, and S953"
2018,Level 4,RS212,"Personal Care, Funeral and Other Personal Services",Dollars (millions),H05,"Interest, dividends and donations",Financial performance,9,"ANZSIC06 groups S951, S952, and S953"
2018,Level 4,RS212,"Personal Care, Funeral and Other Personal Services",Dollars (millions),H07,Non-operating income,Financial performance,13,"ANZSIC06 groups S951, S952, and S953"
2018,Level 4,RS212,"Personal Care, Funeral and Other Personal Services",Dollars (millions),H08,Total expenditure,Financial performance,"2,007","ANZSIC06 groups S951, S952, and S953"
2018,Level 4,RS212,"Personal Care, Funeral and Other Personal Services",Dollars (millions),H09,Interest and donations,Financial performance,40,"ANZSIC06 groups S951, S952, and S953"
2018,Level 4,RS212,"Personal Care, Funeral and Other Personal Services",Dollars (millions),H10,Indirect taxes,Financial performance,16,"ANZSIC06 groups S951, S952, and S953"
2018,Level 4,RS212,"Personal Care, Funeral and Other Personal Services",Dollars (millions),H11,Depreciation,Financial performance,99,"ANZSIC06 groups S951, S952, and S953"
2018,Level 4,RS212,"Personal Care, Funeral and Other Personal Services",Dollars (millions),H12,Salaries and wages paid,Financial performance,781,"ANZSIC06 groups S951, S952, and S953"
2018,Level 4,RS212,"Personal Care, Funeral and Other Personal Services",Dollars (millions),H13,Redundancy and severance,Financial performance,0,"ANZSIC06 groups S951, S952, and S953"
2018,Level 4,RS212,"Personal Care, Funeral and Other Personal Services",Dollars (millions),H19,Purchases and other operating expenses,Financial performance,"1,058","ANZSIC06 groups S951, S952, and S953"
2018,Level 4,RS212,"Personal Care, Funeral and Other Personal Services",Dollars (millions),H20,Non-operating expenses,Financial performance,13,"ANZSIC06 groups S951, S952, and S953"
2018,Level 4,RS212,"Personal Care, Funeral and Other Personal Services",Dollars (millions),H21,Opening stocks,Financial performance,63,"ANZSIC06 groups S951, S952, and S953"
2018,Level 4,RS212,"Personal Care, Funeral and Other Personal Services",Dollars (millions),H22,Closing stocks,Financial performance,63,"ANZSIC06 groups S951, S952, and S953"
2018,Level 4,RS212,"Personal Care, Funeral and Other Personal Services",Dollars (millions),H23,Surplus before income tax,Financial performance,261,"ANZSIC06 groups S951, S952, and S953"
2018,Level 4,RS212,"Personal Care, Funeral and Other Personal Services",Dollars (millions),H24,Total assets,Financial position,"1,754","ANZSIC06 groups S951, S952, and S953"
2018,Level 4,RS212,"Personal Care, Funeral and Other Personal Services",Dollars (millions),H25,Current assets,Financial position,497,"ANZSIC06 groups S951, S952, and S953"
2018,Level 4,RS212,"Personal Care, Funeral and Other Personal Services",Dollars (millions),H26,Fixed tangible assets,Financial position,855,"ANZSIC06 groups S951, S952, and S953"
2018,Level 4,RS212,"Personal Care, Funeral and Other Personal Services",Dollars (millions),H27,Additions to fixed assets,Financial position,257,"ANZSIC06 groups S951, S952, and S953"
2018,Level 4,RS212,"Personal Care, Funeral and Other Personal Services",Dollars (millions),H28,Disposals of fixed assets,Financial position,103,"ANZSIC06 groups S951, S952, and S953"
2018,Level 4,RS212,"Personal Care, Funeral and Other Personal Services",Dollars (millions),H29,Other assets,Financial position,402,"ANZSIC06 groups S951, S952, and S953"
2018,Level 4,RS212,"Personal Care, Funeral and Other Personal Services",Dollars (millions),H30,Total equity and liabilities,Financial position,"1,754","ANZSIC06 groups S951, S952, and S953"
2018,Level 4,RS212,"Personal Care, Funeral and Other Personal Services",Dollars (millions),H31,Shareholders funds or owners equity,Financial position,568,"ANZSIC06 groups S951, S952, and S953"
2018,Level 4,RS212,"Personal Care, Funeral and Other Personal Services",Dollars (millions),H32,Current liabilities,Financial position,596,"ANZSIC06 groups S951, S952, and S953"
