Year,Industry_aggregation_NZSIOC,Industry_code_NZSIOC,Industry_name_NZSIOC,Units,Variable_code,Variable_name,Variable_category,Value,Industry_code_ANZSIC06
2013,Level 3,CC53,Polymer Product and Rubber Product Manufacturing,Dollars (millions),H26,Fixed tangible assets,Financial position,803,ANZSIC06 groups C191 and C192
2013,Level 3,CC53,Polymer Product and Rubber Product Manufacturing,Dollars (millions),H27,Additions to fixed assets,Financial position,181,ANZSIC06 groups C191 and C192
2013,Level 3,CC53,Polymer Product and Rubber Product Manufacturing,Dollars (millions),H28,Disposals of fixed assets,Financial position,29,ANZSIC06 groups C191 and C192
2013,Level 3,CC53,Polymer Product and Rubber Product Manufacturing,Dollars (millions),H29,Other assets,Financial position,714,ANZSIC06 groups C191 and C192
2013,Level 3,CC53,Polymer Product and Rubber Product Manufacturing,Dollars (millions),H30,Total equity and liabilities,Financial position,"2,945",ANZSIC06 groups C191 and C192
2013,Level 3,CC53,Polymer Product and Rubber Product Manufacturing,Dollars (millions),H31,Shareholders funds or owners equity,Financial position,"1,480",ANZSIC06 groups C191 and C192
2013,Level 3,CC53,Polymer Product and Rubber Product Manufacturing,Dollars (millions),H32,Current liabilities,Financial position,"1,044",ANZSIC06 groups C191 and C192
2013,Level 3,CC53,Polymer Product and Rubber Product Manufacturing,Dollars (millions),H33,Other liabilities,Financial position,421,ANZSIC06 groups C191 and C192
2013,Level 3,CC53,Polymer Product and Rubber Product Manufacturing,Dollars,H34,Total income per employee count,Financial ratios,"295,700",ANZSIC06 groups C191 and C192
2013,Level 3,CC53,Polymer Product and Rubber Product Manufacturing,Dollars,H35,Surplus per employee count,Financial ratios,"28,300",ANZSIC06 groups C191 and C192
2013,Level 3,CC53,Polymer Product and Rubber Product Manufacturing,Percentage,H36,Current ratio,Financial ratios,137,ANZSIC06 groups C191 and C192
2013,Level 3,CC53,Polymer Product and Rubber Product Manufacturing,Percentage,H37,Quick ratio,Financial ratios,86,ANZSIC06 groups C191 and C192
2013,Level 3,CC53,Polymer Product and Rubber Product Manufacturing,Percentage,H38,Margin on sales of goods for resale,Financial ratios,41,ANZSIC06 groups C191 and C192
2013,Level 3,CC53,Polymer Product and Rubber Product Manufacturing,Percentage,H39,Return on equity,Financial ratios,24,ANZSIC06 groups C191 and C192
2013,Level 3,CC53,Polymer Product and Rubber Product Manufacturing,Percentage,H40,Return on total assets,Financial ratios,12,ANZSIC06 groups C191 and C192
2013,Level 3,CC53,Polymer Product and Rubber Product Manufacturing,Percentage,H41,Liabilities structure,Financial ratios,50,ANZSIC06 groups C191 and C192
2013,Level 4,CC531,Polymer Product and Rubber Product Manufacturing,Dollars (millions),H01,Total income,Financial performance,"3,650",ANZSIC06 groups C191 and C192
2013,Level 4,CC531,Polymer Product and Rubber Product Manufacturing,Dollars (millions),H02,Sales of goods not further processed,Financial performance,314,ANZSIC06 groups C191 and C192
2013,Level 4,CC531,Polymer Product and Rubber Product Manufacturing,Dollars (millions),H03,Sales of other goods and services,Financial performance,"3,300",ANZSIC06 groups C191 and C192
2013,Level 4,CC531,Polymer Product and Rubber Product Manufacturing,Dollars (millions),H05,"Interest, dividends and donations",Financial performance,18,ANZSIC06 groups C191 and C192
2013,Level 4,CC531,Polymer Product and Rubber Product Manufacturing,Dollars (millions),H06,"Government funding, grants and subsidies",Financial performance,0,ANZSIC06 groups C191 and C192
2013,Level 4,CC531,Polymer Product and Rubber Product Manufacturing,Dollars (millions),H07,Non-operating income,Financial performance,18,ANZSIC06 groups C191 and C192
2013,Level 4,CC531,Polymer Product and Rubber Product Manufacturing,Dollars (millions),H08,Total expenditure,Financial performance,"3,324",ANZSIC06 groups C191 and C192
2013,Level 4,CC531,Polymer Product and Rubber Product Manufacturing,Dollars (millions),H09,Interest and donations,Financial performance,33,ANZSIC06 groups C191 and C192
2013,Level 4,CC531,Polymer Product and Rubber Product Manufacturing,Dollars (millions),H10,Indirect taxes,Financial performance,17,ANZSIC06 groups C191 and C192
2013,Level 4,CC531,Polymer Product and Rubber Product Manufacturing,Dollars (millions),H11,Depreciation,Financial performance,110,ANZSIC06 groups C191 and C192
2013,Level 4,CC531,Polymer Product and Rubber Product Manufacturing,Dollars (millions),H12,Salaries and wages paid,Financial performance,700,ANZSIC06 groups C191 and C192
2013,Level 4,CC531,Polymer Product and Rubber Product Manufacturing,Dollars (millions),H13,Redundancy and severance,Financial performance,1,ANZSIC06 groups C191 and C192
2013,Level 4,CC531,Polymer Product and Rubber Product Manufacturing,Dollars (millions),H17,Purchases of goods bought for resale,Financial performance,185,ANZSIC06 groups C191 and C192
2013,Level 4,CC531,Polymer Product and Rubber Product Manufacturing,Dollars (millions),H18,Other purchases and operating expenses,Financial performance,"2,238",ANZSIC06 groups C191 and C192
2013,Level 4,CC531,Polymer Product and Rubber Product Manufacturing,Dollars (millions),H20,Non-operating expenses,Financial performance,41,ANZSIC06 groups C191 and C192
2013,Level 4,CC531,Polymer Product and Rubber Product Manufacturing,Dollars (millions),H21,Opening stocks,Financial performance,509,ANZSIC06 groups C191 and C192
2013,Level 4,CC531,Polymer Product and Rubber Product Manufacturing,Dollars (millions),H22,Closing stocks,Financial performance,533,ANZSIC06 groups C191 and C192
2013,Level 4,CC531,Polymer Product and Rubber Product Manufacturing,Dollars (millions),H23,Surplus before income tax,Financial performance,350,ANZSIC06 groups C191 and C192
2013,Level 4,CC531,Polymer Product and Rubber Product Manufacturing,Dollars (millions),H24,Total assets,Financial position,"2,945",ANZSIC06 groups C191 and C192
2013,Level 4,CC531,Polymer Product and Rubber Product Manufacturing,Dollars (millions),H25,Current assets,Financial position,"1,428",ANZSIC06 groups C191 and C192
2013,Level 4,CC531,Polymer Product and Rubber Product Manufacturing,Dollars (millions),H26,Fixed tangible assets,Financial position,803,ANZSIC06 groups C191 and C192
2013,Level 4,CC531,Polymer Product and Rubber Product Manufacturing,Dollars (millions),H27,Additions to fixed assets,Financial position,181,ANZSIC06 groups C191 and C192
2013,Level 4,CC531,Polymer Product and Rubber Product Manufacturing,Dollars (millions),H28,Disposals of fixed assets,Financial position,29,ANZSIC06 groups C191 and C192
2013,Level 4,CC531,Polymer Product and Rubber Product Manufacturing,Dollars (millions),H29,Other assets,Financial position,714,ANZSIC06 groups C191 and C192
2013,Level 4,CC531,Polymer Product and Rubber Product Manufacturing,Dollars (millions),H30,Total equity and liabilities,Financial position,"2,945",ANZSIC06 groups C191 and C192
2013,Level 4,CC531,Polymer Product and Rubber Product Manufacturing,Dollars (millions),H31,Shareholders funds or owners equity,Financial position,"1,480",ANZSIC06 groups C191 and C192
2013,Level 4,CC531,Polymer Product and Rubber Product Manufacturing,Dollars (millions),H32,Current liabilities,Financial position,"1,044",ANZSIC06 groups C191 and C192
2013,Level 4,CC531,Polymer Product and Rubber Product Manufacturing,Dollars (millions),H33,Other liabilities,Financial position,421,ANZSIC06 groups C191 and C192
2013,Level 4,CC531,Polymer Product and Rubber Product Manufacturing,Dollars,H34,Total income per employee count,Financial ratios,"295,700",ANZSIC06 groups C191 and C192
2013,Level 4,CC531,Polymer Product and Rubber Product Manufacturing,Dollars,H35,Surplus per employee count,Financial ratios,"28,300",ANZSIC06 groups C191 and C192
2013,Level 4,CC531,Polymer Product and Rubber Product Manufacturing,Percentage,H36,Current ratio,Financial ratios,137,ANZSIC06 groups C191 and C192
2013,Level 4,CC531,Polymer Product and Rubber Product Manufacturing,Percentage,H37,Quick ratio,Financial ratios,86,ANZSIC06 groups C191 and C192
2013,Level 4,CC531,Polymer Product and Rubber Product Manufacturing,Percentage,H38,Margin on sales of goods for resale,Financial ratios,41,ANZSIC06 groups C191 and C192
2013,Level 4,CC531,Polymer Product and Rubber Product Manufacturing,Percentage,H39,Return on equity,Financial ratios,24,ANZSIC06 groups C191 and C192
2013,Level 4,CC531,Polymer Product and Rubber Product Manufacturing,Percentage,H40,Return on total assets,Financial ratios,12,ANZSIC06 groups C191 and C192
2013,Level 4,CC531,Polymer Product and Rubber Product Manufacturing,Percentage,H41,Liabilities structure,Financial ratios,50,ANZSIC06 groups C191 and C192
2013,Level 3,CC61,Non-Metallic Mineral Product Manufacturing,Dollars (millions),H01,Total income,Financial performance,"2,732","ANZSIC06 groups C201, C202, C203, and C209"
2013,Level 3,CC61,Non-Metallic Mineral Product Manufacturing,Dollars (millions),H02,Sales of goods not further processed,Financial performance,C,"ANZSIC06 groups C201, C202, C203, and C209"
2013,Level 3,CC61,Non-Metallic Mineral Product Manufacturing,Dollars (millions),H03,Sales of other goods and services,Financial performance,"2,354","ANZSIC06 groups C201, C202, C203, and C209"
2013,Level 3,CC61,Non-Metallic Mineral Product Manufacturing,Dollars (millions),H05,"Interest, dividends and donations",Financial performance,52,"ANZSIC06 groups C201, C202, C203, and C209"
2013,Level 3,CC61,Non-Metallic Mineral Product Manufacturing,Dollars (millions),H06,"Government funding, grants and subsidies",Financial performance,0,"ANZSIC06 groups C201, C202, C203, and C209"
2013,Level 3,CC61,Non-Metallic Mineral Product Manufacturing,Dollars (millions),H07,Non-operating income,Financial performance,C,"ANZSIC06 groups C201, C202, C203, and C209"
2013,Level 3,CC61,Non-Metallic Mineral Product Manufacturing,Dollars (millions),H08,Total expenditure,Financial performance,"2,508","ANZSIC06 groups C201, C202, C203, and C209"
2013,Level 3,CC61,Non-Metallic Mineral Product Manufacturing,Dollars (millions),H09,Interest and donations,Financial performance,41,"ANZSIC06 groups C201, C202, C203, and C209"
2013,Level 3,CC61,Non-Metallic Mineral Product Manufacturing,Dollars (millions),H10,Indirect taxes,Financial performance,19,"ANZSIC06 groups C201, C202, C203, and C209"
2013,Level 3,CC61,Non-Metallic Mineral Product Manufacturing,Dollars (millions),H11,Depreciation,Financial performance,119,"ANZSIC06 groups C201, C202, C203, and C209"
2013,Level 3,CC61,Non-Metallic Mineral Product Manufacturing,Dollars (millions),H12,Salaries and wages paid,Financial performance,479,"ANZSIC06 groups C201, C202, C203, and C209"
2013,Level 3,CC61,Non-Metallic Mineral Product Manufacturing,Dollars (millions),H13,Redundancy and severance,Financial performance,2,"ANZSIC06 groups C201, C202, C203, and C209"
2013,Level 3,CC61,Non-Metallic Mineral Product Manufacturing,Dollars (millions),H17,Purchases of goods bought for resale,Financial performance,255,"ANZSIC06 groups C201, C202, C203, and C209"
2013,Level 3,CC61,Non-Metallic Mineral Product Manufacturing,Dollars (millions),H18,Other purchases and operating expenses,Financial performance,"1,566","ANZSIC06 groups C201, C202, C203, and C209"
2013,Level 3,CC61,Non-Metallic Mineral Product Manufacturing,Dollars (millions),H20,Non-operating expenses,Financial performance,29,"ANZSIC06 groups C201, C202, C203, and C209"
2013,Level 3,CC61,Non-Metallic Mineral Product Manufacturing,Dollars (millions),H21,Opening stocks,Financial performance,270,"ANZSIC06 groups C201, C202, C203, and C209"
2013,Level 3,CC61,Non-Metallic Mineral Product Manufacturing,Dollars (millions),H22,Closing stocks,Financial performance,276,"ANZSIC06 groups C201, C202, C203, and C209"
2013,Level 3,CC61,Non-Metallic Mineral Product Manufacturing,Dollars (millions),H23,Surplus before income tax,Financial performance,231,"ANZSIC06 groups C201, C202, C203, and C209"
2013,Level 3,CC61,Non-Metallic Mineral Product Manufacturing,Dollars (millions),H24,Total assets,Financial position,"2,672","ANZSIC06 groups C201, C202, C203, and C209"
2013,Level 3,CC61,Non-Metallic Mineral Product Manufacturing,Dollars (millions),H25,Current assets,Financial position,932,"ANZSIC06 groups C201, C202, C203, and C209"
2013,Level 3,CC61,Non-Metallic Mineral Product Manufacturing,Dollars (millions),H26,Fixed tangible assets,Financial position,"1,144","ANZSIC06 groups C201, C202, C203, and C209"
2013,Level 3,CC61,Non-Metallic Mineral Product Manufacturing,Dollars (millions),H27,Additions to fixed assets,Financial position,158,"ANZSIC06 groups C201, C202, C203, and C209"
2013,Level 3,CC61,Non-Metallic Mineral Product Manufacturing,Dollars (millions),H28,Disposals of fixed assets,Financial position,C,"ANZSIC06 groups C201, C202, C203, and C209"
2013,Level 3,CC61,Non-Metallic Mineral Product Manufacturing,Dollars (millions),H29,Other assets,Financial position,596,"ANZSIC06 groups C201, C202, C203, and C209"
2013,Level 3,CC61,Non-Metallic Mineral Product Manufacturing,Dollars (millions),H30,Total equity and liabilities,Financial position,"2,672","ANZSIC06 groups C201, C202, C203, and C209"
2013,Level 3,CC61,Non-Metallic Mineral Product Manufacturing,Dollars (millions),H31,Shareholders funds or owners equity,Financial position,"1,350","ANZSIC06 groups C201, C202, C203, and C209"
2013,Level 3,CC61,Non-Metallic Mineral Product Manufacturing,Dollars (millions),H32,Current liabilities,Financial position,805,"ANZSIC06 groups C201, C202, C203, and C209"
2013,Level 3,CC61,Non-Metallic Mineral Product Manufacturing,Dollars (millions),H33,Other liabilities,Financial position,517,"ANZSIC06 groups C201, C202, C203, and C209"
2013,Level 3,CC61,Non-Metallic Mineral Product Manufacturing,Dollars,H34,Total income per employee count,Financial ratios,"345,900","ANZSIC06 groups C201, C202, C203, and C209"
2013,Level 3,CC61,Non-Metallic Mineral Product Manufacturing,Dollars,H35,Surplus per employee count,Financial ratios,"29,200","ANZSIC06 groups C201, C202, C203, and C209"
2013,Level 3,CC61,Non-Metallic Mineral Product Manufacturing,Percentage,H36,Current ratio,Financial ratios,116,"ANZSIC06 groups C201, C202, C203, and C209"
2013,Level 3,CC61,Non-Metallic Mineral Product Manufacturing,Percentage,H37,Quick ratio,Financial ratios,81,"ANZSIC06 groups C201, C202, C203, and C209"
2013,Level 3,CC61,Non-Metallic Mineral Product Manufacturing,Percentage,H38,Margin on sales of goods for resale,Financial ratios,C,"ANZSIC06 groups C201, C202, C203, and C209"
2013,Level 3,CC61,Non-Metallic Mineral Product Manufacturing,Percentage,H39,Return on equity,Financial ratios,17,"ANZSIC06 groups C201, C202, C203, and C209"
2013,Level 3,CC61,Non-Metallic Mineral Product Manufacturing,Percentage,H40,Return on total assets,Financial ratios,9,"ANZSIC06 groups C201, C202, C203, and C209"
2013,Level 3,CC61,Non-Metallic Mineral Product Manufacturing,Percentage,H41,Liabilities structure,Financial ratios,51,"ANZSIC06 groups C201, C202, C203, and C209"
2013,Level 4,CC611,Non-Metallic Mineral Product Manufacturing,Dollars (millions),H01,Total income,Financial performance,"2,732","ANZSIC06 groups C201, C202, C203, and C209"
2013,Level 4,CC611,Non-Metallic Mineral Product Manufacturing,Dollars (millions),H02,Sales of goods not further processed,Financial performance,C,"ANZSIC06 groups C201, C202, C203, and C209"
2013,Level 4,CC611,Non-Metallic Mineral Product Manufacturing,Dollars (millions),H03,Sales of other goods and services,Financial performance,"2,354","ANZSIC06 groups C201, C202, C203, and C209"
2013,Level 4,CC611,Non-Metallic Mineral Product Manufacturing,Dollars (millions),H05,"Interest, dividends and donations",Financial performance,52,"ANZSIC06 groups C201, C202, C203, and C209"
2013,Level 4,CC611,Non-Metallic Mineral Product Manufacturing,Dollars (millions),H06,"Government funding, grants and subsidies",Financial performance,0,"ANZSIC06 groups C201, C202, C203, and C209"
2013,Level 4,CC611,Non-Metallic Mineral Product Manufacturing,Dollars (millions),H07,Non-operating income,Financial performance,C,"ANZSIC06 groups C201, C202, C203, and C209"
2013,Level 4,CC611,Non-Metallic Mineral Product Manufacturing,Dollars (millions),H08,Total expenditure,Financial performance,"2,508","ANZSIC06 groups C201, C202, C203, and C209"
2013,Level 4,CC611,Non-Metallic Mineral Product Manufacturing,Dollars (millions),H09,Interest and donations,Financial performance,41,"ANZSIC06 groups C201, C202, C203, and C209"
2013,Level 4,CC611,Non-Metallic Mineral Product Manufacturing,Dollars (millions),H10,Indirect taxes,Financial performance,19,"ANZSIC06 groups C201, C202, C203, and C209"
2013,Level 4,CC611,Non-Metallic Mineral Product Manufacturing,Dollars (millions),H11,Depreciation,Financial performance,119,"ANZSIC06 groups C201, C202, C203, and C209"
2013,Level 4,CC611,Non-Metallic Mineral Product Manufacturing,Dollars (millions),H12,Salaries and wages paid,Financial performance,479,"ANZSIC06 groups C201, C202, C203, and C209"
2013,Level 4,CC611,Non-Metallic Mineral Product Manufacturing,Dollars (millions),H13,Redundancy and severance,Financial performance,2,"ANZSIC06 groups C201, C202, C203, and C209"
