Year,Industry_aggregation_NZSIOC,Industry_code_NZSIOC,Industry_name_NZSIOC,Units,Variable_code,Variable_name,Variable_category,Value,Industry_code_ANZSIC06
2017,Level 1,FF,Wholesale Trade,Dollars (millions),H27,Additions to fixed assets,Financial position,"1,406",ANZSIC06 division F
2017,Level 1,FF,Wholesale Trade,Dollars (millions),H28,Disposals of fixed assets,Financial position,532,ANZSIC06 division F
2017,Level 1,FF,Wholesale Trade,Dollars (millions),H29,Other assets,Financial position,"8,637",ANZSIC06 division F
2017,Level 1,FF,Wholesale Trade,Dollars (millions),H30,Total equity and liabilities,Financial position,"47,117",ANZSIC06 division F
2017,Level 1,FF,Wholesale Trade,Dollars (millions),H31,Shareholders funds or owners equity,Financial position,"17,874",ANZSIC06 division F
2017,Level 1,FF,Wholesale Trade,Dollars (millions),H32,Current liabilities,Financial position,"22,623",ANZSIC06 division F
2017,Level 1,FF,Wholesale Trade,Dollars (millions),H33,Other liabilities,Financial position,"6,620",ANZSIC06 division F
2017,Level 1,FF,Wholesale Trade,Dollars,H34,Total income per employee count,Financial ratios,"892,800",ANZSIC06 division F
2017,Level 1,FF,Wholesale Trade,Dollars,H35,Surplus per employee count,Financial ratios,"36,700",ANZSIC06 division F
2017,Level 1,FF,Wholesale Trade,Percentage,H36,Current ratio,Financial ratios,144,ANZSIC06 division F
2017,Level 1,FF,Wholesale Trade,Percentage,H37,Quick ratio,Financial ratios,93,ANZSIC06 division F
2017,Level 1,FF,Wholesale Trade,Percentage,H38,Margin on sales of goods for resale,Financial ratios,18,ANZSIC06 division F
2017,Level 1,FF,Wholesale Trade,Percentage,H39,Return on equity,Financial ratios,22,ANZSIC06 division F
2017,Level 1,FF,Wholesale Trade,Percentage,H40,Return on total assets,Financial ratios,9,ANZSIC06 division F
2017,Level 1,FF,Wholesale Trade,Percentage,H41,Liabilities structure,Financial ratios,38,ANZSIC06 division F
2017,Level 4,FF111,Basic Material Wholesaling,Dollars (millions),H01,Total income,Financial performance,"20,389","ANZSIC06 groups F331, F332, and F333"
2017,Level 4,FF111,Basic Material Wholesaling,Dollars (millions),H02,Sales of goods not further processed,Financial performance,"18,100","ANZSIC06 groups F331, F332, and F333"
2017,Level 4,FF111,Basic Material Wholesaling,Dollars (millions),H03,Sales of other goods and services,Financial performance,"2,183","ANZSIC06 groups F331, F332, and F333"
2017,Level 4,FF111,Basic Material Wholesaling,Dollars (millions),H05,"Interest, dividends and donations",Financial performance,42,"ANZSIC06 groups F331, F332, and F333"
2017,Level 4,FF111,Basic Material Wholesaling,Dollars (millions),H06,"Government funding, grants and subsidies",Financial performance,4,"ANZSIC06 groups F331, F332, and F333"
2017,Level 4,FF111,Basic Material Wholesaling,Dollars (millions),H07,Non-operating income,Financial performance,59,"ANZSIC06 groups F331, F332, and F333"
2017,Level 4,FF111,Basic Material Wholesaling,Dollars (millions),H08,Total expenditure,Financial performance,"19,492","ANZSIC06 groups F331, F332, and F333"
2017,Level 4,FF111,Basic Material Wholesaling,Dollars (millions),H09,Interest and donations,Financial performance,102,"ANZSIC06 groups F331, F332, and F333"
2017,Level 4,FF111,Basic Material Wholesaling,Dollars (millions),H10,Indirect taxes,Financial performance,70,"ANZSIC06 groups F331, F332, and F333"
2017,Level 4,FF111,Basic Material Wholesaling,Dollars (millions),H11,Depreciation,Financial performance,216,"ANZSIC06 groups F331, F332, and F333"
2017,Level 4,FF111,Basic Material Wholesaling,Dollars (millions),H12,Salaries and wages paid,Financial performance,"1,380","ANZSIC06 groups F331, F332, and F333"
2017,Level 4,FF111,Basic Material Wholesaling,Dollars (millions),H13,Redundancy and severance,Financial performance,7,"ANZSIC06 groups F331, F332, and F333"
2017,Level 4,FF111,Basic Material Wholesaling,Dollars (millions),H17,Purchases of goods bought for resale,Financial performance,"14,383","ANZSIC06 groups F331, F332, and F333"
2017,Level 4,FF111,Basic Material Wholesaling,Dollars (millions),H18,Other Purchases and operating expenses,Financial performance,"3,253","ANZSIC06 groups F331, F332, and F333"
2017,Level 4,FF111,Basic Material Wholesaling,Dollars (millions),H20,Non-operating expenses,Financial performance,88,"ANZSIC06 groups F331, F332, and F333"
2017,Level 4,FF111,Basic Material Wholesaling,Dollars (millions),H21,Opening stocks,Financial performance,"2,036","ANZSIC06 groups F331, F332, and F333"
2017,Level 4,FF111,Basic Material Wholesaling,Dollars (millions),H22,Closing stocks,Financial performance,"2,103","ANZSIC06 groups F331, F332, and F333"
2017,Level 4,FF111,Basic Material Wholesaling,Dollars (millions),H23,Surplus before income tax,Financial performance,964,"ANZSIC06 groups F331, F332, and F333"
2017,Level 4,FF111,Basic Material Wholesaling,Dollars (millions),H24,Total assets,Financial position,"9,947","ANZSIC06 groups F331, F332, and F333"
2017,Level 4,FF111,Basic Material Wholesaling,Dollars (millions),H25,Current assets,Financial position,"6,692","ANZSIC06 groups F331, F332, and F333"
2017,Level 4,FF111,Basic Material Wholesaling,Dollars (millions),H26,Fixed tangible assets,Financial position,"1,832","ANZSIC06 groups F331, F332, and F333"
2017,Level 4,FF111,Basic Material Wholesaling,Dollars (millions),H27,Additions to fixed assets,Financial position,431,"ANZSIC06 groups F331, F332, and F333"
2017,Level 4,FF111,Basic Material Wholesaling,Dollars (millions),H28,Disposals of fixed assets,Financial position,99,"ANZSIC06 groups F331, F332, and F333"
2017,Level 4,FF111,Basic Material Wholesaling,Dollars (millions),H29,Other assets,Financial position,"1,423","ANZSIC06 groups F331, F332, and F333"
2017,Level 4,FF111,Basic Material Wholesaling,Dollars (millions),H30,Total equity and liabilities,Financial position,"9,947","ANZSIC06 groups F331, F332, and F333"
2017,Level 4,FF111,Basic Material Wholesaling,Dollars (millions),H31,Shareholders funds or owners equity,Financial position,"4,087","ANZSIC06 groups F331, F332, and F333"
2017,Level 4,FF111,Basic Material Wholesaling,Dollars (millions),H32,Current liabilities,Financial position,"4,410","ANZSIC06 groups F331, F332, and F333"
2017,Level 4,FF111,Basic Material Wholesaling,Dollars (millions),H33,Other liabilities,Financial position,"1,450","ANZSIC06 groups F331, F332, and F333"
2017,Level 4,FF111,Basic Material Wholesaling,Dollars,H34,Total income per employee count,Financial ratios,"965,400","ANZSIC06 groups F331, F332, and F333"
2017,Level 4,FF111,Basic Material Wholesaling,Dollars,H35,Surplus per employee count,Financial ratios,"45,600","ANZSIC06 groups F331, F332, and F333"
2017,Level 4,FF111,Basic Material Wholesaling,Percentage,H36,Current ratio,Financial ratios,152,"ANZSIC06 groups F331, F332, and F333"
2017,Level 4,FF111,Basic Material Wholesaling,Percentage,H37,Quick ratio,Financial ratios,104,"ANZSIC06 groups F331, F332, and F333"
2017,Level 4,FF111,Basic Material Wholesaling,Percentage,H38,Margin on sales of goods for resale,Financial ratios,21,"ANZSIC06 groups F331, F332, and F333"
2017,Level 4,FF111,Basic Material Wholesaling,Percentage,H39,Return on equity,Financial ratios,24,"ANZSIC06 groups F331, F332, and F333"
2017,Level 4,FF111,Basic Material Wholesaling,Percentage,H40,Return on total assets,Financial ratios,10,"ANZSIC06 groups F331, F332, and F333"
2017,Level 4,FF111,Basic Material Wholesaling,Percentage,H41,Liabilities structure,Financial ratios,41,"ANZSIC06 groups F331, F332, and F333"
2017,Level 4,FF112,Machinery and Equipment Wholesaling,Dollars (millions),H01,Total income,Financial performance,"19,080",ANZSIC06 groups F341 and F349
2017,Level 4,FF112,Machinery and Equipment Wholesaling,Dollars (millions),H02,Sales of goods not further processed,Financial performance,"16,163",ANZSIC06 groups F341 and F349
2017,Level 4,FF112,Machinery and Equipment Wholesaling,Dollars (millions),H03,Sales of other goods and services,Financial performance,"2,658",ANZSIC06 groups F341 and F349
2017,Level 4,FF112,Machinery and Equipment Wholesaling,Dollars (millions),H05,"Interest, dividends and donations",Financial performance,180,ANZSIC06 groups F341 and F349
2017,Level 4,FF112,Machinery and Equipment Wholesaling,Dollars (millions),H06,"Government funding, grants and subsidies",Financial performance,5,ANZSIC06 groups F341 and F349
2017,Level 4,FF112,Machinery and Equipment Wholesaling,Dollars (millions),H07,Non-operating income,Financial performance,74,ANZSIC06 groups F341 and F349
2017,Level 4,FF112,Machinery and Equipment Wholesaling,Dollars (millions),H08,Total expenditure,Financial performance,"18,267",ANZSIC06 groups F341 and F349
2017,Level 4,FF112,Machinery and Equipment Wholesaling,Dollars (millions),H09,Interest and donations,Financial performance,155,ANZSIC06 groups F341 and F349
2017,Level 4,FF112,Machinery and Equipment Wholesaling,Dollars (millions),H10,Indirect taxes,Financial performance,53,ANZSIC06 groups F341 and F349
2017,Level 4,FF112,Machinery and Equipment Wholesaling,Dollars (millions),H11,Depreciation,Financial performance,221,ANZSIC06 groups F341 and F349
2017,Level 4,FF112,Machinery and Equipment Wholesaling,Dollars (millions),H12,Salaries and wages paid,Financial performance,"2,435",ANZSIC06 groups F341 and F349
2017,Level 4,FF112,Machinery and Equipment Wholesaling,Dollars (millions),H13,Redundancy and severance,Financial performance,19,ANZSIC06 groups F341 and F349
2017,Level 4,FF112,Machinery and Equipment Wholesaling,Dollars (millions),H17,Purchases of goods bought for resale,Financial performance,"12,664",ANZSIC06 groups F341 and F349
2017,Level 4,FF112,Machinery and Equipment Wholesaling,Dollars (millions),H18,Other Purchases and operating expenses,Financial performance,"2,633",ANZSIC06 groups F341 and F349
2017,Level 4,FF112,Machinery and Equipment Wholesaling,Dollars (millions),H20,Non-operating expenses,Financial performance,106,ANZSIC06 groups F341 and F349
2017,Level 4,FF112,Machinery and Equipment Wholesaling,Dollars (millions),H21,Opening stocks,Financial performance,"2,839",ANZSIC06 groups F341 and F349
2017,Level 4,FF112,Machinery and Equipment Wholesaling,Dollars (millions),H22,Closing stocks,Financial performance,"3,019",ANZSIC06 groups F341 and F349
2017,Level 4,FF112,Machinery and Equipment Wholesaling,Dollars (millions),H23,Surplus before income tax,Financial performance,994,ANZSIC06 groups F341 and F349
2017,Level 4,FF112,Machinery and Equipment Wholesaling,Dollars (millions),H24,Total assets,Financial position,"11,540",ANZSIC06 groups F341 and F349
2017,Level 4,FF112,Machinery and Equipment Wholesaling,Dollars (millions),H25,Current assets,Financial position,"7,834",ANZSIC06 groups F341 and F349
2017,Level 4,FF112,Machinery and Equipment Wholesaling,Dollars (millions),H26,Fixed tangible assets,Financial position,"1,215",ANZSIC06 groups F341 and F349
2017,Level 4,FF112,Machinery and Equipment Wholesaling,Dollars (millions),H27,Additions to fixed assets,Financial position,343,ANZSIC06 groups F341 and F349
2017,Level 4,FF112,Machinery and Equipment Wholesaling,Dollars (millions),H28,Disposals of fixed assets,Financial position,163,ANZSIC06 groups F341 and F349
2017,Level 4,FF112,Machinery and Equipment Wholesaling,Dollars (millions),H29,Other assets,Financial position,"2,491",ANZSIC06 groups F341 and F349
2017,Level 4,FF112,Machinery and Equipment Wholesaling,Dollars (millions),H30,Total equity and liabilities,Financial position,"11,540",ANZSIC06 groups F341 and F349
2017,Level 4,FF112,Machinery and Equipment Wholesaling,Dollars (millions),H31,Shareholders funds or owners equity,Financial position,"3,894",ANZSIC06 groups F341 and F349
2017,Level 4,FF112,Machinery and Equipment Wholesaling,Dollars (millions),H32,Current liabilities,Financial position,"5,798",ANZSIC06 groups F341 and F349
2017,Level 4,FF112,Machinery and Equipment Wholesaling,Dollars (millions),H33,Other liabilities,Financial position,"1,847",ANZSIC06 groups F341 and F349
2017,Level 4,FF112,Machinery and Equipment Wholesaling,Dollars,H34,Total income per employee count,Financial ratios,"600,800",ANZSIC06 groups F341 and F349
2017,Level 4,FF112,Machinery and Equipment Wholesaling,Dollars,H35,Surplus per employee count,Financial ratios,"31,300",ANZSIC06 groups F341 and F349
2017,Level 4,FF112,Machinery and Equipment Wholesaling,Percentage,H36,Current ratio,Financial ratios,135,ANZSIC06 groups F341 and F349
2017,Level 4,FF112,Machinery and Equipment Wholesaling,Percentage,H37,Quick ratio,Financial ratios,83,ANZSIC06 groups F341 and F349
2017,Level 4,FF112,Machinery and Equipment Wholesaling,Percentage,H38,Margin on sales of goods for resale,Financial ratios,22,ANZSIC06 groups F341 and F349
2017,Level 4,FF112,Machinery and Equipment Wholesaling,Percentage,H39,Return on equity,Financial ratios,26,ANZSIC06 groups F341 and F349
2017,Level 4,FF112,Machinery and Equipment Wholesaling,Percentage,H40,Return on total assets,Financial ratios,9,ANZSIC06 groups F341 and F349
2017,Level 4,FF112,Machinery and Equipment Wholesaling,Percentage,H41,Liabilities structure,Financial ratios,34,ANZSIC06 groups F341 and F349
2017,Level 4,FF113,Motor Vehicle and Motor Vehicle Parts Wholesaling,Dollars (millions),H01,Total income,Financial performance,"9,697",ANZSIC06 group F350
2017,Level 4,FF113,Motor Vehicle and Motor Vehicle Parts Wholesaling,Dollars (millions),H02,Sales of goods not further processed,Financial performance,"9,263",ANZSIC06 group F350
2017,Level 4,FF113,Motor Vehicle and Motor Vehicle Parts Wholesaling,Dollars (millions),H03,Sales of other goods and services,Financial performance,370,ANZSIC06 group F350
2017,Level 4,FF113,Motor Vehicle and Motor Vehicle Parts Wholesaling,Dollars (millions),H05,"Interest, dividends and donations",Financial performance,23,ANZSIC06 group F350
2017,Level 4,FF113,Motor Vehicle and Motor Vehicle Parts Wholesaling,Dollars (millions),H06,"Government funding, grants and subsidies",Financial performance,0,ANZSIC06 group F350
2017,Level 4,FF113,Motor Vehicle and Motor Vehicle Parts Wholesaling,Dollars (millions),H07,Non-operating income,Financial performance,42,ANZSIC06 group F350
2017,Level 4,FF113,Motor Vehicle and Motor Vehicle Parts Wholesaling,Dollars (millions),H08,Total expenditure,Financial performance,"9,428",ANZSIC06 group F350
2017,Level 4,FF113,Motor Vehicle and Motor Vehicle Parts Wholesaling,Dollars (millions),H09,Interest and donations,Financial performance,40,ANZSIC06 group F350
2017,Level 4,FF113,Motor Vehicle and Motor Vehicle Parts Wholesaling,Dollars (millions),H10,Indirect taxes,Financial performance,17,ANZSIC06 group F350
2017,Level 4,FF113,Motor Vehicle and Motor Vehicle Parts Wholesaling,Dollars (millions),H11,Depreciation,Financial performance,46,ANZSIC06 group F350
2017,Level 4,FF113,Motor Vehicle and Motor Vehicle Parts Wholesaling,Dollars (millions),H12,Salaries and wages paid,Financial performance,521,ANZSIC06 group F350
2017,Level 4,FF113,Motor Vehicle and Motor Vehicle Parts Wholesaling,Dollars (millions),H13,Redundancy and severance,Financial performance,0,ANZSIC06 group F350
2017,Level 4,FF113,Motor Vehicle and Motor Vehicle Parts Wholesaling,Dollars (millions),H17,Purchases of goods bought for resale,Financial performance,"7,886",ANZSIC06 group F350
2017,Level 4,FF113,Motor Vehicle and Motor Vehicle Parts Wholesaling,Dollars (millions),H18,Other Purchases and operating expenses,Financial performance,878,ANZSIC06 group F350
2017,Level 4,FF113,Motor Vehicle and Motor Vehicle Parts Wholesaling,Dollars (millions),H20,Non-operating expenses,Financial performance,40,ANZSIC06 group F350
2017,Level 4,FF113,Motor Vehicle and Motor Vehicle Parts Wholesaling,Dollars (millions),H21,Opening stocks,Financial performance,"2,019",ANZSIC06 group F350
2017,Level 4,FF113,Motor Vehicle and Motor Vehicle Parts Wholesaling,Dollars (millions),H22,Closing stocks,Financial performance,"2,142",ANZSIC06 group F350
2017,Level 4,FF113,Motor Vehicle and Motor Vehicle Parts Wholesaling,Dollars (millions),H23,Surplus before income tax,Financial performance,392,ANZSIC06 group F350
2017,Level 4,FF113,Motor Vehicle and Motor Vehicle Parts Wholesaling,Dollars (millions),H24,Total assets,Financial position,"4,605",ANZSIC06 group F350
2017,Level 4,FF113,Motor Vehicle and Motor Vehicle Parts Wholesaling,Dollars (millions),H25,Current assets,Financial position,"3,833",ANZSIC06 group F350
2017,Level 4,FF113,Motor Vehicle and Motor Vehicle Parts Wholesaling,Dollars (millions),H26,Fixed tangible assets,Financial position,368,ANZSIC06 group F350
2017,Level 4,FF113,Motor Vehicle and Motor Vehicle Parts Wholesaling,Dollars (millions),H27,Additions to fixed assets,Financial position,85,ANZSIC06 group F350
2017,Level 4,FF113,Motor Vehicle and Motor Vehicle Parts Wholesaling,Dollars (millions),H28,Disposals of fixed assets,Financial position,41,ANZSIC06 group F350
2017,Level 4,FF113,Motor Vehicle and Motor Vehicle Parts Wholesaling,Dollars (millions),H29,Other assets,Financial position,404,ANZSIC06 group F350
2017,Level 4,FF113,Motor Vehicle and Motor Vehicle Parts Wholesaling,Dollars (millions),H30,Total equity and liabilities,Financial position,"4,605",ANZSIC06 group F350
2017,Level 4,FF113,Motor Vehicle and Motor Vehicle Parts Wholesaling,Dollars (millions),H31,Shareholders funds or owners equity,Financial position,"1,673",ANZSIC06 group F350
2017,Level 4,FF113,Motor Vehicle and Motor Vehicle Parts Wholesaling,Dollars (millions),H32,Current liabilities,Financial position,"2,428",ANZSIC06 group F350
2017,Level 4,FF113,Motor Vehicle and Motor Vehicle Parts Wholesaling,Dollars (millions),H33,Other liabilities,Financial position,504,ANZSIC06 group F350
2017,Level 4,FF113,Motor Vehicle and Motor Vehicle Parts Wholesaling,Dollars,H34,Total income per employee count,Financial ratios,"1,190,400",ANZSIC06 group F350
2017,Level 4,FF113,Motor Vehicle and Motor Vehicle Parts Wholesaling,Dollars,H35,Surplus per employee count,Financial ratios,"48,100",ANZSIC06 group F350
2017,Level 4,FF113,Motor Vehicle and Motor Vehicle Parts Wholesaling,Percentage,H36,Current ratio,Financial ratios,158,ANZSIC06 group F350
2017,Level 4,FF113,Motor Vehicle and Motor Vehicle Parts Wholesaling,Percentage,H37,Quick ratio,Financial ratios,70,ANZSIC06 group F350
2017,Level 4,FF113,Motor Vehicle and Motor Vehicle Parts Wholesaling,Percentage,H38,Margin on sales of goods for resale,Financial ratios,15,ANZSIC06 group F350
2017,Level 4,FF113,Motor Vehicle and Motor Vehicle Parts Wholesaling,Percentage,H39,Return on equity,Financial ratios,23,ANZSIC06 group F350
2017,Level 4,FF113,Motor Vehicle and Motor Vehicle Parts Wholesaling,Percentage,H40,Return on total assets,Financial ratios,9,ANZSIC06 group F350
2017,Level 4,FF113,Motor Vehicle and Motor Vehicle Parts Wholesaling,Percentage,H41,Liabilities structure,Financial ratios,36,ANZSIC06 group F350
2017,Level 4,FF114,"Grocery, Liquor and Tobacco Product Wholesaling",Dollars (millions),H01,Total income,Financial performance,"32,245",ANZSIC06 group F360
2017,Level 4,FF114,"Grocery, Liquor and Tobacco Product Wholesaling",Dollars (millions),H02,Sales of goods not further processed,Financial performance,"29,897",ANZSIC06 group F360
2017,Level 4,FF114,"Grocery, Liquor and Tobacco Product Wholesaling",Dollars (millions),H03,Sales of other goods and services,Financial performance,"2,151",ANZSIC06 group F360
2017,Level 4,FF114,"Grocery, Liquor and Tobacco Product Wholesaling",Dollars (millions),H05,"Interest, dividends and donations",Financial performance,92,ANZSIC06 group F360
2017,Level 4,FF114,"Grocery, Liquor and Tobacco Product Wholesaling",Dollars (millions),H06,"Government funding, grants and subsidies",Financial performance,0,ANZSIC06 group F360
2017,Level 4,FF114,"Grocery, Liquor and Tobacco Product Wholesaling",Dollars (millions),H07,Non-operating income,Financial performance,104,ANZSIC06 group F360
2017,Level 4,FF114,"Grocery, Liquor and Tobacco Product Wholesaling",Dollars (millions),H08,Total expenditure,Financial performance,"31,771",ANZSIC06 group F360
2017,Level 4,FF114,"Grocery, Liquor and Tobacco Product Wholesaling",Dollars (millions),H09,Interest and donations,Financial performance,86,ANZSIC06 group F360
2017,Level 4,FF114,"Grocery, Liquor and Tobacco Product Wholesaling",Dollars (millions),H10,Indirect taxes,Financial performance,117,ANZSIC06 group F360
2017,Level 4,FF114,"Grocery, Liquor and Tobacco Product Wholesaling",Dollars (millions),H11,Depreciation,Financial performance,173,ANZSIC06 group F360
2017,Level 4,FF114,"Grocery, Liquor and Tobacco Product Wholesaling",Dollars (millions),H12,Salaries and wages paid,Financial performance,"1,295",ANZSIC06 group F360
2017,Level 4,FF114,"Grocery, Liquor and Tobacco Product Wholesaling",Dollars (millions),H13,Redundancy and severance,Financial performance,2,ANZSIC06 group F360
2017,Level 4,FF114,"Grocery, Liquor and Tobacco Product Wholesaling",Dollars (millions),H17,Purchases of goods bought for resale,Financial performance,"26,601",ANZSIC06 group F360
2017,Level 4,FF114,"Grocery, Liquor and Tobacco Product Wholesaling",Dollars (millions),H18,Other Purchases and operating expenses,Financial performance,"3,429",ANZSIC06 group F360
2017,Level 4,FF114,"Grocery, Liquor and Tobacco Product Wholesaling",Dollars (millions),H20,Non-operating expenses,Financial performance,70,ANZSIC06 group F360
2017,Level 4,FF114,"Grocery, Liquor and Tobacco Product Wholesaling",Dollars (millions),H21,Opening stocks,Financial performance,"1,804",ANZSIC06 group F360
2017,Level 4,FF114,"Grocery, Liquor and Tobacco Product Wholesaling",Dollars (millions),H22,Closing stocks,Financial performance,"1,927",ANZSIC06 group F360
2017,Level 4,FF114,"Grocery, Liquor and Tobacco Product Wholesaling",Dollars (millions),H23,Surplus before income tax,Financial performance,598,ANZSIC06 group F360
2017,Level 4,FF114,"Grocery, Liquor and Tobacco Product Wholesaling",Dollars (millions),H24,Total assets,Financial position,"10,230",ANZSIC06 group F360
2017,Level 4,FF114,"Grocery, Liquor and Tobacco Product Wholesaling",Dollars (millions),H25,Current assets,Financial position,"6,553",ANZSIC06 group F360
2017,Level 4,FF114,"Grocery, Liquor and Tobacco Product Wholesaling",Dollars (millions),H26,Fixed tangible assets,Financial position,"1,547",ANZSIC06 group F360
2017,Level 4,FF114,"Grocery, Liquor and Tobacco Product Wholesaling",Dollars (millions),H27,Additions to fixed assets,Financial position,300,ANZSIC06 group F360
2017,Level 4,FF114,"Grocery, Liquor and Tobacco Product Wholesaling",Dollars (millions),H28,Disposals of fixed assets,Financial position,108,ANZSIC06 group F360
2017,Level 4,FF114,"Grocery, Liquor and Tobacco Product Wholesaling",Dollars (millions),H29,Other assets,Financial position,"2,130",ANZSIC06 group F360
2017,Level 4,FF114,"Grocery, Liquor and Tobacco Product Wholesaling",Dollars (millions),H30,Total equity and liabilities,Financial position,"10,230",ANZSIC06 group F360
2017,Level 4,FF114,"Grocery, Liquor and Tobacco Product Wholesaling",Dollars (millions),H31,Shareholders funds or owners equity,Financial position,"3,517",ANZSIC06 group F360
2017,Level 4,FF114,"Grocery, Liquor and Tobacco Product Wholesaling",Dollars (millions),H32,Current liabilities,Financial position,"5,441",ANZSIC06 group F360
2017,Level 4,FF114,"Grocery, Liquor and Tobacco Product Wholesaling",Dollars (millions),H33,Other liabilities,Financial position,"1,273",ANZSIC06 group F360
2017,Level 4,FF114,"Grocery, Liquor and Tobacco Product Wholesaling",Dollars,H34,Total income per employee count,Financial ratios,"1,516,500",ANZSIC06 group F360
2017,Level 4,FF114,"Grocery, Liquor and Tobacco Product Wholesaling",Dollars,H35,Surplus per employee count,Financial ratios,"28,100",ANZSIC06 group F360
2017,Level 4,FF114,"Grocery, Liquor and Tobacco Product Wholesaling",Percentage,H36,Current ratio,Financial ratios,120,ANZSIC06 group F360
2017,Level 4,FF114,"Grocery, Liquor and Tobacco Product Wholesaling",Percentage,H37,Quick ratio,Financial ratios,85,ANZSIC06 group F360
2017,Level 4,FF114,"Grocery, Liquor and Tobacco Product Wholesaling",Percentage,H38,Margin on sales of goods for resale,Financial ratios,11,ANZSIC06 group F360
2017,Level 4,FF114,"Grocery, Liquor and Tobacco Product Wholesaling",Percentage,H39,Return on equity,Financial ratios,17,ANZSIC06 group F360
2017,Level 4,FF114,"Grocery, Liquor and Tobacco Product Wholesaling",Percentage,H40,Return on total assets,Financial ratios,6,ANZSIC06 group F360
2017,Level 4,FF114,"Grocery, Liquor and Tobacco Product Wholesaling",Percentage,H41,Liabilities structure,Financial ratios,34,ANZSIC06 group F360
2017,Level 4,FF115,Other Goods Wholesaling,Dollars (millions),H01,Total income,Financial performance,"15,455","ANZSIC06 groups F371, F372, and F373"
2017,Level 4,FF115,Other Goods Wholesaling,Dollars (millions),H02,Sales of goods not further processed,Financial performance,"14,446","ANZSIC06 groups F371, F372, and F373"
2017,Level 4,FF115,Other Goods Wholesaling,Dollars (millions),H03,Sales of other goods and services,Financial performance,903,"ANZSIC06 groups F371, F372, and F373"
2017,Level 4,FF115,Other Goods Wholesaling,Dollars (millions),H05,"Interest, dividends and donations",Financial performance,59,"ANZSIC06 groups F371, F372, and F373"
2017,Level 4,FF115,Other Goods Wholesaling,Dollars (millions),H06,"Government funding, grants and subsidies",Financial performance,4,"ANZSIC06 groups F371, F372, and F373"
2017,Level 4,FF115,Other Goods Wholesaling,Dollars (millions),H07,Non-operating income,Financial performance,43,"ANZSIC06 groups F371, F372, and F373"
2017,Level 4,FF115,Other Goods Wholesaling,Dollars (millions),H08,Total expenditure,Financial performance,"14,706","ANZSIC06 groups F371, F372, and F373"
2017,Level 4,FF115,Other Goods Wholesaling,Dollars (millions),H09,Interest and donations,Financial performance,84,"ANZSIC06 groups F371, F372, and F373"
2017,Level 4,FF115,Other Goods Wholesaling,Dollars (millions),H10,Indirect taxes,Financial performance,43,"ANZSIC06 groups F371, F372, and F373"
2017,Level 4,FF115,Other Goods Wholesaling,Dollars (millions),H11,Depreciation,Financial performance,129,"ANZSIC06 groups F371, F372, and F373"
2017,Level 4,FF115,Other Goods Wholesaling,Dollars (millions),H12,Salaries and wages paid,Financial performance,"1,580","ANZSIC06 groups F371, F372, and F373"
2017,Level 4,FF115,Other Goods Wholesaling,Dollars (millions),H13,Redundancy and severance,Financial performance,2,"ANZSIC06 groups F371, F372, and F373"
2017,Level 4,FF115,Other Goods Wholesaling,Dollars (millions),H17,Purchases of goods bought for resale,Financial performance,"10,454","ANZSIC06 groups F371, F372, and F373"
2017,Level 4,FF115,Other Goods Wholesaling,Dollars (millions),H18,Other Purchases and operating expenses,Financial performance,"2,290","ANZSIC06 groups F371, F372, and F373"
2017,Level 4,FF115,Other Goods Wholesaling,Dollars (millions),H20,Non-operating expenses,Financial performance,126,"ANZSIC06 groups F371, F372, and F373"
2017,Level 4,FF115,Other Goods Wholesaling,Dollars (millions),H21,Opening stocks,Financial performance,"2,189","ANZSIC06 groups F371, F372, and F373"
2017,Level 4,FF115,Other Goods Wholesaling,Dollars (millions),H22,Closing stocks,Financial performance,"2,278","ANZSIC06 groups F371, F372, and F373"
2017,Level 4,FF115,Other Goods Wholesaling,Dollars (millions),H23,Surplus before income tax,Financial performance,838,"ANZSIC06 groups F371, F372, and F373"
2017,Level 4,FF115,Other Goods Wholesaling,Dollars (millions),H24,Total assets,Financial position,"9,046","ANZSIC06 groups F371, F372, and F373"
2017,Level 4,FF115,Other Goods Wholesaling,Dollars (millions),H25,Current assets,Financial position,"6,996","ANZSIC06 groups F371, F372, and F373"
2017,Level 4,FF115,Other Goods Wholesaling,Dollars (millions),H26,Fixed tangible assets,Financial position,C,"ANZSIC06 groups F371, F372, and F373"
2017,Level 4,FF115,Other Goods Wholesaling,Dollars (millions),H27,Additions to fixed assets,Financial position,218,"ANZSIC06 groups F371, F372, and F373"
2017,Level 4,FF115,Other Goods Wholesaling,Dollars (millions),H28,Disposals of fixed assets,Financial position,109,"ANZSIC06 groups F371, F372, and F373"
2017,Level 4,FF115,Other Goods Wholesaling,Dollars (millions),H29,Other assets,Financial position,C,"ANZSIC06 groups F371, F372, and F373"
2017,Level 4,FF115,Other Goods Wholesaling,Dollars (millions),H30,Total equity and liabilities,Financial position,"9,046","ANZSIC06 groups F371, F372, and F373"
2017,Level 4,FF115,Other Goods Wholesaling,Dollars (millions),H31,Shareholders funds or owners equity,Financial position,"3,686","ANZSIC06 groups F371, F372, and F373"
2017,Level 4,FF115,Other Goods Wholesaling,Dollars (millions),H32,Current liabilities,Financial position,"4,083","ANZSIC06 groups F371, F372, and F373"
2017,Level 4,FF115,Other Goods Wholesaling,Dollars (millions),H33,Other liabilities,Financial position,"1,277","ANZSIC06 groups F371, F372, and F373"
2017,Level 4,FF115,Other Goods Wholesaling,Dollars,H34,Total income per employee count,Financial ratios,"633,000","ANZSIC06 groups F371, F372, and F373"
2017,Level 4,FF115,Other Goods Wholesaling,Dollars,H35,Surplus per employee count,Financial ratios,"34,300","ANZSIC06 groups F371, F372, and F373"
2017,Level 4,FF115,Other Goods Wholesaling,Percentage,H36,Current ratio,Financial ratios,171,"ANZSIC06 groups F371, F372, and F373"
2017,Level 4,FF115,Other Goods Wholesaling,Percentage,H37,Quick ratio,Financial ratios,116,"ANZSIC06 groups F371, F372, and F373"
2017,Level 4,FF115,Other Goods Wholesaling,Percentage,H38,Margin on sales of goods for resale,Financial ratios,28,"ANZSIC06 groups F371, F372, and F373"
2017,Level 4,FF115,Other Goods Wholesaling,Percentage,H39,Return on equity,Financial ratios,23,"ANZSIC06 groups F371, F372, and F373"
2017,Level 4,FF115,Other Goods Wholesaling,Percentage,H40,Return on total assets,Financial ratios,9,"ANZSIC06 groups F371, F372, and F373"
2017,Level 4,FF115,Other Goods Wholesaling,Percentage,H41,Liabilities structure,Financial ratios,41,"ANZSIC06 groups F371, F372, and F373"
2017,Level 4,FF116,Commission Based Wholesaling,Dollars (millions),H01,Total income,Financial performance,966,ANZSIC06 Group F380
2017,Level 4,FF116,Commission Based Wholesaling,Dollars (millions),H02,Sales of goods not further processed,Financial performance,120,ANZSIC06 Group F380
2017,Level 4,FF116,Commission Based Wholesaling,Dollars (millions),H03,Sales of other goods and services,Financial performance,834,ANZSIC06 Group F380
2017,Level 4,FF116,Commission Based Wholesaling,Dollars (millions),H05,"Interest, dividends and donations",Financial performance,9,ANZSIC06 Group F380
2017,Level 4,FF116,Commission Based Wholesaling,Dollars (millions),H06,"Government funding, grants and subsidies",Financial performance,0,ANZSIC06 Group F380
