Year,Industry_aggregation_NZSIOC,Industry_code_NZSIOC,Industry_name_NZSIOC,Units,Variable_code,Variable_name,Variable_category,Value,Industry_code_ANZSIC06
2015,Level 4,RS214,"Civil, Professional and Other Interest Groups",Dollars (millions),H32,Current liabilities,Financial position,898,ANZSIC06 group S955
2015,Level 4,RS214,"Civil, Professional and Other Interest Groups",Dollars (millions),H33,Other liabilities,Financial position,57,ANZSIC06 group S955
2015,Level 4,RS214,"Civil, Professional and Other Interest Groups",Dollars,H34,Total income per employee count,Financial ratios,"191,400",ANZSIC06 group S955
2015,Level 4,RS214,"Civil, Professional and Other Interest Groups",Dollars,H35,Surplus per employee count,Financial ratios,"33,200",ANZSIC06 group S955
2015,Level 4,RS214,"Civil, Professional and Other Interest Groups",Percentage,H36,Current ratio,Financial ratios,314,ANZSIC06 group S955
2015,Level 4,RS214,"Civil, Professional and Other Interest Groups",Percentage,H37,Quick ratio,Financial ratios,312,ANZSIC06 group S955
2015,Level 4,RS214,"Civil, Professional and Other Interest Groups",Percentage,H39,Return on equity,Financial ratios,7,ANZSIC06 group S955
2015,Level 4,RS214,"Civil, Professional and Other Interest Groups",Percentage,H40,Return on total assets,Financial ratios,6,ANZSIC06 group S955
2015,Level 4,RS214,"Civil, Professional and Other Interest Groups",Percentage,H41,Liabilities structure,Financial ratios,88,ANZSIC06 group S955
2015,Level 3,ZZ11,Food Product Manufacturing,Dollars (millions),H01,Total income,Financial performance,"38,592","ANZSIC06 groups C111, C112, C113, C114, C115, C116, C117, C118, and C119"
2015,Level 3,ZZ11,Food Product Manufacturing,Dollars (millions),H02,Sales of goods not further processed,Financial performance,"1,705","ANZSIC06 groups C111, C112, C113, C114, C115, C116, C117, C118, and C119"
2015,Level 3,ZZ11,Food Product Manufacturing,Dollars (millions),H03,Sales of other goods and services,Financial performance,"36,586","ANZSIC06 groups C111, C112, C113, C114, C115, C116, C117, C118, and C119"
2015,Level 3,ZZ11,Food Product Manufacturing,Dollars (millions),H05,"Interest, dividends and donations",Financial performance,169,"ANZSIC06 groups C111, C112, C113, C114, C115, C116, C117, C118, and C119"
2015,Level 3,ZZ11,Food Product Manufacturing,Dollars (millions),H06,"Government funding, grants and subsidies",Financial performance,2,"ANZSIC06 groups C111, C112, C113, C114, C115, C116, C117, C118, and C119"
2015,Level 3,ZZ11,Food Product Manufacturing,Dollars (millions),H07,Non-operating income,Financial performance,130,"ANZSIC06 groups C111, C112, C113, C114, C115, C116, C117, C118, and C119"
2015,Level 3,ZZ11,Food Product Manufacturing,Dollars (millions),H08,Total expenditure,Financial performance,"36,107","ANZSIC06 groups C111, C112, C113, C114, C115, C116, C117, C118, and C119"
2015,Level 3,ZZ11,Food Product Manufacturing,Dollars (millions),H09,Interest and donations,Financial performance,535,"ANZSIC06 groups C111, C112, C113, C114, C115, C116, C117, C118, and C119"
2015,Level 3,ZZ11,Food Product Manufacturing,Dollars (millions),H10,Indirect taxes,Financial performance,100,"ANZSIC06 groups C111, C112, C113, C114, C115, C116, C117, C118, and C119"
2015,Level 3,ZZ11,Food Product Manufacturing,Dollars (millions),H11,Depreciation,Financial performance,848,"ANZSIC06 groups C111, C112, C113, C114, C115, C116, C117, C118, and C119"
2015,Level 3,ZZ11,Food Product Manufacturing,Dollars (millions),H12,Salaries and wages paid,Financial performance,"4,198","ANZSIC06 groups C111, C112, C113, C114, C115, C116, C117, C118, and C119"
2015,Level 3,ZZ11,Food Product Manufacturing,Dollars (millions),H13,Redundancy and severance,Financial performance,12,"ANZSIC06 groups C111, C112, C113, C114, C115, C116, C117, C118, and C119"
2015,Level 3,ZZ11,Food Product Manufacturing,Dollars (millions),H17,Purchases of goods bought for resale,Financial performance,"1,223","ANZSIC06 groups C111, C112, C113, C114, C115, C116, C117, C118, and C119"
2015,Level 3,ZZ11,Food Product Manufacturing,Dollars (millions),H18,Other Purchases and operating expenses,Financial performance,"28,898","ANZSIC06 groups C111, C112, C113, C114, C115, C116, C117, C118, and C119"
2015,Level 3,ZZ11,Food Product Manufacturing,Dollars (millions),H20,Non-operating expenses,Financial performance,305,"ANZSIC06 groups C111, C112, C113, C114, C115, C116, C117, C118, and C119"
2015,Level 3,ZZ11,Food Product Manufacturing,Dollars (millions),H21,Opening stocks,Financial performance,"4,462","ANZSIC06 groups C111, C112, C113, C114, C115, C116, C117, C118, and C119"
2015,Level 3,ZZ11,Food Product Manufacturing,Dollars (millions),H22,Closing stocks,Financial performance,"4,015","ANZSIC06 groups C111, C112, C113, C114, C115, C116, C117, C118, and C119"
2015,Level 3,ZZ11,Food Product Manufacturing,Dollars (millions),H23,Surplus before income tax,Financial performance,"2,038","ANZSIC06 groups C111, C112, C113, C114, C115, C116, C117, C118, and C119"
2015,Level 3,ZZ11,Food Product Manufacturing,Dollars (millions),H24,Total assets,Financial position,"26,067","ANZSIC06 groups C111, C112, C113, C114, C115, C116, C117, C118, and C119"
2015,Level 3,ZZ11,Food Product Manufacturing,Dollars (millions),H25,Current assets,Financial position,"10,281","ANZSIC06 groups C111, C112, C113, C114, C115, C116, C117, C118, and C119"
2015,Level 3,ZZ11,Food Product Manufacturing,Dollars (millions),H26,Fixed tangible assets,Financial position,"10,197","ANZSIC06 groups C111, C112, C113, C114, C115, C116, C117, C118, and C119"
2015,Level 3,ZZ11,Food Product Manufacturing,Dollars (millions),H27,Additions to fixed assets,Financial position,"2,171","ANZSIC06 groups C111, C112, C113, C114, C115, C116, C117, C118, and C119"
2015,Level 3,ZZ11,Food Product Manufacturing,Dollars (millions),H28,Disposals of fixed assets,Financial position,256,"ANZSIC06 groups C111, C112, C113, C114, C115, C116, C117, C118, and C119"
2015,Level 3,ZZ11,Food Product Manufacturing,Dollars (millions),H29,Other assets,Financial position,"5,589","ANZSIC06 groups C111, C112, C113, C114, C115, C116, C117, C118, and C119"
2015,Level 3,ZZ11,Food Product Manufacturing,Dollars (millions),H30,Total equity and liabilities,Financial position,"26,067","ANZSIC06 groups C111, C112, C113, C114, C115, C116, C117, C118, and C119"
2015,Level 3,ZZ11,Food Product Manufacturing,Dollars (millions),H31,Shareholders funds or owners equity,Financial position,"11,952","ANZSIC06 groups C111, C112, C113, C114, C115, C116, C117, C118, and C119"
2015,Level 3,ZZ11,Food Product Manufacturing,Dollars (millions),H32,Current liabilities,Financial position,"8,491","ANZSIC06 groups C111, C112, C113, C114, C115, C116, C117, C118, and C119"
2015,Level 3,ZZ11,Food Product Manufacturing,Dollars (millions),H33,Other liabilities,Financial position,"5,624","ANZSIC06 groups C111, C112, C113, C114, C115, C116, C117, C118, and C119"
2015,Level 3,ZZ11,Food Product Manufacturing,Dollars,H34,Total income per employee count,Financial ratios,"524,400","ANZSIC06 groups C111, C112, C113, C114, C115, C116, C117, C118, and C119"
2015,Level 3,ZZ11,Food Product Manufacturing,Dollars,H35,Surplus per employee count,Financial ratios,"27,700","ANZSIC06 groups C111, C112, C113, C114, C115, C116, C117, C118, and C119"
2015,Level 3,ZZ11,Food Product Manufacturing,Percentage,H36,Current ratio,Financial ratios,121,"ANZSIC06 groups C111, C112, C113, C114, C115, C116, C117, C118, and C119"
2015,Level 3,ZZ11,Food Product Manufacturing,Percentage,H37,Quick ratio,Financial ratios,74,"ANZSIC06 groups C111, C112, C113, C114, C115, C116, C117, C118, and C119"
2015,Level 3,ZZ11,Food Product Manufacturing,Percentage,H38,Margin on sales of goods for resale,Financial ratios,28,"ANZSIC06 groups C111, C112, C113, C114, C115, C116, C117, C118, and C119"
2015,Level 3,ZZ11,Food Product Manufacturing,Percentage,H39,Return on equity,Financial ratios,17,"ANZSIC06 groups C111, C112, C113, C114, C115, C116, C117, C118, and C119"
2015,Level 3,ZZ11,Food Product Manufacturing,Percentage,H40,Return on total assets,Financial ratios,8,"ANZSIC06 groups C111, C112, C113, C114, C115, C116, C117, C118, and C119"
2015,Level 3,ZZ11,Food Product Manufacturing,Percentage,H41,Liabilities structure,Financial ratios,46,"ANZSIC06 groups C111, C112, C113, C114, C115, C116, C117, C118, and C119"
2014,Level 1,99999,All industries,Dollars (millions),H01,Total income,Financial performance,"573,570","ANZSIC06 divisions A-S (excluding classes K6330, L6711, O7552, O760, O771, O772, S9540, S9601, S9602, and S9603)"
2014,Level 1,99999,All industries,Dollars (millions),H04,"Sales, government funding, grants and subsidies",Financial performance,"502,104","ANZSIC06 divisions A-S (excluding classes K6330, L6711, O7552, O760, O771, O772, S9540, S9601, S9602, and S9603)"
2014,Level 1,99999,All industries,Dollars (millions),H05,"Interest, dividends and donations",Financial performance,"54,641","ANZSIC06 divisions A-S (excluding classes K6330, L6711, O7552, O760, O771, O772, S9540, S9601, S9602, and S9603)"
2014,Level 1,99999,All industries,Dollars (millions),H07,Non-operating income,Financial performance,"16,826","ANZSIC06 divisions A-S (excluding classes K6330, L6711, O7552, O760, O771, O772, S9540, S9601, S9602, and S9603)"
2014,Level 1,99999,All industries,Dollars (millions),H08,Total expenditure,Financial performance,"506,390","ANZSIC06 divisions A-S (excluding classes K6330, L6711, O7552, O760, O771, O772, S9540, S9601, S9602, and S9603)"
2014,Level 1,99999,All industries,Dollars (millions),H09,Interest and donations,Financial performance,"35,891","ANZSIC06 divisions A-S (excluding classes K6330, L6711, O7552, O760, O771, O772, S9540, S9601, S9602, and S9603)"
2014,Level 1,99999,All industries,Dollars (millions),H10,Indirect taxes,Financial performance,"6,026","ANZSIC06 divisions A-S (excluding classes K6330, L6711, O7552, O760, O771, O772, S9540, S9601, S9602, and S9603)"
2014,Level 1,99999,All industries,Dollars (millions),H11,Depreciation,Financial performance,"16,530","ANZSIC06 divisions A-S (excluding classes K6330, L6711, O7552, O760, O771, O772, S9540, S9601, S9602, and S9603)"
2014,Level 1,99999,All industries,Dollars (millions),H12,Salaries and wages paid,Financial performance,"83,282","ANZSIC06 divisions A-S (excluding classes K6330, L6711, O7552, O760, O771, O772, S9540, S9601, S9602, and S9603)"
2014,Level 1,99999,All industries,Dollars (millions),H13,Redundancy and severance,Financial performance,285,"ANZSIC06 divisions A-S (excluding classes K6330, L6711, O7552, O760, O771, O772, S9540, S9601, S9602, and S9603)"
2014,Level 1,99999,All industries,Dollars (millions),H14,Salaries and wages to self employed commission agents,Financial performance,"1,597","ANZSIC06 divisions A-S (excluding classes K6330, L6711, O7552, O760, O771, O772, S9540, S9601, S9602, and S9603)"
2014,Level 1,99999,All industries,Dollars (millions),H19,Purchases and other operating expenses,Financial performance,"353,820","ANZSIC06 divisions A-S (excluding classes K6330, L6711, O7552, O760, O771, O772, S9540, S9601, S9602, and S9603)"
2014,Level 1,99999,All industries,Dollars (millions),H20,Non-operating expenses,Financial performance,"9,242","ANZSIC06 divisions A-S (excluding classes K6330, L6711, O7552, O760, O771, O772, S9540, S9601, S9602, and S9603)"
2014,Level 1,99999,All industries,Dollars (millions),H21,Opening stocks,Financial performance,"50,930","ANZSIC06 divisions A-S (excluding classes K6330, L6711, O7552, O760, O771, O772, S9540, S9601, S9602, and S9603)"
2014,Level 1,99999,All industries,Dollars (millions),H22,Closing stocks,Financial performance,"52,948","ANZSIC06 divisions A-S (excluding classes K6330, L6711, O7552, O760, O771, O772, S9540, S9601, S9602, and S9603)"
2014,Level 1,99999,All industries,Dollars (millions),H23,Surplus before income tax,Financial performance,"69,199","ANZSIC06 divisions A-S (excluding classes K6330, L6711, O7552, O760, O771, O772, S9540, S9601, S9602, and S9603)"
2014,Level 1,99999,All industries,Dollars (millions),H24,Total assets,Financial position,"1,723,305","ANZSIC06 divisions A-S (excluding classes K6330, L6711, O7552, O760, O771, O772, S9540, S9601, S9602, and S9603)"
2014,Level 1,99999,All industries,Dollars (millions),H25,Current assets,Financial position,"510,134","ANZSIC06 divisions A-S (excluding classes K6330, L6711, O7552, O760, O771, O772, S9540, S9601, S9602, and S9603)"
2014,Level 1,99999,All industries,Dollars (millions),H26,Fixed tangible assets,Financial position,"385,823","ANZSIC06 divisions A-S (excluding classes K6330, L6711, O7552, O760, O771, O772, S9540, S9601, S9602, and S9603)"
2014,Level 1,99999,All industries,Dollars (millions),H29,Other assets,Financial position,"827,347","ANZSIC06 divisions A-S (excluding classes K6330, L6711, O7552, O760, O771, O772, S9540, S9601, S9602, and S9603)"
2014,Level 1,99999,All industries,Dollars (millions),H30,Total equity and liabilities,Financial position,"1,723,305","ANZSIC06 divisions A-S (excluding classes K6330, L6711, O7552, O760, O771, O772, S9540, S9601, S9602, and S9603)"
2014,Level 1,99999,All industries,Dollars (millions),H31,Shareholders funds or owners equity,Financial position,"548,124","ANZSIC06 divisions A-S (excluding classes K6330, L6711, O7552, O760, O771, O772, S9540, S9601, S9602, and S9603)"
2014,Level 1,99999,All industries,Dollars (millions),H32,Current liabilities,Financial position,"655,466","ANZSIC06 divisions A-S (excluding classes K6330, L6711, O7552, O760, O771, O772, S9540, S9601, S9602, and S9603)"
2014,Level 1,99999,All industries,Dollars (millions),H33,Other liabilities,Financial position,"519,715","ANZSIC06 divisions A-S (excluding classes K6330, L6711, O7552, O760, O771, O772, S9540, S9601, S9602, and S9603)"
2014,Level 1,99999,All industries,Dollars,H34,Total income per employee count,Financial ratios,"353,900","ANZSIC06 divisions A-S (excluding classes K6330, L6711, O7552, O760, O771, O772, S9540, S9601, S9602, and S9603)"
2014,Level 1,99999,All industries,Dollars,H35,Surplus per employee count,Financial ratios,"42,700","ANZSIC06 divisions A-S (excluding classes K6330, L6711, O7552, O760, O771, O772, S9540, S9601, S9602, and S9603)"
2014,Level 1,99999,All industries,Percentage,H36,Current ratio,Financial ratios,78,"ANZSIC06 divisions A-S (excluding classes K6330, L6711, O7552, O760, O771, O772, S9540, S9601, S9602, and S9603)"
2014,Level 1,99999,All industries,Percentage,H37,Quick ratio,Financial ratios,70,"ANZSIC06 divisions A-S (excluding classes K6330, L6711, O7552, O760, O771, O772, S9540, S9601, S9602, and S9603)"
2014,Level 1,99999,All industries,Percentage,H39,Return on equity,Financial ratios,13,"ANZSIC06 divisions A-S (excluding classes K6330, L6711, O7552, O760, O771, O772, S9540, S9601, S9602, and S9603)"
2014,Level 1,99999,All industries,Percentage,H40,Return on total assets,Financial ratios,4,"ANZSIC06 divisions A-S (excluding classes K6330, L6711, O7552, O760, O771, O772, S9540, S9601, S9602, and S9603)"
2014,Level 1,99999,All industries,Percentage,H41,Liabilities structure,Financial ratios,32,"ANZSIC06 divisions A-S (excluding classes K6330, L6711, O7552, O760, O771, O772, S9540, S9601, S9602, and S9603)"
2014,Level 1,AA,"Agriculture, Forestry and Fishing",Dollars (millions),H01,Total income,Financial performance,"38,899",ANZSIC06 division A
2014,Level 1,AA,"Agriculture, Forestry and Fishing",Dollars (millions),H04,Sales of goods and services,Financial performance,"36,587",ANZSIC06 division A
2014,Level 1,AA,"Agriculture, Forestry and Fishing",Dollars (millions),H05,"Interest, dividends and donations",Financial performance,388,ANZSIC06 division A
2014,Level 1,AA,"Agriculture, Forestry and Fishing",Dollars (millions),H06,"Government funding, grants and subsidies",Financial performance,8,ANZSIC06 division A
2014,Level 1,AA,"Agriculture, Forestry and Fishing",Dollars (millions),H07,Non-operating income,Financial performance,"1,916",ANZSIC06 division A
2014,Level 1,AA,"Agriculture, Forestry and Fishing",Dollars (millions),H08,Total expenditure,Financial performance,"32,208",ANZSIC06 division A
2014,Level 1,AA,"Agriculture, Forestry and Fishing",Dollars (millions),H09,Interest and donations,Financial performance,"2,798",ANZSIC06 division A
2014,Level 1,AA,"Agriculture, Forestry and Fishing",Dollars (millions),H10,Indirect taxes,Financial performance,421,ANZSIC06 division A
2014,Level 1,AA,"Agriculture, Forestry and Fishing",Dollars (millions),H11,Depreciation,Financial performance,"1,605",ANZSIC06 division A
2014,Level 1,AA,"Agriculture, Forestry and Fishing",Dollars (millions),H12,Salaries and wages paid,Financial performance,"4,362",ANZSIC06 division A
2014,Level 1,AA,"Agriculture, Forestry and Fishing",Dollars (millions),H13,Redundancy and severance,Financial performance,C,ANZSIC06 division A
2014,Level 1,AA,"Agriculture, Forestry and Fishing",Dollars (millions),H19,Purchases and other operating expenses,Financial performance,"22,605",ANZSIC06 division A
2014,Level 1,AA,"Agriculture, Forestry and Fishing",Dollars (millions),H20,Non-operating expenses,Financial performance,415,ANZSIC06 division A
2014,Level 1,AA,"Agriculture, Forestry and Fishing",Dollars (millions),H21,Opening stocks,Financial performance,"13,236",ANZSIC06 division A
2014,Level 1,AA,"Agriculture, Forestry and Fishing",Dollars (millions),H22,Closing stocks,Financial performance,"13,388",ANZSIC06 division A
2014,Level 1,AA,"Agriculture, Forestry and Fishing",Dollars (millions),H23,Surplus before income tax,Financial performance,"6,843",ANZSIC06 division A
2014,Level 1,AA,"Agriculture, Forestry and Fishing",Dollars (millions),H24,Total assets,Financial position,"141,138",ANZSIC06 division A
2014,Level 1,AA,"Agriculture, Forestry and Fishing",Dollars (millions),H25,Current assets,Financial position,"26,522",ANZSIC06 division A
2014,Level 1,AA,"Agriculture, Forestry and Fishing",Dollars (millions),H26,Fixed tangible assets,Financial position,"79,480",ANZSIC06 division A
2014,Level 1,AA,"Agriculture, Forestry and Fishing",Dollars (millions),H29,Other assets,Financial position,"35,136",ANZSIC06 division A
2014,Level 1,AA,"Agriculture, Forestry and Fishing",Dollars (millions),H30,Total equity and liabilities,Financial position,"141,138",ANZSIC06 division A
2014,Level 1,AA,"Agriculture, Forestry and Fishing",Dollars (millions),H31,Shareholders funds or owners equity,Financial position,"67,743",ANZSIC06 division A
2014,Level 1,AA,"Agriculture, Forestry and Fishing",Dollars (millions),H32,Current liabilities,Financial position,"22,870",ANZSIC06 division A
2014,Level 1,AA,"Agriculture, Forestry and Fishing",Dollars (millions),H33,Other liabilities,Financial position,"50,525",ANZSIC06 division A
2014,Level 1,AA,"Agriculture, Forestry and Fishing",Dollars,H34,Total income per employee count,Financial ratios,"373,900",ANZSIC06 division A
2014,Level 1,AA,"Agriculture, Forestry and Fishing",Dollars,H35,Surplus per employee count,Financial ratios,"65,800",ANZSIC06 division A
2014,Level 1,AA,"Agriculture, Forestry and Fishing",Percentage,H36,Current ratio,Financial ratios,116,ANZSIC06 division A
2014,Level 1,AA,"Agriculture, Forestry and Fishing",Percentage,H37,Quick ratio,Financial ratios,57,ANZSIC06 division A
2014,Level 1,AA,"Agriculture, Forestry and Fishing",Percentage,H39,Return on equity,Financial ratios,10,ANZSIC06 division A
2014,Level 1,AA,"Agriculture, Forestry and Fishing",Percentage,H40,Return on total assets,Financial ratios,5,ANZSIC06 division A
2014,Level 1,AA,"Agriculture, Forestry and Fishing",Percentage,H41,Liabilities structure,Financial ratios,48,ANZSIC06 division A
2014,Level 3,AA11,Horticulture and Fruit Growing,Dollars (millions),H01,Total income,Financial performance,"3,441","ANZSIC06 groups A011, A012, and A013"
2014,Level 3,AA11,Horticulture and Fruit Growing,Dollars (millions),H04,"Sales, government funding, grants and subsidies",Financial performance,"3,284","ANZSIC06 groups A011, A012, and A013"
2014,Level 3,AA11,Horticulture and Fruit Growing,Dollars (millions),H05,"Interest, dividends and donations",Financial performance,45,"ANZSIC06 groups A011, A012, and A013"
2014,Level 3,AA11,Horticulture and Fruit Growing,Dollars (millions),H07,Non-operating income,Financial performance,112,"ANZSIC06 groups A011, A012, and A013"
2014,Level 3,AA11,Horticulture and Fruit Growing,Dollars (millions),H08,Total expenditure,Financial performance,"2,954","ANZSIC06 groups A011, A012, and A013"
2014,Level 3,AA11,Horticulture and Fruit Growing,Dollars (millions),H09,Interest and donations,Financial performance,191,"ANZSIC06 groups A011, A012, and A013"
2014,Level 3,AA11,Horticulture and Fruit Growing,Dollars (millions),H10,Indirect taxes,Financial performance,32,"ANZSIC06 groups A011, A012, and A013"
2014,Level 3,AA11,Horticulture and Fruit Growing,Dollars (millions),H11,Depreciation,Financial performance,159,"ANZSIC06 groups A011, A012, and A013"
2014,Level 3,AA11,Horticulture and Fruit Growing,Dollars (millions),H12,Salaries and wages paid,Financial performance,574,"ANZSIC06 groups A011, A012, and A013"
2014,Level 3,AA11,Horticulture and Fruit Growing,Dollars (millions),H13,Redundancy and severance,Financial performance,0,"ANZSIC06 groups A011, A012, and A013"
2014,Level 3,AA11,Horticulture and Fruit Growing,Dollars (millions),H19,Purchases and other operating expenses,Financial performance,"1,976","ANZSIC06 groups A011, A012, and A013"
2014,Level 3,AA11,Horticulture and Fruit Growing,Dollars (millions),H20,Non-operating expenses,Financial performance,22,"ANZSIC06 groups A011, A012, and A013"
2014,Level 3,AA11,Horticulture and Fruit Growing,Dollars (millions),H21,Opening stocks,Financial performance,275,"ANZSIC06 groups A011, A012, and A013"
2014,Level 3,AA11,Horticulture and Fruit Growing,Dollars (millions),H22,Closing stocks,Financial performance,302,"ANZSIC06 groups A011, A012, and A013"
2014,Level 3,AA11,Horticulture and Fruit Growing,Dollars (millions),H23,Surplus before income tax,Financial performance,513,"ANZSIC06 groups A011, A012, and A013"
2014,Level 3,AA11,Horticulture and Fruit Growing,Dollars (millions),H24,Total assets,Financial position,"9,893","ANZSIC06 groups A011, A012, and A013"
2014,Level 3,AA11,Horticulture and Fruit Growing,Dollars (millions),H25,Current assets,Financial position,"1,848","ANZSIC06 groups A011, A012, and A013"
2014,Level 3,AA11,Horticulture and Fruit Growing,Dollars (millions),H26,Fixed tangible assets,Financial position,"6,759","ANZSIC06 groups A011, A012, and A013"
2014,Level 3,AA11,Horticulture and Fruit Growing,Dollars (millions),H29,Other assets,Financial position,"1,287","ANZSIC06 groups A011, A012, and A013"
2014,Level 3,AA11,Horticulture and Fruit Growing,Dollars (millions),H30,Total equity and liabilities,Financial position,"9,893","ANZSIC06 groups A011, A012, and A013"
2014,Level 3,AA11,Horticulture and Fruit Growing,Dollars (millions),H31,Shareholders funds or owners equity,Financial position,"4,029","ANZSIC06 groups A011, A012, and A013"
2014,Level 3,AA11,Horticulture and Fruit Growing,Dollars (millions),H32,Current liabilities,Financial position,"2,606","ANZSIC06 groups A011, A012, and A013"
2014,Level 3,AA11,Horticulture and Fruit Growing,Dollars (millions),H33,Other liabilities,Financial position,"3,258","ANZSIC06 groups A011, A012, and A013"
2014,Level 3,AA11,Horticulture and Fruit Growing,Dollars,H34,Total income per employee count,Financial ratios,"145,900","ANZSIC06 groups A011, A012, and A013"
2014,Level 3,AA11,Horticulture and Fruit Growing,Dollars,H35,Surplus per employee count,Financial ratios,"21,800","ANZSIC06 groups A011, A012, and A013"
2014,Level 3,AA11,Horticulture and Fruit Growing,Percentage,H36,Current ratio,Financial ratios,71,"ANZSIC06 groups A011, A012, and A013"
2014,Level 3,AA11,Horticulture and Fruit Growing,Percentage,H37,Quick ratio,Financial ratios,59,"ANZSIC06 groups A011, A012, and A013"
2014,Level 3,AA11,Horticulture and Fruit Growing,Percentage,H39,Return on equity,Financial ratios,13,"ANZSIC06 groups A011, A012, and A013"
2014,Level 3,AA11,Horticulture and Fruit Growing,Percentage,H40,Return on total assets,Financial ratios,5,"ANZSIC06 groups A011, A012, and A013"
2014,Level 3,AA11,Horticulture and Fruit Growing,Percentage,H41,Liabilities structure,Financial ratios,41,"ANZSIC06 groups A011, A012, and A013"
2014,Level 4,AA111,Horticulture and Fruit Growing,Dollars (millions),H01,Total income,Financial performance,"3,441","ANZSIC06 groups A011, A012, and A013"
2014,Level 4,AA111,Horticulture and Fruit Growing,Dollars (millions),H04,"Sales, government funding, grants and subsidies",Financial performance,"3,284","ANZSIC06 groups A011, A012, and A013"
2014,Level 4,AA111,Horticulture and Fruit Growing,Dollars (millions),H05,"Interest, dividends and donations",Financial performance,45,"ANZSIC06 groups A011, A012, and A013"
2014,Level 4,AA111,Horticulture and Fruit Growing,Dollars (millions),H07,Non-operating income,Financial performance,112,"ANZSIC06 groups A011, A012, and A013"
2014,Level 4,AA111,Horticulture and Fruit Growing,Dollars (millions),H08,Total expenditure,Financial performance,"2,954","ANZSIC06 groups A011, A012, and A013"
2014,Level 4,AA111,Horticulture and Fruit Growing,Dollars (millions),H09,Interest and donations,Financial performance,191,"ANZSIC06 groups A011, A012, and A013"
2014,Level 4,AA111,Horticulture and Fruit Growing,Dollars (millions),H10,Indirect taxes,Financial performance,32,"ANZSIC06 groups A011, A012, and A013"
2014,Level 4,AA111,Horticulture and Fruit Growing,Dollars (millions),H11,Depreciation,Financial performance,159,"ANZSIC06 groups A011, A012, and A013"
2014,Level 4,AA111,Horticulture and Fruit Growing,Dollars (millions),H12,Salaries and wages paid,Financial performance,574,"ANZSIC06 groups A011, A012, and A013"
2014,Level 4,AA111,Horticulture and Fruit Growing,Dollars (millions),H13,Redundancy and severance,Financial performance,0,"ANZSIC06 groups A011, A012, and A013"
2014,Level 4,AA111,Horticulture and Fruit Growing,Dollars (millions),H19,Purchases and other operating expenses,Financial performance,"1,976","ANZSIC06 groups A011, A012, and A013"
2014,Level 4,AA111,Horticulture and Fruit Growing,Dollars (millions),H20,Non-operating expenses,Financial performance,22,"ANZSIC06 groups A011, A012, and A013"
2014,Level 4,AA111,Horticulture and Fruit Growing,Dollars (millions),H21,Opening stocks,Financial performance,275,"ANZSIC06 groups A011, A012, and A013"
2014,Level 4,AA111,Horticulture and Fruit Growing,Dollars (millions),H22,Closing stocks,Financial performance,302,"ANZSIC06 groups A011, A012, and A013"
2014,Level 4,AA111,Horticulture and Fruit Growing,Dollars (millions),H23,Surplus before income tax,Financial performance,513,"ANZSIC06 groups A011, A012, and A013"
2014,Level 4,AA111,Horticulture and Fruit Growing,Dollars (millions),H24,Total assets,Financial position,"9,893","ANZSIC06 groups A011, A012, and A013"
2014,Level 4,AA111,Horticulture and Fruit Growing,Dollars (millions),H25,Current assets,Financial position,"1,848","ANZSIC06 groups A011, A012, and A013"
2014,Level 4,AA111,Horticulture and Fruit Growing,Dollars (millions),H26,Fixed tangible assets,Financial position,"6,759","ANZSIC06 groups A011, A012, and A013"
2014,Level 4,AA111,Horticulture and Fruit Growing,Dollars (millions),H29,Other assets,Financial position,"1,287","ANZSIC06 groups A011, A012, and A013"
2014,Level 4,AA111,Horticulture and Fruit Growing,Dollars (millions),H30,Total equity and liabilities,Financial position,"9,893","ANZSIC06 groups A011, A012, and A013"
2014,Level 4,AA111,Horticulture and Fruit Growing,Dollars (millions),H31,Shareholders funds or owners equity,Financial position,"4,029","ANZSIC06 groups A011, A012, and A013"
2014,Level 4,AA111,Horticulture and Fruit Growing,Dollars (millions),H32,Current liabilities,Financial position,"2,606","ANZSIC06 groups A011, A012, and A013"
2014,Level 4,AA111,Horticulture and Fruit Growing,Dollars (millions),H33,Other liabilities,Financial position,"3,258","ANZSIC06 groups A011, A012, and A013"
2014,Level 4,AA111,Horticulture and Fruit Growing,Dollars,H34,Total income per employee count,Financial ratios,"145,900","ANZSIC06 groups A011, A012, and A013"
2014,Level 4,AA111,Horticulture and Fruit Growing,Dollars,H35,Surplus per employee count,Financial ratios,"21,800","ANZSIC06 groups A011, A012, and A013"
2014,Level 4,AA111,Horticulture and Fruit Growing,Percentage,H36,Current ratio,Financial ratios,71,"ANZSIC06 groups A011, A012, and A013"
2014,Level 4,AA111,Horticulture and Fruit Growing,Percentage,H37,Quick ratio,Financial ratios,59,"ANZSIC06 groups A011, A012, and A013"
2014,Level 4,AA111,Horticulture and Fruit Growing,Percentage,H39,Return on equity,Financial ratios,13,"ANZSIC06 groups A011, A012, and A013"
2014,Level 4,AA111,Horticulture and Fruit Growing,Percentage,H40,Return on total assets,Financial ratios,5,"ANZSIC06 groups A011, A012, and A013"
2014,Level 4,AA111,Horticulture and Fruit Growing,Percentage,H41,Liabilities structure,Financial ratios,41,"ANZSIC06 groups A011, A012, and A013"
2014,Level 3,AA12,"Sheep, Beef Cattle and Grain Farming",Dollars (millions),H01,Total income,Financial performance,"9,720",ANZSIC06 groups A014 and A015
2014,Level 3,AA12,"Sheep, Beef Cattle and Grain Farming",Dollars (millions),H04,"Sales, government funding, grants and subsidies",Financial performance,"8,972",ANZSIC06 groups A014 and A015
2014,Level 3,AA12,"Sheep, Beef Cattle and Grain Farming",Dollars (millions),H05,"Interest, dividends and donations",Financial performance,C,ANZSIC06 groups A014 and A015
2014,Level 3,AA12,"Sheep, Beef Cattle and Grain Farming",Dollars (millions),H07,Non-operating income,Financial performance,C,ANZSIC06 groups A014 and A015
2014,Level 3,AA12,"Sheep, Beef Cattle and Grain Farming",Dollars (millions),H08,Total expenditure,Financial performance,"8,213",ANZSIC06 groups A014 and A015
2014,Level 3,AA12,"Sheep, Beef Cattle and Grain Farming",Dollars (millions),H09,Interest and donations,Financial performance,640,ANZSIC06 groups A014 and A015
2014,Level 3,AA12,"Sheep, Beef Cattle and Grain Farming",Dollars (millions),H10,Indirect taxes,Financial performance,163,ANZSIC06 groups A014 and A015
2014,Level 3,AA12,"Sheep, Beef Cattle and Grain Farming",Dollars (millions),H11,Depreciation,Financial performance,436,ANZSIC06 groups A014 and A015
2014,Level 3,AA12,"Sheep, Beef Cattle and Grain Farming",Dollars (millions),H12,Salaries and wages paid,Financial performance,838,ANZSIC06 groups A014 and A015
2014,Level 3,AA12,"Sheep, Beef Cattle and Grain Farming",Dollars (millions),H13,Redundancy and severance,Financial performance,0,ANZSIC06 groups A014 and A015
2014,Level 3,AA12,"Sheep, Beef Cattle and Grain Farming",Dollars (millions),H19,Purchases and other operating expenses,Financial performance,"6,074",ANZSIC06 groups A014 and A015
2014,Level 3,AA12,"Sheep, Beef Cattle and Grain Farming",Dollars (millions),H20,Non-operating expenses,Financial performance,63,ANZSIC06 groups A014 and A015
2014,Level 3,AA12,"Sheep, Beef Cattle and Grain Farming",Dollars (millions),H21,Opening stocks,Financial performance,"4,906",ANZSIC06 groups A014 and A015
2014,Level 3,AA12,"Sheep, Beef Cattle and Grain Farming",Dollars (millions),H22,Closing stocks,Financial performance,"4,981",ANZSIC06 groups A014 and A015
2014,Level 3,AA12,"Sheep, Beef Cattle and Grain Farming",Dollars (millions),H23,Surplus before income tax,Financial performance,"1,581",ANZSIC06 groups A014 and A015
2014,Level 3,AA12,"Sheep, Beef Cattle and Grain Farming",Dollars (millions),H24,Total assets,Financial position,"46,822",ANZSIC06 groups A014 and A015
2014,Level 3,AA12,"Sheep, Beef Cattle and Grain Farming",Dollars (millions),H25,Current assets,Financial position,"9,286",ANZSIC06 groups A014 and A015
2014,Level 3,AA12,"Sheep, Beef Cattle and Grain Farming",Dollars (millions),H26,Fixed tangible assets,Financial position,"29,509",ANZSIC06 groups A014 and A015
2014,Level 3,AA12,"Sheep, Beef Cattle and Grain Farming",Dollars (millions),H29,Other assets,Financial position,"8,028",ANZSIC06 groups A014 and A015
2014,Level 3,AA12,"Sheep, Beef Cattle and Grain Farming",Dollars (millions),H30,Total equity and liabilities,Financial position,"46,822",ANZSIC06 groups A014 and A015
2014,Level 3,AA12,"Sheep, Beef Cattle and Grain Farming",Dollars (millions),H31,Shareholders funds or owners equity,Financial position,"27,295",ANZSIC06 groups A014 and A015
2014,Level 3,AA12,"Sheep, Beef Cattle and Grain Farming",Dollars (millions),H32,Current liabilities,Financial position,"7,182",ANZSIC06 groups A014 and A015
2014,Level 3,AA12,"Sheep, Beef Cattle and Grain Farming",Dollars (millions),H33,Other liabilities,Financial position,"12,346",ANZSIC06 groups A014 and A015
2014,Level 3,AA12,"Sheep, Beef Cattle and Grain Farming",Dollars,H34,Total income per employee count,Financial ratios,"470,700",ANZSIC06 groups A014 and A015
2014,Level 3,AA12,"Sheep, Beef Cattle and Grain Farming",Dollars,H35,Surplus per employee count,Financial ratios,"76,600",ANZSIC06 groups A014 and A015
2014,Level 3,AA12,"Sheep, Beef Cattle and Grain Farming",Percentage,H36,Current ratio,Financial ratios,129,ANZSIC06 groups A014 and A015
2014,Level 3,AA12,"Sheep, Beef Cattle and Grain Farming",Percentage,H37,Quick ratio,Financial ratios,60,ANZSIC06 groups A014 and A015
2014,Level 3,AA12,"Sheep, Beef Cattle and Grain Farming",Percentage,H39,Return on equity,Financial ratios,6,ANZSIC06 groups A014 and A015
2014,Level 3,AA12,"Sheep, Beef Cattle and Grain Farming",Percentage,H40,Return on total assets,Financial ratios,3,ANZSIC06 groups A014 and A015
2014,Level 3,AA12,"Sheep, Beef Cattle and Grain Farming",Percentage,H41,Liabilities structure,Financial ratios,58,ANZSIC06 groups A014 and A015
2014,Level 4,AA121,"Sheep, Beef Cattle and Grain Farming",Dollars (millions),H01,Total income,Financial performance,"9,720",ANZSIC06 groups A014 and A015
2014,Level 4,AA121,"Sheep, Beef Cattle and Grain Farming",Dollars (millions),H04,"Sales, government funding, grants and subsidies",Financial performance,"8,972",ANZSIC06 groups A014 and A015
2014,Level 4,AA121,"Sheep, Beef Cattle and Grain Farming",Dollars (millions),H05,"Interest, dividends and donations",Financial performance,C,ANZSIC06 groups A014 and A015
