Year,Industry_aggregation_NZSIOC,Industry_code_NZSIOC,Industry_name_NZSIOC,Units,Variable_code,Variable_name,Variable_category,Value,Industry_code_ANZSIC06
2018,Level 3,GH11,Motor Vehicle and Motor Vehicle Parts and Fuel Retailing,Dollars (millions),H06,"Government funding, grants and subsidies",Financial performance,0,"ANZSIC06 groups G391, G392, and G400"
2018,Level 3,GH11,Motor Vehicle and Motor Vehicle Parts and Fuel Retailing,Dollars (millions),H07,Non-operating income,Financial performance,17,"ANZSIC06 groups G391, G392, and G400"
2018,Level 3,GH11,Motor Vehicle and Motor Vehicle Parts and Fuel Retailing,Dollars (millions),H08,Total expenditure,Financial performance,"18,462","ANZSIC06 groups G391, G392, and G400"
2018,Level 3,GH11,Motor Vehicle and Motor Vehicle Parts and Fuel Retailing,Dollars (millions),H09,Interest and donations,Financial performance,100,"ANZSIC06 groups G391, G392, and G400"
2018,Level 3,GH11,Motor Vehicle and Motor Vehicle Parts and Fuel Retailing,Dollars (millions),H10,Indirect taxes,Financial performance,40,"ANZSIC06 groups G391, G392, and G400"
2018,Level 3,GH11,Motor Vehicle and Motor Vehicle Parts and Fuel Retailing,Dollars (millions),H11,Depreciation,Financial performance,115,"ANZSIC06 groups G391, G392, and G400"
2018,Level 3,GH11,Motor Vehicle and Motor Vehicle Parts and Fuel Retailing,Dollars (millions),H12,Salaries and wages paid,Financial performance,"1,385","ANZSIC06 groups G391, G392, and G400"
2018,Level 3,GH11,Motor Vehicle and Motor Vehicle Parts and Fuel Retailing,Dollars (millions),H13,Redundancy and severance,Financial performance,1,"ANZSIC06 groups G391, G392, and G400"
2018,Level 3,GH11,Motor Vehicle and Motor Vehicle Parts and Fuel Retailing,Dollars (millions),H17,Purchases of goods bought for resale,Financial performance,"15,600","ANZSIC06 groups G391, G392, and G400"
2018,Level 3,GH11,Motor Vehicle and Motor Vehicle Parts and Fuel Retailing,Dollars (millions),H18,Other Purchases and operating expenses,Financial performance,"1,186","ANZSIC06 groups G391, G392, and G400"
2018,Level 3,GH11,Motor Vehicle and Motor Vehicle Parts and Fuel Retailing,Dollars (millions),H20,Non-operating expenses,Financial performance,36,"ANZSIC06 groups G391, G392, and G400"
2018,Level 3,GH11,Motor Vehicle and Motor Vehicle Parts and Fuel Retailing,Dollars (millions),H21,Opening stocks,Financial performance,"1,999","ANZSIC06 groups G391, G392, and G400"
2018,Level 3,GH11,Motor Vehicle and Motor Vehicle Parts and Fuel Retailing,Dollars (millions),H22,Closing stocks,Financial performance,"2,182","ANZSIC06 groups G391, G392, and G400"
2018,Level 3,GH11,Motor Vehicle and Motor Vehicle Parts and Fuel Retailing,Dollars (millions),H23,Surplus before income tax,Financial performance,504,"ANZSIC06 groups G391, G392, and G400"
2018,Level 3,GH11,Motor Vehicle and Motor Vehicle Parts and Fuel Retailing,Dollars (millions),H24,Total assets,Financial position,"5,518","ANZSIC06 groups G391, G392, and G400"
2018,Level 3,GH11,Motor Vehicle and Motor Vehicle Parts and Fuel Retailing,Dollars (millions),H25,Current assets,Financial position,"3,742","ANZSIC06 groups G391, G392, and G400"
2018,Level 3,GH11,Motor Vehicle and Motor Vehicle Parts and Fuel Retailing,Dollars (millions),H26,Fixed tangible assets,Financial position,"1,013","ANZSIC06 groups G391, G392, and G400"
2018,Level 3,GH11,Motor Vehicle and Motor Vehicle Parts and Fuel Retailing,Dollars (millions),H27,Additions to fixed assets,Financial position,257,"ANZSIC06 groups G391, G392, and G400"
2018,Level 3,GH11,Motor Vehicle and Motor Vehicle Parts and Fuel Retailing,Dollars (millions),H28,Disposals of fixed assets,Financial position,99,"ANZSIC06 groups G391, G392, and G400"
2018,Level 3,GH11,Motor Vehicle and Motor Vehicle Parts and Fuel Retailing,Dollars (millions),H29,Other assets,Financial position,763,"ANZSIC06 groups G391, G392, and G400"
2018,Level 3,GH11,Motor Vehicle and Motor Vehicle Parts and Fuel Retailing,Dollars (millions),H30,Total equity and liabilities,Financial position,"5,518","ANZSIC06 groups G391, G392, and G400"
2018,Level 3,GH11,Motor Vehicle and Motor Vehicle Parts and Fuel Retailing,Dollars (millions),H31,Shareholders funds or owners equity,Financial position,"1,923","ANZSIC06 groups G391, G392, and G400"
2018,Level 3,GH11,Motor Vehicle and Motor Vehicle Parts and Fuel Retailing,Dollars (millions),H32,Current liabilities,Financial position,"2,690","ANZSIC06 groups G391, G392, and G400"
2018,Level 3,GH11,Motor Vehicle and Motor Vehicle Parts and Fuel Retailing,Dollars (millions),H33,Other liabilities,Financial position,905,"ANZSIC06 groups G391, G392, and G400"
2018,Level 3,GH11,Motor Vehicle and Motor Vehicle Parts and Fuel Retailing,Dollars,H34,Total income per employee count,Financial ratios,"666,500","ANZSIC06 groups G391, G392, and G400"
2018,Level 3,GH11,Motor Vehicle and Motor Vehicle Parts and Fuel Retailing,Dollars,H35,Surplus per employee count,Financial ratios,"17,900","ANZSIC06 groups G391, G392, and G400"
2018,Level 3,GH11,Motor Vehicle and Motor Vehicle Parts and Fuel Retailing,Percentage,H36,Current ratio,Financial ratios,139,"ANZSIC06 groups G391, G392, and G400"
2018,Level 3,GH11,Motor Vehicle and Motor Vehicle Parts and Fuel Retailing,Percentage,H37,Quick ratio,Financial ratios,58,"ANZSIC06 groups G391, G392, and G400"
2018,Level 3,GH11,Motor Vehicle and Motor Vehicle Parts and Fuel Retailing,Percentage,H38,Margin on sales of goods for resale,Financial ratios,14,"ANZSIC06 groups G391, G392, and G400"
2018,Level 3,GH11,Motor Vehicle and Motor Vehicle Parts and Fuel Retailing,Percentage,H39,Return on equity,Financial ratios,26,"ANZSIC06 groups G391, G392, and G400"
2018,Level 3,GH11,Motor Vehicle and Motor Vehicle Parts and Fuel Retailing,Percentage,H40,Return on total assets,Financial ratios,9,"ANZSIC06 groups G391, G392, and G400"
2018,Level 3,GH11,Motor Vehicle and Motor Vehicle Parts and Fuel Retailing,Percentage,H41,Liabilities structure,Financial ratios,35,"ANZSIC06 groups G391, G392, and G400"
2018,Level 3,GH12,"Supermarket, Grocery Stores and Specialised Food Retailing",Dollars (millions),H01,Total income,Financial performance,"23,269",ANZSIC06 groups G411 and G412
2018,Level 3,GH12,"Supermarket, Grocery Stores and Specialised Food Retailing",Dollars (millions),H02,Sales of goods not further processed,Financial performance,"22,500",ANZSIC06 groups G411 and G412
2018,Level 3,GH12,"Supermarket, Grocery Stores and Specialised Food Retailing",Dollars (millions),H03,Sales of other goods and services,Financial performance,690,ANZSIC06 groups G411 and G412
2018,Level 3,GH12,"Supermarket, Grocery Stores and Specialised Food Retailing",Dollars (millions),H05,"Interest, dividends and donations",Financial performance,49,ANZSIC06 groups G411 and G412
2018,Level 3,GH12,"Supermarket, Grocery Stores and Specialised Food Retailing",Dollars (millions),H06,"Government funding, grants and subsidies",Financial performance,0,ANZSIC06 groups G411 and G412
2018,Level 3,GH12,"Supermarket, Grocery Stores and Specialised Food Retailing",Dollars (millions),H07,Non-operating income,Financial performance,29,ANZSIC06 groups G411 and G412
2018,Level 3,GH12,"Supermarket, Grocery Stores and Specialised Food Retailing",Dollars (millions),H08,Total expenditure,Financial performance,"22,435",ANZSIC06 groups G411 and G412
2018,Level 3,GH12,"Supermarket, Grocery Stores and Specialised Food Retailing",Dollars (millions),H09,Interest and donations,Financial performance,67,ANZSIC06 groups G411 and G412
2018,Level 3,GH12,"Supermarket, Grocery Stores and Specialised Food Retailing",Dollars (millions),H10,Indirect taxes,Financial performance,40,ANZSIC06 groups G411 and G412
2018,Level 3,GH12,"Supermarket, Grocery Stores and Specialised Food Retailing",Dollars (millions),H11,Depreciation,Financial performance,263,ANZSIC06 groups G411 and G412
2018,Level 3,GH12,"Supermarket, Grocery Stores and Specialised Food Retailing",Dollars (millions),H12,Salaries and wages paid,Financial performance,"2,274",ANZSIC06 groups G411 and G412
2018,Level 3,GH12,"Supermarket, Grocery Stores and Specialised Food Retailing",Dollars (millions),H13,Redundancy and severance,Financial performance,1,ANZSIC06 groups G411 and G412
2018,Level 3,GH12,"Supermarket, Grocery Stores and Specialised Food Retailing",Dollars (millions),H17,Purchases of goods bought for resale,Financial performance,"17,923",ANZSIC06 groups G411 and G412
2018,Level 3,GH12,"Supermarket, Grocery Stores and Specialised Food Retailing",Dollars (millions),H18,Other Purchases and operating expenses,Financial performance,"1,838",ANZSIC06 groups G411 and G412
2018,Level 3,GH12,"Supermarket, Grocery Stores and Specialised Food Retailing",Dollars (millions),H20,Non-operating expenses,Financial performance,30,ANZSIC06 groups G411 and G412
2018,Level 3,GH12,"Supermarket, Grocery Stores and Specialised Food Retailing",Dollars (millions),H21,Opening stocks,Financial performance,"1,072",ANZSIC06 groups G411 and G412
2018,Level 3,GH12,"Supermarket, Grocery Stores and Specialised Food Retailing",Dollars (millions),H22,Closing stocks,Financial performance,"1,121",ANZSIC06 groups G411 and G412
2018,Level 3,GH12,"Supermarket, Grocery Stores and Specialised Food Retailing",Dollars (millions),H23,Surplus before income tax,Financial performance,883,ANZSIC06 groups G411 and G412
2018,Level 3,GH12,"Supermarket, Grocery Stores and Specialised Food Retailing",Dollars (millions),H24,Total assets,Financial position,"7,496",ANZSIC06 groups G411 and G412
2018,Level 3,GH12,"Supermarket, Grocery Stores and Specialised Food Retailing",Dollars (millions),H25,Current assets,Financial position,"3,260",ANZSIC06 groups G411 and G412
2018,Level 3,GH12,"Supermarket, Grocery Stores and Specialised Food Retailing",Dollars (millions),H26,Fixed tangible assets,Financial position,"2,243",ANZSIC06 groups G411 and G412
2018,Level 3,GH12,"Supermarket, Grocery Stores and Specialised Food Retailing",Dollars (millions),H27,Additions to fixed assets,Financial position,446,ANZSIC06 groups G411 and G412
2018,Level 3,GH12,"Supermarket, Grocery Stores and Specialised Food Retailing",Dollars (millions),H28,Disposals of fixed assets,Financial position,124,ANZSIC06 groups G411 and G412
2018,Level 3,GH12,"Supermarket, Grocery Stores and Specialised Food Retailing",Dollars (millions),H29,Other assets,Financial position,"1,994",ANZSIC06 groups G411 and G412
2018,Level 3,GH12,"Supermarket, Grocery Stores and Specialised Food Retailing",Dollars (millions),H30,Total equity and liabilities,Financial position,"7,496",ANZSIC06 groups G411 and G412
2018,Level 3,GH12,"Supermarket, Grocery Stores and Specialised Food Retailing",Dollars (millions),H31,Shareholders funds or owners equity,Financial position,"2,629",ANZSIC06 groups G411 and G412
2018,Level 3,GH12,"Supermarket, Grocery Stores and Specialised Food Retailing",Dollars (millions),H32,Current liabilities,Financial position,"3,640",ANZSIC06 groups G411 and G412
2018,Level 3,GH12,"Supermarket, Grocery Stores and Specialised Food Retailing",Dollars (millions),H33,Other liabilities,Financial position,"1,227",ANZSIC06 groups G411 and G412
2018,Level 3,GH12,"Supermarket, Grocery Stores and Specialised Food Retailing",Dollars,H34,Total income per employee count,Financial ratios,"338,500",ANZSIC06 groups G411 and G412
2018,Level 3,GH12,"Supermarket, Grocery Stores and Specialised Food Retailing",Dollars,H35,Surplus per employee count,Financial ratios,"12,800",ANZSIC06 groups G411 and G412
2018,Level 3,GH12,"Supermarket, Grocery Stores and Specialised Food Retailing",Percentage,H36,Current ratio,Financial ratios,90,ANZSIC06 groups G411 and G412
2018,Level 3,GH12,"Supermarket, Grocery Stores and Specialised Food Retailing",Percentage,H37,Quick ratio,Financial ratios,59,ANZSIC06 groups G411 and G412
2018,Level 3,GH12,"Supermarket, Grocery Stores and Specialised Food Retailing",Percentage,H38,Margin on sales of goods for resale,Financial ratios,20,ANZSIC06 groups G411 and G412
2018,Level 3,GH12,"Supermarket, Grocery Stores and Specialised Food Retailing",Percentage,H39,Return on equity,Financial ratios,34,ANZSIC06 groups G411 and G412
2018,Level 3,GH12,"Supermarket, Grocery Stores and Specialised Food Retailing",Percentage,H40,Return on total assets,Financial ratios,12,ANZSIC06 groups G411 and G412
2018,Level 3,GH12,"Supermarket, Grocery Stores and Specialised Food Retailing",Percentage,H41,Liabilities structure,Financial ratios,35,ANZSIC06 groups G411 and G412
2018,Level 4,GH131,"Furniture, Electrical and Hardware Retailing",Dollars (millions),H01,Total income,Financial performance,"13,914","ANZSIC06 groups G421, G422, and G423"
2018,Level 4,GH131,"Furniture, Electrical and Hardware Retailing",Dollars (millions),H02,Sales of goods not further processed,Financial performance,"13,441","ANZSIC06 groups G421, G422, and G423"
2018,Level 4,GH131,"Furniture, Electrical and Hardware Retailing",Dollars (millions),H03,Sales of other goods and services,Financial performance,379,"ANZSIC06 groups G421, G422, and G423"
2018,Level 4,GH131,"Furniture, Electrical and Hardware Retailing",Dollars (millions),H05,"Interest, dividends and donations",Financial performance,43,"ANZSIC06 groups G421, G422, and G423"
2018,Level 4,GH131,"Furniture, Electrical and Hardware Retailing",Dollars (millions),H06,"Government funding, grants and subsidies",Financial performance,0,"ANZSIC06 groups G421, G422, and G423"
2018,Level 4,GH131,"Furniture, Electrical and Hardware Retailing",Dollars (millions),H07,Non-operating income,Financial performance,51,"ANZSIC06 groups G421, G422, and G423"
2018,Level 4,GH131,"Furniture, Electrical and Hardware Retailing",Dollars (millions),H08,Total expenditure,Financial performance,"13,276","ANZSIC06 groups G421, G422, and G423"
2018,Level 4,GH131,"Furniture, Electrical and Hardware Retailing",Dollars (millions),H09,Interest and donations,Financial performance,51,"ANZSIC06 groups G421, G422, and G423"
2018,Level 4,GH131,"Furniture, Electrical and Hardware Retailing",Dollars (millions),H10,Indirect taxes,Financial performance,41,"ANZSIC06 groups G421, G422, and G423"
2018,Level 4,GH131,"Furniture, Electrical and Hardware Retailing",Dollars (millions),H11,Depreciation,Financial performance,134,"ANZSIC06 groups G421, G422, and G423"
2018,Level 4,GH131,"Furniture, Electrical and Hardware Retailing",Dollars (millions),H12,Salaries and wages paid,Financial performance,"1,834","ANZSIC06 groups G421, G422, and G423"
2018,Level 4,GH131,"Furniture, Electrical and Hardware Retailing",Dollars (millions),H13,Redundancy and severance,Financial performance,2,"ANZSIC06 groups G421, G422, and G423"
2018,Level 4,GH131,"Furniture, Electrical and Hardware Retailing",Dollars (millions),H17,Purchases of goods bought for resale,Financial performance,"9,532","ANZSIC06 groups G421, G422, and G423"
2018,Level 4,GH131,"Furniture, Electrical and Hardware Retailing",Dollars (millions),H18,Other Purchases and operating expenses,Financial performance,"1,635","ANZSIC06 groups G421, G422, and G423"
2018,Level 4,GH131,"Furniture, Electrical and Hardware Retailing",Dollars (millions),H20,Non-operating expenses,Financial performance,49,"ANZSIC06 groups G421, G422, and G423"
2018,Level 4,GH131,"Furniture, Electrical and Hardware Retailing",Dollars (millions),H21,Opening stocks,Financial performance,"1,741","ANZSIC06 groups G421, G422, and G423"
2018,Level 4,GH131,"Furniture, Electrical and Hardware Retailing",Dollars (millions),H22,Closing stocks,Financial performance,"1,835","ANZSIC06 groups G421, G422, and G423"
2018,Level 4,GH131,"Furniture, Electrical and Hardware Retailing",Dollars (millions),H23,Surplus before income tax,Financial performance,732,"ANZSIC06 groups G421, G422, and G423"
2018,Level 4,GH131,"Furniture, Electrical and Hardware Retailing",Dollars (millions),H24,Total assets,Financial position,"5,655","ANZSIC06 groups G421, G422, and G423"
2018,Level 4,GH131,"Furniture, Electrical and Hardware Retailing",Dollars (millions),H25,Current assets,Financial position,"3,923","ANZSIC06 groups G421, G422, and G423"
2018,Level 4,GH131,"Furniture, Electrical and Hardware Retailing",Dollars (millions),H26,Fixed tangible assets,Financial position,921,"ANZSIC06 groups G421, G422, and G423"
2018,Level 4,GH131,"Furniture, Electrical and Hardware Retailing",Dollars (millions),H27,Additions to fixed assets,Financial position,217,"ANZSIC06 groups G421, G422, and G423"
2018,Level 4,GH131,"Furniture, Electrical and Hardware Retailing",Dollars (millions),H28,Disposals of fixed assets,Financial position,84,"ANZSIC06 groups G421, G422, and G423"
2018,Level 4,GH131,"Furniture, Electrical and Hardware Retailing",Dollars (millions),H29,Other assets,Financial position,810,"ANZSIC06 groups G421, G422, and G423"
2018,Level 4,GH131,"Furniture, Electrical and Hardware Retailing",Dollars (millions),H30,Total equity and liabilities,Financial position,"5,655","ANZSIC06 groups G421, G422, and G423"
2018,Level 4,GH131,"Furniture, Electrical and Hardware Retailing",Dollars (millions),H31,Shareholders funds or owners equity,Financial position,"1,806","ANZSIC06 groups G421, G422, and G423"
2018,Level 4,GH131,"Furniture, Electrical and Hardware Retailing",Dollars (millions),H32,Current liabilities,Financial position,"2,876","ANZSIC06 groups G421, G422, and G423"
2018,Level 4,GH131,"Furniture, Electrical and Hardware Retailing",Dollars (millions),H33,Other liabilities,Financial position,973,"ANZSIC06 groups G421, G422, and G423"
2018,Level 4,GH131,"Furniture, Electrical and Hardware Retailing",Dollars,H34,Total income per employee count,Financial ratios,"370,400","ANZSIC06 groups G421, G422, and G423"
2018,Level 4,GH131,"Furniture, Electrical and Hardware Retailing",Dollars,H35,Surplus per employee count,Financial ratios,"19,500","ANZSIC06 groups G421, G422, and G423"
2018,Level 4,GH131,"Furniture, Electrical and Hardware Retailing",Percentage,H36,Current ratio,Financial ratios,136,"ANZSIC06 groups G421, G422, and G423"
2018,Level 4,GH131,"Furniture, Electrical and Hardware Retailing",Percentage,H37,Quick ratio,Financial ratios,73,"ANZSIC06 groups G421, G422, and G423"
2018,Level 4,GH131,"Furniture, Electrical and Hardware Retailing",Percentage,H38,Margin on sales of goods for resale,Financial ratios,29,"ANZSIC06 groups G421, G422, and G423"
2018,Level 4,GH131,"Furniture, Electrical and Hardware Retailing",Percentage,H39,Return on equity,Financial ratios,41,"ANZSIC06 groups G421, G422, and G423"
2018,Level 4,GH131,"Furniture, Electrical and Hardware Retailing",Percentage,H40,Return on total assets,Financial ratios,13,"ANZSIC06 groups G421, G422, and G423"
2018,Level 4,GH131,"Furniture, Electrical and Hardware Retailing",Percentage,H41,Liabilities structure,Financial ratios,32,"ANZSIC06 groups G421, G422, and G423"
2018,Level 4,GH132,"Recreational, Clothing, Footwear and Personal Accessory Retailing",Dollars (millions),H01,Total income,Financial performance,"6,227",ANZSIC06 groups G424 and G425
2018,Level 4,GH132,"Recreational, Clothing, Footwear and Personal Accessory Retailing",Dollars (millions),H02,Sales of goods not further processed,Financial performance,"5,936",ANZSIC06 groups G424 and G425
2018,Level 4,GH132,"Recreational, Clothing, Footwear and Personal Accessory Retailing",Dollars (millions),H03,Sales of other goods and services,Financial performance,233,ANZSIC06 groups G424 and G425
2018,Level 4,GH132,"Recreational, Clothing, Footwear and Personal Accessory Retailing",Dollars (millions),H05,"Interest, dividends and donations",Financial performance,32,ANZSIC06 groups G424 and G425
2018,Level 4,GH132,"Recreational, Clothing, Footwear and Personal Accessory Retailing",Dollars (millions),H06,"Government funding, grants and subsidies",Financial performance,0,ANZSIC06 groups G424 and G425
2018,Level 4,GH132,"Recreational, Clothing, Footwear and Personal Accessory Retailing",Dollars (millions),H07,Non-operating income,Financial performance,26,ANZSIC06 groups G424 and G425
2018,Level 4,GH132,"Recreational, Clothing, Footwear and Personal Accessory Retailing",Dollars (millions),H08,Total expenditure,Financial performance,"5,917",ANZSIC06 groups G424 and G425
2018,Level 4,GH132,"Recreational, Clothing, Footwear and Personal Accessory Retailing",Dollars (millions),H09,Interest and donations,Financial performance,70,ANZSIC06 groups G424 and G425
2018,Level 4,GH132,"Recreational, Clothing, Footwear and Personal Accessory Retailing",Dollars (millions),H10,Indirect taxes,Financial performance,20,ANZSIC06 groups G424 and G425
2018,Level 4,GH132,"Recreational, Clothing, Footwear and Personal Accessory Retailing",Dollars (millions),H11,Depreciation,Financial performance,108,ANZSIC06 groups G424 and G425
2018,Level 4,GH132,"Recreational, Clothing, Footwear and Personal Accessory Retailing",Dollars (millions),H12,Salaries and wages paid,Financial performance,"1,034",ANZSIC06 groups G424 and G425
2018,Level 4,GH132,"Recreational, Clothing, Footwear and Personal Accessory Retailing",Dollars (millions),H13,Redundancy and severance,Financial performance,C,ANZSIC06 groups G424 and G425
2018,Level 4,GH132,"Recreational, Clothing, Footwear and Personal Accessory Retailing",Dollars (millions),H17,Purchases of goods bought for resale,Financial performance,"3,106",ANZSIC06 groups G424 and G425
2018,Level 4,GH132,"Recreational, Clothing, Footwear and Personal Accessory Retailing",Dollars (millions),H18,Other Purchases and operating expenses,Financial performance,"1,496",ANZSIC06 groups G424 and G425
2018,Level 4,GH132,"Recreational, Clothing, Footwear and Personal Accessory Retailing",Dollars (millions),H20,Non-operating expenses,Financial performance,82,ANZSIC06 groups G424 and G425
2018,Level 4,GH132,"Recreational, Clothing, Footwear and Personal Accessory Retailing",Dollars (millions),H21,Opening stocks,Financial performance,"1,306",ANZSIC06 groups G424 and G425
2018,Level 4,GH132,"Recreational, Clothing, Footwear and Personal Accessory Retailing",Dollars (millions),H22,Closing stocks,Financial performance,"1,305",ANZSIC06 groups G424 and G425
2018,Level 4,GH132,"Recreational, Clothing, Footwear and Personal Accessory Retailing",Dollars (millions),H23,Surplus before income tax,Financial performance,309,ANZSIC06 groups G424 and G425
2018,Level 4,GH132,"Recreational, Clothing, Footwear and Personal Accessory Retailing",Dollars (millions),H24,Total assets,Financial position,"4,102",ANZSIC06 groups G424 and G425
2018,Level 4,GH132,"Recreational, Clothing, Footwear and Personal Accessory Retailing",Dollars (millions),H25,Current assets,Financial position,"2,389",ANZSIC06 groups G424 and G425
2018,Level 4,GH132,"Recreational, Clothing, Footwear and Personal Accessory Retailing",Dollars (millions),H26,Fixed tangible assets,Financial position,656,ANZSIC06 groups G424 and G425
2018,Level 4,GH132,"Recreational, Clothing, Footwear and Personal Accessory Retailing",Dollars (millions),H27,Additions to fixed assets,Financial position,190,ANZSIC06 groups G424 and G425
2018,Level 4,GH132,"Recreational, Clothing, Footwear and Personal Accessory Retailing",Dollars (millions),H28,Disposals of fixed assets,Financial position,84,ANZSIC06 groups G424 and G425
2018,Level 4,GH132,"Recreational, Clothing, Footwear and Personal Accessory Retailing",Dollars (millions),H29,Other assets,Financial position,"1,058",ANZSIC06 groups G424 and G425
2018,Level 4,GH132,"Recreational, Clothing, Footwear and Personal Accessory Retailing",Dollars (millions),H30,Total equity and liabilities,Financial position,"4,102",ANZSIC06 groups G424 and G425
2018,Level 4,GH132,"Recreational, Clothing, Footwear and Personal Accessory Retailing",Dollars (millions),H31,Shareholders funds or owners equity,Financial position,"1,193",ANZSIC06 groups G424 and G425
2018,Level 4,GH132,"Recreational, Clothing, Footwear and Personal Accessory Retailing",Dollars (millions),H32,Current liabilities,Financial position,"2,117",ANZSIC06 groups G424 and G425
2018,Level 4,GH132,"Recreational, Clothing, Footwear and Personal Accessory Retailing",Dollars (millions),H33,Other liabilities,Financial position,792,ANZSIC06 groups G424 and G425
2018,Level 4,GH132,"Recreational, Clothing, Footwear and Personal Accessory Retailing",Dollars,H34,Total income per employee count,Financial ratios,"202,000",ANZSIC06 groups G424 and G425
2018,Level 4,GH132,"Recreational, Clothing, Footwear and Personal Accessory Retailing",Dollars,H35,Surplus per employee count,Financial ratios,"10,000",ANZSIC06 groups G424 and G425
2018,Level 4,GH132,"Recreational, Clothing, Footwear and Personal Accessory Retailing",Percentage,H36,Current ratio,Financial ratios,113,ANZSIC06 groups G424 and G425
2018,Level 4,GH132,"Recreational, Clothing, Footwear and Personal Accessory Retailing",Percentage,H37,Quick ratio,Financial ratios,51,ANZSIC06 groups G424 and G425
2018,Level 4,GH132,"Recreational, Clothing, Footwear and Personal Accessory Retailing",Percentage,H38,Margin on sales of goods for resale,Financial ratios,48,ANZSIC06 groups G424 and G425
2018,Level 4,GH132,"Recreational, Clothing, Footwear and Personal Accessory Retailing",Percentage,H39,Return on equity,Financial ratios,26,ANZSIC06 groups G424 and G425
2018,Level 4,GH132,"Recreational, Clothing, Footwear and Personal Accessory Retailing",Percentage,H40,Return on total assets,Financial ratios,8,ANZSIC06 groups G424 and G425
2018,Level 4,GH132,"Recreational, Clothing, Footwear and Personal Accessory Retailing",Percentage,H41,Liabilities structure,Financial ratios,29,ANZSIC06 groups G424 and G425
2018,Level 4,GH133,Department Stores,Dollars (millions),H01,Total income,Financial performance,"4,837",ANZSIC06 group G426
2018,Level 4,GH133,Department Stores,Dollars (millions),H02,Sales of goods not further processed,Financial performance,"4,806",ANZSIC06 group G426
2018,Level 4,GH133,Department Stores,Dollars (millions),H03,Sales of other goods and services,Financial performance,21,ANZSIC06 group G426
2018,Level 4,GH133,Department Stores,Dollars (millions),H05,"Interest, dividends and donations",Financial performance,9,ANZSIC06 group G426
2018,Level 4,GH133,Department Stores,Dollars (millions),H06,"Government funding, grants and subsidies",Financial performance,0,ANZSIC06 group G426
2018,Level 4,GH133,Department Stores,Dollars (millions),H07,Non-operating income,Financial performance,1,ANZSIC06 group G426
2018,Level 4,GH133,Department Stores,Dollars (millions),H08,Total expenditure,Financial performance,"4,645",ANZSIC06 group G426
2018,Level 4,GH133,Department Stores,Dollars (millions),H09,Interest and donations,Financial performance,C,ANZSIC06 group G426
2018,Level 4,GH133,Department Stores,Dollars (millions),H10,Indirect taxes,Financial performance,25,ANZSIC06 group G426
2018,Level 4,GH133,Department Stores,Dollars (millions),H11,Depreciation,Financial performance,76,ANZSIC06 group G426
2018,Level 4,GH133,Department Stores,Dollars (millions),H12,Salaries and wages paid,Financial performance,786,ANZSIC06 group G426
2018,Level 4,GH133,Department Stores,Dollars (millions),H13,Redundancy and severance,Financial performance,C,ANZSIC06 group G426
2018,Level 4,GH133,Department Stores,Dollars (millions),H17,Purchases of goods bought for resale,Financial performance,"3,021",ANZSIC06 group G426
2018,Level 4,GH133,Department Stores,Dollars (millions),H18,Other Purchases and operating expenses,Financial performance,708,ANZSIC06 group G426
2018,Level 4,GH133,Department Stores,Dollars (millions),H20,Non-operating expenses,Financial performance,C,ANZSIC06 group G426
2018,Level 4,GH133,Department Stores,Dollars (millions),H21,Opening stocks,Financial performance,745,ANZSIC06 group G426
2018,Level 4,GH133,Department Stores,Dollars (millions),H22,Closing stocks,Financial performance,761,ANZSIC06 group G426
2018,Level 4,GH133,Department Stores,Dollars (millions),H23,Surplus before income tax,Financial performance,208,ANZSIC06 group G426
2018,Level 4,GH133,Department Stores,Dollars (millions),H24,Total assets,Financial position,"2,374",ANZSIC06 group G426
2018,Level 4,GH133,Department Stores,Dollars (millions),H25,Current assets,Financial position,"1,433",ANZSIC06 group G426
2018,Level 4,GH133,Department Stores,Dollars (millions),H26,Fixed tangible assets,Financial position,478,ANZSIC06 group G426
2018,Level 4,GH133,Department Stores,Dollars (millions),H27,Additions to fixed assets,Financial position,100,ANZSIC06 group G426
2018,Level 4,GH133,Department Stores,Dollars (millions),H28,Disposals of fixed assets,Financial position,31,ANZSIC06 group G426
2018,Level 4,GH133,Department Stores,Dollars (millions),H29,Other assets,Financial position,463,ANZSIC06 group G426
2018,Level 4,GH133,Department Stores,Dollars (millions),H30,Total equity and liabilities,Financial position,"2,374",ANZSIC06 group G426
2018,Level 4,GH133,Department Stores,Dollars (millions),H31,Shareholders funds or owners equity,Financial position,"1,266",ANZSIC06 group G426
2018,Level 4,GH133,Department Stores,Dollars (millions),H32,Current liabilities,Financial position,750,ANZSIC06 group G426
2018,Level 4,GH133,Department Stores,Dollars (millions),H33,Other liabilities,Financial position,358,ANZSIC06 group G426
2018,Level 4,GH133,Department Stores,Dollars,H34,Total income per employee count,Financial ratios,"247,800",ANZSIC06 group G426
2018,Level 4,GH133,Department Stores,Dollars,H35,Surplus per employee count,Financial ratios,"10,600",ANZSIC06 group G426
2018,Level 4,GH133,Department Stores,Percentage,H36,Current ratio,Financial ratios,191,ANZSIC06 group G426
2018,Level 4,GH133,Department Stores,Percentage,H37,Quick ratio,Financial ratios,90,ANZSIC06 group G426
2018,Level 4,GH133,Department Stores,Percentage,H38,Margin on sales of goods for resale,Financial ratios,37,ANZSIC06 group G426
2018,Level 4,GH133,Department Stores,Percentage,H39,Return on equity,Financial ratios,16,ANZSIC06 group G426
2018,Level 4,GH133,Department Stores,Percentage,H40,Return on total assets,Financial ratios,9,ANZSIC06 group G426
2018,Level 4,GH133,Department Stores,Percentage,H41,Liabilities structure,Financial ratios,53,ANZSIC06 group G426
2018,Level 4,GH134,Pharmaceutical and Other Store Based Retailing,Dollars (millions),H01,Total income,Financial performance,"5,717",ANZSIC06 group G427
2018,Level 4,GH134,Pharmaceutical and Other Store Based Retailing,Dollars (millions),H02,Sales of goods not further processed,Financial performance,"4,974",ANZSIC06 group G427
2018,Level 4,GH134,Pharmaceutical and Other Store Based Retailing,Dollars (millions),H03,Sales of other goods and services,Financial performance,710,ANZSIC06 group G427
2018,Level 4,GH134,Pharmaceutical and Other Store Based Retailing,Dollars (millions),H05,"Interest, dividends and donations",Financial performance,20,ANZSIC06 group G427
2018,Level 4,GH134,Pharmaceutical and Other Store Based Retailing,Dollars (millions),H06,"Government funding, grants and subsidies",Financial performance,1,ANZSIC06 group G427
2018,Level 4,GH134,Pharmaceutical and Other Store Based Retailing,Dollars (millions),H07,Non-operating income,Financial performance,12,ANZSIC06 group G427
2018,Level 4,GH134,Pharmaceutical and Other Store Based Retailing,Dollars (millions),H08,Total expenditure,Financial performance,"5,458",ANZSIC06 group G427
2018,Level 4,GH134,Pharmaceutical and Other Store Based Retailing,Dollars (millions),H09,Interest and donations,Financial performance,C,ANZSIC06 group G427
2018,Level 4,GH134,Pharmaceutical and Other Store Based Retailing,Dollars (millions),H10,Indirect taxes,Financial performance,17,ANZSIC06 group G427
2018,Level 4,GH134,Pharmaceutical and Other Store Based Retailing,Dollars (millions),H11,Depreciation,Financial performance,85,ANZSIC06 group G427
2018,Level 4,GH134,Pharmaceutical and Other Store Based Retailing,Dollars (millions),H12,Salaries and wages paid,Financial performance,940,ANZSIC06 group G427
2018,Level 4,GH134,Pharmaceutical and Other Store Based Retailing,Dollars (millions),H13,Redundancy and severance,Financial performance,1,ANZSIC06 group G427
2018,Level 4,GH134,Pharmaceutical and Other Store Based Retailing,Dollars (millions),H17,Purchases of goods bought for resale,Financial performance,"2,912",ANZSIC06 group G427
2018,Level 4,GH134,Pharmaceutical and Other Store Based Retailing,Dollars (millions),H18,Other Purchases and operating expenses,Financial performance,"1,435",ANZSIC06 group G427
2018,Level 4,GH134,Pharmaceutical and Other Store Based Retailing,Dollars (millions),H20,Non-operating expenses,Financial performance,C,ANZSIC06 group G427
2018,Level 4,GH134,Pharmaceutical and Other Store Based Retailing,Dollars (millions),H21,Opening stocks,Financial performance,675,ANZSIC06 group G427
2018,Level 4,GH134,Pharmaceutical and Other Store Based Retailing,Dollars (millions),H22,Closing stocks,Financial performance,709,ANZSIC06 group G427
2018,Level 4,GH134,Pharmaceutical and Other Store Based Retailing,Dollars (millions),H23,Surplus before income tax,Financial performance,293,ANZSIC06 group G427
2018,Level 4,GH134,Pharmaceutical and Other Store Based Retailing,Dollars (millions),H24,Total assets,Financial position,"3,034",ANZSIC06 group G427
2018,Level 4,GH134,Pharmaceutical and Other Store Based Retailing,Dollars (millions),H25,Current assets,Financial position,"1,725",ANZSIC06 group G427
2018,Level 4,GH134,Pharmaceutical and Other Store Based Retailing,Dollars (millions),H26,Fixed tangible assets,Financial position,611,ANZSIC06 group G427
2018,Level 4,GH134,Pharmaceutical and Other Store Based Retailing,Dollars (millions),H27,Additions to fixed assets,Financial position,183,ANZSIC06 group G427
2018,Level 4,GH134,Pharmaceutical and Other Store Based Retailing,Dollars (millions),H28,Disposals of fixed assets,Financial position,59,ANZSIC06 group G427
2018,Level 4,GH134,Pharmaceutical and Other Store Based Retailing,Dollars (millions),H29,Other assets,Financial position,698,ANZSIC06 group G427
