Year,Industry_aggregation_NZSIOC,Industry_code_NZSIOC,Industry_name_NZSIOC,Units,Variable_code,Variable_name,Variable_category,Value,Industry_code_ANZSIC06
2019,Level 4,RS211,Repair and Maintenance,Percentage,H36,Current ratio,Financial ratios,116,"ANZSIC06 groups S941, S942, and S949"
2019,Level 4,RS211,Repair and Maintenance,Percentage,H37,Quick ratio,Financial ratios,92,"ANZSIC06 groups S941, S942, and S949"
2019,Level 4,RS211,Repair and Maintenance,Percentage,H39,Return on equity,Financial ratios,47,"ANZSIC06 groups S941, S942, and S949"
2019,Level 4,RS211,Repair and Maintenance,Percentage,H40,Return on total assets,Financial ratios,16,"ANZSIC06 groups S941, S942, and S949"
2019,Level 4,RS211,Repair and Maintenance,Percentage,H41,Liabilities structure,Financial ratios,34,"ANZSIC06 groups S941, S942, and S949"
2019,Level 4,RS212,"Personal Care, Funeral and Other Personal Services",Dollars (millions),H01,Total income,Financial performance,"2,397","ANZSIC06 groups S951, S952, and S953"
2019,Level 4,RS212,"Personal Care, Funeral and Other Personal Services",Dollars (millions),H04,"Sales, government funding, grants and subsidies",Financial performance,"2,386","ANZSIC06 groups S951, S952, and S953"
2019,Level 4,RS212,"Personal Care, Funeral and Other Personal Services",Dollars (millions),H05,"Interest, dividends and donations",Financial performance,5,"ANZSIC06 groups S951, S952, and S953"
2019,Level 4,RS212,"Personal Care, Funeral and Other Personal Services",Dollars (millions),H07,Non-operating income,Financial performance,6,"ANZSIC06 groups S951, S952, and S953"
2019,Level 4,RS212,"Personal Care, Funeral and Other Personal Services",Dollars (millions),H08,Total expenditure,Financial performance,"2,140","ANZSIC06 groups S951, S952, and S953"
2019,Level 4,RS212,"Personal Care, Funeral and Other Personal Services",Dollars (millions),H09,Interest and donations,Financial performance,39,"ANZSIC06 groups S951, S952, and S953"
2019,Level 4,RS212,"Personal Care, Funeral and Other Personal Services",Dollars (millions),H10,Indirect taxes,Financial performance,16,"ANZSIC06 groups S951, S952, and S953"
2019,Level 4,RS212,"Personal Care, Funeral and Other Personal Services",Dollars (millions),H11,Depreciation,Financial performance,105,"ANZSIC06 groups S951, S952, and S953"
2019,Level 4,RS212,"Personal Care, Funeral and Other Personal Services",Dollars (millions),H12,Salaries and wages paid,Financial performance,823,"ANZSIC06 groups S951, S952, and S953"
2019,Level 4,RS212,"Personal Care, Funeral and Other Personal Services",Dollars (millions),H13,Redundancy and severance,Financial performance,0,"ANZSIC06 groups S951, S952, and S953"
2019,Level 4,RS212,"Personal Care, Funeral and Other Personal Services",Dollars (millions),H19,Purchases and other operating expenses,Financial performance,"1,148","ANZSIC06 groups S951, S952, and S953"
2019,Level 4,RS212,"Personal Care, Funeral and Other Personal Services",Dollars (millions),H20,Non-operating expenses,Financial performance,9,"ANZSIC06 groups S951, S952, and S953"
2019,Level 4,RS212,"Personal Care, Funeral and Other Personal Services",Dollars (millions),H21,Opening stocks,Financial performance,64,"ANZSIC06 groups S951, S952, and S953"
2019,Level 4,RS212,"Personal Care, Funeral and Other Personal Services",Dollars (millions),H22,Closing stocks,Financial performance,66,"ANZSIC06 groups S951, S952, and S953"
2019,Level 4,RS212,"Personal Care, Funeral and Other Personal Services",Dollars (millions),H23,Surplus before income tax,Financial performance,259,"ANZSIC06 groups S951, S952, and S953"
2019,Level 4,RS212,"Personal Care, Funeral and Other Personal Services",Dollars (millions),H24,Total assets,Financial position,"1,864","ANZSIC06 groups S951, S952, and S953"
2019,Level 4,RS212,"Personal Care, Funeral and Other Personal Services",Dollars (millions),H25,Current assets,Financial position,517,"ANZSIC06 groups S951, S952, and S953"
2019,Level 4,RS212,"Personal Care, Funeral and Other Personal Services",Dollars (millions),H26,Fixed tangible assets,Financial position,889,"ANZSIC06 groups S951, S952, and S953"
2019,Level 4,RS212,"Personal Care, Funeral and Other Personal Services",Dollars (millions),H27,Additions to fixed assets,Financial position,249,"ANZSIC06 groups S951, S952, and S953"
2019,Level 4,RS212,"Personal Care, Funeral and Other Personal Services",Dollars (millions),H28,Disposals of fixed assets,Financial position,109,"ANZSIC06 groups S951, S952, and S953"
2019,Level 4,RS212,"Personal Care, Funeral and Other Personal Services",Dollars (millions),H29,Other assets,Financial position,457,"ANZSIC06 groups S951, S952, and S953"
2019,Level 4,RS212,"Personal Care, Funeral and Other Personal Services",Dollars (millions),H30,Total equity and liabilities,Financial position,"1,864","ANZSIC06 groups S951, S952, and S953"
2019,Level 4,RS212,"Personal Care, Funeral and Other Personal Services",Dollars (millions),H31,Shareholders funds or owners equity,Financial position,583,"ANZSIC06 groups S951, S952, and S953"
2019,Level 4,RS212,"Personal Care, Funeral and Other Personal Services",Dollars (millions),H32,Current liabilities,Financial position,634,"ANZSIC06 groups S951, S952, and S953"
2019,Level 4,RS212,"Personal Care, Funeral and Other Personal Services",Dollars (millions),H33,Other liabilities,Financial position,647,"ANZSIC06 groups S951, S952, and S953"
2019,Level 4,RS212,"Personal Care, Funeral and Other Personal Services",Dollars,H34,Total income per employee count,Financial ratios,"121,100","ANZSIC06 groups S951, S952, and S953"
2019,Level 4,RS212,"Personal Care, Funeral and Other Personal Services",Dollars,H35,Surplus per employee count,Financial ratios,"13,100","ANZSIC06 groups S951, S952, and S953"
2019,Level 4,RS212,"Personal Care, Funeral and Other Personal Services",Percentage,H36,Current ratio,Financial ratios,82,"ANZSIC06 groups S951, S952, and S953"
2019,Level 4,RS212,"Personal Care, Funeral and Other Personal Services",Percentage,H37,Quick ratio,Financial ratios,71,"ANZSIC06 groups S951, S952, and S953"
2019,Level 4,RS212,"Personal Care, Funeral and Other Personal Services",Percentage,H39,Return on equity,Financial ratios,44,"ANZSIC06 groups S951, S952, and S953"
2019,Level 4,RS212,"Personal Care, Funeral and Other Personal Services",Percentage,H40,Return on total assets,Financial ratios,14,"ANZSIC06 groups S951, S952, and S953"
2019,Level 4,RS212,"Personal Care, Funeral and Other Personal Services",Percentage,H41,Liabilities structure,Financial ratios,31,"ANZSIC06 groups S951, S952, and S953"
2019,Level 4,RS214,"Civil, Professional and Other Interest Groups",Dollars (millions),H01,Total income,Financial performance,"3,138",ANZSIC06 group S955
2019,Level 4,RS214,"Civil, Professional and Other Interest Groups",Dollars (millions),H04,"Sales, government funding, grants and subsidies",Financial performance,"1,803",ANZSIC06 group S955
2019,Level 4,RS214,"Civil, Professional and Other Interest Groups",Dollars (millions),H05,"Interest, dividends and donations",Financial performance,"1,061",ANZSIC06 group S955
2019,Level 4,RS214,"Civil, Professional and Other Interest Groups",Dollars (millions),H07,Non-operating income,Financial performance,273,ANZSIC06 group S955
2019,Level 4,RS214,"Civil, Professional and Other Interest Groups",Dollars (millions),H08,Total expenditure,Financial performance,"2,691",ANZSIC06 group S955
2019,Level 4,RS214,"Civil, Professional and Other Interest Groups",Dollars (millions),H09,Interest and donations,Financial performance,300,ANZSIC06 group S955
2019,Level 4,RS214,"Civil, Professional and Other Interest Groups",Dollars (millions),H10,Indirect taxes,Financial performance,7,ANZSIC06 group S955
2019,Level 4,RS214,"Civil, Professional and Other Interest Groups",Dollars (millions),H11,Depreciation,Financial performance,38,ANZSIC06 group S955
2019,Level 4,RS214,"Civil, Professional and Other Interest Groups",Dollars (millions),H12,Salaries and wages paid,Financial performance,818,ANZSIC06 group S955
2019,Level 4,RS214,"Civil, Professional and Other Interest Groups",Dollars (millions),H13,Redundancy and severance,Financial performance,0,ANZSIC06 group S955
2019,Level 4,RS214,"Civil, Professional and Other Interest Groups",Dollars (millions),H19,Purchases and other operating expenses,Financial performance,"1,503",ANZSIC06 group S955
2019,Level 4,RS214,"Civil, Professional and Other Interest Groups",Dollars (millions),H20,Non-operating expenses,Financial performance,25,ANZSIC06 group S955
2019,Level 4,RS214,"Civil, Professional and Other Interest Groups",Dollars (millions),H21,Opening stocks,Financial performance,18,ANZSIC06 group S955
2019,Level 4,RS214,"Civil, Professional and Other Interest Groups",Dollars (millions),H22,Closing stocks,Financial performance,20,ANZSIC06 group S955
2019,Level 4,RS214,"Civil, Professional and Other Interest Groups",Dollars (millions),H23,Surplus before income tax,Financial performance,448,ANZSIC06 group S955
2019,Level 4,RS214,"Civil, Professional and Other Interest Groups",Dollars (millions),H24,Total assets,Financial position,"10,235",ANZSIC06 group S955
2019,Level 4,RS214,"Civil, Professional and Other Interest Groups",Dollars (millions),H25,Current assets,Financial position,"3,898",ANZSIC06 group S955
2019,Level 4,RS214,"Civil, Professional and Other Interest Groups",Dollars (millions),H26,Fixed tangible assets,Financial position,"2,246",ANZSIC06 group S955
2019,Level 4,RS214,"Civil, Professional and Other Interest Groups",Dollars (millions),H27,Additions to fixed assets,Financial position,175,ANZSIC06 group S955
2019,Level 4,RS214,"Civil, Professional and Other Interest Groups",Dollars (millions),H28,Disposals of fixed assets,Financial position,64,ANZSIC06 group S955
2019,Level 4,RS214,"Civil, Professional and Other Interest Groups",Dollars (millions),H29,Other assets,Financial position,"4,091",ANZSIC06 group S955
2019,Level 4,RS214,"Civil, Professional and Other Interest Groups",Dollars (millions),H30,Total equity and liabilities,Financial position,"10,235",ANZSIC06 group S955
2019,Level 4,RS214,"Civil, Professional and Other Interest Groups",Dollars (millions),H31,Shareholders funds or owners equity,Financial position,"8,796",ANZSIC06 group S955
2019,Level 4,RS214,"Civil, Professional and Other Interest Groups",Dollars (millions),H32,Current liabilities,Financial position,"1,358",ANZSIC06 group S955
2019,Level 4,RS214,"Civil, Professional and Other Interest Groups",Dollars (millions),H33,Other liabilities,Financial position,80,ANZSIC06 group S955
2019,Level 4,RS214,"Civil, Professional and Other Interest Groups",Dollars,H34,Total income per employee count,Financial ratios,"190,500",ANZSIC06 group S955
2019,Level 4,RS214,"Civil, Professional and Other Interest Groups",Dollars,H35,Surplus per employee count,Financial ratios,"27,200",ANZSIC06 group S955
2019,Level 4,RS214,"Civil, Professional and Other Interest Groups",Percentage,H36,Current ratio,Financial ratios,287,ANZSIC06 group S955
2019,Level 4,RS214,"Civil, Professional and Other Interest Groups",Percentage,H37,Quick ratio,Financial ratios,286,ANZSIC06 group S955
2019,Level 4,RS214,"Civil, Professional and Other Interest Groups",Percentage,H39,Return on equity,Financial ratios,5,ANZSIC06 group S955
2019,Level 4,RS214,"Civil, Professional and Other Interest Groups",Percentage,H40,Return on total assets,Financial ratios,4,ANZSIC06 group S955
2019,Level 4,RS214,"Civil, Professional and Other Interest Groups",Percentage,H41,Liabilities structure,Financial ratios,86,ANZSIC06 group S955
2019,Level 3,ZZ11,Food Product Manufacturing,Dollars (millions),H01,Total income,Financial performance,"45,002","ANZSIC06 groups C111, C112, C113, C114, C115, C116, C117, C118, and C119"
2019,Level 3,ZZ11,Food Product Manufacturing,Dollars (millions),H02,Sales of goods not further processed,Financial performance,"1,527","ANZSIC06 groups C111, C112, C113, C114, C115, C116, C117, C118, and C119"
2019,Level 3,ZZ11,Food Product Manufacturing,Dollars (millions),H03,Sales of other goods and services,Financial performance,"42,961","ANZSIC06 groups C111, C112, C113, C114, C115, C116, C117, C118, and C119"
2019,Level 3,ZZ11,Food Product Manufacturing,Dollars (millions),H05,"Interest, dividends and donations",Financial performance,307,"ANZSIC06 groups C111, C112, C113, C114, C115, C116, C117, C118, and C119"
2019,Level 3,ZZ11,Food Product Manufacturing,Dollars (millions),H06,"Government funding, grants and subsidies",Financial performance,4,"ANZSIC06 groups C111, C112, C113, C114, C115, C116, C117, C118, and C119"
2019,Level 3,ZZ11,Food Product Manufacturing,Dollars (millions),H07,Non-operating income,Financial performance,203,"ANZSIC06 groups C111, C112, C113, C114, C115, C116, C117, C118, and C119"
2019,Level 3,ZZ11,Food Product Manufacturing,Dollars (millions),H08,Total expenditure,Financial performance,"43,021","ANZSIC06 groups C111, C112, C113, C114, C115, C116, C117, C118, and C119"
2019,Level 3,ZZ11,Food Product Manufacturing,Dollars (millions),H09,Interest and donations,Financial performance,189,"ANZSIC06 groups C111, C112, C113, C114, C115, C116, C117, C118, and C119"
2019,Level 3,ZZ11,Food Product Manufacturing,Dollars (millions),H10,Indirect taxes,Financial performance,116,"ANZSIC06 groups C111, C112, C113, C114, C115, C116, C117, C118, and C119"
2019,Level 3,ZZ11,Food Product Manufacturing,Dollars (millions),H11,Depreciation,Financial performance,998,"ANZSIC06 groups C111, C112, C113, C114, C115, C116, C117, C118, and C119"
2019,Level 3,ZZ11,Food Product Manufacturing,Dollars (millions),H12,Salaries and wages paid,Financial performance,"5,011","ANZSIC06 groups C111, C112, C113, C114, C115, C116, C117, C118, and C119"
2019,Level 3,ZZ11,Food Product Manufacturing,Dollars (millions),H13,Redundancy and severance,Financial performance,18,"ANZSIC06 groups C111, C112, C113, C114, C115, C116, C117, C118, and C119"
2019,Level 3,ZZ11,Food Product Manufacturing,Dollars (millions),H17,Purchases of goods bought for resale,Financial performance,"1,084","ANZSIC06 groups C111, C112, C113, C114, C115, C116, C117, C118, and C119"
2019,Level 3,ZZ11,Food Product Manufacturing,Dollars (millions),H18,Other Purchases and operating expenses,Financial performance,"35,432","ANZSIC06 groups C111, C112, C113, C114, C115, C116, C117, C118, and C119"
2019,Level 3,ZZ11,Food Product Manufacturing,Dollars (millions),H20,Non-operating expenses,Financial performance,189,"ANZSIC06 groups C111, C112, C113, C114, C115, C116, C117, C118, and C119"
2019,Level 3,ZZ11,Food Product Manufacturing,Dollars (millions),H21,Opening stocks,Financial performance,"4,660","ANZSIC06 groups C111, C112, C113, C114, C115, C116, C117, C118, and C119"
2019,Level 3,ZZ11,Food Product Manufacturing,Dollars (millions),H22,Closing stocks,Financial performance,"4,975","ANZSIC06 groups C111, C112, C113, C114, C115, C116, C117, C118, and C119"
2019,Level 3,ZZ11,Food Product Manufacturing,Dollars (millions),H23,Surplus before income tax,Financial performance,"2,297","ANZSIC06 groups C111, C112, C113, C114, C115, C116, C117, C118, and C119"
2019,Level 3,ZZ11,Food Product Manufacturing,Dollars (millions),H24,Total assets,Financial position,"32,827","ANZSIC06 groups C111, C112, C113, C114, C115, C116, C117, C118, and C119"
2019,Level 3,ZZ11,Food Product Manufacturing,Dollars (millions),H25,Current assets,Financial position,"13,494","ANZSIC06 groups C111, C112, C113, C114, C115, C116, C117, C118, and C119"
2019,Level 3,ZZ11,Food Product Manufacturing,Dollars (millions),H26,Fixed tangible assets,Financial position,"12,416","ANZSIC06 groups C111, C112, C113, C114, C115, C116, C117, C118, and C119"
2019,Level 3,ZZ11,Food Product Manufacturing,Dollars (millions),H27,Additions to fixed assets,Financial position,"2,110","ANZSIC06 groups C111, C112, C113, C114, C115, C116, C117, C118, and C119"
2019,Level 3,ZZ11,Food Product Manufacturing,Dollars (millions),H28,Disposals of fixed assets,Financial position,356,"ANZSIC06 groups C111, C112, C113, C114, C115, C116, C117, C118, and C119"
2019,Level 3,ZZ11,Food Product Manufacturing,Dollars (millions),H29,Other assets,Financial position,"6,917","ANZSIC06 groups C111, C112, C113, C114, C115, C116, C117, C118, and C119"
2019,Level 3,ZZ11,Food Product Manufacturing,Dollars (millions),H30,Total equity and liabilities,Financial position,"32,827","ANZSIC06 groups C111, C112, C113, C114, C115, C116, C117, C118, and C119"
2019,Level 3,ZZ11,Food Product Manufacturing,Dollars (millions),H31,Shareholders funds or owners equity,Financial position,"15,457","ANZSIC06 groups C111, C112, C113, C114, C115, C116, C117, C118, and C119"
2019,Level 3,ZZ11,Food Product Manufacturing,Dollars (millions),H32,Current liabilities,Financial position,"9,974","ANZSIC06 groups C111, C112, C113, C114, C115, C116, C117, C118, and C119"
2019,Level 3,ZZ11,Food Product Manufacturing,Dollars (millions),H33,Other liabilities,Financial position,"7,397","ANZSIC06 groups C111, C112, C113, C114, C115, C116, C117, C118, and C119"
2019,Level 3,ZZ11,Food Product Manufacturing,Dollars,H34,Total income per employee count,Financial ratios,"595,800","ANZSIC06 groups C111, C112, C113, C114, C115, C116, C117, C118, and C119"
2019,Level 3,ZZ11,Food Product Manufacturing,Dollars,H35,Surplus per employee count,Financial ratios,"30,400","ANZSIC06 groups C111, C112, C113, C114, C115, C116, C117, C118, and C119"
2019,Level 3,ZZ11,Food Product Manufacturing,Percentage,H36,Current ratio,Financial ratios,135,"ANZSIC06 groups C111, C112, C113, C114, C115, C116, C117, C118, and C119"
2019,Level 3,ZZ11,Food Product Manufacturing,Percentage,H37,Quick ratio,Financial ratios,85,"ANZSIC06 groups C111, C112, C113, C114, C115, C116, C117, C118, and C119"
2019,Level 3,ZZ11,Food Product Manufacturing,Percentage,H38,Margin on sales of goods for resale,Financial ratios,29,"ANZSIC06 groups C111, C112, C113, C114, C115, C116, C117, C118, and C119"
2019,Level 3,ZZ11,Food Product Manufacturing,Percentage,H39,Return on equity,Financial ratios,15,"ANZSIC06 groups C111, C112, C113, C114, C115, C116, C117, C118, and C119"
2019,Level 3,ZZ11,Food Product Manufacturing,Percentage,H40,Return on total assets,Financial ratios,7,"ANZSIC06 groups C111, C112, C113, C114, C115, C116, C117, C118, and C119"
2019,Level 3,ZZ11,Food Product Manufacturing,Percentage,H41,Liabilities structure,Financial ratios,47,"ANZSIC06 groups C111, C112, C113, C114, C115, C116, C117, C118, and C119"
2018,Level 1,99999,All industries,Dollars (millions),H01,Total income,Financial performance,"692,535","ANZSIC06 divisions A-S (excluding classes K6330, L6711, O7552, O760, O771, O772, S9540, S9601, S9602, and S9603)"
2018,Level 1,99999,All industries,Dollars (millions),H04,"Sales, government funding, grants and subsidies",Financial performance,"605,756","ANZSIC06 divisions A-S (excluding classes K6330, L6711, O7552, O760, O771, O772, S9540, S9601, S9602, and S9603)"
2018,Level 1,99999,All industries,Dollars (millions),H05,"Interest, dividends and donations",Financial performance,"64,386","ANZSIC06 divisions A-S (excluding classes K6330, L6711, O7552, O760, O771, O772, S9540, S9601, S9602, and S9603)"
2018,Level 1,99999,All industries,Dollars (millions),H07,Non-operating income,Financial performance,"22,394","ANZSIC06 divisions A-S (excluding classes K6330, L6711, O7552, O760, O771, O772, S9540, S9601, S9602, and S9603)"
2018,Level 1,99999,All industries,Dollars (millions),H08,Total expenditure,Financial performance,"598,189","ANZSIC06 divisions A-S (excluding classes K6330, L6711, O7552, O760, O771, O772, S9540, S9601, S9602, and S9603)"
2018,Level 1,99999,All industries,Dollars (millions),H09,Interest and donations,Financial performance,"34,492","ANZSIC06 divisions A-S (excluding classes K6330, L6711, O7552, O760, O771, O772, S9540, S9601, S9602, and S9603)"
2018,Level 1,99999,All industries,Dollars (millions),H10,Indirect taxes,Financial performance,"7,125","ANZSIC06 divisions A-S (excluding classes K6330, L6711, O7552, O760, O771, O772, S9540, S9601, S9602, and S9603)"
2018,Level 1,99999,All industries,Dollars (millions),H11,Depreciation,Financial performance,"19,734","ANZSIC06 divisions A-S (excluding classes K6330, L6711, O7552, O760, O771, O772, S9540, S9601, S9602, and S9603)"
2018,Level 1,99999,All industries,Dollars (millions),H12,Salaries and wages paid,Financial performance,"106,522","ANZSIC06 divisions A-S (excluding classes K6330, L6711, O7552, O760, O771, O772, S9540, S9601, S9602, and S9603)"
2018,Level 1,99999,All industries,Dollars (millions),H13,Redundancy and severance,Financial performance,297,"ANZSIC06 divisions A-S (excluding classes K6330, L6711, O7552, O760, O771, O772, S9540, S9601, S9602, and S9603)"
2018,Level 1,99999,All industries,Dollars (millions),H14,Salaries and wages to self employed commission agents,Financial performance,"1,659","ANZSIC06 divisions A-S (excluding classes K6330, L6711, O7552, O760, O771, O772, S9540, S9601, S9602, and S9603)"
2018,Level 1,99999,All industries,Dollars (millions),H19,Purchases and other operating expenses,Financial performance,"418,536","ANZSIC06 divisions A-S (excluding classes K6330, L6711, O7552, O760, O771, O772, S9540, S9601, S9602, and S9603)"
2018,Level 1,99999,All industries,Dollars (millions),H20,Non-operating expenses,Financial performance,"10,121","ANZSIC06 divisions A-S (excluding classes K6330, L6711, O7552, O760, O771, O772, S9540, S9601, S9602, and S9603)"
2018,Level 1,99999,All industries,Dollars (millions),H21,Opening stocks,Financial performance,"59,390","ANZSIC06 divisions A-S (excluding classes K6330, L6711, O7552, O760, O771, O772, S9540, S9601, S9602, and S9603)"
2018,Level 1,99999,All industries,Dollars (millions),H22,Closing stocks,Financial performance,"63,508","ANZSIC06 divisions A-S (excluding classes K6330, L6711, O7552, O760, O771, O772, S9540, S9601, S9602, and S9603)"
2018,Level 1,99999,All industries,Dollars (millions),H23,Surplus before income tax,Financial performance,"98,464","ANZSIC06 divisions A-S (excluding classes K6330, L6711, O7552, O760, O771, O772, S9540, S9601, S9602, and S9603)"
2018,Level 1,99999,All industries,Dollars (millions),H24,Total assets,Financial position,"2,079,718","ANZSIC06 divisions A-S (excluding classes K6330, L6711, O7552, O760, O771, O772, S9540, S9601, S9602, and S9603)"
2018,Level 1,99999,All industries,Dollars (millions),H25,Current assets,Financial position,"571,900","ANZSIC06 divisions A-S (excluding classes K6330, L6711, O7552, O760, O771, O772, S9540, S9601, S9602, and S9603)"
2018,Level 1,99999,All industries,Dollars (millions),H26,Fixed tangible assets,Financial position,"497,510","ANZSIC06 divisions A-S (excluding classes K6330, L6711, O7552, O760, O771, O772, S9540, S9601, S9602, and S9603)"
2018,Level 1,99999,All industries,Dollars (millions),H29,Other assets,Financial position,"1,010,308","ANZSIC06 divisions A-S (excluding classes K6330, L6711, O7552, O760, O771, O772, S9540, S9601, S9602, and S9603)"
2018,Level 1,99999,All industries,Dollars (millions),H30,Total equity and liabilities,Financial position,"2,079,719","ANZSIC06 divisions A-S (excluding classes K6330, L6711, O7552, O760, O771, O772, S9540, S9601, S9602, and S9603)"
2018,Level 1,99999,All industries,Dollars (millions),H31,Shareholders funds or owners equity,Financial position,"703,212","ANZSIC06 divisions A-S (excluding classes K6330, L6711, O7552, O760, O771, O772, S9540, S9601, S9602, and S9603)"
2018,Level 1,99999,All industries,Dollars (millions),H32,Current liabilities,Financial position,"738,630","ANZSIC06 divisions A-S (excluding classes K6330, L6711, O7552, O760, O771, O772, S9540, S9601, S9602, and S9603)"
2018,Level 1,99999,All industries,Dollars (millions),H33,Other liabilities,Financial position,"637,877","ANZSIC06 divisions A-S (excluding classes K6330, L6711, O7552, O760, O771, O772, S9540, S9601, S9602, and S9603)"
2018,Level 1,99999,All industries,Dollars,H34,Total income per employee count,Financial ratios,"377,300","ANZSIC06 divisions A-S (excluding classes K6330, L6711, O7552, O760, O771, O772, S9540, S9601, S9602, and S9603)"
2018,Level 1,99999,All industries,Dollars,H35,Surplus per employee count,Financial ratios,"53,600","ANZSIC06 divisions A-S (excluding classes K6330, L6711, O7552, O760, O771, O772, S9540, S9601, S9602, and S9603)"
2018,Level 1,99999,All industries,Percentage,H36,Current ratio,Financial ratios,77,"ANZSIC06 divisions A-S (excluding classes K6330, L6711, O7552, O760, O771, O772, S9540, S9601, S9602, and S9603)"
2018,Level 1,99999,All industries,Percentage,H37,Quick ratio,Financial ratios,69,"ANZSIC06 divisions A-S (excluding classes K6330, L6711, O7552, O760, O771, O772, S9540, S9601, S9602, and S9603)"
2018,Level 1,99999,All industries,Percentage,H39,Return on equity,Financial ratios,14,"ANZSIC06 divisions A-S (excluding classes K6330, L6711, O7552, O760, O771, O772, S9540, S9601, S9602, and S9603)"
2018,Level 1,99999,All industries,Percentage,H40,Return on total assets,Financial ratios,5,"ANZSIC06 divisions A-S (excluding classes K6330, L6711, O7552, O760, O771, O772, S9540, S9601, S9602, and S9603)"
2018,Level 1,99999,All industries,Percentage,H41,Liabilities structure,Financial ratios,34,"ANZSIC06 divisions A-S (excluding classes K6330, L6711, O7552, O760, O771, O772, S9540, S9601, S9602, and S9603)"
2018,Level 4,AA111,Horticulture and Fruit Growing,Dollars (millions),H01,Total income,Financial performance,"4,478","ANZSIC06 groups A011, A012, and A013"
2018,Level 4,AA111,Horticulture and Fruit Growing,Dollars (millions),H04,"Sales, government funding, grants and subsidies",Financial performance,"4,164","ANZSIC06 groups A011, A012, and A013"
2018,Level 4,AA111,Horticulture and Fruit Growing,Dollars (millions),H05,"Interest, dividends and donations",Financial performance,103,"ANZSIC06 groups A011, A012, and A013"
2018,Level 4,AA111,Horticulture and Fruit Growing,Dollars (millions),H07,Non-operating income,Financial performance,211,"ANZSIC06 groups A011, A012, and A013"
2018,Level 4,AA111,Horticulture and Fruit Growing,Dollars (millions),H08,Total expenditure,Financial performance,"3,613","ANZSIC06 groups A011, A012, and A013"
2018,Level 4,AA111,Horticulture and Fruit Growing,Dollars (millions),H09,Interest and donations,Financial performance,181,"ANZSIC06 groups A011, A012, and A013"
2018,Level 4,AA111,Horticulture and Fruit Growing,Dollars (millions),H10,Indirect taxes,Financial performance,33,"ANZSIC06 groups A011, A012, and A013"
2018,Level 4,AA111,Horticulture and Fruit Growing,Dollars (millions),H11,Depreciation,Financial performance,202,"ANZSIC06 groups A011, A012, and A013"
2018,Level 4,AA111,Horticulture and Fruit Growing,Dollars (millions),H12,Salaries and wages paid,Financial performance,761,"ANZSIC06 groups A011, A012, and A013"
2018,Level 4,AA111,Horticulture and Fruit Growing,Dollars (millions),H13,Redundancy and severance,Financial performance,0,"ANZSIC06 groups A011, A012, and A013"
2018,Level 4,AA111,Horticulture and Fruit Growing,Dollars (millions),H19,Purchases and other operating expenses,Financial performance,"2,421","ANZSIC06 groups A011, A012, and A013"
2018,Level 4,AA111,Horticulture and Fruit Growing,Dollars (millions),H20,Non-operating expenses,Financial performance,14,"ANZSIC06 groups A011, A012, and A013"
2018,Level 4,AA111,Horticulture and Fruit Growing,Dollars (millions),H21,Opening stocks,Financial performance,336,"ANZSIC06 groups A011, A012, and A013"
2018,Level 4,AA111,Horticulture and Fruit Growing,Dollars (millions),H22,Closing stocks,Financial performance,333,"ANZSIC06 groups A011, A012, and A013"
2018,Level 4,AA111,Horticulture and Fruit Growing,Dollars (millions),H23,Surplus before income tax,Financial performance,863,"ANZSIC06 groups A011, A012, and A013"
2018,Level 4,AA111,Horticulture and Fruit Growing,Dollars (millions),H24,Total assets,Financial position,"13,261","ANZSIC06 groups A011, A012, and A013"
2018,Level 4,AA111,Horticulture and Fruit Growing,Dollars (millions),H25,Current assets,Financial position,"2,376","ANZSIC06 groups A011, A012, and A013"
2018,Level 4,AA111,Horticulture and Fruit Growing,Dollars (millions),H26,Fixed tangible assets,Financial position,"8,753","ANZSIC06 groups A011, A012, and A013"
2018,Level 4,AA111,Horticulture and Fruit Growing,Dollars (millions),H29,Other assets,Financial position,"2,132","ANZSIC06 groups A011, A012, and A013"
2018,Level 4,AA111,Horticulture and Fruit Growing,Dollars (millions),H30,Total equity and liabilities,Financial position,"13,261","ANZSIC06 groups A011, A012, and A013"
2018,Level 4,AA111,Horticulture and Fruit Growing,Dollars (millions),H31,Shareholders funds or owners equity,Financial position,"6,133","ANZSIC06 groups A011, A012, and A013"
2018,Level 4,AA111,Horticulture and Fruit Growing,Dollars (millions),H32,Current liabilities,Financial position,"3,227","ANZSIC06 groups A011, A012, and A013"
2018,Level 4,AA111,Horticulture and Fruit Growing,Dollars (millions),H33,Other liabilities,Financial position,"3,901","ANZSIC06 groups A011, A012, and A013"
2018,Level 4,AA111,Horticulture and Fruit Growing,Dollars,H34,Total income per employee count,Financial ratios,"181,600","ANZSIC06 groups A011, A012, and A013"
2018,Level 4,AA111,Horticulture and Fruit Growing,Dollars,H35,Surplus per employee count,Financial ratios,"35,000","ANZSIC06 groups A011, A012, and A013"
2018,Level 4,AA111,Horticulture and Fruit Growing,Percentage,H36,Current ratio,Financial ratios,74,"ANZSIC06 groups A011, A012, and A013"
2018,Level 4,AA111,Horticulture and Fruit Growing,Percentage,H37,Quick ratio,Financial ratios,63,"ANZSIC06 groups A011, A012, and A013"
2018,Level 4,AA111,Horticulture and Fruit Growing,Percentage,H39,Return on equity,Financial ratios,14,"ANZSIC06 groups A011, A012, and A013"
2018,Level 4,AA111,Horticulture and Fruit Growing,Percentage,H40,Return on total assets,Financial ratios,7,"ANZSIC06 groups A011, A012, and A013"
2018,Level 4,AA111,Horticulture and Fruit Growing,Percentage,H41,Liabilities structure,Financial ratios,46,"ANZSIC06 groups A011, A012, and A013"
2018,Level 3,AA11,Horticulture and Fruit Growing,Dollars (millions),H01,Total income,Financial performance,"4,478","ANZSIC06 groups A011, A012, and A013"
2018,Level 3,AA11,Horticulture and Fruit Growing,Dollars (millions),H04,"Sales, government funding, grants and subsidies",Financial performance,"4,164","ANZSIC06 groups A011, A012, and A013"
2018,Level 3,AA11,Horticulture and Fruit Growing,Dollars (millions),H05,"Interest, dividends and donations",Financial performance,103,"ANZSIC06 groups A011, A012, and A013"
2018,Level 3,AA11,Horticulture and Fruit Growing,Dollars (millions),H07,Non-operating income,Financial performance,211,"ANZSIC06 groups A011, A012, and A013"
2018,Level 3,AA11,Horticulture and Fruit Growing,Dollars (millions),H08,Total expenditure,Financial performance,"3,613","ANZSIC06 groups A011, A012, and A013"
2018,Level 3,AA11,Horticulture and Fruit Growing,Dollars (millions),H09,Interest and donations,Financial performance,181,"ANZSIC06 groups A011, A012, and A013"
2018,Level 3,AA11,Horticulture and Fruit Growing,Dollars (millions),H10,Indirect taxes,Financial performance,33,"ANZSIC06 groups A011, A012, and A013"
2018,Level 3,AA11,Horticulture and Fruit Growing,Dollars (millions),H11,Depreciation,Financial performance,202,"ANZSIC06 groups A011, A012, and A013"
2018,Level 3,AA11,Horticulture and Fruit Growing,Dollars (millions),H12,Salaries and wages paid,Financial performance,761,"ANZSIC06 groups A011, A012, and A013"
2018,Level 3,AA11,Horticulture and Fruit Growing,Dollars (millions),H13,Redundancy and severance,Financial performance,0,"ANZSIC06 groups A011, A012, and A013"
2018,Level 3,AA11,Horticulture and Fruit Growing,Dollars (millions),H19,Purchases and other operating expenses,Financial performance,"2,421","ANZSIC06 groups A011, A012, and A013"
2018,Level 3,AA11,Horticulture and Fruit Growing,Dollars (millions),H20,Non-operating expenses,Financial performance,14,"ANZSIC06 groups A011, A012, and A013"
2018,Level 3,AA11,Horticulture and Fruit Growing,Dollars (millions),H21,Opening stocks,Financial performance,336,"ANZSIC06 groups A011, A012, and A013"
2018,Level 3,AA11,Horticulture and Fruit Growing,Dollars (millions),H22,Closing stocks,Financial performance,333,"ANZSIC06 groups A011, A012, and A013"
2018,Level 3,AA11,Horticulture and Fruit Growing,Dollars (millions),H23,Surplus before income tax,Financial performance,863,"ANZSIC06 groups A011, A012, and A013"
2018,Level 3,AA11,Horticulture and Fruit Growing,Dollars (millions),H24,Total assets,Financial position,"13,261","ANZSIC06 groups A011, A012, and A013"
2018,Level 3,AA11,Horticulture and Fruit Growing,Dollars (millions),H25,Current assets,Financial position,"2,376","ANZSIC06 groups A011, A012, and A013"
2018,Level 3,AA11,Horticulture and Fruit Growing,Dollars (millions),H26,Fixed tangible assets,Financial position,"8,753","ANZSIC06 groups A011, A012, and A013"
2018,Level 3,AA11,Horticulture and Fruit Growing,Dollars (millions),H29,Other assets,Financial position,"2,132","ANZSIC06 groups A011, A012, and A013"
2018,Level 3,AA11,Horticulture and Fruit Growing,Dollars (millions),H30,Total equity and liabilities,Financial position,"13,261","ANZSIC06 groups A011, A012, and A013"
2018,Level 3,AA11,Horticulture and Fruit Growing,Dollars (millions),H31,Shareholders funds or owners equity,Financial position,"6,133","ANZSIC06 groups A011, A012, and A013"
2018,Level 3,AA11,Horticulture and Fruit Growing,Dollars (millions),H32,Current liabilities,Financial position,"3,227","ANZSIC06 groups A011, A012, and A013"
2018,Level 3,AA11,Horticulture and Fruit Growing,Dollars (millions),H33,Other liabilities,Financial position,"3,901","ANZSIC06 groups A011, A012, and A013"
2018,Level 3,AA11,Horticulture and Fruit Growing,Dollars,H34,Total income per employee count,Financial ratios,"181,600","ANZSIC06 groups A011, A012, and A013"
2018,Level 3,AA11,Horticulture and Fruit Growing,Dollars,H35,Surplus per employee count,Financial ratios,"35,000","ANZSIC06 groups A011, A012, and A013"
2018,Level 3,AA11,Horticulture and Fruit Growing,Percentage,H36,Current ratio,Financial ratios,74,"ANZSIC06 groups A011, A012, and A013"
2018,Level 3,AA11,Horticulture and Fruit Growing,Percentage,H37,Quick ratio,Financial ratios,63,"ANZSIC06 groups A011, A012, and A013"
2018,Level 3,AA11,Horticulture and Fruit Growing,Percentage,H39,Return on equity,Financial ratios,14,"ANZSIC06 groups A011, A012, and A013"
2018,Level 3,AA11,Horticulture and Fruit Growing,Percentage,H40,Return on total assets,Financial ratios,7,"ANZSIC06 groups A011, A012, and A013"
2018,Level 3,AA11,Horticulture and Fruit Growing,Percentage,H41,Liabilities structure,Financial ratios,46,"ANZSIC06 groups A011, A012, and A013"
2018,Level 4,AA121,"Sheep, Beef Cattle and Grain Farming",Dollars (millions),H01,Total income,Financial performance,"11,555",ANZSIC06 groups A014 and A015
2018,Level 4,AA121,"Sheep, Beef Cattle and Grain Farming",Dollars (millions),H04,"Sales, government funding, grants and subsidies",Financial performance,"10,812",ANZSIC06 groups A014 and A015
2018,Level 4,AA121,"Sheep, Beef Cattle and Grain Farming",Dollars (millions),H05,"Interest, dividends and donations",Financial performance,135,ANZSIC06 groups A014 and A015
2018,Level 4,AA121,"Sheep, Beef Cattle and Grain Farming",Dollars (millions),H07,Non-operating income,Financial performance,608,ANZSIC06 groups A014 and A015
