Year,Industry_aggregation_NZSIOC,Industry_code_NZSIOC,Industry_name_NZSIOC,Units,Variable_code,Variable_name,Variable_category,Value,Industry_code_ANZSIC06
2016,Level 3,II12,"Rail, Water, Air and Other Transport",Dollars (millions),H06,"Government funding, grants and subsidies",Financial performance,C,"ANZSIC06 groups I471, I472, I481, I482, I490, I501, and I502"
2016,Level 3,II12,"Rail, Water, Air and Other Transport",Dollars (millions),H07,Non-operating income,Financial performance,C,"ANZSIC06 groups I471, I472, I481, I482, I490, I501, and I502"
2016,Level 3,II12,"Rail, Water, Air and Other Transport",Dollars (millions),H08,Total expenditure,Financial performance,"7,565","ANZSIC06 groups I471, I472, I481, I482, I490, I501, and I502"
2016,Level 3,II12,"Rail, Water, Air and Other Transport",Dollars (millions),H09,Interest and donations,Financial performance,113,"ANZSIC06 groups I471, I472, I481, I482, I490, I501, and I502"
2016,Level 3,II12,"Rail, Water, Air and Other Transport",Dollars (millions),H10,Indirect taxes,Financial performance,20,"ANZSIC06 groups I471, I472, I481, I482, I490, I501, and I502"
2016,Level 3,II12,"Rail, Water, Air and Other Transport",Dollars (millions),H11,Depreciation,Financial performance,423,"ANZSIC06 groups I471, I472, I481, I482, I490, I501, and I502"
2016,Level 3,II12,"Rail, Water, Air and Other Transport",Dollars (millions),H12,Salaries and wages paid,Financial performance,"1,721","ANZSIC06 groups I471, I472, I481, I482, I490, I501, and I502"
2016,Level 3,II12,"Rail, Water, Air and Other Transport",Dollars (millions),H13,Redundancy and severance,Financial performance,C,"ANZSIC06 groups I471, I472, I481, I482, I490, I501, and I502"
2016,Level 3,II12,"Rail, Water, Air and Other Transport",Dollars (millions),H19,Purchases and other operating expenses,Financial performance,"5,242","ANZSIC06 groups I471, I472, I481, I482, I490, I501, and I502"
2016,Level 3,II12,"Rail, Water, Air and Other Transport",Dollars (millions),H20,Non-operating expenses,Financial performance,46,"ANZSIC06 groups I471, I472, I481, I482, I490, I501, and I502"
2016,Level 3,II12,"Rail, Water, Air and Other Transport",Dollars (millions),H21,Opening stocks,Financial performance,56,"ANZSIC06 groups I471, I472, I481, I482, I490, I501, and I502"
2016,Level 3,II12,"Rail, Water, Air and Other Transport",Dollars (millions),H22,Closing stocks,Financial performance,46,"ANZSIC06 groups I471, I472, I481, I482, I490, I501, and I502"
2016,Level 3,II12,"Rail, Water, Air and Other Transport",Dollars (millions),H23,Surplus before income tax,Financial performance,599,"ANZSIC06 groups I471, I472, I481, I482, I490, I501, and I502"
2016,Level 3,II12,"Rail, Water, Air and Other Transport",Dollars (millions),H24,Total assets,Financial position,"8,525","ANZSIC06 groups I471, I472, I481, I482, I490, I501, and I502"
2016,Level 3,II12,"Rail, Water, Air and Other Transport",Dollars (millions),H25,Current assets,Financial position,"3,241","ANZSIC06 groups I471, I472, I481, I482, I490, I501, and I502"
2016,Level 3,II12,"Rail, Water, Air and Other Transport",Dollars (millions),H26,Fixed tangible assets,Financial position,C,"ANZSIC06 groups I471, I472, I481, I482, I490, I501, and I502"
2016,Level 3,II12,"Rail, Water, Air and Other Transport",Dollars (millions),H27,Additions to fixed assets,Financial position,"1,044","ANZSIC06 groups I471, I472, I481, I482, I490, I501, and I502"
2016,Level 3,II12,"Rail, Water, Air and Other Transport",Dollars (millions),H28,Disposals of fixed assets,Financial position,113,"ANZSIC06 groups I471, I472, I481, I482, I490, I501, and I502"
2016,Level 3,II12,"Rail, Water, Air and Other Transport",Dollars (millions),H29,Other assets,Financial position,C,"ANZSIC06 groups I471, I472, I481, I482, I490, I501, and I502"
2016,Level 3,II12,"Rail, Water, Air and Other Transport",Dollars (millions),H30,Total equity and liabilities,Financial position,"8,525","ANZSIC06 groups I471, I472, I481, I482, I490, I501, and I502"
2016,Level 3,II12,"Rail, Water, Air and Other Transport",Dollars (millions),H31,Shareholders funds or owners equity,Financial position,"3,261","ANZSIC06 groups I471, I472, I481, I482, I490, I501, and I502"
2016,Level 3,II12,"Rail, Water, Air and Other Transport",Dollars (millions),H32,Current liabilities,Financial position,"3,551","ANZSIC06 groups I471, I472, I481, I482, I490, I501, and I502"
2016,Level 3,II12,"Rail, Water, Air and Other Transport",Dollars (millions),H33,Other liabilities,Financial position,"1,712","ANZSIC06 groups I471, I472, I481, I482, I490, I501, and I502"
2016,Level 3,II12,"Rail, Water, Air and Other Transport",Dollars,H34,Total income per employee count,Financial ratios,"440,100","ANZSIC06 groups I471, I472, I481, I482, I490, I501, and I502"
2016,Level 3,II12,"Rail, Water, Air and Other Transport",Dollars,H35,Surplus per employee count,Financial ratios,"32,200","ANZSIC06 groups I471, I472, I481, I482, I490, I501, and I502"
2016,Level 3,II12,"Rail, Water, Air and Other Transport",Percentage,H36,Current ratio,Financial ratios,91,"ANZSIC06 groups I471, I472, I481, I482, I490, I501, and I502"
2016,Level 3,II12,"Rail, Water, Air and Other Transport",Percentage,H37,Quick ratio,Financial ratios,90,"ANZSIC06 groups I471, I472, I481, I482, I490, I501, and I502"
2016,Level 3,II12,"Rail, Water, Air and Other Transport",Percentage,H39,Return on equity,Financial ratios,18,"ANZSIC06 groups I471, I472, I481, I482, I490, I501, and I502"
2016,Level 3,II12,"Rail, Water, Air and Other Transport",Percentage,H40,Return on total assets,Financial ratios,7,"ANZSIC06 groups I471, I472, I481, I482, I490, I501, and I502"
2016,Level 3,II12,"Rail, Water, Air and Other Transport",Percentage,H41,Liabilities structure,Financial ratios,38,"ANZSIC06 groups I471, I472, I481, I482, I490, I501, and I502"
2016,Level 3,II13,"Postal, Courier, Transport Support, and Warehousing Services",Dollars (millions),H01,Total income,Financial performance,"7,712","ANZSIC06 groups I510, I521, I522, I529, and I530"
2016,Level 3,II13,"Postal, Courier, Transport Support, and Warehousing Services",Dollars (millions),H04,Sales of goods and services,Financial performance,"7,324","ANZSIC06 groups I510, I521, I522, I529, and I530"
2016,Level 3,II13,"Postal, Courier, Transport Support, and Warehousing Services",Dollars (millions),H05,"Interest, dividends and donations",Financial performance,204,"ANZSIC06 groups I510, I521, I522, I529, and I530"
2016,Level 3,II13,"Postal, Courier, Transport Support, and Warehousing Services",Dollars (millions),H06,"Government funding, grants and subsidies",Financial performance,0,"ANZSIC06 groups I510, I521, I522, I529, and I530"
2016,Level 3,II13,"Postal, Courier, Transport Support, and Warehousing Services",Dollars (millions),H07,Non-operating income,Financial performance,183,"ANZSIC06 groups I510, I521, I522, I529, and I530"
2016,Level 3,II13,"Postal, Courier, Transport Support, and Warehousing Services",Dollars (millions),H08,Total expenditure,Financial performance,"6,694","ANZSIC06 groups I510, I521, I522, I529, and I530"
2016,Level 3,II13,"Postal, Courier, Transport Support, and Warehousing Services",Dollars (millions),H09,Interest and donations,Financial performance,289,"ANZSIC06 groups I510, I521, I522, I529, and I530"
2016,Level 3,II13,"Postal, Courier, Transport Support, and Warehousing Services",Dollars (millions),H10,Indirect taxes,Financial performance,99,"ANZSIC06 groups I510, I521, I522, I529, and I530"
2016,Level 3,II13,"Postal, Courier, Transport Support, and Warehousing Services",Dollars (millions),H11,Depreciation,Financial performance,468,"ANZSIC06 groups I510, I521, I522, I529, and I530"
2016,Level 3,II13,"Postal, Courier, Transport Support, and Warehousing Services",Dollars (millions),H12,Salaries and wages paid,Financial performance,"2,070","ANZSIC06 groups I510, I521, I522, I529, and I530"
2016,Level 3,II13,"Postal, Courier, Transport Support, and Warehousing Services",Dollars (millions),H13,Redundancy and severance,Financial performance,27,"ANZSIC06 groups I510, I521, I522, I529, and I530"
2016,Level 3,II13,"Postal, Courier, Transport Support, and Warehousing Services",Dollars (millions),H19,Purchases and other operating expenses,Financial performance,"3,376","ANZSIC06 groups I510, I521, I522, I529, and I530"
2016,Level 3,II13,"Postal, Courier, Transport Support, and Warehousing Services",Dollars (millions),H20,Non-operating expenses,Financial performance,391,"ANZSIC06 groups I510, I521, I522, I529, and I530"
2016,Level 3,II13,"Postal, Courier, Transport Support, and Warehousing Services",Dollars (millions),H21,Opening stocks,Financial performance,147,"ANZSIC06 groups I510, I521, I522, I529, and I530"
2016,Level 3,II13,"Postal, Courier, Transport Support, and Warehousing Services",Dollars (millions),H22,Closing stocks,Financial performance,166,"ANZSIC06 groups I510, I521, I522, I529, and I530"
2016,Level 3,II13,"Postal, Courier, Transport Support, and Warehousing Services",Dollars (millions),H23,Surplus before income tax,Financial performance,"1,038","ANZSIC06 groups I510, I521, I522, I529, and I530"
2016,Level 3,II13,"Postal, Courier, Transport Support, and Warehousing Services",Dollars (millions),H24,Total assets,Financial position,"24,270","ANZSIC06 groups I510, I521, I522, I529, and I530"
2016,Level 3,II13,"Postal, Courier, Transport Support, and Warehousing Services",Dollars (millions),H25,Current assets,Financial position,"3,484","ANZSIC06 groups I510, I521, I522, I529, and I530"
2016,Level 3,II13,"Postal, Courier, Transport Support, and Warehousing Services",Dollars (millions),H26,Fixed tangible assets,Financial position,"17,720","ANZSIC06 groups I510, I521, I522, I529, and I530"
2016,Level 3,II13,"Postal, Courier, Transport Support, and Warehousing Services",Dollars (millions),H27,Additions to fixed assets,Financial position,"1,704","ANZSIC06 groups I510, I521, I522, I529, and I530"
2016,Level 3,II13,"Postal, Courier, Transport Support, and Warehousing Services",Dollars (millions),H28,Disposals of fixed assets,Financial position,226,"ANZSIC06 groups I510, I521, I522, I529, and I530"
2016,Level 3,II13,"Postal, Courier, Transport Support, and Warehousing Services",Dollars (millions),H29,Other assets,Financial position,"3,066","ANZSIC06 groups I510, I521, I522, I529, and I530"
2016,Level 3,II13,"Postal, Courier, Transport Support, and Warehousing Services",Dollars (millions),H30,Total equity and liabilities,Financial position,"24,269","ANZSIC06 groups I510, I521, I522, I529, and I530"
2016,Level 3,II13,"Postal, Courier, Transport Support, and Warehousing Services",Dollars (millions),H31,Shareholders funds or owners equity,Financial position,"15,269","ANZSIC06 groups I510, I521, I522, I529, and I530"
2016,Level 3,II13,"Postal, Courier, Transport Support, and Warehousing Services",Dollars (millions),H32,Current liabilities,Financial position,"3,390","ANZSIC06 groups I510, I521, I522, I529, and I530"
2016,Level 3,II13,"Postal, Courier, Transport Support, and Warehousing Services",Dollars (millions),H33,Other liabilities,Financial position,"5,610","ANZSIC06 groups I510, I521, I522, I529, and I530"
2016,Level 3,II13,"Postal, Courier, Transport Support, and Warehousing Services",Dollars,H34,Total income per employee count,Financial ratios,"227,800","ANZSIC06 groups I510, I521, I522, I529, and I530"
2016,Level 3,II13,"Postal, Courier, Transport Support, and Warehousing Services",Dollars,H35,Surplus per employee count,Financial ratios,"30,700","ANZSIC06 groups I510, I521, I522, I529, and I530"
2016,Level 3,II13,"Postal, Courier, Transport Support, and Warehousing Services",Percentage,H36,Current ratio,Financial ratios,103,"ANZSIC06 groups I510, I521, I522, I529, and I530"
2016,Level 3,II13,"Postal, Courier, Transport Support, and Warehousing Services",Percentage,H37,Quick ratio,Financial ratios,98,"ANZSIC06 groups I510, I521, I522, I529, and I530"
2016,Level 3,II13,"Postal, Courier, Transport Support, and Warehousing Services",Percentage,H39,Return on equity,Financial ratios,7,"ANZSIC06 groups I510, I521, I522, I529, and I530"
2016,Level 3,II13,"Postal, Courier, Transport Support, and Warehousing Services",Percentage,H40,Return on total assets,Financial ratios,4,"ANZSIC06 groups I510, I521, I522, I529, and I530"
2016,Level 3,II13,"Postal, Courier, Transport Support, and Warehousing Services",Percentage,H41,Liabilities structure,Financial ratios,63,"ANZSIC06 groups I510, I521, I522, I529, and I530"
2016,Level 4,II131,Postal and Courier Pick Up and Delivery Services,Dollars (millions),H01,Total income,Financial performance,"2,371",ANZSIC06 group I510
2016,Level 4,II131,Postal and Courier Pick Up and Delivery Services,Dollars (millions),H04,Sales of goods and services,Financial performance,C,ANZSIC06 group I510
2016,Level 4,II131,Postal and Courier Pick Up and Delivery Services,Dollars (millions),H05,"Interest, dividends and donations",Financial performance,C,ANZSIC06 group I510
2016,Level 4,II131,Postal and Courier Pick Up and Delivery Services,Dollars (millions),H06,"Government funding, grants and subsidies",Financial performance,0,ANZSIC06 group I510
2016,Level 4,II131,Postal and Courier Pick Up and Delivery Services,Dollars (millions),H07,Non-operating income,Financial performance,19,ANZSIC06 group I510
2016,Level 4,II131,Postal and Courier Pick Up and Delivery Services,Dollars (millions),H08,Total expenditure,Financial performance,"2,168",ANZSIC06 group I510
2016,Level 4,II131,Postal and Courier Pick Up and Delivery Services,Dollars (millions),H09,Interest and donations,Financial performance,50,ANZSIC06 group I510
2016,Level 4,II131,Postal and Courier Pick Up and Delivery Services,Dollars (millions),H10,Indirect taxes,Financial performance,34,ANZSIC06 group I510
2016,Level 4,II131,Postal and Courier Pick Up and Delivery Services,Dollars (millions),H11,Depreciation,Financial performance,69,ANZSIC06 group I510
2016,Level 4,II131,Postal and Courier Pick Up and Delivery Services,Dollars (millions),H12,Salaries and wages paid,Financial performance,633,ANZSIC06 group I510
2016,Level 4,II131,Postal and Courier Pick Up and Delivery Services,Dollars (millions),H13,Redundancy and severance,Financial performance,C,ANZSIC06 group I510
2016,Level 4,II131,Postal and Courier Pick Up and Delivery Services,Dollars (millions),H19,Purchases and other operating expenses,Financial performance,"1,380",ANZSIC06 group I510
2016,Level 4,II131,Postal and Courier Pick Up and Delivery Services,Dollars (millions),H20,Non-operating expenses,Financial performance,2,ANZSIC06 group I510
2016,Level 4,II131,Postal and Courier Pick Up and Delivery Services,Dollars (millions),H21,Opening stocks,Financial performance,16,ANZSIC06 group I510
2016,Level 4,II131,Postal and Courier Pick Up and Delivery Services,Dollars (millions),H22,Closing stocks,Financial performance,12,ANZSIC06 group I510
2016,Level 4,II131,Postal and Courier Pick Up and Delivery Services,Dollars (millions),H23,Surplus before income tax,Financial performance,200,ANZSIC06 group I510
2016,Level 4,II131,Postal and Courier Pick Up and Delivery Services,Dollars (millions),H24,Total assets,Financial position,"2,516",ANZSIC06 group I510
2016,Level 4,II131,Postal and Courier Pick Up and Delivery Services,Dollars (millions),H25,Current assets,Financial position,769,ANZSIC06 group I510
2016,Level 4,II131,Postal and Courier Pick Up and Delivery Services,Dollars (millions),H26,Fixed tangible assets,Financial position,C,ANZSIC06 group I510
2016,Level 4,II131,Postal and Courier Pick Up and Delivery Services,Dollars (millions),H27,Additions to fixed assets,Financial position,128,ANZSIC06 group I510
2016,Level 4,II131,Postal and Courier Pick Up and Delivery Services,Dollars (millions),H28,Disposals of fixed assets,Financial position,30,ANZSIC06 group I510
2016,Level 4,II131,Postal and Courier Pick Up and Delivery Services,Dollars (millions),H29,Other assets,Financial position,C,ANZSIC06 group I510
2016,Level 4,II131,Postal and Courier Pick Up and Delivery Services,Dollars (millions),H30,Total equity and liabilities,Financial position,"2,516",ANZSIC06 group I510
2016,Level 4,II131,Postal and Courier Pick Up and Delivery Services,Dollars (millions),H31,Shareholders funds or owners equity,Financial position,"1,411",ANZSIC06 group I510
2016,Level 4,II131,Postal and Courier Pick Up and Delivery Services,Dollars (millions),H32,Current liabilities,Financial position,641,ANZSIC06 group I510
2016,Level 4,II131,Postal and Courier Pick Up and Delivery Services,Dollars (millions),H33,Other liabilities,Financial position,464,ANZSIC06 group I510
2016,Level 4,II131,Postal and Courier Pick Up and Delivery Services,Dollars,H34,Total income per employee count,Financial ratios,"187,200",ANZSIC06 group I510
2016,Level 4,II131,Postal and Courier Pick Up and Delivery Services,Dollars,H35,Surplus per employee count,Financial ratios,"15,800",ANZSIC06 group I510
2016,Level 4,II131,Postal and Courier Pick Up and Delivery Services,Percentage,H36,Current ratio,Financial ratios,120,ANZSIC06 group I510
2016,Level 4,II131,Postal and Courier Pick Up and Delivery Services,Percentage,H37,Quick ratio,Financial ratios,118,ANZSIC06 group I510
2016,Level 4,II131,Postal and Courier Pick Up and Delivery Services,Percentage,H39,Return on equity,Financial ratios,14,ANZSIC06 group I510
2016,Level 4,II131,Postal and Courier Pick Up and Delivery Services,Percentage,H40,Return on total assets,Financial ratios,8,ANZSIC06 group I510
2016,Level 4,II131,Postal and Courier Pick Up and Delivery Services,Percentage,H41,Liabilities structure,Financial ratios,56,ANZSIC06 group I510
2016,Level 4,II132,Transport Support Services,Dollars (millions),H01,Total income,Financial performance,"4,407","ANZSIC06 groups I521, I522, and I529"
2016,Level 4,II132,Transport Support Services,Dollars (millions),H04,Sales of goods and services,Financial performance,"4,159","ANZSIC06 groups I521, I522, and I529"
2016,Level 4,II132,Transport Support Services,Dollars (millions),H05,"Interest, dividends and donations",Financial performance,C,"ANZSIC06 groups I521, I522, and I529"
2016,Level 4,II132,Transport Support Services,Dollars (millions),H06,"Government funding, grants and subsidies",Financial performance,0,"ANZSIC06 groups I521, I522, and I529"
2016,Level 4,II132,Transport Support Services,Dollars (millions),H07,Non-operating income,Financial performance,C,"ANZSIC06 groups I521, I522, and I529"
2016,Level 4,II132,Transport Support Services,Dollars (millions),H08,Total expenditure,Financial performance,"3,664","ANZSIC06 groups I521, I522, and I529"
2016,Level 4,II132,Transport Support Services,Dollars (millions),H09,Interest and donations,Financial performance,219,"ANZSIC06 groups I521, I522, and I529"
2016,Level 4,II132,Transport Support Services,Dollars (millions),H10,Indirect taxes,Financial performance,43,"ANZSIC06 groups I521, I522, and I529"
2016,Level 4,II132,Transport Support Services,Dollars (millions),H11,Depreciation,Financial performance,356,"ANZSIC06 groups I521, I522, and I529"
2016,Level 4,II132,Transport Support Services,Dollars (millions),H12,Salaries and wages paid,Financial performance,"1,186","ANZSIC06 groups I521, I522, and I529"
2016,Level 4,II132,Transport Support Services,Dollars (millions),H13,Redundancy and severance,Financial performance,C,"ANZSIC06 groups I521, I522, and I529"
2016,Level 4,II132,Transport Support Services,Dollars (millions),H19,Purchases and other operating expenses,Financial performance,"1,477","ANZSIC06 groups I521, I522, and I529"
2016,Level 4,II132,Transport Support Services,Dollars (millions),H20,Non-operating expenses,Financial performance,383,"ANZSIC06 groups I521, I522, and I529"
2016,Level 4,II132,Transport Support Services,Dollars (millions),H21,Opening stocks,Financial performance,119,"ANZSIC06 groups I521, I522, and I529"
2016,Level 4,II132,Transport Support Services,Dollars (millions),H22,Closing stocks,Financial performance,145,"ANZSIC06 groups I521, I522, and I529"
2016,Level 4,II132,Transport Support Services,Dollars (millions),H23,Surplus before income tax,Financial performance,769,"ANZSIC06 groups I521, I522, and I529"
2016,Level 4,II132,Transport Support Services,Dollars (millions),H24,Total assets,Financial position,"20,328","ANZSIC06 groups I521, I522, and I529"
2016,Level 4,II132,Transport Support Services,Dollars (millions),H25,Current assets,Financial position,"2,453","ANZSIC06 groups I521, I522, and I529"
2016,Level 4,II132,Transport Support Services,Dollars (millions),H26,Fixed tangible assets,Financial position,"16,397","ANZSIC06 groups I521, I522, and I529"
2016,Level 4,II132,Transport Support Services,Dollars (millions),H27,Additions to fixed assets,Financial position,"1,422","ANZSIC06 groups I521, I522, and I529"
2016,Level 4,II132,Transport Support Services,Dollars (millions),H28,Disposals of fixed assets,Financial position,177,"ANZSIC06 groups I521, I522, and I529"
2016,Level 4,II132,Transport Support Services,Dollars (millions),H29,Other assets,Financial position,"1,478","ANZSIC06 groups I521, I522, and I529"
2016,Level 4,II132,Transport Support Services,Dollars (millions),H30,Total equity and liabilities,Financial position,"20,327","ANZSIC06 groups I521, I522, and I529"
2016,Level 4,II132,Transport Support Services,Dollars (millions),H31,Shareholders funds or owners equity,Financial position,"13,307","ANZSIC06 groups I521, I522, and I529"
2016,Level 4,II132,Transport Support Services,Dollars (millions),H32,Current liabilities,Financial position,"2,481","ANZSIC06 groups I521, I522, and I529"
2016,Level 4,II132,Transport Support Services,Dollars (millions),H33,Other liabilities,Financial position,"4,539","ANZSIC06 groups I521, I522, and I529"
2016,Level 4,II132,Transport Support Services,Dollars,H34,Total income per employee count,Financial ratios,"266,200","ANZSIC06 groups I521, I522, and I529"
2016,Level 4,II132,Transport Support Services,Dollars,H35,Surplus per employee count,Financial ratios,"46,500","ANZSIC06 groups I521, I522, and I529"
2016,Level 4,II132,Transport Support Services,Percentage,H36,Current ratio,Financial ratios,99,"ANZSIC06 groups I521, I522, and I529"
2016,Level 4,II132,Transport Support Services,Percentage,H37,Quick ratio,Financial ratios,93,"ANZSIC06 groups I521, I522, and I529"
2016,Level 4,II132,Transport Support Services,Percentage,H39,Return on equity,Financial ratios,6,"ANZSIC06 groups I521, I522, and I529"
2016,Level 4,II132,Transport Support Services,Percentage,H40,Return on total assets,Financial ratios,4,"ANZSIC06 groups I521, I522, and I529"
2016,Level 4,II132,Transport Support Services,Percentage,H41,Liabilities structure,Financial ratios,65,"ANZSIC06 groups I521, I522, and I529"
2016,Level 4,II133,Warehousing and Storage Services,Dollars (millions),H01,Total income,Financial performance,934,ANZSIC06 group I530
2016,Level 4,II133,Warehousing and Storage Services,Dollars (millions),H04,Sales of goods and services,Financial performance,C,ANZSIC06 group I530
2016,Level 4,II133,Warehousing and Storage Services,Dollars (millions),H05,"Interest, dividends and donations",Financial performance,2,ANZSIC06 group I530
2016,Level 4,II133,Warehousing and Storage Services,Dollars (millions),H06,"Government funding, grants and subsidies",Financial performance,0,ANZSIC06 group I530
2016,Level 4,II133,Warehousing and Storage Services,Dollars (millions),H07,Non-operating income,Financial performance,C,ANZSIC06 group I530
2016,Level 4,II133,Warehousing and Storage Services,Dollars (millions),H08,Total expenditure,Financial performance,862,ANZSIC06 group I530
2016,Level 4,II133,Warehousing and Storage Services,Dollars (millions),H09,Interest and donations,Financial performance,20,ANZSIC06 group I530
2016,Level 4,II133,Warehousing and Storage Services,Dollars (millions),H10,Indirect taxes,Financial performance,22,ANZSIC06 group I530
2016,Level 4,II133,Warehousing and Storage Services,Dollars (millions),H11,Depreciation,Financial performance,43,ANZSIC06 group I530
2016,Level 4,II133,Warehousing and Storage Services,Dollars (millions),H12,Salaries and wages paid,Financial performance,251,ANZSIC06 group I530
2016,Level 4,II133,Warehousing and Storage Services,Dollars (millions),H13,Redundancy and severance,Financial performance,1,ANZSIC06 group I530
2016,Level 4,II133,Warehousing and Storage Services,Dollars (millions),H19,Purchases and other operating expenses,Financial performance,519,ANZSIC06 group I530
2016,Level 4,II133,Warehousing and Storage Services,Dollars (millions),H20,Non-operating expenses,Financial performance,6,ANZSIC06 group I530
2016,Level 4,II133,Warehousing and Storage Services,Dollars (millions),H21,Opening stocks,Financial performance,12,ANZSIC06 group I530
2016,Level 4,II133,Warehousing and Storage Services,Dollars (millions),H22,Closing stocks,Financial performance,9,ANZSIC06 group I530
2016,Level 4,II133,Warehousing and Storage Services,Dollars (millions),H23,Surplus before income tax,Financial performance,69,ANZSIC06 group I530
2016,Level 4,II133,Warehousing and Storage Services,Dollars (millions),H24,Total assets,Financial position,"1,426",ANZSIC06 group I530
2016,Level 4,II133,Warehousing and Storage Services,Dollars (millions),H25,Current assets,Financial position,262,ANZSIC06 group I530
2016,Level 4,II133,Warehousing and Storage Services,Dollars (millions),H26,Fixed tangible assets,Financial position,C,ANZSIC06 group I530
2016,Level 4,II133,Warehousing and Storage Services,Dollars (millions),H27,Additions to fixed assets,Financial position,153,ANZSIC06 group I530
2016,Level 4,II133,Warehousing and Storage Services,Dollars (millions),H28,Disposals of fixed assets,Financial position,19,ANZSIC06 group I530
2016,Level 4,II133,Warehousing and Storage Services,Dollars (millions),H29,Other assets,Financial position,C,ANZSIC06 group I530
2016,Level 4,II133,Warehousing and Storage Services,Dollars (millions),H30,Total equity and liabilities,Financial position,"1,426",ANZSIC06 group I530
2016,Level 4,II133,Warehousing and Storage Services,Dollars (millions),H31,Shareholders funds or owners equity,Financial position,551,ANZSIC06 group I530
2016,Level 4,II133,Warehousing and Storage Services,Dollars (millions),H32,Current liabilities,Financial position,268,ANZSIC06 group I530
2016,Level 4,II133,Warehousing and Storage Services,Dollars (millions),H33,Other liabilities,Financial position,607,ANZSIC06 group I530
2016,Level 4,II133,Warehousing and Storage Services,Dollars,H34,Total income per employee count,Financial ratios,"201,500",ANZSIC06 group I530
2016,Level 4,II133,Warehousing and Storage Services,Dollars,H35,Surplus per employee count,Financial ratios,"14,900",ANZSIC06 group I530
2016,Level 4,II133,Warehousing and Storage Services,Percentage,H36,Current ratio,Financial ratios,98,ANZSIC06 group I530
2016,Level 4,II133,Warehousing and Storage Services,Percentage,H37,Quick ratio,Financial ratios,94,ANZSIC06 group I530
2016,Level 4,II133,Warehousing and Storage Services,Percentage,H39,Return on equity,Financial ratios,13,ANZSIC06 group I530
2016,Level 4,II133,Warehousing and Storage Services,Percentage,H40,Return on total assets,Financial ratios,5,ANZSIC06 group I530
2016,Level 4,II133,Warehousing and Storage Services,Percentage,H41,Liabilities structure,Financial ratios,39,ANZSIC06 group I530
2016,Level 1,JJ,Information Media and Telecommunications,Dollars (millions),H01,Total income,Financial performance,"13,939",ANZSIC06 division J
2016,Level 1,JJ,Information Media and Telecommunications,Dollars (millions),H04,Sales of goods and services,Financial performance,"13,481",ANZSIC06 division J
2016,Level 1,JJ,Information Media and Telecommunications,Dollars (millions),H05,"Interest, dividends and donations",Financial performance,C,ANZSIC06 division J
2016,Level 1,JJ,Information Media and Telecommunications,Dollars (millions),H06,"Government funding, grants and subsidies",Financial performance,C,ANZSIC06 division J
2016,Level 1,JJ,Information Media and Telecommunications,Dollars (millions),H07,Non-operating income,Financial performance,83,ANZSIC06 division J
2016,Level 1,JJ,Information Media and Telecommunications,Dollars (millions),H08,Total expenditure,Financial performance,"12,928",ANZSIC06 division J
2016,Level 1,JJ,Information Media and Telecommunications,Dollars (millions),H09,Interest and donations,Financial performance,660,ANZSIC06 division J
2016,Level 1,JJ,Information Media and Telecommunications,Dollars (millions),H10,Indirect taxes,Financial performance,36,ANZSIC06 division J
2016,Level 1,JJ,Information Media and Telecommunications,Dollars (millions),H11,Depreciation,Financial performance,"1,584",ANZSIC06 division J
2016,Level 1,JJ,Information Media and Telecommunications,Dollars (millions),H12,Salaries and wages paid,Financial performance,"2,382",ANZSIC06 division J
2016,Level 1,JJ,Information Media and Telecommunications,Dollars (millions),H13,Redundancy and severance,Financial performance,35,ANZSIC06 division J
2016,Level 1,JJ,Information Media and Telecommunications,Dollars (millions),H19,Purchases and other operating expenses,Financial performance,"8,005",ANZSIC06 division J
2016,Level 1,JJ,Information Media and Telecommunications,Dollars (millions),H20,Non-operating expenses,Financial performance,260,ANZSIC06 division J
2016,Level 1,JJ,Information Media and Telecommunications,Dollars (millions),H21,Opening stocks,Financial performance,220,ANZSIC06 division J
2016,Level 1,JJ,Information Media and Telecommunications,Dollars (millions),H22,Closing stocks,Financial performance,186,ANZSIC06 division J
2016,Level 1,JJ,Information Media and Telecommunications,Dollars (millions),H23,Surplus before income tax,Financial performance,977,ANZSIC06 division J
2016,Level 1,JJ,Information Media and Telecommunications,Dollars (millions),H24,Total assets,Financial position,"20,521",ANZSIC06 division J
2016,Level 1,JJ,Information Media and Telecommunications,Dollars (millions),H25,Current assets,Financial position,C,ANZSIC06 division J
2016,Level 1,JJ,Information Media and Telecommunications,Dollars (millions),H26,Fixed tangible assets,Financial position,C,ANZSIC06 division J
2016,Level 1,JJ,Information Media and Telecommunications,Dollars (millions),H27,Additions to fixed assets,Financial position,"1,744",ANZSIC06 division J
2016,Level 1,JJ,Information Media and Telecommunications,Dollars (millions),H28,Disposals of fixed assets,Financial position,255,ANZSIC06 division J
2016,Level 1,JJ,Information Media and Telecommunications,Dollars (millions),H29,Other assets,Financial position,"5,664",ANZSIC06 division J
2016,Level 1,JJ,Information Media and Telecommunications,Dollars (millions),H30,Total equity and liabilities,Financial position,"20,521",ANZSIC06 division J
2016,Level 1,JJ,Information Media and Telecommunications,Dollars (millions),H31,Shareholders funds or owners equity,Financial position,C,ANZSIC06 division J
2016,Level 1,JJ,Information Media and Telecommunications,Dollars (millions),H32,Current liabilities,Financial position,C,ANZSIC06 division J
2016,Level 1,JJ,Information Media and Telecommunications,Dollars (millions),H33,Other liabilities,Financial position,"8,908",ANZSIC06 division J
2016,Level 1,JJ,Information Media and Telecommunications,Dollars,H34,Total income per employee count,Financial ratios,"442,800",ANZSIC06 division J
2016,Level 1,JJ,Information Media and Telecommunications,Dollars,H35,Surplus per employee count,Financial ratios,"31,000",ANZSIC06 division J
2016,Level 1,JJ,Information Media and Telecommunications,Percentage,H36,Current ratio,Financial ratios,C,ANZSIC06 division J
2016,Level 1,JJ,Information Media and Telecommunications,Percentage,H37,Quick ratio,Financial ratios,C,ANZSIC06 division J
2016,Level 1,JJ,Information Media and Telecommunications,Percentage,H39,Return on equity,Financial ratios,C,ANZSIC06 division J
2016,Level 1,JJ,Information Media and Telecommunications,Percentage,H40,Return on total assets,Financial ratios,5,ANZSIC06 division J
2016,Level 1,JJ,Information Media and Telecommunications,Percentage,H41,Liabilities structure,Financial ratios,C,ANZSIC06 division J
2016,Level 3,JJ11,Information Media Services,Dollars (millions),H01,Total income,Financial performance,"5,307","ANZSIC06 groups J541, J542, J551, J552, J561, J562, and J570"
2016,Level 3,JJ11,Information Media Services,Dollars (millions),H04,Sales of goods and services,Financial performance,"5,136","ANZSIC06 groups J541, J542, J551, J552, J561, J562, and J570"
2016,Level 3,JJ11,Information Media Services,Dollars (millions),H05,"Interest, dividends and donations",Financial performance,31,"ANZSIC06 groups J541, J542, J551, J552, J561, J562, and J570"
2016,Level 3,JJ11,Information Media Services,Dollars (millions),H06,"Government funding, grants and subsidies",Financial performance,C,"ANZSIC06 groups J541, J542, J551, J552, J561, J562, and J570"
2016,Level 3,JJ11,Information Media Services,Dollars (millions),H07,Non-operating income,Financial performance,C,"ANZSIC06 groups J541, J542, J551, J552, J561, J562, and J570"
